﻿양천구청방면,까치산방면,양천구청방면,까치산방면
평일,평일,주말,주말
05:33첫,05:38첫,05:33첫,05:38첫
까치산신도림,신도림까치산,까치산신도림,신도림까치산
5:49,5:54,5:49,5:54
까치산신도림,신도림까치산,까치산신도림,신도림까치산
6:03,6:08,6:03,6:07
까치산신도림,신도림까치산,까치산신도림,신도림까치산
6:17,6:23,6:16,6:23
까치산신도림,신도림까치산,까치산신도림,신도림까치산
6:34,6:38,6:34,6:38
까치산신도림,신도림까치산,까치산신도림,신도림까치산
6:51,6:53,6:51,6:53
까치산신도림,신도림까치산,까치산신도림,신도림까치산
7:02,7:02,7:02,7:02
까치산신도림,신도림까치산,까치산신도림,신도림까치산
7:12,7:12,7:12,7:12
까치산신도림,신도림까치산,까치산신도림,신도림까치산
7:21,7:21,7:21,7:21
까치산신도림,신도림까치산,까치산신도림,신도림까치산
7:31,7:31,7:31,7:31
까치산신도림,신도림까치산,까치산신도림,신도림까치산
7:41,7:40,7:41,7:40
까치산신도림,신도림까치산,까치산신도림,신도림까치산
7:50,7:50,7:50,7:50
까치산신도림,신도림까치산,까치산신도림,신도림까치산
8:01,8:01,8:01,8:01
까치산신도림,신도림까치산,까치산신도림,신도림까치산
8:10,8:10,8:10,8:10
까치산신도림,신도림까치산,까치산신도림,신도림까치산
8:19,8:20,8:19,8:20
까치산신도림,신도림까치산,까치산신도림,신도림까치산
8:29,8:29,8:29,8:29
까치산신도림,신도림까치산,까치산신도림,신도림까치산
8:39,8:39,8:39,8:39
까치산신도림,신도림까치산,까치산신도림,신도림까치산
8:48,8:49,8:48,8:49
까치산신도림,신도림까치산,까치산신도림,신도림까치산
8:58,8:58,8:58,8:58
까치산신도림,신도림까치산,까치산신도림,신도림까치산
9:08,9:08,9:08,9:08
까치산신도림,신도림까치산,까치산신도림,신도림까치산
9:17,9:18,9:17,9:18
까치산신도림,신도림까치산,까치산신도림,신도림까치산
9:27,9:27,9:27,9:27
까치산신도림,신도림까치산,까치산신도림,신도림까치산
9:37,9:37,9:37,9:37
까치산신도림,신도림까치산,까치산신도림,신도림까치산
9:47,9:47,9:47,9:47
까치산신도림,신도림까치산,까치산신도림,신도림까치산
9:58,9:57,9:58,9:57
까치산신도림,신도림까치산,까치산신도림,신도림까치산
10:09,10:06,10:07,10:06
까치산신도림,신도림까치산,까치산신도림,신도림까치산
10:17,10:18,10:17,10:18
까치산신도림,신도림까치산,까치산신도림,신도림까치산
10:27,10:29,10:27,10:28
까치산신도림,신도림까치산,까치산신도림,신도림까치산
10:38,10:38,10:38,10:38
까치산신도림,신도림까치산,까치산신도림,신도림까치산
10:48,10:47,10:48,10:47
까치산신도림,신도림까치산,까치산신도림,신도림까치산
10:58,10:58,10:58,10:58
까치산신도림,신도림까치산,까치산신도림,신도림까치산
11:07,11:08,11:07,11:08
까치산신도림,신도림까치산,까치산신도림,신도림까치산
11:17,11:18,11:17,11:18
까치산신도림,신도림까치산,까치산신도림,신도림까치산
11:27,11:28,11:27,11:27
까치산신도림,신도림까치산,까치산신도림,신도림까치산
11:38,11:37,11:38,11:37
까치산신도림,신도림까치산,까치산신도림,신도림까치산
11:48,11:47,11:48,11:47
까치산신도림,신도림까치산,까치산신도림,신도림까치산
11:58,11:58,11:58,11:58
까치산신도림,신도림까치산,까치산신도림,신도림까치산
12:08,12:08,12:08,12:08
까치산신도림,신도림까치산,까치산신도림,신도림까치산
12:18,12:18,12:18,12:18
까치산신도림,신도림까치산,까치산신도림,신도림까치산
12:28,12:28,12:28,12:28
까치산신도림,신도림까치산,까치산신도림,신도림까치산
12:38,12:38,12:38,12:38
까치산신도림,신도림까치산,까치산신도림,신도림까치산
12:48,12:48,12:48,12:48
까치산신도림,신도림까치산,까치산신도림,신도림까치산
12:58,12:58,12:58,12:58
까치산신도림,신도림까치산,까치산신도림,신도림까치산
13:08,13:08,13:08,13:08
까치산신도림,신도림까치산,까치산신도림,신도림까치산
13:18,13:18,13:18,13:18
까치산신도림,신도림까치산,까치산신도림,신도림까치산
13:28,13:28,13:28,13:28
까치산신도림,신도림까치산,까치산신도림,신도림까치산
13:38,13:38,13:38,13:38
까치산신도림,신도림까치산,까치산신도림,신도림까치산
13:48,13:48,13:48,13:48
까치산신도림,신도림까치산,까치산신도림,신도림까치산
13:58,13:58,13:58,13:58
까치산신도림,신도림까치산,까치산신도림,신도림까치산
14:08,14:08,14:08,14:08
까치산신도림,신도림까치산,까치산신도림,신도림까치산
14:18,14:18,14:18,14:18
까치산신도림,신도림까치산,까치산신도림,신도림까치산
14:28,14:28,14:28,14:28
까치산신도림,신도림까치산,까치산신도림,신도림까치산
14:38,14:38,14:38,14:38
까치산신도림,신도림까치산,까치산신도림,신도림까치산
14:48,14:48,14:48,14:48
까치산신도림,신도림까치산,까치산신도림,신도림까치산
14:58,14:58,14:58,14:58
까치산신도림,신도림까치산,까치산신도림,신도림까치산
15:08,15:08,15:08,15:08
까치산신도림,신도림까치산,까치산신도림,신도림까치산
15:18,15:18,15:18,15:18
까치산신도림,신도림까치산,까치산신도림,신도림까치산
15:28,15:28,15:28,15:28
까치산신도림,신도림까치산,까치산신도림,신도림까치산
15:38,15:38,15:38,15:38
까치산신도림,신도림까치산,까치산신도림,신도림까치산
15:48,15:48,15:48,15:48
까치산신도림,신도림까치산,까치산신도림,신도림까치산
15:58,15:58,15:58,15:58
까치산신도림,신도림까치산,까치산신도림,신도림까치산
16:08,16:08,16:08,16:08
까치산신도림,신도림까치산,까치산신도림,신도림까치산
16:18,16:18,16:18,16:18
까치산신도림,신도림까치산,까치산신도림,신도림까치산
16:27,16:28,16:27,16:28
까치산신도림,신도림까치산,까치산신도림,신도림까치산
16:37,16:38,16:37,16:38
까치산신도림,신도림까치산,까치산신도림,신도림까치산
16:47,16:47,16:47,16:47
까치산신도림,신도림까치산,까치산신도림,신도림까치산
16:57,16:57,16:57,16:57
까치산신도림,신도림까치산,까치산신도림,신도림까치산
17:07,17:07,17:07,17:07
까치산신도림,신도림까치산,까치산신도림,신도림까치산
17:17,17:17,17:17,17:17
까치산신도림,신도림까치산,까치산신도림,신도림까치산
17:27,17:27,17:27,17:27
까치산신도림,신도림까치산,까치산신도림,신도림까치산
17:38,17:37,17:38,17:36
까치산신도림,신도림까치산,까치산신도림,신도림까치산
17:47,17:47,17:47,17:47
까치산신도림,신도림까치산,까치산신도림,신도림까치산
17:58,17:57,17:58,17:57
까치산신도림,신도림까치산,까치산신도림,신도림까치산
18:07,18:07,18:07,18:07
까치산신도림,신도림까치산,까치산신도림,신도림까치산
18:17,18:17,18:17,18:17
까치산신도림,신도림까치산,까치산신도림,신도림까치산
18:28,18:27,18:28,18:27
까치산신도림,신도림까치산,까치산신도림,신도림까치산
18:37,18:37,18:37,18:37
까치산신도림,신도림까치산,까치산신도림,신도림까치산
18:47,18:47,18:47,18:47
까치산신도림,신도림까치산,까치산신도림,신도림까치산
18:57,18:57,18:57,18:57
까치산신도림,신도림까치산,까치산신도림,신도림까치산
19:07,19:07,19:07,19:07
까치산신도림,신도림까치산,까치산신도림,신도림까치산
19:17,19:17,19:17,19:17
까치산신도림,신도림까치산,까치산신도림,신도림까치산
19:27,19:27,19:27,19:27
까치산신도림,신도림까치산,까치산신도림,신도림까치산
19:38,19:37,19:38,19:37
까치산신도림,신도림까치산,까치산신도림,신도림까치산
19:47,19:47,19:47,19:47
까치산신도림,신도림까치산,까치산신도림,신도림까치산
19:57,19:57,19:58,19:57
까치산신도림,신도림까치산,까치산신도림,신도림까치산
20:07,20:08,20:09,20:08
까치산신도림,신도림까치산,까치산신도림,신도림까치산
20:19,20:17,20:20,20:19
까치산신도림,신도림까치산,까치산신도림,신도림까치산
20:27,20:27,20:29,20:28
까치산신도림,신도림까치산,까치산신도림,신도림까치산
20:39,20:38,20:38,20:40
까치산신도림,신도림까치산,까치산신도림,신도림까치산
20:49,20:46,20:49,20:48
까치산신도림,신도림까치산,까치산신도림,신도림까치산
20:59,20:58,20:59,20:57
까치산신도림,신도림까치산,까치산신도림,신도림까치산
21:08,21:08,21:08,21:08
까치산신도림,신도림까치산,까치산신도림,신도림까치산
21:17,21:18,21:17,21:18
까치산신도림,신도림까치산,까치산신도림,신도림까치산
21:29,21:28,21:29,21:28
까치산신도림,신도림까치산,까치산신도림,신도림까치산
21:39,21:40,21:39,21:40
까치산신도림,신도림까치산,까치산신도림,신도림까치산
21:50,21:52,21:50,21:52
까치산신도림,신도림까치산,까치산신도림,신도림까치산
22:02,22:02,22:02,22:02
까치산신도림,신도림까치산,까치산신도림,신도림까치산
22:12,22:13,22:12,22:13
까치산신도림,신도림까치산,까치산신도림,신도림까치산
22:23,22:23,22:23,22:23
까치산신도림,신도림까치산,까치산신도림,신도림까치산
22:35,22:34,22:34,22:38
까치산신도림,신도림까치산,까치산신도림,신도림까치산
22:45,22:50,22:49,22:54
까치산신도림,신도림까치산,까치산신도림,신도림까치산
22:59,-,23:05,23:10
까치산신도림,-,까치산신도림,신도림까치산
23:14,23:04,23:20,23:25
까치산신도림,신도림까치산,까치산신도림,신도림까치산
23:28,23:19,23:36,23:40
까치산신도림,신도림까치산,까치산신도림,신도림까치산
23:45,23:33,23:50막,23:55막
까치산신도림,신도림까치산,까치산신도림,신도림까치산
23:59,23:50,-,-
까치산신도림,신도림까치산,-,-
0:13,0:04,-,-
까치산신도림,신도림까치산,-,-
0:27,0:18,-,-
까치산신도림,신도림까치산,-,-
0:41,0:32,-,-
까치산신도림,신도림까치산,-,-
00:56막,0:46,-,-
까치산신도림,신도림까치산,-,-
-,00:59막,-,-
-,신도림까치산,-,-
