한성대입구방면,동대문방면,한성대입구방면,동대문방면
평일,평일,주말,주말
05:44첫,05:37첫,05:45첫,05:39첫
서울역진접,한성대입구오이도,서울역당고개,한성대입구오이도
-,5:50,-,5:50
-,노원오이도,-,노원사당
-,5:55,-,5:55
-,당고개사당,-,당고개오이도
6:00,6:01,06:00첫,6:01
남태령진접,당고개오이도,남태령진접,당고개사당
6:11,6:05,6:13,6:07
산본당고개,진접사당,사당진접,당고개오이도
6:20,6:10,6:24,6:13
사당당고개,당고개오이도,산본당고개,진접사당
6:28,6:16,6:33,6:19
안산당고개,당고개사당,사당진접,당고개오이도
6:36,6:21,6:41,6:25
사당당고개,당고개오이도,안산당고개,진접사당
6:43,6:26,6:48,6:31
오이도당고개,진접사당,안산당고개,당고개안산
6:51,6:30,6:54,6:37
오이도당고개,당고개오이도,사당진접,진접사당
6:58,6:34,-,6:43
사당진접,창동사당,-,당고개오이도
-,6:38,-,6:49
-,당고개오이도,-,당고개사당
-,6:42,-,6:55
-,진접사당,-,당고개오이도
-,6:46,7:00,7:01
-,당고개오이도,오이도당고개,진접사당
-,6:49,7:06,7:07
-,창동사당,사당진접,당고개오이도
-,6:54,7:12,7:13
-,당고개안산,오이도당고개,당고개사당
-,6:58,7:18,7:19
-,진접사당,사당당고개,당고개오이도
7:02,7:02,7:24,7:25
오이도당고개,당고개오이도,오이도당고개,당고개오이도
7:06,7:06,7:30,7:31
사당진접,창동사당,사당진접,진접사당
7:09,7:09,7:36,7:37
오이도당고개,당고개오이도,오이도당고개,당고개오이도
7:14,7:12,7:42,7:43
오이도당고개,진접사당,사당진접,당고개안산
7:18,7:15,7:48,7:49
사당진접,당고개안산,오이도당고개,진접사당
7:23,7:19,7:54,7:54
오이도당고개,당고개사당,사당당고개,당고개오이도
7:27,7:22,8:00,8:01
사당진접,당고개오이도,오이도당고개,당고개오이도
7:32,7:27,8:06,8:07
오이도당고개,당고개오이도,사당진접,진접사당
7:36,7:30,8:12,8:13
사당진접,진접사당,오이도당고개,당고개오이도
7:40,7:33,8:18,8:19
오이도당고개,당고개오이도,사당당고개,당고개사당
7:44,7:37,8:24,8:25
사당진접,당고개사당,오이도당고개,당고개오이도
7:47,7:40,8:29,8:31
오이도당고개,당고개오이도,안산당고개,진접사당
7:53,7:43,8:36,8:37
안산당고개,창동사당,오이도당고개,당고개오이도
7:57,7:46,8:42,8:43
사당진접,당고개안산,사당진접,진접사당
7:59,7:50,8:48,8:49
오이도당고개,진접사당,오이도당고개,당고개오이도
-,7:53,8:54,8:55
-,당고개오이도,오이도당고개,당고개사당
-,7:57,9:00,9:01
-,당고개오이도,사당당고개,당고개오이도
8:03,8:00,9:06,9:07
사당당고개,진접사당,오이도당고개,진접사당
08:06급첫,8:03,9:12,9:13
오이도당고개,당고개안산,사당당고개,당고개오이도
8:09,8:07,9:18,9:19
사당진접,진접사당,오이도당고개,진접사당
8:12,8:10,9:24,9:25
안산당고개,당고개오이도,사당당고개,당고개오이도
8:15,8:13,9:30,9:31
사당당고개,창동사당,오이도당고개,당고개사당
8:18,8:15,9:35,9:37
오이도당고개,당고개오이도,사당진접,당고개오이도
8:21,8:18,9:40,9:43
사당진접,진접사당,안산당고개,진접사당
08:24급,8:21,9:45,9:49
오이도당고개,창동오이도,오이도당고개,당고개안산
8:29,8:23,9:50,9:55
오이도당고개,당고개안산,사당당고개,당고개오이도
8:32,8:28,9:55,-
사당진접,진접사당,오이도당고개,-
8:34,8:33,10:01,10:01
안산당고개,당고개오이도,사당당고개,진접사당
8:38,8:37,10:06,10:07
사당당고개,진접사당,오이도당고개,당고개오이도
8:41,8:40,10:12,10:13
오이도당고개,당고개오이도,사당진접,진접사당
8:45,8:45,10:18,10:19
사당진접,진접사당,오이도당고개,당고개오이도
8:48,8:47,10:24,10:25
오이도당고개,당고개오이도,사당진접,진접사당
8:51,8:53,10:30,10:31
사당진접,당고개오이도,오이도당고개,당고개오이도
8:54,8:57,10:36,10:37
오이도당고개,진접사당,사당당고개,당고개사당
8:58,-,10:42,10:43
오이도당고개,-,오이도당고개,당고개오이도
9:04,9:00,10:48,10:49
오이도당고개,당고개안산,사당진접,진접사당
9:07,9:05,10:54,10:55
사당진접,당고개오이도,오이도당고개,당고개오이도
9:10,9:09,10:59,-
오이도당고개,진접사당,오이도당고개,-
9:13,9:12,11:05,11:01
사당당고개,당고개오이도,사당진접,당고개사당
09:16급,9:15,11:11,11:07
오이도당고개,진접사당,오이도당고개,당고개오이도
9:18,9:18,11:17,11:13
사당당고개,당고개안산,사당당고개,진접사당
9:21,9:24,11:23,11:19
오이도당고개,당고개오이도,오이도당고개,당고개오이도
9:24,9:29,11:29,11:25
사당진접,진접사당,사당당고개,진접사당
09:27급막,9:34,11:35,11:31
오이도당고개,당고개오이도,오이도당고개,당고개오이도
9:31,9:39,11:40,11:37
사당당고개,진접사당,사당진접,당고개사당
9:33,9:44,11:44,11:43
오이도당고개,당고개오이도,오이도당고개,당고개오이도
9:41,9:49,11:51,11:49
오이도당고개,진접사당,오이도당고개,진접사당
9:45,9:54,11:55,11:55
사당진접,당고개오이도,사당진접,당고개오이도
9:49,9:58,12:00,12:00
안산당고개,당고개안산,오이도당고개,당고개오이도
9:56,-,12:05,12:04
오이도당고개,-,사당당고개,진접사당
9:59,-,12:10,12:08
사당진접,-,오이도당고개,당고개안산
10:04,10:03,12:15,12:12
안산당고개,진접사당,오이도당고개,당고개사당
10:08,10:07,12:20,12:16
사당당고개,당고개오이도,사당당고개,당고개오이도
10:12,10:11,12:25,12:20
오이도당고개,당고개사당,오이도당고개,진접사당
10:16,10:15,12:30,12:25
사당진접,진접사당,사당진접,당고개오이도
10:22,10:17,12:35,12:30
오이도당고개,당고개오이도,오이도당고개,당고개사당
10:27,10:22,12:40,12:35
사당당고개,진접사당,오이도당고개,당고개오이도
10:32,10:27,12:45,12:40
오이도당고개,당고개오이도,사당진접,진접사당
10:37,10:33,12:50,12:45
사당진접,당고개사당,오이도당고개,당고개오이도
10:42,10:38,12:55,12:50
오이도당고개,당고개오이도,사당당고개,당고개안산
10:47,10:45,12:58,12:55
사당진접,진접사당,안산당고개,진접사당
10:52,10:49,13:05,13:00
오이도당고개,당고개오이도,오이도당고개,당고개오이도
10:57,10:55,13:09,13:04
사당당고개,진접사당,사당진접,당고개사당
11:02,11:00,13:13,13:08
오이도당고개,당고개오이도,안산당고개,당고개오이도
11:08,11:06,13:17,13:12
사당당고개,당고개사당,사당당고개,진접사당
11:12,11:11,13:21,13:16
오이도당고개,당고개오이도,오이도당고개,당고개오이도
11:17,11:16,13:25,13:20
사당당고개,진접사당,사당진접,당고개사당
11:21,11:22,13:30,13:25
오이도당고개,당고개오이도,오이도당고개,당고개오이도
11:24,11:28,13:35,13:30
사당진접,진접사당,사당당고개,진접사당
11:28,11:33,13:40,13:35
사당당고개,당고개오이도,오이도당고개,당고개오이도
11:32,11:40,13:45,13:40
오이도당고개,당고개오이도,사당진접,당고개오이도
11:37,11:46,13:50,13:45
사당진접,진접사당,오이도당고개,진접사당
11:43,11:52,13:55,13:50
오이도당고개,당고개오이도,오이도당고개,당고개오이도
11:49,11:58,-,13:55
사당진접,당고개사당,-,당고개사당
11:52,-,14:00,14:00
오이도당고개,-,사당진접,당고개안산
11:55,-,14:05,14:05
오이도당고개,-,오이도당고개,당고개오이도
12:00,12:04,14:09,14:09
사당진접,당고개오이도,사당당고개,진접사당
12:05,12:10,14:13,14:13
오이도당고개,진접사당,안산당고개,당고개안산
12:11,12:16,14:17,14:17
사당진접,당고개안산,사당진접,당고개사당
12:19,12:20,14:21,14:21
오이도당고개,진접사당,오이도당고개,당고개오이도
12:24,12:23,14:25,14:25
사당진접,당고개오이도,사당당고개,진접사당
12:29,12:29,14:30,14:30
오이도당고개,당고개사당,오이도당고개,당고개오이도
12:33,12:34,14:35,14:35
사당진접,당고개오이도,사당진접,당고개사당
12:39,12:40,14:40,14:40
오이도당고개,진접사당,오이도당고개,당고개오이도
12:46,12:45,14:45,14:45
안산당고개,당고개오이도,오이도당고개,진접사당
12:51,12:56,14:50,14:50
사당진접,당고개오이도,사당진접,당고개안산
12:57,-,14:55,14:55
오이도당고개,-,오이도당고개,당고개오이도
13:02,13:01,15:00,15:00
사당진접,진접사당,사당당고개,진접사당
13:07,13:07,15:05,15:05
오이도당고개,당고개오이도,오이도당고개,당고개오이도
13:15,13:12,15:10,15:09
오이도당고개,진접사당,오이도당고개,당고개사당
13:20,13:18,15:14,15:13
사당진접,당고개오이도,사당진접,당고개오이도
13:25,13:24,15:18,15:17
오이도당고개,진접사당,안산당고개,진접사당
13:30,13:29,15:22,15:21
사당진접,당고개오이도,사당당고개,당고개안산
13:36,13:34,15:26,15:25
오이도당고개,진접사당,오이도당고개,당고개사당
13:42,13:39,15:30,15:30
사당당고개,당고개오이도,사당진접,당고개오이도
13:50,13:47,15:35,15:35
오이도당고개,당고개오이도,오이도당고개,진접사당
13:55,13:53,15:40,15:40
사당진접,진접사당,사당당고개,당고개오이도
-,13:58,15:45,15:45
-,당고개오이도,오이도당고개,당고개안산
14:01,14:03,15:50,15:50
오이도당고개,진접사당,사당진접,진접사당
14:06,14:08,15:55,15:55
사당당고개,당고개오이도,오이도당고개,당고개오이도
14:10,14:13,16:00,16:00
오이도당고개,진접사당,안산당고개,당고개사당
14:14,14:16,16:05,16:05
사당진접,당고개오이도,사당진접,당고개안산
14:20,14:21,16:10,16:10
오이도당고개,진접사당,오이도당고개,당고개오이도
14:26,14:26,16:14,16:14
사당진접,당고개오이도,사당당고개,진접사당
14:32,14:32,16:18,16:18
오이도당고개,진접사당,오이도당고개,당고개안산
14:39,14:37,16:22,16:22
사당진접,당고개오이도,사당진접,당고개사당
14:44,14:45,16:26,16:26
오이도당고개,당고개사당,오이도당고개,당고개오이도
14:50,14:51,16:30,16:30
오이도당고개,당고개오이도,사당당고개,진접사당
14:56,14:57,16:35,16:35
사당진접,진접사당,오이도당고개,당고개오이도
15:02,15:02,16:40,16:40
오이도당고개,당고개오이도,사당진접,당고개사당
15:08,15:07,16:44,16:45
사당진접,당고개사당,오이도당고개,당고개오이도
15:14,15:11,16:51,16:50
오이도당고개,당고개오이도,오이도당고개,진접사당
15:18,15:17,16:55,16:55
안산당고개,진접사당,사당당고개,당고개오이도
15:24,15:22,17:00,17:00
사당진접,당고개오이도,오이도당고개,당고개오이도
15:29,15:28,17:05,17:05
오이도당고개,진접사당,사당진접,진접사당
15:34,15:33,17:10,17:10
사당당고개,당고개오이도,안산당고개,당고개오이도
15:39,15:41,17:15,17:15
오이도당고개,진접사당,오이도당고개,당고개사당
15:46,15:45,17:19,17:20
사당진접,당고개오이도,사당당고개,당고개오이도
15:53,15:51,17:24,17:25
오이도당고개,당고개오이도,오이도당고개,당고개오이도
15:58,15:58,17:27,17:30
사당진접,진접사당,사당진접,진접사당
16:04,16:04,17:31,17:35
오이도당고개,당고개오이도,안산당고개,당고개오이도
16:08,16:10,17:35,17:40
사당당고개,진접사당,사당당고개,진접사당
16:12,16:15,17:40,17:45
오이도당고개,당고개오이도,오이도당고개,당고개오이도
16:15,16:20,17:45,17:50
사당진접,당고개오이도,사당진접,당고개오이도
16:18,16:26,17:50,17:55
안산당고개,진접사당,오이도당고개,진접사당
16:22,16:30,17:55,-
사당당고개,당고개오이도,사당진접,-
16:26,16:35,17:58,-
오이도당고개,당고개사당,안산당고개,-
16:32,16:40,18:05,18:01
사당진접,당고개오이도,오이도당고개,당고개오이도
16:38,16:47,18:10,18:07
오이도당고개,진접사당,사당진접,당고개사당
16:44,16:54,18:15,18:13
사당진접,당고개오이도,안산당고개,당고개오이도
16:49,16:59,18:20,18:19
오이도당고개,진접사당,오이도당고개,진접사당
16:55,-,18:25,18:25
오이도당고개,-,사당진접,당고개오이도
17:01,17:04,18:31,18:32
사당진접,당고개오이도,오이도당고개,당고개오이도
17:07,17:08,18:37,18:37
오이도당고개,당고개사당,사당당고개,진접사당
17:14,17:12,18:42,18:43
사당진접,당고개오이도,오이도당고개,당고개오이도
17:18,17:16,18:47,18:49
오이도당고개,진접사당,사당진접,당고개사당
17:25,17:19,18:52,18:54
오이도당고개,당고개오이도,오이도당고개,당고개오이도
17:29,17:23,18:57,18:59
사당진접,당고개사당,안산당고개,진접사당
17:34,17:26,19:02,19:04
오이도당고개,당고개오이도,사당진접,당고개오이도
17:39,17:30,19:07,19:09
사당진접,진접사당,오이도당고개,당고개오이도
17:45,17:34,19:13,19:14
오이도당고개,창동오이도,사당당고개,진접사당
17:50,17:37,19:19,19:19
사당진접,당고개사당,오이도당고개,당고개오이도
17:54,17:41,19:25,19:25
안산당고개,당고개오이도,사당진접,진접사당
17:59,17:44,19:31,19:31
오이도당고개,진접사당,안산당고개,당고개오이도
-,17:48,19:37,19:37
-,당고개오이도,오이도당고개,당고개사당
-,17:52,19:43,19:43
-,당고개사당,사당진접,당고개오이도
-,17:55,19:49,19:48
-,당고개오이도,오이도당고개,진접사당
-,17:59,19:55,19:53
-,창동사당,사당당고개,당고개오이도
18:04,18:02,-,19:58
사당진접,당고개오이도,-,당고개안산
18:08,18:05,20:01,20:03
오이도당고개,진접사당,오이도당고개,진접사당
18:12,18:08,20:07,20:08
사당당고개,당고개오이도,사당진접,당고개오이도
18:15,18:12,20:13,20:13
안산당고개,당고개사당,오이도당고개,당고개사당
18:19,18:18,20:19,20:18
사당진접,당고개오이도,사당당고개,당고개오이도
18:23,18:21,20:25,20:23
오이도당고개,진접사당,오이도당고개,당고개오이도
18:27,18:24,20:31,20:28
사당당고개,당고개오이도,사당진접,진접사당
18:30,18:27,20:37,20:33
안산당고개,당고개사당,오이도당고개,당고개오이도
18:34,18:30,20:43,20:38
사당진접,당고개오이도,사당당고개,당고개오이도
18:38,18:34,20:49,20:43
오이도당고개,진접사당,오이도당고개,진접사당
18:41,18:37,20:55,20:49
사당당고개,당고개안산,사당진접,당고개오이도
18:45,18:41,-,20:55
오이도당고개,진접사당,-,진접사당
18:48,18:44급첫,21:01,21:01
사당진접,당고개오이도,오이도당고개,당고개오이도
18:51,18:48,21:07,21:07
안산당고개,당고개사당,사당진접,당고개사당
18:55,18:52,21:12,21:13
사당당고개,창동오이도,오이도당고개,당고개오이도
18:59,18:55,21:20,21:19
오이도당고개,진접사당,오이도당고개,진접사당
-,18:58,21:25,21:25
-,당고개오이도,사당진접,당고개오이도
19:03,19:02,21:31,21:31
사당진접,당고개안산,오이도당고개,당고개사당
19:06,19:06,21:37,21:37
오이도당고개,진접사당,사당당고개,당고개오이도
19:09,19:09,21:43,21:43
사당당고개,당고개오이도,오이도당고개,진접사당
19:13,19:13,21:49,21:49
오이도당고개,당고개사당,사당진접,당고개오이도
19:17,19:16,21:55,21:55
사당진접,당고개오이도,오이도당고개,당고개사당
19:21,19:20,22:01,22:01
오이도당고개,진접사당,사당당고개,당고개오이도
19:25,19:23,22:07,22:07
사당당고개,당고개오이도,오이도당고개,진접사당
19:27,19:27,22:13,22:11
오이도당고개,당고개사당,사당진접,당고개안산
19:32,19:31,22:19,22:18
사당진접,당고개오이도,오이도당고개,당고개오이도
19:35,19:35,22:25,22:25
오이도당고개,진접사당,사당당고개,진접사당
19:38,19:39,22:31,22:34막
사당당고개,당고개오이도,오이도당고개,당고개오이도
19:41,19:43,22:37,22:40
오이도당고개,당고개사당,사당진접,진접사당
19:45,19:47,22:43,22:47
사당진접,당고개오이도,오이도당고개,당고개안산
19:49,19:51,22:49,-
오이도당고개,진접사당,사당당고개,-
19:52,19:55급,22:55,-
사당당고개,당고개오이도,오이도당고개,-
19:55,19:58,23:03,23:00
오이도당고개,당고개사당,사당진접,당고개사당
19:59,-,23:11,23:10막
사당진접,-,오이도당고개,당고개안산
20:03,20:02,23:19막,23:21
오이도당고개,진접사당,사당진접,진접사당
20:08,20:06,23:27,23:32막
사당당고개,당고개오이도,오이도당고개,당고개산본
20:11,20:10,23:35막,23:49막
오이도당고개,당고개사당,사당당고개,진접서울역
20:15,20:13,23:43막,-
사당진접,당고개오이도,오이도노원,-
20:20,20:17,23:59막,-
오이도당고개,진접사당,오이도한성대입구,-
20:24,20:22,-,-
사당당고개,당고개오이도,-,-
20:27,20:29,-,-
오이도당고개,당고개오이도,-,-
20:31,20:32,-,-
사당진접,진접사당,-,-
20:36,20:35,-,-
오이도당고개,당고개안산,-,-
20:40,20:39,-,-
사당당고개,당고개사당,-,-
20:43,20:42급막,-,-
오이도당고개,당고개오이도,-,-
20:47,20:47,-,-
사당진접,진접사당,-,-
20:52,20:50,-,-
오이도당고개,당고개오이도,-,-
20:56,20:55,-,-
사당당고개,당고개사당,-,-
-,20:59,-,-
-,당고개오이도,-,-
21:01,21:04,-,-
오이도당고개,진접사당,-,-
21:05,21:09,-,-
사당진접,당고개오이도,-,-
21:08,21:14,-,-
안산당고개,당고개안산,-,-
21:13,21:17,-,-
사당당고개,진접사당,-,-
21:18,21:21,-,-
오이도당고개,창동오이도,-,-
21:21,21:28,-,-
사당진접,당고개오이도,-,-
21:24,21:32,-,-
오이도당고개,진접사당,-,-
21:29,21:37,-,-
사당당고개,당고개안산,-,-
21:34,21:44,-,-
오이도당고개,당고개오이도,-,-
21:39,21:50,-,-
사당진접,진접사당,-,-
21:43,21:57,-,-
안산당고개,당고개오이도,-,-
21:47,-,-,-
오이도당고개,-,-,-
21:50,-,-,-
사당당고개,-,-,-
21:53,-,-,-
안산당고개,-,-,-
21:55,-,-,-
사당진접,-,-,-
21:58,-,-,-
오이도당고개,-,-,-
22:03,22:02,-,-
사당당고개,진접사당,-,-
22:11,22:06,-,-
오이도당고개,당고개안산,-,-
22:15,22:14,-,-
사당진접,당고개오이도,-,-
22:21,22:18,-,-
사당당고개,진접사당,-,-
22:25,22:25,-,-
오이도당고개,당고개오이도,-,-
22:33,22:32,-,-
오이도당고개,진접사당,-,-
22:40,22:37,-,-
사당진접,당고개오이도,-,-
22:48,22:45,-,-
오이도당고개,당고개안산,-,-
22:55,22:50,-,-
사당당고개,진접사당,-,-
23:02,23:01막,-,-
오이도당고개,당고개오이도,-,-
23:09,23:10,-,-
사당진접,진접사당,-,-
23:16,23:16막,-,-
오이도당고개,당고개안산,-,-
23:22,23:23,-,-
사당진접,진접사당,-,-
23:28,23:30,-,-
오이도당고개,당고개사당,-,-
23:35,23:40막,-,-
사당진접,당고개금정,-,-
23:43,23:53,-,-
오이도당고개,진접사당,-,-
23:56,-,-,-
오이도당고개,-,-,-
0:03,0:12,-,-
사당진접,진접사당,-,-
0:09,00:34막,-,-
오이도당고개,진접사당,-,-
00:17막,00:49막,-,-
사당진접,진접서울역,-,-
0:26,-,-,-
오이도당고개,-,-,-
00:40막,-,-,-
사당당고개,-,-,-
00:59막,-,-,-
오이도한성대입구,-,-,-
