﻿노량진방면,흑석방면,노량진방면,흑석방면
평일,평일,주말,주말
05:34첫,05:36첫,05:34첫,05:36첫
동작개화,여의도중앙보훈병원,동작개화,여의도중앙보훈병원
5:45,5:50,5:44,5:48
신논현개화,염창중앙보훈병원,신논현개화,염창중앙보훈병원
5:58,,5:58,
삼전개화,,삼전개화,
6:13,6:02,6:15,6:00
중앙보훈병원개화,마곡나루중앙보훈병원,중앙보훈병원개화,마곡나루중앙보훈병원
6:28,6:12,6:28,6:11
중앙보훈병원개화,개화중앙보훈병원,중앙보훈병원개화,개화중앙보훈병원
6:41,6:24,6:41,6:23
중앙보훈병원개화,개화중앙보훈병원,중앙보훈병원개화,개화중앙보훈병원
6:54,6:36,6:54,6:35
중앙보훈병원개화,개화중앙보훈병원,중앙보훈병원개화,개화중앙보훈병원
,6:48,,6:47
,개화중앙보훈병원,,개화중앙보훈병원
,6:57,,6:59
,개화중앙보훈병원,,개화중앙보훈병원
7:07,7:06,7:06,7:11
중앙보훈병원개화,개화중앙보훈병원,중앙보훈병원개화,개화중앙보훈병원
7:20,7:14,7:18,7:23
중앙보훈병원개화,개화중앙보훈병원,중앙보훈병원개화,개화중앙보훈병원
7:33,7:21,7:30,7:35
중앙보훈병원개화,개화중앙보훈병원,중앙보훈병원개화,개화중앙보훈병원
7:42,7:28,7:42,7:47
중앙보훈병원개화,개화중앙보훈병원,중앙보훈병원개화,개화중앙보훈병원
7:54,7:34,7:54,7:59
중앙보훈병원개화,개화중앙보훈병원,중앙보훈병원개화,개화중앙보훈병원
,7:41,8:06,8:11
,개화중앙보훈병원,중앙보훈병원개화,개화중앙보훈병원
,7:48,8:18,8:23
,개화중앙보훈병원,중앙보훈병원개화,개화중앙보훈병원
,7:55,8:30,8:35
,개화중앙보훈병원,중앙보훈병원개화,개화중앙보훈병원
8:06,8:02,8:42,8:47
중앙보훈병원개화,개화중앙보훈병원,중앙보훈병원개화,개화중앙보훈병원
8:12,8:09,8:54,8:59
중앙보훈병원개화,개화중앙보훈병원,중앙보훈병원개화,개화중앙보훈병원
8:20,8:15,9:06,9:11
중앙보훈병원개화,개화중앙보훈병원,중앙보훈병원개화,개화중앙보훈병원
8:29,8:22,9:18,9:23
중앙보훈병원개화,개화중앙보훈병원,중앙보훈병원개화,개화중앙보훈병원
8:38,8:29,9:30,9:35
중앙보훈병원개화,개화중앙보훈병원,중앙보훈병원개화,개화중앙보훈병원
8:46,8:36,9:42,9:46
중앙보훈병원개화,개화중앙보훈병원,중앙보훈병원개화,개화중앙보훈병원
8:54,8:43,9:54,9:57
중앙보훈병원개화,개화중앙보훈병원,중앙보훈병원개화,개화중앙보훈병원
,8:50,10:06,10:08
,개화중앙보훈병원,중앙보훈병원개화,개화중앙보훈병원
,8:56,10:18,10:19
,개화중앙보훈병원,중앙보훈병원개화,개화중앙보훈병원
9:00,9:03,10:30,10:30
중앙보훈병원개화,개화중앙보훈병원,중앙보훈병원개화,개화중앙보훈병원
9:07,9:10,10:41,10:41
중앙보훈병원개화,개화중앙보훈병원,중앙보훈병원개화,개화중앙보훈병원
9:14,9:17,10:52,10:52
중앙보훈병원개화,개화중앙보훈병원,중앙보훈병원개화,개화중앙보훈병원
9:21,9:28,11:03,11:03
중앙보훈병원개화,개화중앙보훈병원,중앙보훈병원개화,개화중앙보훈병원
9:28,9:39,11:14,11:14
중앙보훈병원개화,개화중앙보훈병원,중앙보훈병원개화,개화중앙보훈병원
9:35,9:50,11:25,11:25
중앙보훈병원개화,개화중앙보훈병원,중앙보훈병원개화,개화중앙보훈병원
9:41,,11:36,11:36
중앙보훈병원개화,,중앙보훈병원개화,개화중앙보훈병원
9:48,,11:47,11:47
중앙보훈병원개화,,중앙보훈병원개화,개화중앙보훈병원
9:55,,11:58,11:58
중앙보훈병원개화,,중앙보훈병원개화,개화중앙보훈병원
10:02,10:01,12:09,12:09
중앙보훈병원개화,개화중앙보훈병원,중앙보훈병원개화,개화중앙보훈병원
10:09,10:12,12:20,12:20
중앙보훈병원개화,개화중앙보훈병원,중앙보훈병원개화,개화중앙보훈병원
10:16,10:23,12:31,12:31
중앙보훈병원개화,개화중앙보훈병원,중앙보훈병원개화,개화중앙보훈병원
10:22,10:34,12:42,12:42
중앙보훈병원개화,개화중앙보훈병원,중앙보훈병원개화,개화중앙보훈병원
10:29,10:45,12:53,12:53
중앙보훈병원개화,개화중앙보훈병원,중앙보훈병원개화,개화중앙보훈병원
10:37,10:56,13:04,13:04
중앙보훈병원개화,개화중앙보훈병원,중앙보훈병원개화,개화중앙보훈병원
10:45,,13:15,13:15
중앙보훈병원개화,,중앙보훈병원개화,개화중앙보훈병원
10:51,,13:26,13:26
중앙보훈병원개화,,중앙보훈병원개화,개화중앙보훈병원
10:58,,13:37,13:37
중앙보훈병원개화,,중앙보훈병원개화,개화중앙보훈병원
11:07,11:07,13:48,13:48
중앙보훈병원개화,개화중앙보훈병원,중앙보훈병원개화,개화중앙보훈병원
11:18,11:18,13:59,13:59
중앙보훈병원개화,개화중앙보훈병원,중앙보훈병원개화,개화중앙보훈병원
11:29,11:29,14:10,14:10
중앙보훈병원개화,개화중앙보훈병원,중앙보훈병원개화,개화중앙보훈병원
11:40,11:40,14:21,14:21
중앙보훈병원개화,개화중앙보훈병원,중앙보훈병원개화,개화중앙보훈병원
11:51,11:52,14:32,14:32
중앙보훈병원개화,개화중앙보훈병원,중앙보훈병원개화,개화중앙보훈병원
12:02,12:04,14:43,14:43
중앙보훈병원개화,개화중앙보훈병원,중앙보훈병원개화,개화중앙보훈병원
12:13,12:15,14:54,14:54
중앙보훈병원개화,개화중앙보훈병원,중앙보훈병원개화,개화중앙보훈병원
12:24,12:26,15:05,15:05
중앙보훈병원개화,개화중앙보훈병원,중앙보훈병원개화,개화중앙보훈병원
12:35,12:37,15:16,15:16
중앙보훈병원개화,개화중앙보훈병원,중앙보훈병원개화,개화중앙보훈병원
12:46,12:48,15:27,15:27
중앙보훈병원개화,개화중앙보훈병원,중앙보훈병원개화,개화중앙보훈병원
12:57,12:59,15:38,15:38
중앙보훈병원개화,개화중앙보훈병원,중앙보훈병원개화,개화중앙보훈병원
13:09,13:10,15:49,15:49
중앙보훈병원개화,개화중앙보훈병원,중앙보훈병원개화,개화중앙보훈병원
13:21,13:21,16:00,16:00
중앙보훈병원개화,개화중앙보훈병원,중앙보훈병원개화,개화중앙보훈병원
13:32,13:32,16:11,16:11
중앙보훈병원개화,개화중앙보훈병원,중앙보훈병원개화,개화중앙보훈병원
13:43,13:43,16:22,16:22
중앙보훈병원개화,개화중앙보훈병원,중앙보훈병원개화,개화중앙보훈병원
13:54,13:54,16:33,16:33
중앙보훈병원개화,개화중앙보훈병원,중앙보훈병원개화,개화중앙보훈병원
14:05,14:05,16:44,16:44
중앙보훈병원개화,개화중앙보훈병원,중앙보훈병원개화,개화중앙보훈병원
14:16,14:16,16:55,16:55
중앙보훈병원개화,개화중앙보훈병원,중앙보훈병원개화,개화중앙보훈병원
14:27,14:27,17:06,17:06
중앙보훈병원개화,개화중앙보훈병원,중앙보훈병원개화,개화중앙보훈병원
14:38,14:39,17:17,17:17
중앙보훈병원개화,개화중앙보훈병원,중앙보훈병원개화,개화중앙보훈병원
14:49,14:51,17:28,17:28
중앙보훈병원개화,개화중앙보훈병원,중앙보훈병원개화,개화중앙보훈병원
15:00,15:02,17:39,17:39
중앙보훈병원개화,개화중앙보훈병원,중앙보훈병원개화,개화중앙보훈병원
15:11,15:13,17:50,17:50
중앙보훈병원개화,개화중앙보훈병원,중앙보훈병원개화,개화중앙보훈병원
15:22,15:24,18:01,18:01
중앙보훈병원개화,개화중앙보훈병원,중앙보훈병원개화,개화중앙보훈병원
15:33,15:35,18:12,18:12
중앙보훈병원개화,개화중앙보훈병원,중앙보훈병원개화,개화중앙보훈병원
15:44,15:46,18:23,18:23
중앙보훈병원개화,개화중앙보훈병원,중앙보훈병원개화,개화중앙보훈병원
15:56,15:57,18:34,18:34
중앙보훈병원개화,개화중앙보훈병원,중앙보훈병원개화,개화중앙보훈병원
16:08,16:08,18:45,18:45
중앙보훈병원개화,개화중앙보훈병원,중앙보훈병원개화,개화중앙보훈병원
16:19,16:19,18:56,18:56
중앙보훈병원개화,개화중앙보훈병원,중앙보훈병원개화,개화중앙보훈병원
16:30,16:27,19:07,19:07
중앙보훈병원개화,개화중앙보훈병원,중앙보훈병원개화,개화중앙보훈병원
16:41,16:30,19:18,19:18
중앙보훈병원개화,개화중앙보훈병원,중앙보훈병원개화,개화중앙보훈병원
16:52,16:41,19:29,19:29
중앙보훈병원개화,개화중앙보훈병원,중앙보훈병원개화,개화중앙보훈병원
,16:52,19:40,19:40
,개화중앙보훈병원,중앙보훈병원개화,개화중앙보훈병원
,16:59,19:51,19:51
,개화중앙보훈병원,중앙보훈병원개화,개화중앙보훈병원
17:03,17:07,20:02,20:02
중앙보훈병원개화,개화중앙보훈병원,중앙보훈병원개화,개화중앙보훈병원
17:14,17:16,20:13,20:13
중앙보훈병원개화,개화중앙보훈병원,중앙보훈병원개화,개화중앙보훈병원
17:25,17:23,20:24,20:24
중앙보훈병원개화,개화중앙보훈병원,중앙보훈병원개화,개화중앙보훈병원
17:36,17:30,20:35,20:36
중앙보훈병원개화,개화중앙보훈병원,중앙보훈병원개화,개화중앙보훈병원
17:47,17:37,20:46,20:48
중앙보훈병원개화,개화중앙보훈병원,중앙보훈병원개화,개화중앙보훈병원
17:58,17:45,20:57,
중앙보훈병원개화,개화중앙보훈병원,중앙보훈병원개화,
,17:52,21:08,21:00
,개화중앙보훈병원,중앙보훈병원개화,개화중앙보훈병원
,17:59,21:19,21:12
,개화중앙보훈병원,중앙보훈병원개화,개화중앙보훈병원
18:09,18:06,21:30,21:24
중앙보훈병원개화,개화중앙보훈병원,중앙보훈병원개화,개화중앙보훈병원
18:15,18:13,21:41,21:36
중앙보훈병원개화,개화중앙보훈병원,중앙보훈병원개화,개화중앙보훈병원
18:23,18:20,21:52,21:48
중앙보훈병원개화,개화중앙보훈병원,중앙보훈병원개화,개화중앙보훈병원
18:31,18:28,22:04,22:00
중앙보훈병원개화,개화중앙보훈병원,중앙보훈병원개화,개화중앙보훈병원
18:40,18:35,22:16,22:12
중앙보훈병원개화,개화중앙보훈병원,중앙보훈병원개화,개화중앙보훈병원
18:48,18:42,22:28,22:25
중앙보훈병원개화,개화중앙보훈병원,중앙보훈병원개화,개화중앙보훈병원
18:56,18:49,22:40,22:38
중앙보훈병원개화,개화중앙보훈병원,중앙보훈병원개화,개화중앙보훈병원
,18:56,22:52,22:51
,개화중앙보훈병원,중앙보훈병원개화,개화중앙보훈병원
19:03,19:03,23:05,23:03
중앙보훈병원개화,개화중앙보훈병원,중앙보훈병원개화,개화중앙보훈병원
19:10,19:11,23:18,23:14
중앙보훈병원개화,개화중앙보훈병원,중앙보훈병원개화,개화중앙보훈병원
19:17,19:18,23:31막,23:27막
중앙보훈병원개화,개화중앙보훈병원,중앙보훈병원개화,개화중앙보훈병원
19:24,19:25,23:43막,23:40막
중앙보훈병원개화,개화중앙보훈병원,중앙보훈병원염창,개화신논현
19:31,19:33,23:54막,23:53막
중앙보훈병원개화,개화중앙보훈병원,중앙보훈병원여의도,개화동작
19:39,19:42,,
중앙보훈병원개화,개화중앙보훈병원,,
19:46,19:50,,
중앙보훈병원개화,개화중앙보훈병원,,
19:53,19:57,,
중앙보훈병원개화,개화중앙보훈병원,,
20:00,20:08,,
중앙보훈병원개화,개화중앙보훈병원,,
20:07,20:19,,
중앙보훈병원개화,개화중앙보훈병원,,
20:14,20:30,,
중앙보훈병원개화,개화중앙보훈병원,,
20:22,20:41,,
중앙보훈병원개화,개화중앙보훈병원,,
20:29,20:52,,
중앙보훈병원개화,개화중앙보훈병원,,
20:36,,,
중앙보훈병원개화,,,
20:43,,,
중앙보훈병원개화,,,
20:50,,,
중앙보훈병원개화,,,
20:57,,,
중앙보훈병원개화,,,
21:07,21:03,,
중앙보훈병원개화,개화중앙보훈병원,,
21:15,21:14,,
중앙보훈병원개화,개화중앙보훈병원,,
21:21,21:25,,
중앙보훈병원개화,개화중앙보훈병원,,
21:26,21:36,,
중앙보훈병원개화,개화중앙보훈병원,,
21:37,21:47,,
중앙보훈병원개화,개화중앙보훈병원,,
21:48,21:58,,
중앙보훈병원개화,개화중앙보훈병원,,
21:59,,,
중앙보훈병원개화,,,
22:10,22:09,,
중앙보훈병원개화,개화중앙보훈병원,,
22:21,22:20,,
중앙보훈병원개화,개화중앙보훈병원,,
22:32,22:31,,
중앙보훈병원개화,개화중앙보훈병원,,
22:44,22:42,,
중앙보훈병원개화,개화중앙보훈병원,,
22:53,22:53,,
중앙보훈병원개화,개화중앙보훈병원,,
23:04,23:04,,
중앙보훈병원개화,개화중앙보훈병원,,
23:15,23:15,,
중앙보훈병원개화,개화중앙보훈병원,,
23:26,23:26,,
중앙보훈병원개화,개화중앙보훈병원,,
23:37,23:37,,
중앙보훈병원개화,개화중앙보훈병원,,
23:48,23:48,,
중앙보훈병원개화,개화중앙보훈병원,,
23:59,23:59,,
중앙보훈병원개화,개화중앙보훈병원,,
0:10,0:07,,
중앙보훈병원개화,개화중앙보훈병원,,
00:21막,00:19막,,
중앙보훈병원개화,개화중앙보훈병원,,
00:32막,00:31막,,
중앙보훈병원마곡나루,개화삼전,,
00:43막,00:43막,,
중앙보훈병원염창,개화신논현,,
00:52막,00:56막,,
중앙보훈병원여의도,개화동작,,
