﻿국회의사당방면,샛강방면,국회의사당방면,샛강방면
평일,평일,주말,주말
05:40첫,05:30첫,05:40첫,05:30첫
동작개화,여의도중앙보훈병원,동작개화,여의도중앙보훈병원
5:51,05:33급첫,5:50,05:33급첫
신논현개화,당산중앙보훈병원,신논현개화,당산중앙보훈병원
,5:42,,5:41
,염창중앙보훈병원,,염창중앙보훈병원
,05:49급,,05:47급
,김포공항중앙보훈병원,,김포공항중앙보훈병원
,5:55,,5:54
,마곡나루중앙보훈병원,,마곡나루중앙보훈병원
6:04,06:00급,,05:59급
삼전개화,김포공항중앙보훈병원,,김포공항중앙보훈병원
6:20,6:06,6:04,6:05
중앙보훈병원개화,개화중앙보훈병원,삼전개화,개화중앙보훈병원
06:27급첫,06:11급,6:22,06:10급
중앙보훈병원김포공항,김포공항중앙보훈병원,중앙보훈병원개화,김포공항중앙보훈병원
6:35,6:18,06:30급첫,6:17
중앙보훈병원개화,개화중앙보훈병원,중앙보훈병원김포공항,개화중앙보훈병원
06:41급,06:23급,6:35,06:22급
중앙보훈병원김포공항,김포공항중앙보훈병원,중앙보훈병원개화,김포공항중앙보훈병원
6:48,6:30,06:43급,6:29
중앙보훈병원개화,개화중앙보훈병원,중앙보훈병원김포공항,개화중앙보훈병원
06:54급,06:35급,6:48,06:34급
중앙보훈병원김포공항,김포공항중앙보훈병원,중앙보훈병원개화,김포공항중앙보훈병원
,6:42,06:56급,6:41
,개화중앙보훈병원,중앙보훈병원김포공항,개화중앙보훈병원
,06:47급,,06:46급
,김포공항중앙보훈병원,,김포공항중앙보훈병원
,6:50,,6:53
,개화중앙보훈병원,,개화중앙보훈병원
,6:58,,06:58급
,개화중앙보훈병원,,김포공항중앙보훈병원
,06:59급,7:01,7:05
,김포공항중앙보훈병원,중앙보훈병원개화,개화중앙보훈병원
7:01,7:05,07:08급,07:10급
중앙보훈병원개화,개화중앙보훈병원,중앙보훈병원김포공항,김포공항중앙보훈병원
07:07급,07:07급,7:13,7:17
중앙보훈병원김포공항,김포공항중앙보훈병원,중앙보훈병원개화,개화중앙보훈병원
7:14,7:12,07:20급,07:22급
중앙보훈병원개화,개화중앙보훈병원,중앙보훈병원김포공항,김포공항중앙보훈병원
07:20급,07:14급,7:25,7:29
중앙보훈병원김포공항,김포공항중앙보훈병원,중앙보훈병원개화,개화중앙보훈병원
7:27,7:19,07:32급,07:34급
중앙보훈병원개화,개화중앙보훈병원,중앙보훈병원김포공항,김포공항중앙보훈병원
07:33급,07:20급,7:37,7:41
중앙보훈병원김포공항,김포공항중앙보훈병원,중앙보훈병원개화,개화중앙보훈병원
7:40,7:26,07:44급,07:46급
중앙보훈병원개화,개화중앙보훈병원,중앙보훈병원김포공항,김포공항중앙보훈병원
07:45급,07:27급,7:49,7:53
중앙보훈병원김포공항,김포공항중앙보훈병원,중앙보훈병원개화,개화중앙보훈병원
7:48,7:33,07:56급,07:58급
중앙보훈병원개화,개화중앙보훈병원,중앙보훈병원김포공항,김포공항중앙보훈병원
07:56급,07:34급,8:01,8:05
중앙보훈병원김포공항,김포공항중앙보훈병원,중앙보훈병원개화,개화중앙보훈병원
,7:40,08:08급,08:10급
,개화중앙보훈병원,중앙보훈병원김포공항,김포공항중앙보훈병원
,07:41급,8:13,8:17
,김포공항중앙보훈병원,중앙보훈병원개화,개화중앙보훈병원
,7:46,08:20급,08:22급
,개화중앙보훈병원,중앙보훈병원김포공항,김포공항중앙보훈병원
,07:48급,8:25,8:29
,김포공항중앙보훈병원,중앙보훈병원개화,개화중앙보훈병원
,7:53,08:32급,08:34급
,개화중앙보훈병원,중앙보훈병원김포공항,김포공항중앙보훈병원
,07:55급,8:37,8:41
,김포공항중앙보훈병원,중앙보훈병원개화,개화중앙보훈병원
8:00,8:00,08:44급,08:46급
중앙보훈병원개화,개화중앙보훈병원,중앙보훈병원김포공항,김포공항중앙보훈병원
08:08급,08:01급,8:49,8:53
중앙보훈병원김포공항,김포공항중앙보훈병원,중앙보훈병원개화,개화중앙보훈병원
8:12,8:07,08:56급,08:58급
중앙보훈병원개화,개화중앙보훈병원,중앙보훈병원김포공항,김포공항중앙보훈병원
08:19급,08:08급,9:01,9:05
중앙보훈병원김포공항,김포공항중앙보훈병원,중앙보훈병원개화,개화중앙보훈병원
8:20,8:14,09:08급,09:10급
중앙보훈병원개화,개화중앙보훈병원,중앙보훈병원김포공항,김포공항중앙보훈병원
08:27급,08:15급,9:13,9:17
중앙보훈병원김포공항,김포공항중앙보훈병원,중앙보훈병원개화,개화중앙보훈병원
8:29,8:21,09:20급,09:22급
중앙보훈병원개화,개화중앙보훈병원,중앙보훈병원김포공항,김포공항중앙보훈병원
08:36급,08:22급,9:25,9:29
중앙보훈병원김포공항,김포공항중앙보훈병원,중앙보훈병원개화,개화중앙보훈병원
8:38,8:27,09:32급,09:33급
중앙보훈병원개화,개화중앙보훈병원,중앙보훈병원김포공항,김포공항중앙보훈병원
08:45급,08:29급,9:37,9:40
중앙보훈병원김포공항,김포공항중앙보훈병원,중앙보훈병원개화,개화중앙보훈병원
8:46,8:34,09:44급,09:44급
중앙보훈병원개화,개화중앙보훈병원,중앙보훈병원김포공항,김포공항중앙보훈병원
08:53급,08:36급,9:49,9:51
중앙보훈병원김포공항,김포공항중앙보훈병원,중앙보훈병원개화,개화중앙보훈병원
8:55,8:41,09:56급,09:55급
중앙보훈병원개화,개화중앙보훈병원,중앙보훈병원김포공항,김포공항중앙보훈병원
,08:42급,10:01,10:02
,김포공항중앙보훈병원,중앙보훈병원개화,개화중앙보훈병원
,8:48,10:08급,10:06급
,개화중앙보훈병원,중앙보훈병원김포공항,김포공항중앙보훈병원
,08:49급,10:13,10:13
,김포공항중앙보훈병원,중앙보훈병원개화,개화중앙보훈병원
,8:55,10:20급,10:17급
,개화중앙보훈병원,중앙보훈병원김포공항,김포공항중앙보훈병원
,08:56급,10:25,10:24
,김포공항중앙보훈병원,중앙보훈병원개화,개화중앙보훈병원
09:01급,9:02,10:32급,10:28급
중앙보훈병원김포공항,개화중앙보훈병원,중앙보훈병원김포공항,김포공항중앙보훈병원
9:02,09:04급,10:37,10:35
중앙보훈병원개화,김포공항중앙보훈병원,중앙보훈병원개화,개화중앙보훈병원
09:07급,9:10,10:43급,10:39급
중앙보훈병원김포공항,개화중앙보훈병원,중앙보훈병원김포공항,김포공항중앙보훈병원
9:09,09:15급,10:48,10:46
중앙보훈병원개화,김포공항중앙보훈병원,중앙보훈병원개화,개화중앙보훈병원
09:14급,9:21,10:54급,10:50급
중앙보훈병원김포공항,개화중앙보훈병원,중앙보훈병원김포공항,김포공항중앙보훈병원
9:16,09:26급,10:59,10:57
중앙보훈병원개화,김포공항중앙보훈병원,중앙보훈병원개화,개화중앙보훈병원
09:21급,9:32,11:05급,11:01급
중앙보훈병원김포공항,개화중앙보훈병원,중앙보훈병원김포공항,김포공항중앙보훈병원
9:23,09:37급,11:10,11:08
중앙보훈병원개화,김포공항중앙보훈병원,중앙보훈병원개화,개화중앙보훈병원
09:28급,9:43,11:16급,11:12급
중앙보훈병원김포공항,개화중앙보훈병원,중앙보훈병원김포공항,김포공항중앙보훈병원
9:30,09:48급,11:21,11:19
중앙보훈병원개화,김포공항중앙보훈병원,중앙보훈병원개화,개화중앙보훈병원
09:35급,9:54,11:27급,11:23급
중앙보훈병원김포공항,개화중앙보훈병원,중앙보훈병원김포공항,김포공항중앙보훈병원
9:36,09:59급,11:32,11:30
중앙보훈병원개화,김포공항중앙보훈병원,중앙보훈병원개화,개화중앙보훈병원
09:42급,,11:38급,11:34급
중앙보훈병원김포공항,,중앙보훈병원김포공항,김포공항중앙보훈병원
9:43,,11:43,11:41
중앙보훈병원개화,,중앙보훈병원개화,개화중앙보훈병원
09:48급,,11:49급,11:45급
중앙보훈병원김포공항,,중앙보훈병원김포공항,김포공항중앙보훈병원
9:50,,11:54,11:52
중앙보훈병원개화,,중앙보훈병원개화,개화중앙보훈병원
09:55급,,,11:56급
중앙보훈병원김포공항,,,김포공항중앙보훈병원
9:57,,12:00급,12:03
중앙보훈병원개화,,중앙보훈병원김포공항,개화중앙보훈병원
10:02급,10:05,12:05,12:07급
중앙보훈병원김포공항,개화중앙보훈병원,중앙보훈병원개화,김포공항중앙보훈병원
10:04,10:10급,12:11급,12:14
중앙보훈병원개화,김포공항중앙보훈병원,중앙보훈병원김포공항,개화중앙보훈병원
10:09급,10:16,12:16,12:18급
중앙보훈병원김포공항,개화중앙보훈병원,중앙보훈병원개화,김포공항중앙보훈병원
10:11,10:21급,12:22급,12:25
중앙보훈병원개화,김포공항중앙보훈병원,중앙보훈병원김포공항,개화중앙보훈병원
10:16급,10:27,12:27,12:29급
중앙보훈병원김포공항,개화중앙보훈병원,중앙보훈병원개화,김포공항중앙보훈병원
10:17,10:32급,12:33급,12:36
중앙보훈병원개화,김포공항중앙보훈병원,중앙보훈병원김포공항,개화중앙보훈병원
10:23급,10:38,12:38,12:40급
중앙보훈병원김포공항,개화중앙보훈병원,중앙보훈병원개화,김포공항중앙보훈병원
10:24,10:43급,12:44급,12:47
중앙보훈병원개화,김포공항중앙보훈병원,중앙보훈병원김포공항,개화중앙보훈병원
10:29급,10:49,12:49,12:51급
중앙보훈병원김포공항,개화중앙보훈병원,중앙보훈병원개화,김포공항중앙보훈병원
10:31,10:54급,12:55급,12:58
중앙보훈병원개화,김포공항중앙보훈병원,중앙보훈병원김포공항,개화중앙보훈병원
10:36급,,13:00,13:02급
중앙보훈병원김포공항,,중앙보훈병원개화,김포공항중앙보훈병원
10:38,,13:06급,13:09
중앙보훈병원개화,,중앙보훈병원김포공항,개화중앙보훈병원
10:44,,13:11,13:13급
중앙보훈병원개화,,중앙보훈병원개화,김포공항중앙보훈병원
10:47급,,13:17급,13:20
중앙보훈병원김포공항,,중앙보훈병원김포공항,개화중앙보훈병원
10:52,,13:22,13:24급
중앙보훈병원개화,,중앙보훈병원개화,김포공항중앙보훈병원
10:58급,,13:28급,13:31
중앙보훈병원김포공항,,중앙보훈병원김포공항,개화중앙보훈병원
11:00,11:00,13:33,13:35급
중앙보훈병원개화,개화중앙보훈병원,중앙보훈병원개화,김포공항중앙보훈병원
11:05,11:05급,13:39급,13:42
중앙보훈병원개화,김포공항중앙보훈병원,중앙보훈병원김포공항,개화중앙보훈병원
11:09급,11:11,13:44,13:46급
중앙보훈병원김포공항,개화중앙보훈병원,중앙보훈병원개화,김포공항중앙보훈병원
11:13,11:16급,13:50급,13:53
중앙보훈병원개화,김포공항중앙보훈병원,중앙보훈병원김포공항,개화중앙보훈병원
11:20급,11:22,13:55,13:57급
중앙보훈병원김포공항,개화중앙보훈병원,중앙보훈병원개화,김포공항중앙보훈병원
11:25,11:27급,14:01급,14:04
중앙보훈병원개화,김포공항중앙보훈병원,중앙보훈병원김포공항,개화중앙보훈병원
11:32급,11:33,14:06,14:08급
중앙보훈병원김포공항,개화중앙보훈병원,중앙보훈병원개화,김포공항중앙보훈병원
11:36,11:39급,14:12급,14:15
중앙보훈병원개화,김포공항중앙보훈병원,중앙보훈병원김포공항,개화중앙보훈병원
11:43급,11:45,14:17,14:19급
중앙보훈병원김포공항,개화중앙보훈병원,중앙보훈병원개화,김포공항중앙보훈병원
11:47,11:51급,14:23급,14:26
중앙보훈병원개화,김포공항중앙보훈병원,중앙보훈병원김포공항,개화중앙보훈병원
11:54급,11:57,14:28,14:30급
중앙보훈병원김포공항,개화중앙보훈병원,중앙보훈병원개화,김포공항중앙보훈병원
11:58,,14:34급,14:37
중앙보훈병원개화,,중앙보훈병원김포공항,개화중앙보훈병원
12:05급,12:02급,14:39,14:41급
중앙보훈병원김포공항,김포공항중앙보훈병원,중앙보훈병원개화,김포공항중앙보훈병원
12:09,12:08,14:45급,14:48
중앙보훈병원개화,개화중앙보훈병원,중앙보훈병원김포공항,개화중앙보훈병원
12:16급,12:13급,14:50,14:52급
중앙보훈병원김포공항,김포공항중앙보훈병원,중앙보훈병원개화,김포공항중앙보훈병원
12:20,12:19,14:56급,14:59
중앙보훈병원개화,개화중앙보훈병원,중앙보훈병원김포공항,개화중앙보훈병원
12:27급,12:24급,15:01,15:03급
중앙보훈병원김포공항,김포공항중앙보훈병원,중앙보훈병원개화,김포공항중앙보훈병원
12:31,12:30,15:07급,15:10
중앙보훈병원개화,개화중앙보훈병원,중앙보훈병원김포공항,개화중앙보훈병원
12:38급,12:35급,15:12,15:14급
중앙보훈병원김포공항,김포공항중앙보훈병원,중앙보훈병원개화,김포공항중앙보훈병원
12:42,12:41,15:18급,15:21
중앙보훈병원개화,개화중앙보훈병원,중앙보훈병원김포공항,개화중앙보훈병원
12:49급,12:46급,15:23,15:25급
중앙보훈병원김포공항,김포공항중앙보훈병원,중앙보훈병원개화,김포공항중앙보훈병원
12:53,12:52,15:29급,15:32
중앙보훈병원개화,개화중앙보훈병원,중앙보훈병원김포공항,개화중앙보훈병원
,12:57급,15:34,15:36급
,김포공항중앙보훈병원,중앙보훈병원개화,김포공항중앙보훈병원
13:00급,13:03,15:40급,15:43
중앙보훈병원김포공항,개화중앙보훈병원,중앙보훈병원김포공항,개화중앙보훈병원
13:04,13:08급,15:45,15:47급
중앙보훈병원개화,김포공항중앙보훈병원,중앙보훈병원개화,김포공항중앙보훈병원
13:11급,13:14,15:51급,15:54
중앙보훈병원김포공항,개화중앙보훈병원,중앙보훈병원김포공항,개화중앙보훈병원
13:15,13:19급,15:56,15:58급
중앙보훈병원개화,김포공항중앙보훈병원,중앙보훈병원개화,김포공항중앙보훈병원
13:23급,13:25,16:02급,16:05
중앙보훈병원김포공항,개화중앙보훈병원,중앙보훈병원김포공항,개화중앙보훈병원
13:27,13:30급,16:07,16:09급
중앙보훈병원개화,김포공항중앙보훈병원,중앙보훈병원개화,김포공항중앙보훈병원
13:34급,13:36,16:13급,16:16
중앙보훈병원김포공항,개화중앙보훈병원,중앙보훈병원김포공항,개화중앙보훈병원
13:39,13:41급,16:18,16:20급
중앙보훈병원개화,김포공항중앙보훈병원,중앙보훈병원개화,김포공항중앙보훈병원
13:46급,13:47,16:24급,16:27
중앙보훈병원김포공항,개화중앙보훈병원,중앙보훈병원김포공항,개화중앙보훈병원
13:50,13:52급,16:29,16:31급
중앙보훈병원개화,김포공항중앙보훈병원,중앙보훈병원개화,김포공항중앙보훈병원
13:57급,13:58,16:35급,16:38
중앙보훈병원김포공항,개화중앙보훈병원,중앙보훈병원김포공항,개화중앙보훈병원
14:01,14:03급,16:40,16:42급
중앙보훈병원개화,김포공항중앙보훈병원,중앙보훈병원개화,김포공항중앙보훈병원
14:08급,14:09,16:46급,16:49
중앙보훈병원김포공항,개화중앙보훈병원,중앙보훈병원김포공항,개화중앙보훈병원
14:12,14:14급,16:51,16:53급
중앙보훈병원개화,김포공항중앙보훈병원,중앙보훈병원개화,김포공항중앙보훈병원
14:19급,14:20,16:57급,
중앙보훈병원김포공항,개화중앙보훈병원,중앙보훈병원김포공항,
14:23,14:26급,17:02,17:00
중앙보훈병원개화,김포공항중앙보훈병원,중앙보훈병원개화,개화중앙보훈병원
14:30급,14:32,17:08급,17:04급
중앙보훈병원김포공항,개화중앙보훈병원,중앙보훈병원김포공항,김포공항중앙보훈병원
14:34,14:38급,17:13,17:11
중앙보훈병원개화,김포공항중앙보훈병원,중앙보훈병원개화,개화중앙보훈병원
14:41급,14:44,17:19급,17:15급
중앙보훈병원김포공항,개화중앙보훈병원,중앙보훈병원김포공항,김포공항중앙보훈병원
14:45,14:49급,17:24,17:22
중앙보훈병원개화,김포공항중앙보훈병원,중앙보훈병원개화,개화중앙보훈병원
14:52급,14:55,17:30급,17:26급
중앙보훈병원김포공항,개화중앙보훈병원,중앙보훈병원김포공항,김포공항중앙보훈병원
14:56,,17:35,17:33
중앙보훈병원개화,,중앙보훈병원개화,개화중앙보훈병원
15:03급,15:00급,17:41급,17:37급
중앙보훈병원김포공항,김포공항중앙보훈병원,중앙보훈병원김포공항,김포공항중앙보훈병원
15:07,15:06,17:46,17:44
중앙보훈병원개화,개화중앙보훈병원,중앙보훈병원개화,개화중앙보훈병원
15:14급,15:11급,17:52급,17:48급
중앙보훈병원김포공항,김포공항중앙보훈병원,중앙보훈병원김포공항,김포공항중앙보훈병원
15:18,15:17,17:57,17:55
중앙보훈병원개화,개화중앙보훈병원,중앙보훈병원개화,개화중앙보훈병원
15:25급,15:22급,,17:59급
중앙보훈병원김포공항,김포공항중앙보훈병원,,김포공항중앙보훈병원
15:29,15:28,18:03급,18:06
중앙보훈병원개화,개화중앙보훈병원,중앙보훈병원김포공항,개화중앙보훈병원
15:36급,15:33급,18:08,18:10급
중앙보훈병원김포공항,김포공항중앙보훈병원,중앙보훈병원개화,김포공항중앙보훈병원
15:40,15:39,18:14급,18:17
중앙보훈병원개화,개화중앙보훈병원,중앙보훈병원김포공항,개화중앙보훈병원
15:47급,15:44급,18:19,18:21급
중앙보훈병원김포공항,김포공항중앙보훈병원,중앙보훈병원개화,김포공항중앙보훈병원
15:51,15:50,18:25급,18:28
중앙보훈병원개화,개화중앙보훈병원,중앙보훈병원김포공항,개화중앙보훈병원
15:58급,15:55급,18:30,18:32급
중앙보훈병원김포공항,김포공항중앙보훈병원,중앙보훈병원개화,김포공항중앙보훈병원
16:02,16:01,18:36급,18:39
중앙보훈병원개화,개화중앙보훈병원,중앙보훈병원김포공항,개화중앙보훈병원
16:10급,16:06급,18:41,18:43급
중앙보훈병원김포공항,김포공항중앙보훈병원,중앙보훈병원개화,김포공항중앙보훈병원
16:14,16:12,18:47급,18:50
중앙보훈병원개화,개화중앙보훈병원,중앙보훈병원김포공항,개화중앙보훈병원
16:21급,16:17급,18:52,18:54급
중앙보훈병원김포공항,김포공항중앙보훈병원,중앙보훈병원개화,김포공항중앙보훈병원
16:26,16:20,18:58급,
중앙보훈병원개화,개화중앙보훈병원,중앙보훈병원김포공항,
16:32급,16:23,19:03,19:01
중앙보훈병원김포공항,개화중앙보훈병원,중앙보훈병원개화,개화중앙보훈병원
16:37,16:28급,19:09급,19:05급
중앙보훈병원개화,김포공항중앙보훈병원,중앙보훈병원김포공항,김포공항중앙보훈병원
16:43급,16:34,19:14,19:12
중앙보훈병원김포공항,개화중앙보훈병원,중앙보훈병원개화,개화중앙보훈병원
16:48,16:39급,19:20급,19:16급
중앙보훈병원개화,김포공항중앙보훈병원,중앙보훈병원김포공항,김포공항중앙보훈병원
16:54급,16:45,19:25,19:23
중앙보훈병원김포공항,개화중앙보훈병원,중앙보훈병원개화,개화중앙보훈병원
16:59,16:50급,19:31급,19:27급
중앙보훈병원개화,김포공항중앙보훈병원,중앙보훈병원김포공항,김포공항중앙보훈병원
,16:53,19:36,19:34
,개화중앙보훈병원,중앙보훈병원개화,개화중앙보훈병원
,16:59,19:42급,19:38급
,개화중앙보훈병원,중앙보훈병원김포공항,김포공항중앙보훈병원
17:05급,17:01급,19:47,19:45
중앙보훈병원김포공항,김포공항중앙보훈병원,중앙보훈병원개화,개화중앙보훈병원
17:10,17:07,19:53급,19:49급
중앙보훈병원개화,개화중앙보훈병원,중앙보훈병원김포공항,김포공항중앙보훈병원
17:16급,17:09급,19:58,19:56
중앙보훈병원김포공항,김포공항중앙보훈병원,중앙보훈병원개화,개화중앙보훈병원
17:21,17:15,20:04급,20:00급
중앙보훈병원개화,개화중앙보훈병원,중앙보훈병원김포공항,김포공항중앙보훈병원
17:27급,17:16급,20:09,20:07
중앙보훈병원김포공항,김포공항중앙보훈병원,중앙보훈병원개화,개화중앙보훈병원
17:32,17:22,20:15급,20:11급
중앙보훈병원개화,개화중앙보훈병원,중앙보훈병원김포공항,김포공항중앙보훈병원
17:38급,17:23급,20:20,20:18
중앙보훈병원김포공항,김포공항중앙보훈병원,중앙보훈병원개화,개화중앙보훈병원
17:43,17:29,20:26급,20:23급
중앙보훈병원개화,개화중앙보훈병원,중앙보훈병원김포공항,김포공항중앙보훈병원
17:49급,17:30급,20:31,20:30
중앙보훈병원김포공항,김포공항중앙보훈병원,중앙보훈병원개화,개화중앙보훈병원
17:54,17:36,20:37급,20:35급
중앙보훈병원개화,개화중앙보훈병원,중앙보훈병원김포공항,김포공항중앙보훈병원
,17:37급,20:42,20:42
,김포공항중앙보훈병원,중앙보훈병원개화,개화중앙보훈병원
,17:43,20:48급,20:47급
,개화중앙보훈병원,중앙보훈병원김포공항,김포공항중앙보훈병원
,17:45급,20:53,20:54
,김포공항중앙보훈병원,중앙보훈병원개화,개화중앙보훈병원
,17:50,20:59급,20:59급
,개화중앙보훈병원,중앙보훈병원김포공항,김포공항중앙보훈병원
,17:52급,21:04,21:06
,김포공항중앙보훈병원,중앙보훈병원개화,개화중앙보훈병원
,17:58,21:10급,21:11급
,개화중앙보훈병원,중앙보훈병원김포공항,김포공항중앙보훈병원
,17:59급,21:15,21:18
,김포공항중앙보훈병원,중앙보훈병원개화,개화중앙보훈병원
18:00급,18:05,21:21급,21:23급
중앙보훈병원김포공항,개화중앙보훈병원,중앙보훈병원김포공항,김포공항중앙보훈병원
18:05,18:06급,21:26,21:30
중앙보훈병원개화,김포공항중앙보훈병원,중앙보훈병원개화,개화중앙보훈병원
18:11급,18:12,21:32급,21:35급
중앙보훈병원김포공항,개화중앙보훈병원,중앙보훈병원김포공항,김포공항중앙보훈병원
18:16,18:13급,21:37,21:42
중앙보훈병원개화,김포공항중앙보훈병원,중앙보훈병원개화,개화중앙보훈병원
18:22급,18:19,21:43급,21:47급
중앙보훈병원김포공항,개화중앙보훈병원,중앙보훈병원김포공항,김포공항중앙보훈병원
18:23,18:20급,21:48,21:54
중앙보훈병원개화,김포공항중앙보훈병원,중앙보훈병원개화,개화중앙보훈병원
18:30급,18:26,21:54급,21:59급
중앙보훈병원김포공항,개화중앙보훈병원,중앙보훈병원김포공항,김포공항중앙보훈병원
18:32,18:28급,21:59,
중앙보훈병원개화,김포공항중앙보훈병원,중앙보훈병원개화,
18:38급,18:33,22:06급,22:06
중앙보훈병원김포공항,개화중앙보훈병원,중앙보훈병원김포공항,개화중앙보훈병원
18:40,18:35급,22:11,22:11급
중앙보훈병원개화,김포공항중앙보훈병원,중앙보훈병원개화,김포공항중앙보훈병원
18:47급,18:41,22:18급,22:18
중앙보훈병원김포공항,개화중앙보훈병원,중앙보훈병원김포공항,개화중앙보훈병원
18:48,18:42급,22:23,22:24급
중앙보훈병원개화,김포공항중앙보훈병원,중앙보훈병원개화,김포공항중앙보훈병원
18:55급,18:48,22:30급,22:31
중앙보훈병원김포공항,개화중앙보훈병원,중앙보훈병원김포공항,개화중앙보훈병원
18:56,18:49급,22:35,22:37급
중앙보훈병원개화,김포공항중앙보훈병원,중앙보훈병원개화,김포공항중앙보훈병원
,18:55,22:42급,22:44
,개화중앙보훈병원,중앙보훈병원김포공항,개화중앙보훈병원
,18:56급,22:47,22:50급막
,김포공항중앙보훈병원,중앙보훈병원개화,김포공항중앙보훈병원
19:03급,19:02,22:54급,22:57
중앙보훈병원김포공항,개화중앙보훈병원,중앙보훈병원김포공항,개화중앙보훈병원
19:04,19:03급,22:59,
중앙보훈병원개화,김포공항중앙보훈병원,중앙보훈병원개화,
19:10급,19:09,23:06급,23:07
중앙보훈병원김포공항,개화중앙보훈병원,중앙보훈병원김포공항,개화중앙보훈병원
19:11,19:11급,23:11,23:20막
중앙보훈병원개화,김포공항중앙보훈병원,중앙보훈병원개화,개화중앙보훈병원
19:17급,19:16,23:19급,23:33막
중앙보훈병원김포공항,개화중앙보훈병원,중앙보훈병원김포공항,개화신논현
19:19,19:18급,23:24,23:46막
중앙보훈병원개화,김포공항중앙보훈병원,중앙보훈병원개화,개화동작
19:24급,19:24,23:32급,
중앙보훈병원김포공항,개화중앙보훈병원,중앙보훈병원김포공항,
19:26,19:26급,23:37막,
중앙보훈병원개화,김포공항중앙보훈병원,중앙보훈병원개화,
19:31급,19:33,23:45급막,
중앙보훈병원김포공항,개화중앙보훈병원,중앙보훈병원김포공항,
19:33,19:35급,23:50막,
중앙보훈병원개화,김포공항중앙보훈병원,중앙보훈병원염창,
19:39급,19:42,,
중앙보훈병원김포공항,개화중앙보훈병원,,
19:40,19:44급,,
중앙보훈병원개화,김포공항중앙보훈병원,,
19:46급,19:50,,
중앙보훈병원김포공항,개화중앙보훈병원,,
19:47,19:55급,,
중앙보훈병원개화,김포공항중앙보훈병원,,
19:53급,,,
중앙보훈병원김포공항,,,
19:54,,,
중앙보훈병원개화,,,
20:00급,20:01,,
중앙보훈병원김포공항,개화중앙보훈병원,,
20:02,20:06급,,
중앙보훈병원개화,김포공항중앙보훈병원,,
20:07급,20:12,,
중앙보훈병원김포공항,개화중앙보훈병원,,
20:09,20:17급,,
중앙보훈병원개화,김포공항중앙보훈병원,,
20:14급,20:23,,
중앙보훈병원김포공항,개화중앙보훈병원,,
20:16,20:28급,,
중앙보훈병원개화,김포공항중앙보훈병원,,
20:22급,20:34,,
중앙보훈병원김포공항,개화중앙보훈병원,,
20:23,20:39급,,
중앙보훈병원개화,김포공항중앙보훈병원,,
20:29급,20:45,,
중앙보훈병원김포공항,개화중앙보훈병원,,
20:30,20:50급,,
중앙보훈병원개화,김포공항중앙보훈병원,,
20:36급,20:56,,
중앙보훈병원김포공항,개화중앙보훈병원,,
20:37,,,
중앙보훈병원개화,,,
20:43급,,,
중앙보훈병원김포공항,,,
20:45,,,
중앙보훈병원개화,,,
20:50급,,,
중앙보훈병원김포공항,,,
20:52,,,
중앙보훈병원개화,,,
20:57급,,,
중앙보훈병원김포공항,,,
20:59,,,
중앙보훈병원개화,,,
21:04,21:01급,,
중앙보훈병원개화,김포공항중앙보훈병원,,
21:06급,21:07,,
중앙보훈병원김포공항,개화중앙보훈병원,,
21:14,21:12급,,
중앙보훈병원개화,김포공항중앙보훈병원,,
21:17급,21:18,,
중앙보훈병원김포공항,개화중앙보훈병원,,
21:22,21:23급,,
중앙보훈병원개화,김포공항중앙보훈병원,,
21:28급,21:29,,
중앙보훈병원김포공항,개화중앙보훈병원,,
21:30,21:34급,,
중앙보훈병원개화,김포공항중앙보훈병원,,
21:33,21:40,,
중앙보훈병원개화,개화중앙보훈병원,,
21:40급,21:45급,,
중앙보훈병원김포공항,김포공항중앙보훈병원,,
21:44,21:51,,
중앙보훈병원개화,개화중앙보훈병원,,
21:51급,21:56급,,
중앙보훈병원김포공항,김포공항중앙보훈병원,,
21:55,,,
중앙보훈병원개화,,,
22:02급,22:02,,
중앙보훈병원김포공항,개화중앙보훈병원,,
22:06,22:07급,,
중앙보훈병원개화,김포공항중앙보훈병원,,
22:13급,22:13,,
중앙보훈병원김포공항,개화중앙보훈병원,,
22:17,22:18급,,
중앙보훈병원개화,김포공항중앙보훈병원,,
22:24급,22:24,,
중앙보훈병원김포공항,개화중앙보훈병원,,
22:28,22:29급,,
중앙보훈병원개화,김포공항중앙보훈병원,,
22:34급,22:35,,
중앙보훈병원김포공항,개화중앙보훈병원,,
22:39,22:40급,,
중앙보훈병원개화,김포공항중앙보훈병원,,
22:46급,22:46,,
중앙보훈병원김포공항,개화중앙보훈병원,,
22:50,22:51급,,
중앙보훈병원개화,김포공항중앙보훈병원,,
22:56급,22:57,,
중앙보훈병원김포공항,개화중앙보훈병원,,
23:00,23:02급,,
중앙보훈병원개화,김포공항중앙보훈병원,,
23:06급,23:08,,
중앙보훈병원김포공항,개화중앙보훈병원,,
23:11,23:13급,,
중앙보훈병원개화,김포공항중앙보훈병원,,
23:17급,23:19,,
중앙보훈병원김포공항,개화중앙보훈병원,,
23:22,23:24급,,
중앙보훈병원개화,김포공항중앙보훈병원,,
23:28급,23:30,,
중앙보훈병원김포공항,개화중앙보훈병원,,
23:33,23:35급,,
중앙보훈병원개화,김포공항중앙보훈병원,,
23:39급,23:41,,
중앙보훈병원김포공항,개화중앙보훈병원,,
23:44,23:46급막,,
중앙보훈병원개화,김포공항중앙보훈병원,,
23:50급,23:52,,
중앙보훈병원김포공항,개화중앙보훈병원,,
23:55,,,
중앙보훈병원개화,,,
00:01급,0:01,,
중앙보훈병원김포공항,개화중앙보훈병원,,
0:06,00:12막,,
중앙보훈병원개화,개화중앙보훈병원,,
00:12급,00:24막,,
중앙보훈병원김포공항,개화삼전,,
0:17,00:36막,,
중앙보훈병원개화,개화신논현,,
00:23급,00:49막,,
중앙보훈병원김포공항,개화동작,,
00:28막,,,
중앙보훈병원개화,,,
00:34급,,,
중앙보훈병원김포공항,,,
00:38막,,,
중앙보훈병원마곡나루,,,
00:45급막,,,
중앙보훈병원김포공항,,,
00:50막,,,
중앙보훈병원염창,,,
