﻿선유도방면,국회의사당방면,선유도방면,국회의사당방면
평일,평일,주말,주말
05:30첫,05:30급첫,05:30첫,05:30급첫
당산개화,당산중앙보훈병원,당산개화,당산중앙보훈병원
5:45,05:37첫,5:44,05:36첫
동작개화,염창중앙보훈병원,동작개화,염창중앙보훈병원
5:56,05:45급,5:54,05:44급
신논현개화,김포공항중앙보훈병원,신논현개화,김포공항중앙보훈병원
,5:51,,5:50
,마곡나루중앙보훈병원,,마곡나루중앙보훈병원
,05:56급,,05:55급
,김포공항중앙보훈병원,,김포공항중앙보훈병원
6:09,6:01,6:09,6:00
삼전개화,개화중앙보훈병원,삼전개화,개화중앙보훈병원
6:24,06:07급,6:26,06:06급
중앙보훈병원개화,김포공항중앙보훈병원,중앙보훈병원개화,김포공항중앙보훈병원
06:30급첫,6:13,06:33급첫,6:12
중앙보훈병원김포공항,개화중앙보훈병원,중앙보훈병원김포공항,개화중앙보훈병원
6:39,06:19급,6:39,06:18급
중앙보훈병원개화,김포공항중앙보훈병원,중앙보훈병원개화,김포공항중앙보훈병원
06:45급,6:25,06:46급,6:24
중앙보훈병원김포공항,개화중앙보훈병원,중앙보훈병원김포공항,개화중앙보훈병원
6:52,06:31급,6:52,06:30급
중앙보훈병원개화,김포공항중앙보훈병원,중앙보훈병원개화,김포공항중앙보훈병원
06:58급,6:37,06:59급,6:36
중앙보훈병원김포공항,개화중앙보훈병원,중앙보훈병원김포공항,개화중앙보훈병원
,06:43급,,06:42급
,김포공항중앙보훈병원,,김포공항중앙보훈병원
,6:45,,6:48
,개화중앙보훈병원,,개화중앙보훈병원
,6:53,,06:54급
,개화중앙보훈병원,,김포공항중앙보훈병원
,06:56급,7:05,7:00
,김포공항중앙보훈병원,중앙보훈병원개화,개화중앙보훈병원
7:05,7:01,07:11급,07:06급
중앙보훈병원개화,개화중앙보훈병원,중앙보훈병원김포공항,김포공항중앙보훈병원
07:11급,07:03급,7:17,7:12
중앙보훈병원김포공항,김포공항중앙보훈병원,중앙보훈병원개화,개화중앙보훈병원
7:18,7:08,07:23급,07:18급
중앙보훈병원개화,개화중앙보훈병원,중앙보훈병원김포공항,김포공항중앙보훈병원
07:24급,07:10급,7:29,7:24
중앙보훈병원김포공항,김포공항중앙보훈병원,중앙보훈병원개화,개화중앙보훈병원
7:31,7:14,07:35급,07:30급
중앙보훈병원개화,개화중앙보훈병원,중앙보훈병원김포공항,김포공항중앙보훈병원
07:37급,07:17급,7:41,7:36
중앙보훈병원김포공항,김포공항중앙보훈병원,중앙보훈병원개화,개화중앙보훈병원
7:44,7:21,07:47급,07:42급
중앙보훈병원개화,개화중앙보훈병원,중앙보훈병원김포공항,김포공항중앙보훈병원
07:49급,07:23급,7:53,7:48
중앙보훈병원김포공항,김포공항중앙보훈병원,중앙보훈병원개화,개화중앙보훈병원
7:53,7:28,07:59급,07:54급
중앙보훈병원개화,개화중앙보훈병원,중앙보훈병원김포공항,김포공항중앙보훈병원
07:59급,07:30급,8:05,8:00
중앙보훈병원김포공항,김포공항중앙보훈병원,중앙보훈병원개화,개화중앙보훈병원
,7:35,08:11급,08:06급
,개화중앙보훈병원,중앙보훈병원김포공항,김포공항중앙보훈병원
,07:37급,8:17,8:12
,김포공항중앙보훈병원,중앙보훈병원개화,개화중앙보훈병원
,7:42,08:23급,08:18급
,개화중앙보훈병원,중앙보훈병원김포공항,김포공항중앙보훈병원
,07:44급,8:29,8:24
,김포공항중앙보훈병원,중앙보훈병원개화,개화중앙보훈병원
,7:49,08:35급,08:30급
,개화중앙보훈병원,중앙보훈병원김포공항,김포공항중앙보훈병원
,07:51급,8:41,8:36
,김포공항중앙보훈병원,중앙보훈병원개화,개화중앙보훈병원
,7:55,08:47급,08:42급
,개화중앙보훈병원,중앙보훈병원김포공항,김포공항중앙보훈병원
,07:58급,8:53,8:48
,김포공항중앙보훈병원,중앙보훈병원개화,개화중앙보훈병원
8:05,8:02,08:59급,08:54급
중앙보훈병원개화,개화중앙보훈병원,중앙보훈병원김포공항,김포공항중앙보훈병원
08:11급,08:04급,9:05,9:00
중앙보훈병원김포공항,김포공항중앙보훈병원,중앙보훈병원개화,개화중앙보훈병원
8:16,8:09,09:11급,09:06급
중앙보훈병원개화,개화중앙보훈병원,중앙보훈병원김포공항,김포공항중앙보훈병원
08:22급,08:11급,9:17,9:12
중앙보훈병원김포공항,김포공항중앙보훈병원,중앙보훈병원개화,개화중앙보훈병원
8:25,8:16,09:23급,09:18급
중앙보훈병원개화,개화중앙보훈병원,중앙보훈병원김포공항,김포공항중앙보훈병원
08:31급,08:18급,9:29,9:24
중앙보훈병원김포공항,김포공항중앙보훈병원,중앙보훈병원개화,개화중앙보훈병원
8:33,8:23,09:35급,09:30급
중앙보훈병원개화,개화중앙보훈병원,중앙보훈병원김포공항,김포공항중앙보훈병원
08:40급,08:25급,9:41,9:35
중앙보훈병원김포공항,김포공항중앙보훈병원,중앙보훈병원개화,개화중앙보훈병원
8:42,8:30,09:47급,09:41급
중앙보훈병원개화,개화중앙보훈병원,중앙보훈병원김포공항,김포공항중앙보훈병원
08:48급,08:32급,9:53,9:46
중앙보훈병원김포공항,김포공항중앙보훈병원,중앙보훈병원개화,개화중앙보훈병원
8:51,8:36,09:59급,09:52급
중앙보훈병원개화,개화중앙보훈병원,중앙보훈병원김포공항,김포공항중앙보훈병원
08:57급,08:39급,,9:57
중앙보훈병원김포공항,김포공항중앙보훈병원,,개화중앙보훈병원
8:59,8:43,10:05,10:03급
중앙보훈병원개화,개화중앙보훈병원,중앙보훈병원개화,김포공항중앙보훈병원
,08:45급,10:11급,10:08
,김포공항중앙보훈병원,중앙보훈병원김포공항,개화중앙보훈병원
,8:50,10:17,10:14급
,개화중앙보훈병원,중앙보훈병원개화,김포공항중앙보훈병원
,08:52급,10:23급,10:19
,김포공항중앙보훈병원,중앙보훈병원김포공항,개화중앙보훈병원
,8:57,10:29,10:25급
,개화중앙보훈병원,중앙보훈병원개화,김포공항중앙보훈병원
09:04급,09:00급,10:35급,10:30
중앙보훈병원김포공항,김포공항중앙보훈병원,중앙보훈병원김포공항,개화중앙보훈병원
9:07,9:06,10:41,10:36급
중앙보훈병원개화,개화중앙보훈병원,중앙보훈병원개화,김포공항중앙보훈병원
09:12급,09:11급,10:46급,10:41
중앙보훈병원김포공항,김포공항중앙보훈병원,중앙보훈병원김포공항,개화중앙보훈병원
9:14,9:17,10:52,10:47급
중앙보훈병원개화,개화중앙보훈병원,중앙보훈병원개화,김포공항중앙보훈병원
09:18급,09:22급,10:57급,10:52
중앙보훈병원김포공항,김포공항중앙보훈병원,중앙보훈병원김포공항,개화중앙보훈병원
9:20,9:28,,10:58급
중앙보훈병원개화,개화중앙보훈병원,,김포공항중앙보훈병원
09:25급,09:33급,11:03,11:03
중앙보훈병원김포공항,김포공항중앙보훈병원,중앙보훈병원개화,개화중앙보훈병원
9:27,9:39,11:08급,11:09급
중앙보훈병원개화,개화중앙보훈병원,중앙보훈병원김포공항,김포공항중앙보훈병원
09:32급,09:44급,11:14,11:14
중앙보훈병원김포공항,김포공항중앙보훈병원,중앙보훈병원개화,개화중앙보훈병원
9:34,9:50,11:19급,11:20급
중앙보훈병원개화,개화중앙보훈병원,중앙보훈병원김포공항,김포공항중앙보훈병원
09:39급,09:55급,11:25,11:25
중앙보훈병원김포공항,김포공항중앙보훈병원,중앙보훈병원개화,개화중앙보훈병원
9:41,,11:30급,11:31급
중앙보훈병원개화,,중앙보훈병원김포공항,김포공항중앙보훈병원
09:46급,,11:36,11:36
중앙보훈병원김포공항,,중앙보훈병원개화,개화중앙보훈병원
9:48,,11:41급,11:42급
중앙보훈병원개화,,중앙보훈병원김포공항,김포공항중앙보훈병원
09:53급,,11:47,11:47
중앙보훈병원김포공항,,중앙보훈병원개화,개화중앙보훈병원
9:55,,11:52급,11:53급
중앙보훈병원개화,,중앙보훈병원김포공항,김포공항중앙보훈병원
09:59급,,11:58,11:58
중앙보훈병원김포공항,,중앙보훈병원개화,개화중앙보훈병원
10:01,10:01,12:03급,12:04급
중앙보훈병원개화,개화중앙보훈병원,중앙보훈병원김포공항,김포공항중앙보훈병원
10:06급,10:06급,12:09,12:09
중앙보훈병원김포공항,김포공항중앙보훈병원,중앙보훈병원개화,개화중앙보훈병원
10:08,10:12,12:14급,12:15급
중앙보훈병원개화,개화중앙보훈병원,중앙보훈병원김포공항,김포공항중앙보훈병원
10:13급,10:17급,12:20,12:20
중앙보훈병원김포공항,김포공항중앙보훈병원,중앙보훈병원개화,개화중앙보훈병원
10:15,10:23,12:25급,12:26급
중앙보훈병원개화,개화중앙보훈병원,중앙보훈병원김포공항,김포공항중앙보훈병원
10:20급,10:28급,12:31,12:31
중앙보훈병원김포공항,김포공항중앙보훈병원,중앙보훈병원개화,개화중앙보훈병원
10:22,10:34,12:36급,12:37급
중앙보훈병원개화,개화중앙보훈병원,중앙보훈병원김포공항,김포공항중앙보훈병원
10:27급,10:39급,12:42,12:42
중앙보훈병원김포공항,김포공항중앙보훈병원,중앙보훈병원개화,개화중앙보훈병원
10:29,10:45,12:47급,12:48급
중앙보훈병원개화,개화중앙보훈병원,중앙보훈병원김포공항,김포공항중앙보훈병원
10:33급,10:50급,12:53,12:53
중앙보훈병원김포공항,김포공항중앙보훈병원,중앙보훈병원개화,개화중앙보훈병원
10:36,10:56,12:58급,12:59급
중앙보훈병원개화,개화중앙보훈병원,중앙보훈병원김포공항,김포공항중앙보훈병원
10:40급,,13:04,13:04
중앙보훈병원김포공항,,중앙보훈병원개화,개화중앙보훈병원
10:42,,13:09급,13:10급
중앙보훈병원개화,,중앙보훈병원김포공항,김포공항중앙보훈병원
10:48,,13:15,13:15
중앙보훈병원개화,,중앙보훈병원개화,개화중앙보훈병원
10:51급,,13:20급,13:21급
중앙보훈병원김포공항,,중앙보훈병원김포공항,김포공항중앙보훈병원
10:56,,13:26,13:26
중앙보훈병원개화,,중앙보훈병원개화,개화중앙보훈병원
11:02급,11:01급,13:31급,13:32급
중앙보훈병원김포공항,김포공항중앙보훈병원,중앙보훈병원김포공항,김포공항중앙보훈병원
11:04,11:07,13:37,13:37
중앙보훈병원개화,개화중앙보훈병원,중앙보훈병원개화,개화중앙보훈병원
11:09,11:12급,13:42급,13:43급
중앙보훈병원개화,김포공항중앙보훈병원,중앙보훈병원김포공항,김포공항중앙보훈병원
11:12급,11:18,13:48,13:48
중앙보훈병원김포공항,개화중앙보훈병원,중앙보훈병원개화,개화중앙보훈병원
11:18,11:23급,13:53급,13:54급
중앙보훈병원개화,김포공항중앙보훈병원,중앙보훈병원김포공항,김포공항중앙보훈병원
11:24급,11:29,13:59,13:59
중앙보훈병원김포공항,개화중앙보훈병원,중앙보훈병원개화,개화중앙보훈병원
11:29,11:35급,14:04급,14:05급
중앙보훈병원개화,김포공항중앙보훈병원,중앙보훈병원김포공항,김포공항중앙보훈병원
11:35급,11:41,14:10,14:10
중앙보훈병원김포공항,개화중앙보훈병원,중앙보훈병원개화,개화중앙보훈병원
11:40,11:47급,14:15급,14:16급
중앙보훈병원개화,김포공항중앙보훈병원,중앙보훈병원김포공항,김포공항중앙보훈병원
11:46급,11:53,14:21,14:21
중앙보훈병원김포공항,개화중앙보훈병원,중앙보훈병원개화,개화중앙보훈병원
11:51,11:59급,14:26급,14:27급
중앙보훈병원개화,김포공항중앙보훈병원,중앙보훈병원김포공항,김포공항중앙보훈병원
11:57급,,14:32,14:32
중앙보훈병원김포공항,,중앙보훈병원개화,개화중앙보훈병원
12:02,12:04,14:37급,14:38급
중앙보훈병원개화,개화중앙보훈병원,중앙보훈병원김포공항,김포공항중앙보훈병원
12:08급,12:10급,14:43,14:43
중앙보훈병원김포공항,김포공항중앙보훈병원,중앙보훈병원개화,개화중앙보훈병원
12:13,12:15,14:48급,14:49급
중앙보훈병원개화,개화중앙보훈병원,중앙보훈병원김포공항,김포공항중앙보훈병원
12:19급,12:21급,14:54,14:54
중앙보훈병원김포공항,김포공항중앙보훈병원,중앙보훈병원개화,개화중앙보훈병원
12:24,12:26,14:59급,
중앙보훈병원개화,개화중앙보훈병원,중앙보훈병원김포공항,
12:30급,12:32급,15:05,15:00급
중앙보훈병원김포공항,김포공항중앙보훈병원,중앙보훈병원개화,김포공항중앙보훈병원
12:35,12:37,15:10급,15:05
중앙보훈병원개화,개화중앙보훈병원,중앙보훈병원김포공항,개화중앙보훈병원
12:41급,12:43급,15:16,15:11급
중앙보훈병원김포공항,김포공항중앙보훈병원,중앙보훈병원개화,김포공항중앙보훈병원
12:46,12:48,15:21급,15:16
중앙보훈병원개화,개화중앙보훈병원,중앙보훈병원김포공항,개화중앙보훈병원
12:52급,12:54급,15:27,15:22급
중앙보훈병원김포공항,김포공항중앙보훈병원,중앙보훈병원개화,김포공항중앙보훈병원
12:57,12:59,15:32급,15:27
중앙보훈병원개화,개화중앙보훈병원,중앙보훈병원김포공항,개화중앙보훈병원
13:03급,13:05급,15:38,15:33급
중앙보훈병원김포공항,김포공항중앙보훈병원,중앙보훈병원개화,김포공항중앙보훈병원
13:08,13:10,15:43급,15:38
중앙보훈병원개화,개화중앙보훈병원,중앙보훈병원김포공항,개화중앙보훈병원
13:14급,13:16급,15:49,15:44급
중앙보훈병원김포공항,김포공항중앙보훈병원,중앙보훈병원개화,김포공항중앙보훈병원
13:20,13:21,15:54급,15:49
중앙보훈병원개화,개화중앙보훈병원,중앙보훈병원김포공항,개화중앙보훈병원
13:26급,13:27급,,15:55급
중앙보훈병원김포공항,김포공항중앙보훈병원,,김포공항중앙보훈병원
13:32,13:32,16:00,16:00
중앙보훈병원개화,개화중앙보훈병원,중앙보훈병원개화,개화중앙보훈병원
13:38급,13:38급,16:05급,16:06급
중앙보훈병원김포공항,김포공항중앙보훈병원,중앙보훈병원김포공항,김포공항중앙보훈병원
13:43,13:43,16:11,16:11
중앙보훈병원개화,개화중앙보훈병원,중앙보훈병원개화,개화중앙보훈병원
13:49급,13:49급,16:16급,16:17급
중앙보훈병원김포공항,김포공항중앙보훈병원,중앙보훈병원김포공항,김포공항중앙보훈병원
13:54,13:54,16:22,16:22
중앙보훈병원개화,개화중앙보훈병원,중앙보훈병원개화,개화중앙보훈병원
14:00급,14:00급,16:27급,16:28급
중앙보훈병원김포공항,김포공항중앙보훈병원,중앙보훈병원김포공항,김포공항중앙보훈병원
14:05,14:05,16:33,16:33
중앙보훈병원개화,개화중앙보훈병원,중앙보훈병원개화,개화중앙보훈병원
14:11급,14:11급,16:38급,16:39급
중앙보훈병원김포공항,김포공항중앙보훈병원,중앙보훈병원김포공항,김포공항중앙보훈병원
14:16,14:16,16:44,16:44
중앙보훈병원개화,개화중앙보훈병원,중앙보훈병원개화,개화중앙보훈병원
14:22급,14:22급,16:49급,16:50급
중앙보훈병원김포공항,김포공항중앙보훈병원,중앙보훈병원김포공항,김포공항중앙보훈병원
14:27,14:28,16:55,16:55
중앙보훈병원개화,개화중앙보훈병원,중앙보훈병원개화,개화중앙보훈병원
14:33급,14:34급,17:00급,17:01급
중앙보훈병원김포공항,김포공항중앙보훈병원,중앙보훈병원김포공항,김포공항중앙보훈병원
14:38,14:40,17:06,17:06
중앙보훈병원개화,개화중앙보훈병원,중앙보훈병원개화,개화중앙보훈병원
14:44급,14:46급,17:11급,17:12급
중앙보훈병원김포공항,김포공항중앙보훈병원,중앙보훈병원김포공항,김포공항중앙보훈병원
14:49,14:51,17:17,17:17
중앙보훈병원개화,개화중앙보훈병원,중앙보훈병원개화,개화중앙보훈병원
14:55급,14:56급,17:22급,17:23급
중앙보훈병원김포공항,김포공항중앙보훈병원,중앙보훈병원김포공항,김포공항중앙보훈병원
15:00,15:02,17:28,17:28
중앙보훈병원개화,개화중앙보훈병원,중앙보훈병원개화,개화중앙보훈병원
15:06급,15:07급,17:33급,17:34급
중앙보훈병원김포공항,김포공항중앙보훈병원,중앙보훈병원김포공항,김포공항중앙보훈병원
15:11,15:13,17:39,17:39
중앙보훈병원개화,개화중앙보훈병원,중앙보훈병원개화,개화중앙보훈병원
15:17급,15:18급,17:44급,17:45급
중앙보훈병원김포공항,김포공항중앙보훈병원,중앙보훈병원김포공항,김포공항중앙보훈병원
15:22,15:24,17:50,17:50
중앙보훈병원개화,개화중앙보훈병원,중앙보훈병원개화,개화중앙보훈병원
15:28급,15:29급,17:55급,17:56급
중앙보훈병원김포공항,김포공항중앙보훈병원,중앙보훈병원김포공항,김포공항중앙보훈병원
15:33,15:35,18:01,18:01
중앙보훈병원개화,개화중앙보훈병원,중앙보훈병원개화,개화중앙보훈병원
15:39급,15:40급,18:06급,18:07급
중앙보훈병원김포공항,김포공항중앙보훈병원,중앙보훈병원김포공항,김포공항중앙보훈병원
15:44,15:46,18:12,18:12
중앙보훈병원개화,개화중앙보훈병원,중앙보훈병원개화,개화중앙보훈병원
15:50급,15:51급,18:17급,18:18급
중앙보훈병원김포공항,김포공항중앙보훈병원,중앙보훈병원김포공항,김포공항중앙보훈병원
15:55,15:57,18:23,18:23
중앙보훈병원개화,개화중앙보훈병원,중앙보훈병원개화,개화중앙보훈병원
16:01급,16:02급,18:28급,18:29급
중앙보훈병원김포공항,김포공항중앙보훈병원,중앙보훈병원김포공항,김포공항중앙보훈병원
16:07,16:08,18:34,18:34
중앙보훈병원개화,개화중앙보훈병원,중앙보훈병원개화,개화중앙보훈병원
16:13급,16:13급,18:39급,18:40급
중앙보훈병원김포공항,김포공항중앙보훈병원,중앙보훈병원김포공항,김포공항중앙보훈병원
16:19,16:15,18:45,18:45
중앙보훈병원개화,개화중앙보훈병원,중앙보훈병원개화,개화중앙보훈병원
16:25급,16:19,18:50급,18:51급
중앙보훈병원김포공항,개화중앙보훈병원,중앙보훈병원김포공항,김포공항중앙보훈병원
16:30,16:24급,18:56,18:56
중앙보훈병원개화,김포공항중앙보훈병원,중앙보훈병원개화,개화중앙보훈병원
16:36급,16:30,19:01급,19:02급
중앙보훈병원김포공항,개화중앙보훈병원,중앙보훈병원김포공항,김포공항중앙보훈병원
16:41,16:36급,19:07,19:07
중앙보훈병원개화,김포공항중앙보훈병원,중앙보훈병원개화,개화중앙보훈병원
16:47급,16:41,19:12급,19:13급
중앙보훈병원김포공항,개화중앙보훈병원,중앙보훈병원김포공항,김포공항중앙보훈병원
16:52,16:47급,19:18,19:18
중앙보훈병원개화,김포공항중앙보훈병원,중앙보훈병원개화,개화중앙보훈병원
16:58급,16:48,19:23급,19:24급
중앙보훈병원김포공항,개화중앙보훈병원,중앙보훈병원김포공항,김포공항중앙보훈병원
,16:53,19:29,19:29
,개화중앙보훈병원,중앙보훈병원개화,개화중앙보훈병원
,16:57급,19:34급,19:35급
,김포공항중앙보훈병원,중앙보훈병원김포공항,김포공항중앙보훈병원
17:03,17:03,19:40,19:40
중앙보훈병원개화,개화중앙보훈병원,중앙보훈병원개화,개화중앙보훈병원
17:09급,17:05급,19:45급,19:46급
중앙보훈병원김포공항,김포공항중앙보훈병원,중앙보훈병원김포공항,김포공항중앙보훈병원
17:14,17:10,19:51,19:51
중앙보훈병원개화,개화중앙보훈병원,중앙보훈병원개화,개화중앙보훈병원
17:20급,17:12급,19:56급,19:57급
중앙보훈병원김포공항,김포공항중앙보훈병원,중앙보훈병원김포공항,김포공항중앙보훈병원
17:25,17:17,20:02,20:02
중앙보훈병원개화,개화중앙보훈병원,중앙보훈병원개화,개화중앙보훈병원
17:31급,17:19급,20:07급,20:08급
중앙보훈병원김포공항,김포공항중앙보훈병원,중앙보훈병원김포공항,김포공항중앙보훈병원
17:36,17:24,20:13,20:13
중앙보훈병원개화,개화중앙보훈병원,중앙보훈병원개화,개화중앙보훈병원
17:42급,17:27급,20:18급,20:20급
중앙보훈병원김포공항,김포공항중앙보훈병원,중앙보훈병원김포공항,김포공항중앙보훈병원
17:47,17:31,20:24,20:25
중앙보훈병원개화,개화중앙보훈병원,중앙보훈병원개화,개화중앙보훈병원
17:53급,17:34급,20:29급,20:32급
중앙보훈병원김포공항,김포공항중앙보훈병원,중앙보훈병원김포공항,김포공항중앙보훈병원
17:58,17:39,20:35,20:37
중앙보훈병원개화,개화중앙보훈병원,중앙보훈병원개화,개화중앙보훈병원
,17:41급,20:40급,20:44급
,김포공항중앙보훈병원,중앙보훈병원김포공항,김포공항중앙보훈병원
,17:46,20:46,20:49
,개화중앙보훈병원,중앙보훈병원개화,개화중앙보훈병원
,17:48급,20:51급,20:56급
,김포공항중앙보훈병원,중앙보훈병원김포공항,김포공항중앙보훈병원
,17:53,20:57,
,개화중앙보훈병원,중앙보훈병원개화,
,17:55급,21:02급,21:01
,김포공항중앙보훈병원,중앙보훈병원김포공항,개화중앙보훈병원
18:04급,18:00,21:08,21:08급
중앙보훈병원김포공항,개화중앙보훈병원,중앙보훈병원개화,김포공항중앙보훈병원
18:09,18:02급,21:13급,21:13
중앙보훈병원개화,김포공항중앙보훈병원,중앙보훈병원김포공항,개화중앙보훈병원
18:15급,18:07,21:19,21:19급
중앙보훈병원김포공항,개화중앙보훈병원,중앙보훈병원개화,김포공항중앙보훈병원
18:20,18:10급,21:24급,21:25
중앙보훈병원개화,김포공항중앙보훈병원,중앙보훈병원김포공항,개화중앙보훈병원
18:26급,18:14,21:30,21:31급
중앙보훈병원김포공항,개화중앙보훈병원,중앙보훈병원개화,김포공항중앙보훈병원
18:28,18:17급,21:35급,21:37
중앙보훈병원개화,김포공항중앙보훈병원,중앙보훈병원김포공항,개화중앙보훈병원
18:34급,18:22,21:41,21:43급
중앙보훈병원김포공항,개화중앙보훈병원,중앙보훈병원개화,김포공항중앙보훈병원
18:36,18:24급,21:46급,21:49
중앙보훈병원개화,김포공항중앙보훈병원,중앙보훈병원김포공항,개화중앙보훈병원
18:42급,18:29,21:52,21:55급
중앙보훈병원김포공항,개화중앙보훈병원,중앙보훈병원개화,김포공항중앙보훈병원
18:45,18:31급,21:58급,
중앙보훈병원개화,김포공항중앙보훈병원,중앙보훈병원김포공항,
18:50급,18:36,22:03,22:01
중앙보훈병원김포공항,개화중앙보훈병원,중앙보훈병원개화,개화중앙보훈병원
18:53,18:38급,22:09급,22:07급
중앙보훈병원개화,김포공항중앙보훈병원,중앙보훈병원김포공항,김포공항중앙보훈병원
18:58급,18:43,22:15,22:14
중앙보훈병원김포공항,개화중앙보훈병원,중앙보훈병원개화,개화중앙보훈병원
,18:45급,22:21급,22:20급
,김포공항중앙보훈병원,중앙보훈병원김포공항,김포공항중앙보훈병원
,18:50,22:27,22:27
,개화중앙보훈병원,중앙보훈병원개화,개화중앙보훈병원
,18:53급,22:33급,22:33급
,김포공항중앙보훈병원,중앙보훈병원김포공항,김포공항중앙보훈병원
,18:57,22:39,22:40
,개화중앙보훈병원,중앙보훈병원개화,개화중앙보훈병원
19:01,19:00급,22:45급,22:46급막
중앙보훈병원개화,김포공항중앙보훈병원,중앙보훈병원김포공항,김포공항중앙보훈병원
19:06급,19:05,22:51,22:52
중앙보훈병원김포공항,개화중앙보훈병원,중앙보훈병원개화,개화중앙보훈병원
19:09,19:07급,22:57급,
중앙보훈병원개화,김포공항중앙보훈병원,중앙보훈병원김포공항,
19:14급,19:12,23:03,23:03
중앙보훈병원김포공항,개화중앙보훈병원,중앙보훈병원개화,개화중앙보훈병원
19:16,19:14급,23:09급,23:16막
중앙보훈병원개화,김포공항중앙보훈병원,중앙보훈병원김포공항,개화중앙보훈병원
19:21급,19:19,23:15,23:29막
중앙보훈병원김포공항,개화중앙보훈병원,중앙보훈병원개화,개화신논현
19:23,19:22급,23:22급,23:42막
중앙보훈병원개화,김포공항중앙보훈병원,중앙보훈병원김포공항,개화동작
19:28급,19:28,23:28,
중앙보훈병원김포공항,개화중앙보훈병원,중앙보훈병원개화,
19:30,19:31급,23:35급,
중앙보훈병원개화,김포공항중앙보훈병원,중앙보훈병원김포공항,
19:35급,19:37,23:41막,
중앙보훈병원김포공항,개화중앙보훈병원,중앙보훈병원개화,
19:37,19:40급,23:48급막,
중앙보훈병원개화,김포공항중앙보훈병원,중앙보훈병원김포공항,
19:42급,19:46,23:54막,
중앙보훈병원김포공항,개화중앙보훈병원,중앙보훈병원염창,
19:45,19:51급,,
중앙보훈병원개화,김포공항중앙보훈병원,,
19:50급,19:57,,
중앙보훈병원김포공항,개화중앙보훈병원,,
19:52,,,
중앙보훈병원개화,,,
19:57급,,,
중앙보훈병원김포공항,,,
19:59,,,
중앙보훈병원개화,,,
20:04급,20:02급,,
중앙보훈병원김포공항,김포공항중앙보훈병원,,
20:06,20:08,,
중앙보훈병원개화,개화중앙보훈병원,,
20:11급,20:13급,,
중앙보훈병원김포공항,김포공항중앙보훈병원,,
20:13,20:19,,
중앙보훈병원개화,개화중앙보훈병원,,
20:18급,20:24급,,
중앙보훈병원김포공항,김포공항중앙보훈병원,,
20:20,20:30,,
중앙보훈병원개화,개화중앙보훈병원,,
20:25급,20:35급,,
중앙보훈병원김포공항,김포공항중앙보훈병원,,
20:28,20:41,,
중앙보훈병원개화,개화중앙보훈병원,,
20:33급,20:46급,,
중앙보훈병원김포공항,김포공항중앙보훈병원,,
20:35,20:52,,
중앙보훈병원개화,개화중앙보훈병원,,
20:40급,20:57급,,
중앙보훈병원김포공항,김포공항중앙보훈병원,,
20:42,,,
중앙보훈병원개화,,,
20:47급,,,
중앙보훈병원김포공항,,,
20:49,,,
중앙보훈병원개화,,,
20:54급,,,
중앙보훈병원김포공항,,,
20:56,,,
중앙보훈병원개화,,,
21:01급,21:03,,
중앙보훈병원김포공항,개화중앙보훈병원,,
21:03,21:08급,,
중앙보훈병원개화,김포공항중앙보훈병원,,
21:08,21:14,,
중앙보훈병원개화,개화중앙보훈병원,,
21:10급,21:19급,,
중앙보훈병원김포공항,김포공항중앙보훈병원,,
21:18,21:25,,
중앙보훈병원개화,개화중앙보훈병원,,
21:21급,21:30급,,
중앙보훈병원김포공항,김포공항중앙보훈병원,,
21:26,21:36,,
중앙보훈병원개화,개화중앙보훈병원,,
21:32급,21:41급,,
중앙보훈병원김포공항,김포공항중앙보훈병원,,
21:34,21:47,,
중앙보훈병원개화,개화중앙보훈병원,,
21:37,21:52급,,
중앙보훈병원개화,김포공항중앙보훈병원,,
21:43급,21:58,,
중앙보훈병원김포공항,개화중앙보훈병원,,
21:48,,,
중앙보훈병원개화,,,
21:54급,,,
중앙보훈병원김포공항,,,
21:59,,,
중앙보훈병원개화,,,
22:05급,22:03급,,
중앙보훈병원김포공항,김포공항중앙보훈병원,,
22:10,22:09,,
중앙보훈병원개화,개화중앙보훈병원,,
22:16급,22:14급,,
중앙보훈병원김포공항,김포공항중앙보훈병원,,
22:21,22:20,,
중앙보훈병원개화,개화중앙보훈병원,,
22:27급,22:25급,,
중앙보훈병원김포공항,김포공항중앙보훈병원,,
22:32,22:31,,
중앙보훈병원개화,개화중앙보훈병원,,
22:38급,22:36급,,
중앙보훈병원김포공항,김포공항중앙보훈병원,,
22:43,22:42,,
중앙보훈병원개화,개화중앙보훈병원,,
22:49급,22:47급,,
중앙보훈병원김포공항,김포공항중앙보훈병원,,
22:55,22:53,,
중앙보훈병원개화,개화중앙보훈병원,,
,22:58급,,
,김포공항중앙보훈병원,,
23:00급,23:04,,
중앙보훈병원김포공항,개화중앙보훈병원,,
23:04,23:09급,,
중앙보훈병원개화,김포공항중앙보훈병원,,
23:10급,23:15,,
중앙보훈병원김포공항,개화중앙보훈병원,,
23:15,23:20급,,
중앙보훈병원개화,김포공항중앙보훈병원,,
23:21급,23:26,,
중앙보훈병원김포공항,개화중앙보훈병원,,
23:26,23:31급,,
중앙보훈병원개화,김포공항중앙보훈병원,,
23:32급,23:37,,
중앙보훈병원김포공항,개화중앙보훈병원,,
23:37,23:42급막,,
중앙보훈병원개화,김포공항중앙보훈병원,,
23:43급,23:48,,
중앙보훈병원김포공항,개화중앙보훈병원,,
23:48,23:57,,
중앙보훈병원개화,개화중앙보훈병원,,
23:54급,,,
중앙보훈병원김포공항,,,
23:59,,,
중앙보훈병원개화,,,
00:05급,00:08막,,
중앙보훈병원김포공항,개화중앙보훈병원,,
0:10,00:20막,,
중앙보훈병원개화,개화삼전,,
00:16급,00:32막,,
중앙보훈병원김포공항,개화신논현,,
0:21,00:45막,,
중앙보훈병원개화,개화동작,,
00:27급,,,
중앙보훈병원김포공항,,,
00:32막,,,
중앙보훈병원개화,,,
00:38급,,,
중앙보훈병원김포공항,,,
00:42막,,,
중앙보훈병원마곡나루,,,
00:48급막,,,
중앙보훈병원김포공항,,,
00:54막,,,
중앙보훈병원염창,,,
