﻿봉은사방면,삼전방면,봉은사방면,삼전방면
평일,평일,주말,주말
05:32첫,05:40첫,05:32첫,05:40첫
삼전개화,신논현중앙보훈병원,삼전개화,신논현중앙보훈병원
5:48,5:52,5:49,5:50
중앙보훈병원개화,동작중앙보훈병원,중앙보훈병원개화,동작중앙보훈병원
,05:57급첫,,05:55급첫
,당산중앙보훈병원,,당산중앙보훈병원
6:01,6:06,6:01,6:03
중앙보훈병원개화,여의도중앙보훈병원,중앙보훈병원개화,여의도중앙보훈병원
06:04급첫,06:11급,06:10급첫,06:07급
중앙보훈병원김포공항,김포공항중앙보훈병원,중앙보훈병원김포공항,김포공항중앙보훈병원
6:14,6:19,6:14,6:15
중앙보훈병원개화,염창중앙보훈병원,중앙보훈병원개화,염창중앙보훈병원
06:18급,06:23급,06:23급,06:20급
중앙보훈병원김포공항,김포공항중앙보훈병원,중앙보훈병원김포공항,김포공항중앙보훈병원
6:27,6:30,6:27,6:27
중앙보훈병원개화,마곡나루중앙보훈병원,중앙보훈병원개화,마곡나루중앙보훈병원
06:31급,06:34급,06:35급,06:31급
중앙보훈병원김포공항,김포공항중앙보훈병원,중앙보훈병원김포공항,김포공항중앙보훈병원
6:40,6:40,6:39,6:38
중앙보훈병원개화,개화중앙보훈병원,중앙보훈병원개화,개화중앙보훈병원
06:44급,06:45급,06:47급,06:42급
중앙보훈병원김포공항,김포공항중앙보훈병원,중앙보훈병원김포공항,김포공항중앙보훈병원
6:53,6:52,6:51,6:50
중앙보훈병원개화,개화중앙보훈병원,중앙보훈병원개화,개화중앙보훈병원
06:57급,06:57급,06:59급,06:54급
중앙보훈병원김포공항,김포공항중앙보훈병원,중앙보훈병원김포공항,김포공항중앙보훈병원
7:06,7:04,7:03,7:02
중앙보훈병원개화,개화중앙보훈병원,중앙보훈병원개화,개화중앙보훈병원
07:10급,07:09급,07:11급,07:06급
중앙보훈병원김포공항,김포공항중앙보훈병원,중앙보훈병원김포공항,김포공항중앙보훈병원
7:14,7:17,7:15,7:14
중앙보훈병원개화,개화중앙보훈병원,중앙보훈병원개화,개화중앙보훈병원
07:22급,07:22급,07:23급,07:18급
중앙보훈병원김포공항,김포공항중앙보훈병원,중앙보훈병원김포공항,김포공항중앙보훈병원
7:26,7:26,7:27,7:26
중앙보훈병원개화,개화중앙보훈병원,중앙보훈병원개화,개화중앙보훈병원
07:34급,07:30급,07:35급,07:30급
중앙보훈병원김포공항,김포공항중앙보훈병원,중앙보훈병원김포공항,김포공항중앙보훈병원
7:38,7:34,7:39,7:38
중앙보훈병원개화,개화중앙보훈병원,중앙보훈병원개화,개화중앙보훈병원
7:44,07:38급,07:47급,07:42급
중앙보훈병원개화,김포공항중앙보훈병원,중앙보훈병원김포공항,김포공항중앙보훈병원
07:46급,7:42,7:51,7:50
중앙보훈병원김포공항,개화중앙보훈병원,중앙보훈병원개화,개화중앙보훈병원
7:53,07:45급,07:59급,07:54급
중앙보훈병원개화,김포공항중앙보훈병원,중앙보훈병원김포공항,김포공항중앙보훈병원
07:57급,7:49,8:03,8:02
중앙보훈병원김포공항,개화중앙보훈병원,중앙보훈병원개화,개화중앙보훈병원
,07:52급,08:11급,08:06급
,김포공항중앙보훈병원,중앙보훈병원김포공항,김포공항중앙보훈병원
,7:56,8:15,8:14
,개화중앙보훈병원,중앙보훈병원개화,개화중앙보훈병원
,07:59급,08:23급,08:18급
,김포공항중앙보훈병원,중앙보훈병원김포공항,김포공항중앙보훈병원
8:01,8:02,8:27,8:26
중앙보훈병원개화,개화중앙보훈병원,중앙보훈병원개화,개화중앙보훈병원
08:06급,08:06급,08:35급,08:30급
중앙보훈병원김포공항,김포공항중앙보훈병원,중앙보훈병원김포공항,김포공항중앙보훈병원
8:10,8:09,8:39,8:38
중앙보훈병원개화,개화중앙보훈병원,중앙보훈병원개화,개화중앙보훈병원
08:14급,08:13급,08:47급,08:42급
중앙보훈병원김포공항,김포공항중앙보훈병원,중앙보훈병원김포공항,김포공항중앙보훈병원
8:18,8:16,8:51,8:50
중앙보훈병원개화,개화중앙보훈병원,중앙보훈병원개화,개화중앙보훈병원
08:22급,08:20급,08:59급,08:54급
중앙보훈병원김포공항,김포공항중앙보훈병원,중앙보훈병원김포공항,김포공항중앙보훈병원
8:26,8:23,9:03,9:02
중앙보훈병원개화,개화중앙보훈병원,중앙보훈병원개화,개화중앙보훈병원
08:29급,08:26급,09:11급,09:06급
중앙보훈병원김포공항,김포공항중앙보훈병원,중앙보훈병원김포공항,김포공항중앙보훈병원
8:33,8:30,9:15,9:14
중앙보훈병원개화,개화중앙보훈병원,중앙보훈병원개화,개화중앙보훈병원
08:36급,08:33급,09:23급,09:18급
중앙보훈병원김포공항,김포공항중앙보훈병원,중앙보훈병원김포공항,김포공항중앙보훈병원
8:40,8:37,9:27,9:26
중앙보훈병원개화,개화중앙보훈병원,중앙보훈병원개화,개화중앙보훈병원
08:43급,08:40급,09:35급,09:30급
중앙보훈병원김포공항,김포공항중앙보훈병원,중앙보훈병원김포공항,김포공항중앙보훈병원
8:46,8:43,9:39,9:38
중앙보훈병원개화,개화중앙보훈병원,중앙보훈병원개화,개화중앙보훈병원
08:50급,08:47급,09:47급,09:42급
중앙보훈병원김포공항,김포공항중앙보훈병원,중앙보훈병원김포공항,김포공항중앙보훈병원
8:53,8:50,9:51,9:50
중앙보훈병원개화,개화중앙보훈병원,중앙보훈병원개화,개화중앙보훈병원
08:57급,08:54급,09:59급,09:54급
중앙보훈병원김포공항,김포공항중앙보훈병원,중앙보훈병원김포공항,김포공항중앙보훈병원
,8:57,10:03,10:02
,개화중앙보훈병원,중앙보훈병원개화,개화중앙보훈병원
9:00,09:01급,10:10급,10:05급
중앙보훈병원개화,김포공항중앙보훈병원,중앙보훈병원김포공항,김포공항중앙보훈병원
09:03급,9:04,10:14,10:13
중앙보훈병원김포공항,개화중앙보훈병원,중앙보훈병원개화,개화중앙보훈병원
9:07,09:07급,10:22급,10:16급
중앙보훈병원개화,김포공항중앙보훈병원,중앙보훈병원김포공항,김포공항중앙보훈병원
09:10급,9:11,10:25,10:24
중앙보훈병원김포공항,개화중앙보훈병원,중앙보훈병원개화,개화중앙보훈병원
9:14,09:14급,10:33급,10:27급
중앙보훈병원개화,김포공항중앙보훈병원,중앙보훈병원김포공항,김포공항중앙보훈병원
09:17급,9:18,10:36,10:35
중앙보훈병원김포공항,개화중앙보훈병원,중앙보훈병원개화,개화중앙보훈병원
9:21,09:21급,10:44급,10:38급
중앙보훈병원개화,김포공항중앙보훈병원,중앙보훈병원김포공항,김포공항중앙보훈병원
09:24급,9:24,10:47,10:46
중앙보훈병원김포공항,개화중앙보훈병원,중앙보훈병원개화,개화중앙보훈병원
9:27,09:28급,10:55급,10:49급
중앙보훈병원개화,김포공항중앙보훈병원,중앙보훈병원김포공항,김포공항중앙보훈병원
09:31급,9:31,10:58,10:57
중앙보훈병원김포공항,개화중앙보훈병원,중앙보훈병원개화,개화중앙보훈병원
9:34,9:36,11:06급,11:00급
중앙보훈병원개화,개화중앙보훈병원,중앙보훈병원김포공항,김포공항중앙보훈병원
09:38급,09:38급,11:09,11:08
중앙보훈병원김포공항,김포공항중앙보훈병원,중앙보훈병원개화,개화중앙보훈병원
9:41,9:45,11:17급,11:11급
중앙보훈병원개화,개화중앙보훈병원,중앙보훈병원김포공항,김포공항중앙보훈병원
09:44급,09:49급,11:20,11:19
중앙보훈병원김포공항,김포공항중앙보훈병원,중앙보훈병원개화,개화중앙보훈병원
9:48,9:56,11:28급,11:22급
중앙보훈병원개화,개화중앙보훈병원,중앙보훈병원김포공항,김포공항중앙보훈병원
09:51급,,11:31,11:30
중앙보훈병원김포공항,,중앙보훈병원개화,개화중앙보훈병원
9:55,,11:39급,11:33급
중앙보훈병원개화,,중앙보훈병원김포공항,김포공항중앙보훈병원
09:58급,,11:42,11:41
중앙보훈병원김포공항,,중앙보훈병원개화,개화중앙보훈병원
10:02,10:00급,11:50급,11:44급
중앙보훈병원개화,김포공항중앙보훈병원,중앙보훈병원김포공항,김포공항중앙보훈병원
10:05급,10:07,11:53,11:52
중앙보훈병원김포공항,개화중앙보훈병원,중앙보훈병원개화,개화중앙보훈병원
10:09,10:11급,,11:55급
중앙보훈병원개화,김포공항중앙보훈병원,,김포공항중앙보훈병원
10:14급,10:18,12:01급,12:03
중앙보훈병원김포공항,개화중앙보훈병원,중앙보훈병원김포공항,개화중앙보훈병원
10:18,10:22급,12:04,12:06급
중앙보훈병원개화,김포공항중앙보훈병원,중앙보훈병원개화,김포공항중앙보훈병원
10:24,10:29,12:12급,12:14
중앙보훈병원개화,개화중앙보훈병원,중앙보훈병원김포공항,개화중앙보훈병원
10:25급,10:33급,12:15,12:17급
중앙보훈병원김포공항,김포공항중앙보훈병원,중앙보훈병원개화,김포공항중앙보훈병원
10:29,10:40,12:23급,12:25
중앙보훈병원개화,개화중앙보훈병원,중앙보훈병원김포공항,개화중앙보훈병원
10:35급,10:44급,12:26,12:28급
중앙보훈병원김포공항,김포공항중앙보훈병원,중앙보훈병원개화,김포공항중앙보훈병원
10:39,10:51,12:34급,12:36
중앙보훈병원개화,개화중앙보훈병원,중앙보훈병원김포공항,개화중앙보훈병원
10:47급,10:55급,12:37,12:39급
중앙보훈병원김포공항,김포공항중앙보훈병원,중앙보훈병원개화,김포공항중앙보훈병원
10:51,,12:45급,12:47
중앙보훈병원개화,,중앙보훈병원김포공항,개화중앙보훈병원
10:58급,,12:48,12:50급
중앙보훈병원김포공항,,중앙보훈병원개화,김포공항중앙보훈병원
11:02,11:02,12:56급,12:58
중앙보훈병원개화,개화중앙보훈병원,중앙보훈병원김포공항,개화중앙보훈병원
11:09급,11:06급,12:59,
중앙보훈병원김포공항,김포공항중앙보훈병원,중앙보훈병원개화,
11:13,11:13,13:07급,13:01급
중앙보훈병원개화,개화중앙보훈병원,중앙보훈병원김포공항,김포공항중앙보훈병원
11:20급,11:17급,13:10,13:09
중앙보훈병원김포공항,김포공항중앙보훈병원,중앙보훈병원개화,개화중앙보훈병원
11:24,11:24,13:18급,13:12급
중앙보훈병원개화,개화중앙보훈병원,중앙보훈병원김포공항,김포공항중앙보훈병원
11:31급,11:28급,13:21,13:20
중앙보훈병원김포공항,김포공항중앙보훈병원,중앙보훈병원개화,개화중앙보훈병원
11:35,11:35,13:29급,13:23급
중앙보훈병원개화,개화중앙보훈병원,중앙보훈병원김포공항,김포공항중앙보훈병원
11:42급,11:39급,13:32,13:31
중앙보훈병원김포공항,김포공항중앙보훈병원,중앙보훈병원개화,개화중앙보훈병원
11:46,11:46,13:40급,13:34급
중앙보훈병원개화,개화중앙보훈병원,중앙보훈병원김포공항,김포공항중앙보훈병원
11:53급,11:50급,13:43,13:42
중앙보훈병원김포공항,김포공항중앙보훈병원,중앙보훈병원개화,개화중앙보훈병원
11:57,11:57,13:51급,13:45급
중앙보훈병원개화,개화중앙보훈병원,중앙보훈병원김포공항,김포공항중앙보훈병원
12:04급,12:01급,13:54,13:53
중앙보훈병원김포공항,김포공항중앙보훈병원,중앙보훈병원개화,개화중앙보훈병원
12:08,12:08,,13:56급
중앙보훈병원개화,개화중앙보훈병원,,김포공항중앙보훈병원
12:15급,12:13급,14:02급,14:04
중앙보훈병원김포공항,김포공항중앙보훈병원,중앙보훈병원김포공항,개화중앙보훈병원
12:19,12:20,14:05,14:07급
중앙보훈병원개화,개화중앙보훈병원,중앙보훈병원개화,김포공항중앙보훈병원
12:26급,12:25급,14:13급,14:15
중앙보훈병원김포공항,김포공항중앙보훈병원,중앙보훈병원김포공항,개화중앙보훈병원
12:30,12:32,14:16,14:18급
중앙보훈병원개화,개화중앙보훈병원,중앙보훈병원개화,김포공항중앙보훈병원
12:37급,12:36급,14:24급,14:26
중앙보훈병원김포공항,김포공항중앙보훈병원,중앙보훈병원김포공항,개화중앙보훈병원
12:41,12:43,14:27,14:29급
중앙보훈병원개화,개화중앙보훈병원,중앙보훈병원개화,김포공항중앙보훈병원
12:49급,12:47급,14:35급,14:37
중앙보훈병원김포공항,김포공항중앙보훈병원,중앙보훈병원김포공항,개화중앙보훈병원
12:53,12:54,14:38,14:40급
중앙보훈병원개화,개화중앙보훈병원,중앙보훈병원개화,김포공항중앙보훈병원
,12:58급,14:46급,14:48
,김포공항중앙보훈병원,중앙보훈병원김포공항,개화중앙보훈병원
13:01급,13:05,14:49,14:51급
중앙보훈병원김포공항,개화중앙보훈병원,중앙보훈병원개화,김포공항중앙보훈병원
13:05,13:09급,14:57급,14:59
중앙보훈병원개화,김포공항중앙보훈병원,중앙보훈병원김포공항,개화중앙보훈병원
13:12급,13:16,15:00,15:02급
중앙보훈병원김포공항,개화중앙보훈병원,중앙보훈병원개화,김포공항중앙보훈병원
13:16,13:20급,15:08급,15:10
중앙보훈병원개화,김포공항중앙보훈병원,중앙보훈병원김포공항,개화중앙보훈병원
13:23급,13:27,15:11,15:13급
중앙보훈병원김포공항,개화중앙보훈병원,중앙보훈병원개화,김포공항중앙보훈병원
13:27,13:31급,15:19급,15:21
중앙보훈병원개화,김포공항중앙보훈병원,중앙보훈병원김포공항,개화중앙보훈병원
13:34급,13:38,15:22,15:24급
중앙보훈병원김포공항,개화중앙보훈병원,중앙보훈병원개화,김포공항중앙보훈병원
13:38,13:42급,15:30급,15:32
중앙보훈병원개화,김포공항중앙보훈병원,중앙보훈병원김포공항,개화중앙보훈병원
13:45급,13:49,15:33,15:35급
중앙보훈병원김포공항,개화중앙보훈병원,중앙보훈병원개화,김포공항중앙보훈병원
13:49,13:53급,15:41급,15:43
중앙보훈병원개화,김포공항중앙보훈병원,중앙보훈병원김포공항,개화중앙보훈병원
13:56급,,15:44,15:46급
중앙보훈병원김포공항,,중앙보훈병원개화,김포공항중앙보훈병원
14:00,14:00,15:52급,15:54
중앙보훈병원개화,개화중앙보훈병원,중앙보훈병원김포공항,개화중앙보훈병원
14:07급,14:04급,15:55,15:57급
중앙보훈병원김포공항,김포공항중앙보훈병원,중앙보훈병원개화,김포공항중앙보훈병원
14:11,14:11,16:03급,16:05
중앙보훈병원개화,개화중앙보훈병원,중앙보훈병원김포공항,개화중앙보훈병원
14:18급,14:15급,16:06,16:08급
중앙보훈병원김포공항,김포공항중앙보훈병원,중앙보훈병원개화,김포공항중앙보훈병원
14:22,14:22,16:14급,16:16
중앙보훈병원개화,개화중앙보훈병원,중앙보훈병원김포공항,개화중앙보훈병원
14:29급,14:26급,16:17,16:19급
중앙보훈병원김포공항,김포공항중앙보훈병원,중앙보훈병원개화,김포공항중앙보훈병원
14:33,14:33,16:25급,16:27
중앙보훈병원개화,개화중앙보훈병원,중앙보훈병원김포공항,개화중앙보훈병원
14:40급,14:37급,16:28,16:30급
중앙보훈병원김포공항,김포공항중앙보훈병원,중앙보훈병원개화,김포공항중앙보훈병원
14:44,14:44,16:36급,16:38
중앙보훈병원개화,개화중앙보훈병원,중앙보훈병원김포공항,개화중앙보훈병원
14:51급,14:48급,16:39,16:41급
중앙보훈병원김포공항,김포공항중앙보훈병원,중앙보훈병원개화,김포공항중앙보훈병원
14:55,14:55,16:47급,16:49
중앙보훈병원개화,개화중앙보훈병원,중앙보훈병원김포공항,개화중앙보훈병원
15:02급,15:00급,16:50,16:52급
중앙보훈병원김포공항,김포공항중앙보훈병원,중앙보훈병원개화,김포공항중앙보훈병원
15:06,15:07,16:58급,
중앙보훈병원개화,개화중앙보훈병원,중앙보훈병원김포공항,
15:13급,15:12급,17:01,17:00
중앙보훈병원김포공항,김포공항중앙보훈병원,중앙보훈병원개화,개화중앙보훈병원
15:17,15:19,17:09급,17:03급
중앙보훈병원개화,개화중앙보훈병원,중앙보훈병원김포공항,김포공항중앙보훈병원
15:24급,15:23급,17:12,17:11
중앙보훈병원김포공항,김포공항중앙보훈병원,중앙보훈병원개화,개화중앙보훈병원
15:28,15:30,17:20급,17:14급
중앙보훈병원개화,개화중앙보훈병원,중앙보훈병원김포공항,김포공항중앙보훈병원
15:36급,15:34급,17:23,17:22
중앙보훈병원김포공항,김포공항중앙보훈병원,중앙보훈병원개화,개화중앙보훈병원
15:40,15:41,17:31급,17:25급
중앙보훈병원개화,개화중앙보훈병원,중앙보훈병원김포공항,김포공항중앙보훈병원
15:48급,15:45급,17:34,17:33
중앙보훈병원김포공항,김포공항중앙보훈병원,중앙보훈병원개화,개화중앙보훈병원
15:52,15:52,17:42급,17:36급
중앙보훈병원개화,개화중앙보훈병원,중앙보훈병원김포공항,김포공항중앙보훈병원
15:59급,15:56급,17:45,17:44
중앙보훈병원김포공항,김포공항중앙보훈병원,중앙보훈병원개화,개화중앙보훈병원
16:03,16:03,17:53급,17:47급
중앙보훈병원개화,개화중앙보훈병원,중앙보훈병원김포공항,김포공항중앙보훈병원
16:10급,16:07급,17:56,17:55
중앙보훈병원김포공항,김포공항중앙보훈병원,중앙보훈병원개화,개화중앙보훈병원
16:14,16:14,,17:58급
중앙보훈병원개화,개화중앙보훈병원,,김포공항중앙보훈병원
16:21급,16:18급,18:04급,18:06
중앙보훈병원김포공항,김포공항중앙보훈병원,중앙보훈병원김포공항,개화중앙보훈병원
16:25,16:25,18:07,18:09급
중앙보훈병원개화,개화중앙보훈병원,중앙보훈병원개화,김포공항중앙보훈병원
16:32급,16:29급,18:15급,18:17
중앙보훈병원김포공항,김포공항중앙보훈병원,중앙보훈병원김포공항,개화중앙보훈병원
16:36,16:36,18:18,18:20급
중앙보훈병원개화,개화중앙보훈병원,중앙보훈병원개화,김포공항중앙보훈병원
16:43급,16:40급,18:26급,18:28
중앙보훈병원김포공항,김포공항중앙보훈병원,중앙보훈병원김포공항,개화중앙보훈병원
16:47,16:47,18:29,18:31급
중앙보훈병원개화,개화중앙보훈병원,중앙보훈병원개화,김포공항중앙보훈병원
16:54급,16:51급,18:37급,18:39
중앙보훈병원김포공항,김포공항중앙보훈병원,중앙보훈병원김포공항,개화중앙보훈병원
16:58,16:55,18:40,18:42급
중앙보훈병원개화,개화중앙보훈병원,중앙보훈병원개화,김포공항중앙보훈병원
,16:58,18:48급,18:50
,개화중앙보훈병원,중앙보훈병원김포공항,개화중앙보훈병원
17:05급,17:02급,18:51,18:53급
중앙보훈병원김포공항,김포공항중앙보훈병원,중앙보훈병원개화,김포공항중앙보훈병원
17:09,17:09,18:59급,
중앙보훈병원개화,개화중앙보훈병원,중앙보훈병원김포공항,
17:16급,17:13급,19:02,19:01
중앙보훈병원김포공항,김포공항중앙보훈병원,중앙보훈병원개화,개화중앙보훈병원
17:20,17:20,19:10급,19:04급
중앙보훈병원개화,개화중앙보훈병원,중앙보훈병원김포공항,김포공항중앙보훈병원
17:27급,17:24급,19:13,19:12
중앙보훈병원김포공항,김포공항중앙보훈병원,중앙보훈병원개화,개화중앙보훈병원
17:31,17:27,19:21급,19:15급
중앙보훈병원개화,개화중앙보훈병원,중앙보훈병원김포공항,김포공항중앙보훈병원
17:38급,17:31급,19:24,19:23
중앙보훈병원김포공항,김포공항중앙보훈병원,중앙보훈병원개화,개화중앙보훈병원
17:42,17:35,19:32급,19:26급
중앙보훈병원개화,개화중앙보훈병원,중앙보훈병원김포공항,김포공항중앙보훈병원
17:47,17:40급,19:35,19:34
중앙보훈병원개화,김포공항중앙보훈병원,중앙보훈병원개화,개화중앙보훈병원
17:49급,17:44,19:43급,19:37급
중앙보훈병원김포공항,개화중앙보훈병원,중앙보훈병원김포공항,김포공항중앙보훈병원
17:54,17:48급,19:46,19:45
중앙보훈병원개화,김포공항중앙보훈병원,중앙보훈병원개화,개화중앙보훈병원
,17:51,19:54급,19:48급
,개화중앙보훈병원,중앙보훈병원김포공항,김포공항중앙보훈병원
,17:55급,19:57,19:56
,김포공항중앙보훈병원,중앙보훈병원개화,개화중앙보훈병원
,17:58,,19:59급
,개화중앙보훈병원,,김포공항중앙보훈병원
18:00급,18:02급,20:05급,20:07
중앙보훈병원김포공항,김포공항중앙보훈병원,중앙보훈병원김포공항,개화중앙보훈병원
18:04,18:05,20:08,20:10급
중앙보훈병원개화,개화중앙보훈병원,중앙보훈병원개화,김포공항중앙보훈병원
18:08급,18:09급,20:16급,20:18
중앙보훈병원김포공항,김포공항중앙보훈병원,중앙보훈병원김포공항,개화중앙보훈병원
18:12,18:13,20:19,20:21급
중앙보훈병원개화,개화중앙보훈병원,중앙보훈병원개화,김포공항중앙보훈병원
18:16급,18:16급,20:27급,20:29
중앙보훈병원김포공항,김포공항중앙보훈병원,중앙보훈병원김포공항,개화중앙보훈병원
18:20,18:20,20:30,20:32급
중앙보훈병원개화,개화중앙보훈병원,중앙보훈병원개화,김포공항중앙보훈병원
18:24급,18:23급,20:38급,20:40
중앙보훈병원김포공항,김포공항중앙보훈병원,중앙보훈병원김포공항,개화중앙보훈병원
18:28,18:27,20:41,20:43급
중앙보훈병원개화,개화중앙보훈병원,중앙보훈병원개화,김포공항중앙보훈병원
18:31급,18:31급,20:49급,20:51
중앙보훈병원김포공항,김포공항중앙보훈병원,중앙보훈병원김포공항,개화중앙보훈병원
18:35,18:34,20:52,20:55급
중앙보훈병원개화,개화중앙보훈병원,중앙보훈병원개화,김포공항중앙보훈병원
18:38급,18:38급,21:00급,21:03
중앙보훈병원김포공항,김포공항중앙보훈병원,중앙보훈병원김포공항,개화중앙보훈병원
18:42,18:41,21:03,21:07급
중앙보훈병원개화,개화중앙보훈병원,중앙보훈병원개화,김포공항중앙보훈병원
18:46급,18:45급,21:11급,21:15
중앙보훈병원김포공항,김포공항중앙보훈병원,중앙보훈병원김포공항,개화중앙보훈병원
18:49,18:48,21:14,21:19급
중앙보훈병원개화,개화중앙보훈병원,중앙보훈병원개화,김포공항중앙보훈병원
18:53급,18:52급,21:22급,21:27
중앙보훈병원김포공항,김포공항중앙보훈병원,중앙보훈병원김포공항,개화중앙보훈병원
18:57,18:56,21:25,21:31급
중앙보훈병원개화,개화중앙보훈병원,중앙보훈병원개화,김포공항중앙보훈병원
,18:59급,21:33급,21:39
,김포공항중앙보훈병원,중앙보훈병원김포공항,개화중앙보훈병원
19:00급,19:03,21:37,21:43급
중앙보훈병원김포공항,개화중앙보훈병원,중앙보훈병원개화,김포공항중앙보훈병원
19:04,19:06급,21:45급,21:51
중앙보훈병원개화,김포공항중앙보훈병원,중앙보훈병원김포공항,개화중앙보훈병원
19:07급,19:10,21:49,21:55급
중앙보훈병원김포공항,개화중앙보훈병원,중앙보훈병원개화,김포공항중앙보훈병원
19:11,19:14급,21:57급,
중앙보훈병원개화,김포공항중앙보훈병원,중앙보훈병원김포공항,
19:14급,19:17,22:01,22:03
중앙보훈병원김포공항,개화중앙보훈병원,중앙보훈병원개화,개화중앙보훈병원
19:18,19:21급,22:09급,22:07급
중앙보훈병원개화,김포공항중앙보훈병원,중앙보훈병원김포공항,김포공항중앙보훈병원
19:21급,19:24,22:13,22:15
중앙보훈병원김포공항,개화중앙보훈병원,중앙보훈병원개화,개화중앙보훈병원
19:25,19:28급,22:21급,22:19급
중앙보훈병원개화,김포공항중앙보훈병원,중앙보훈병원김포공항,김포공항중앙보훈병원
19:29급,19:31,22:25,22:27
중앙보훈병원김포공항,개화중앙보훈병원,중앙보훈병원개화,개화중앙보훈병원
19:32,19:35급,22:33급,22:31급
중앙보훈병원개화,김포공항중앙보훈병원,중앙보훈병원김포공항,김포공항중앙보훈병원
19:36급,19:39,22:37,22:39
중앙보훈병원김포공항,개화중앙보훈병원,중앙보훈병원개화,개화중앙보훈병원
19:40,19:42급,22:46급,22:44급
중앙보훈병원개화,김포공항중앙보훈병원,중앙보훈병원김포공항,김포공항중앙보훈병원
19:43급,19:46,22:50,22:52
중앙보훈병원김포공항,개화중앙보훈병원,중앙보훈병원개화,개화중앙보훈병원
19:47,19:49급,22:59급,22:57급
중앙보훈병원개화,김포공항중앙보훈병원,중앙보훈병원김포공항,김포공항중앙보훈병원
19:50급,19:53,23:03막,23:05
중앙보훈병원김포공항,개화중앙보훈병원,중앙보훈병원개화,개화중앙보훈병원
19:54,19:57급,23:12급,23:10급막
중앙보훈병원개화,김포공항중앙보훈병원,중앙보훈병원김포공항,김포공항중앙보훈병원
19:57급,,23:16막,23:18
중앙보훈병원김포공항,,중앙보훈병원염창,개화중앙보훈병원
20:01,20:01,23:25급막,23:27
중앙보훈병원개화,개화중앙보훈병원,중앙보훈병원김포공항,개화중앙보훈병원
20:04급,20:06급,23:29막,23:38
중앙보훈병원김포공항,김포공항중앙보훈병원,중앙보훈병원여의도,개화중앙보훈병원
20:08,20:10,23:40막,23:51막
중앙보훈병원개화,개화중앙보훈병원,중앙보훈병원동작,개화중앙보훈병원
20:12급,20:16,23:54막,
중앙보훈병원김포공항,개화중앙보훈병원,중앙보훈병원신논현,
20:15,20:18급,,
중앙보훈병원개화,김포공항중앙보훈병원,,
20:19급,20:25,,
중앙보훈병원김포공항,개화중앙보훈병원,,
20:23,20:29급,,
중앙보훈병원개화,김포공항중앙보훈병원,,
20:26급,20:36,,
중앙보훈병원김포공항,개화중앙보훈병원,,
20:30,20:40급,,
중앙보훈병원개화,김포공항중앙보훈병원,,
20:34급,20:47,,
중앙보훈병원김포공항,개화중앙보훈병원,,
20:38,20:51급,,
중앙보훈병원개화,김포공항중앙보훈병원,,
20:44급,20:58,,
중앙보훈병원김포공항,개화중앙보훈병원,,
20:48,,,
중앙보훈병원개화,,,
20:53,,,
중앙보훈병원개화,,,
20:55급,,,
중앙보훈병원김포공항,,,
20:59,,,
중앙보훈병원개화,,,
21:06급,21:02급,,
중앙보훈병원김포공항,김포공항중앙보훈병원,,
21:10,21:09,,
중앙보훈병원개화,개화중앙보훈병원,,
21:17급,21:13급,,
중앙보훈병원김포공항,김포공항중앙보훈병원,,
21:21,21:20,,
중앙보훈병원개화,개화중앙보훈병원,,
21:28급,21:24급,,
중앙보훈병원김포공항,김포공항중앙보훈병원,,
21:32,21:31,,
중앙보훈병원개화,개화중앙보훈병원,,
21:39급,21:35급,,
중앙보훈병원김포공항,김포공항중앙보훈병원,,
21:43,21:42,,
중앙보훈병원개화,개화중앙보훈병원,,
21:50급,21:46급,,
중앙보훈병원김포공항,김포공항중앙보훈병원,,
21:54,21:53,,
중앙보훈병원개화,개화중앙보훈병원,,
,21:57급,,
,김포공항중앙보훈병원,,
22:01급,22:04,,
중앙보훈병원김포공항,개화중앙보훈병원,,
22:05,22:08급,,
중앙보훈병원개화,김포공항중앙보훈병원,,
22:12급,22:15,,
중앙보훈병원김포공항,개화중앙보훈병원,,
22:16,22:19급,,
중앙보훈병원개화,김포공항중앙보훈병원,,
22:22급,22:26,,
중앙보훈병원김포공항,개화중앙보훈병원,,
22:26,22:30급,,
중앙보훈병원개화,김포공항중앙보훈병원,,
22:33급,22:37,,
중앙보훈병원김포공항,개화중앙보훈병원,,
22:37,22:41급,,
중앙보훈병원개화,김포공항중앙보훈병원,,
22:44급,22:48,,
중앙보훈병원김포공항,개화중앙보훈병원,,
22:48,22:52급,,
중앙보훈병원개화,김포공항중앙보훈병원,,
22:55급,22:59,,
중앙보훈병원김포공항,개화중앙보훈병원,,
22:59,,,
중앙보훈병원개화,,,
23:06급,23:03급,,
중앙보훈병원김포공항,김포공항중앙보훈병원,,
23:10,23:10,,
중앙보훈병원개화,개화중앙보훈병원,,
23:17급,23:14급,,
중앙보훈병원김포공항,김포공항중앙보훈병원,,
23:21,23:21,,
중앙보훈병원개화,개화중앙보훈병원,,
23:28급,23:25급,,
중앙보훈병원김포공항,김포공항중앙보훈병원,,
23:32,23:32,,
중앙보훈병원개화,개화중앙보훈병원,,
23:39급,23:36급,,
중앙보훈병원김포공항,김포공항중앙보훈병원,,
23:43,23:43,,
중앙보훈병원개화,개화중앙보훈병원,,
23:50급,23:47급,,
중앙보훈병원김포공항,김포공항중앙보훈병원,,
23:54막,23:54,,
중앙보훈병원개화,개화중앙보훈병원,,
,23:58급,,
,김포공항중앙보훈병원,,
00:01급,0:05,,
중앙보훈병원김포공항,개화중앙보훈병원,,
00:05막,00:09급막,,
중앙보훈병원마곡나루,김포공항중앙보훈병원,,
00:12급,0:16,,
중앙보훈병원김포공항,개화중앙보훈병원,,
00:16막,0:25,,
중앙보훈병원염창,개화중앙보훈병원,,
00:23급막,0:31,,
중앙보훈병원김포공항,개화중앙보훈병원,,
00:27막,00:44막,,
중앙보훈병원여의도,개화중앙보훈병원,,
00:37막,00:56막,,
중앙보훈병원동작,개화삼전,,
00:50막,,,
중앙보훈병원신논현,,,
