﻿고속터미널방면,신논현방면,고속터미널방면,신논현방면
평일,평일,주말,주말
05:32첫,05:39첫,05:32첫,05:37첫
신논현개화,동작중앙보훈병원,신논현개화,동작중앙보훈병원
5:45,5:52,5:45,5:50
삼전개화,여의도중앙보훈병원,삼전개화,여의도중앙보훈병원
6:00,6:06,6:03,6:03
중앙보훈병원개화,염창중앙보훈병원,중앙보훈병원개화,염창중앙보훈병원
6:15,6:17,6:14,6:15
중앙보훈병원개화,마곡나루중앙보훈병원,중앙보훈병원개화,마곡나루중앙보훈병원
6:28,6:27,6:27,6:25
중앙보훈병원개화,개화중앙보훈병원,중앙보훈병원개화,개화중앙보훈병원
6:41,6:39,6:40,6:37
중앙보훈병원개화,개화중앙보훈병원,중앙보훈병원개화,개화중앙보훈병원
6:54,6:51,6:52,6:49
중앙보훈병원개화,개화중앙보훈병원,중앙보훈병원개화,개화중앙보훈병원
7:07,7:04,7:04,7:01
중앙보훈병원개화,개화중앙보훈병원,중앙보훈병원개화,개화중앙보훈병원
7:20,7:13,7:16,7:13
중앙보훈병원개화,개화중앙보훈병원,중앙보훈병원개화,개화중앙보훈병원
7:27,7:22,7:28,7:25
중앙보훈병원개화,개화중앙보훈병원,중앙보훈병원개화,개화중앙보훈병원
7:39,7:29,7:40,7:37
중앙보훈병원개화,개화중앙보훈병원,중앙보훈병원개화,개화중앙보훈병원
7:51,7:36,7:52,7:49
중앙보훈병원개화,개화중앙보훈병원,중앙보훈병원개화,개화중앙보훈병원
7:59,7:43,8:04,8:01
중앙보훈병원개화,개화중앙보훈병원,중앙보훈병원개화,개화중앙보훈병원
,7:50,8:16,8:13
,개화중앙보훈병원,중앙보훈병원개화,개화중앙보훈병원
,7:57,8:28,8:25
,개화중앙보훈병원,중앙보훈병원개화,개화중앙보훈병원
8:07,8:03,8:40,8:37
중앙보훈병원개화,개화중앙보훈병원,중앙보훈병원개화,개화중앙보훈병원
8:16,8:10,8:52,8:49
중앙보훈병원개화,개화중앙보훈병원,중앙보훈병원개화,개화중앙보훈병원
8:25,8:17,9:04,9:01
중앙보훈병원개화,개화중앙보훈병원,중앙보훈병원개화,개화중앙보훈병원
8:33,8:24,9:16,9:13
중앙보훈병원개화,개화중앙보훈병원,중앙보훈병원개화,개화중앙보훈병원
8:41,8:31,9:28,9:25
중앙보훈병원개화,개화중앙보훈병원,중앙보훈병원개화,개화중앙보훈병원
8:48,8:38,9:40,9:37
중앙보훈병원개화,개화중앙보훈병원,중앙보훈병원개화,개화중앙보훈병원
8:54,8:44,9:52,9:49
중앙보훈병원개화,개화중앙보훈병원,중앙보훈병원개화,개화중앙보훈병원
,8:51,10:04,10:00
,개화중앙보훈병원,중앙보훈병원개화,개화중앙보훈병원
,8:58,10:16,10:11
,개화중앙보훈병원,중앙보훈병원개화,개화중앙보훈병원
9:01,9:05,10:27,10:22
중앙보훈병원개화,개화중앙보훈병원,중앙보훈병원개화,개화중앙보훈병원
9:08,9:12,10:38,10:33
중앙보훈병원개화,개화중앙보훈병원,중앙보훈병원개화,개화중앙보훈병원
9:15,9:19,10:49,10:44
중앙보훈병원개화,개화중앙보훈병원,중앙보훈병원개화,개화중앙보훈병원
9:22,9:24,,10:55
중앙보훈병원개화,개화중앙보훈병원,,개화중앙보훈병원
9:29,9:32,11:00,11:06
중앙보훈병원개화,개화중앙보훈병원,중앙보훈병원개화,개화중앙보훈병원
9:35,9:43,11:11,11:17
중앙보훈병원개화,개화중앙보훈병원,중앙보훈병원개화,개화중앙보훈병원
9:42,9:54,11:22,11:28
중앙보훈병원개화,개화중앙보훈병원,중앙보훈병원개화,개화중앙보훈병원
9:49,,11:33,11:39
중앙보훈병원개화,,중앙보훈병원개화,개화중앙보훈병원
9:56,,11:44,11:50
중앙보훈병원개화,,중앙보훈병원개화,개화중앙보훈병원
10:03,10:05,11:55,
중앙보훈병원개화,개화중앙보훈병원,중앙보훈병원개화,
10:10,10:16,12:06,12:01
중앙보훈병원개화,개화중앙보훈병원,중앙보훈병원개화,개화중앙보훈병원
10:16,10:27,12:17,12:12
중앙보훈병원개화,개화중앙보훈병원,중앙보훈병원개화,개화중앙보훈병원
10:24,10:38,12:28,12:23
중앙보훈병원개화,개화중앙보훈병원,중앙보훈병원개화,개화중앙보훈병원
10:30,10:49,12:39,12:34
중앙보훈병원개화,개화중앙보훈병원,중앙보훈병원개화,개화중앙보훈병원
10:38,,12:50,12:45
중앙보훈병원개화,,중앙보훈병원개화,개화중앙보훈병원
10:45,,,12:56
중앙보훈병원개화,,,개화중앙보훈병원
10:52,,13:01,13:07
중앙보훈병원개화,,중앙보훈병원개화,개화중앙보훈병원
11:03,11:00,13:12,13:18
중앙보훈병원개화,개화중앙보훈병원,중앙보훈병원개화,개화중앙보훈병원
11:14,11:11,13:23,13:29
중앙보훈병원개화,개화중앙보훈병원,중앙보훈병원개화,개화중앙보훈병원
11:25,11:22,13:34,13:40
중앙보훈병원개화,개화중앙보훈병원,중앙보훈병원개화,개화중앙보훈병원
11:36,11:33,13:45,13:51
중앙보훈병원개화,개화중앙보훈병원,중앙보훈병원개화,개화중앙보훈병원
11:47,11:44,13:56,
중앙보훈병원개화,개화중앙보훈병원,중앙보훈병원개화,
11:58,11:55,14:07,14:02
중앙보훈병원개화,개화중앙보훈병원,중앙보훈병원개화,개화중앙보훈병원
12:09,12:07,14:18,14:13
중앙보훈병원개화,개화중앙보훈병원,중앙보훈병원개화,개화중앙보훈병원
12:20,12:19,14:29,14:24
중앙보훈병원개화,개화중앙보훈병원,중앙보훈병원개화,개화중앙보훈병원
12:31,12:30,14:40,14:35
중앙보훈병원개화,개화중앙보훈병원,중앙보훈병원개화,개화중앙보훈병원
12:42,12:41,14:51,14:46
중앙보훈병원개화,개화중앙보훈병원,중앙보훈병원개화,개화중앙보훈병원
12:54,12:52,,14:57
중앙보훈병원개화,개화중앙보훈병원,,개화중앙보훈병원
13:06,13:03,15:02,15:08
중앙보훈병원개화,개화중앙보훈병원,중앙보훈병원개화,개화중앙보훈병원
13:17,13:14,15:13,15:19
중앙보훈병원개화,개화중앙보훈병원,중앙보훈병원개화,개화중앙보훈병원
13:28,13:25,15:24,15:30
중앙보훈병원개화,개화중앙보훈병원,중앙보훈병원개화,개화중앙보훈병원
13:39,13:36,15:35,15:41
중앙보훈병원개화,개화중앙보훈병원,중앙보훈병원개화,개화중앙보훈병원
13:50,13:47,15:46,15:52
중앙보훈병원개화,개화중앙보훈병원,중앙보훈병원개화,개화중앙보훈병원
,13:58,15:57,
,개화중앙보훈병원,중앙보훈병원개화,
14:01,14:09,16:08,16:03
중앙보훈병원개화,개화중앙보훈병원,중앙보훈병원개화,개화중앙보훈병원
14:12,14:20,16:19,16:14
중앙보훈병원개화,개화중앙보훈병원,중앙보훈병원개화,개화중앙보훈병원
14:23,14:31,16:30,16:25
중앙보훈병원개화,개화중앙보훈병원,중앙보훈병원개화,개화중앙보훈병원
14:34,14:42,16:41,16:36
중앙보훈병원개화,개화중앙보훈병원,중앙보훈병원개화,개화중앙보훈병원
14:45,14:54,16:52,16:47
중앙보훈병원개화,개화중앙보훈병원,중앙보훈병원개화,개화중앙보훈병원
14:56,,,16:58
중앙보훈병원개화,,,개화중앙보훈병원
15:07,15:06,17:03,17:09
중앙보훈병원개화,개화중앙보훈병원,중앙보훈병원개화,개화중앙보훈병원
15:18,15:17,17:14,17:20
중앙보훈병원개화,개화중앙보훈병원,중앙보훈병원개화,개화중앙보훈병원
15:29,15:28,17:25,17:31
중앙보훈병원개화,개화중앙보훈병원,중앙보훈병원개화,개화중앙보훈병원
15:41,15:39,17:36,17:42
중앙보훈병원개화,개화중앙보훈병원,중앙보훈병원개화,개화중앙보훈병원
15:53,15:50,17:47,17:53
중앙보훈병원개화,개화중앙보훈병원,중앙보훈병원개화,개화중앙보훈병원
16:04,16:01,17:58,
중앙보훈병원개화,개화중앙보훈병원,중앙보훈병원개화,
16:15,16:12,18:09,18:04
중앙보훈병원개화,개화중앙보훈병원,중앙보훈병원개화,개화중앙보훈병원
16:26,16:23,18:20,18:15
중앙보훈병원개화,개화중앙보훈병원,중앙보훈병원개화,개화중앙보훈병원
16:37,16:34,18:31,18:26
중앙보훈병원개화,개화중앙보훈병원,중앙보훈병원개화,개화중앙보훈병원
16:48,16:42,18:42,18:37
중앙보훈병원개화,개화중앙보훈병원,중앙보훈병원개화,개화중앙보훈병원
16:59,16:45,18:53,18:48
중앙보훈병원개화,개화중앙보훈병원,중앙보훈병원개화,개화중앙보훈병원
,16:56,,18:59
,개화중앙보훈병원,,개화중앙보훈병원
17:10,17:07,19:04,19:10
중앙보훈병원개화,개화중앙보훈병원,중앙보훈병원개화,개화중앙보훈병원
17:21,17:15,19:15,19:21
중앙보훈병원개화,개화중앙보훈병원,중앙보훈병원개화,개화중앙보훈병원
17:32,17:23,19:26,19:32
중앙보훈병원개화,개화중앙보훈병원,중앙보훈병원개화,개화중앙보훈병원
17:43,17:31,19:37,19:43
중앙보훈병원개화,개화중앙보훈병원,중앙보훈병원개화,개화중앙보훈병원
17:54,17:38,19:48,19:54
중앙보훈병원개화,개화중앙보훈병원,중앙보훈병원개화,개화중앙보훈병원
,17:46,19:59,
,개화중앙보훈병원,중앙보훈병원개화,
,17:53,20:10,20:05
,개화중앙보훈병원,중앙보훈병원개화,개화중앙보훈병원
18:02,18:00,20:21,20:16
중앙보훈병원개화,개화중앙보훈병원,중앙보훈병원개화,개화중앙보훈병원
18:10,18:07,20:32,20:27
중앙보훈병원개화,개화중앙보훈병원,중앙보훈병원개화,개화중앙보훈병원
18:19,18:14,20:43,20:38
중앙보훈병원개화,개화중앙보훈병원,중앙보훈병원개화,개화중앙보훈병원
18:27,18:21,20:54,20:50
중앙보훈병원개화,개화중앙보훈병원,중앙보훈병원개화,개화중앙보훈병원
18:35,18:29,21:05,21:02
중앙보훈병원개화,개화중앙보훈병원,중앙보훈병원개화,개화중앙보훈병원
18:43,18:36,21:16,21:14
중앙보훈병원개화,개화중앙보훈병원,중앙보훈병원개화,개화중앙보훈병원
18:50,18:43,21:27,21:26
중앙보훈병원개화,개화중앙보훈병원,중앙보훈병원개화,개화중앙보훈병원
18:57,18:50,21:38,21:38
중앙보훈병원개화,개화중앙보훈병원,중앙보훈병원개화,개화중앙보훈병원
,18:57,21:50,21:50
,개화중앙보훈병원,중앙보훈병원개화,개화중앙보훈병원
19:04,19:04,22:02,22:02
중앙보훈병원개화,개화중앙보훈병원,중앙보훈병원개화,개화중앙보훈병원
19:11,19:12,22:14,22:14
중앙보훈병원개화,개화중앙보훈병원,중앙보훈병원개화,개화중앙보훈병원
19:19,19:19,22:26,22:27
중앙보훈병원개화,개화중앙보훈병원,중앙보훈병원개화,개화중앙보훈병원
19:26,19:26,22:38,22:40
중앙보훈병원개화,개화중앙보훈병원,중앙보훈병원개화,개화중앙보훈병원
19:33,19:33,22:50,22:53
중앙보훈병원개화,개화중앙보훈병원,중앙보훈병원개화,개화중앙보훈병원
19:40,19:40,23:03,23:05
중앙보훈병원개화,개화중앙보훈병원,중앙보훈병원개화,개화중앙보훈병원
19:47,19:48,23:16막,23:15
중앙보훈병원개화,개화중앙보훈병원,중앙보훈병원개화,개화중앙보훈병원
19:54,19:57,23:29막,23:26
중앙보훈병원개화,개화중앙보훈병원,중앙보훈병원염창,개화중앙보훈병원
20:02,20:04,23:42막,23:39막
중앙보훈병원개화,개화중앙보훈병원,중앙보훈병원여의도,개화중앙보훈병원
20:09,20:12,23:53막,23:52막
중앙보훈병원개화,개화중앙보훈병원,중앙보훈병원동작,개화신논현
20:16,20:23,,
중앙보훈병원개화,개화중앙보훈병원,,
20:23,20:34,,
중앙보훈병원개화,개화중앙보훈병원,,
20:30,20:45,,
중앙보훈병원개화,개화중앙보훈병원,,
20:37,20:56,,
중앙보훈병원개화,개화중앙보훈병원,,
20:45,,,
중앙보훈병원개화,,,
20:54,,,
중앙보훈병원개화,,,
21:00,21:07,,
중앙보훈병원개화,개화중앙보훈병원,,
21:08,21:18,,
중앙보훈병원개화,개화중앙보훈병원,,
21:11,21:29,,
중앙보훈병원개화,개화중앙보훈병원,,
21:22,21:40,,
중앙보훈병원개화,개화중앙보훈병원,,
21:33,21:51,,
중앙보훈병원개화,개화중앙보훈병원,,
21:44,,,
중앙보훈병원개화,,,
21:55,,,
중앙보훈병원개화,,,
22:06,22:02,,
중앙보훈병원개화,개화중앙보훈병원,,
22:17,22:13,,
중앙보훈병원개화,개화중앙보훈병원,,
22:29,22:24,,
중앙보훈병원개화,개화중앙보훈병원,,
22:38,22:35,,
중앙보훈병원개화,개화중앙보훈병원,,
22:49,22:46,,
중앙보훈병원개화,개화중앙보훈병원,,
,22:57,,
,개화중앙보훈병원,,
23:00,23:08,,
중앙보훈병원개화,개화중앙보훈병원,,
23:11,23:19,,
중앙보훈병원개화,개화중앙보훈병원,,
23:22,23:30,,
중앙보훈병원개화,개화중앙보훈병원,,
23:33,23:41,,
중앙보훈병원개화,개화중앙보훈병원,,
23:44,23:52,,
중앙보훈병원개화,개화중앙보훈병원,,
23:55,,,
중앙보훈병원개화,,,
00:06막,0:03,,
중앙보훈병원개화,개화중앙보훈병원,,
00:17막,0:12,,
중앙보훈병원마곡나루,개화중앙보훈병원,,
00:28막,0:18,,
중앙보훈병원염창,개화중앙보훈병원,,
00:40막,00:32막,,
중앙보훈병원여의도,개화중앙보훈병원,,
00:49막,00:44막,,
중앙보훈병원동작,개화삼전,,
,00:56막,,
,개화신논현,,
