﻿여의도방면,노량진방면,여의도방면,노량진방면
평일,평일,주말,주말
05:38첫,05:32첫,05:38첫,05:31첫
동작개화,여의도중앙보훈병원,동작개화,여의도중앙보훈병원
5:49,5:44,5:48,5:43
신논현개화,염창중앙보훈병원,신논현개화,염창중앙보훈병원
,5:57,,5:56
,마곡나루중앙보훈병원,,마곡나루중앙보훈병원
6:02,6:08,6:02,6:06
삼전개화,개화중앙보훈병원,삼전개화,개화중앙보훈병원
6:18,6:20,6:20,6:18
중앙보훈병원개화,개화중앙보훈병원,중앙보훈병원개화,개화중앙보훈병원
6:33,6:32,6:33,6:30
중앙보훈병원개화,개화중앙보훈병원,중앙보훈병원개화,개화중앙보훈병원
6:46,6:44,6:46,6:42
중앙보훈병원개화,개화중앙보훈병원,중앙보훈병원개화,개화중앙보훈병원
6:59,6:52,6:59,6:54
중앙보훈병원개화,개화중앙보훈병원,중앙보훈병원개화,개화중앙보훈병원
7:12,7:02,7:11,7:06
중앙보훈병원개화,개화중앙보훈병원,중앙보훈병원개화,개화중앙보훈병원
7:25,7:10,7:23,7:18
중앙보훈병원개화,개화중앙보훈병원,중앙보훈병원개화,개화중앙보훈병원
7:38,7:16,7:35,7:30
중앙보훈병원개화,개화중앙보훈병원,중앙보훈병원개화,개화중앙보훈병원
7:46,7:23,7:47,7:42
중앙보훈병원개화,개화중앙보훈병원,중앙보훈병원개화,개화중앙보훈병원
7:58,7:30,7:59,7:54
중앙보훈병원개화,개화중앙보훈병원,중앙보훈병원개화,개화중앙보훈병원
,7:37,8:11,8:06
,개화중앙보훈병원,중앙보훈병원개화,개화중앙보훈병원
,7:44,8:23,8:18
,개화중앙보훈병원,중앙보훈병원개화,개화중앙보훈병원
,7:51,8:35,8:30
,개화중앙보훈병원,중앙보훈병원개화,개화중앙보훈병원
,7:57,8:47,8:42
,개화중앙보훈병원,중앙보훈병원개화,개화중앙보훈병원
8:10,8:04,8:59,8:54
중앙보훈병원개화,개화중앙보훈병원,중앙보훈병원개화,개화중앙보훈병원
8:18,8:11,9:11,9:06
중앙보훈병원개화,개화중앙보훈병원,중앙보훈병원개화,개화중앙보훈병원
8:27,8:18,9:23,9:18
중앙보훈병원개화,개화중앙보훈병원,중앙보훈병원개화,개화중앙보훈병원
8:36,8:25,9:35,9:30
중앙보훈병원개화,개화중앙보훈병원,중앙보훈병원개화,개화중앙보훈병원
8:44,8:32,9:47,9:41
중앙보훈병원개화,개화중앙보훈병원,중앙보훈병원개화,개화중앙보훈병원
8:53,8:38,9:59,9:52
중앙보훈병원개화,개화중앙보훈병원,중앙보훈병원개화,개화중앙보훈병원
,8:45,10:11,10:03
,개화중앙보훈병원,중앙보훈병원개화,개화중앙보훈병원
,8:52,10:23,10:14
,개화중앙보훈병원,중앙보훈병원개화,개화중앙보훈병원
,8:59,10:35,10:25
,개화중앙보훈병원,중앙보훈병원개화,개화중앙보훈병원
9:00,9:06,10:46,10:36
중앙보훈병원개화,개화중앙보훈병원,중앙보훈병원개화,개화중앙보훈병원
9:07,9:12,10:57,10:47
중앙보훈병원개화,개화중앙보훈병원,중앙보훈병원개화,개화중앙보훈병원
9:14,9:23,,10:58
중앙보훈병원개화,개화중앙보훈병원,,개화중앙보훈병원
9:21,9:34,11:08,11:09
중앙보훈병원개화,개화중앙보훈병원,중앙보훈병원개화,개화중앙보훈병원
9:28,9:45,11:19,11:20
중앙보훈병원개화,개화중앙보훈병원,중앙보훈병원개화,개화중앙보훈병원
9:34,9:56,11:30,11:31
중앙보훈병원개화,개화중앙보훈병원,중앙보훈병원개화,개화중앙보훈병원
9:41,,11:41,11:42
중앙보훈병원개화,,중앙보훈병원개화,개화중앙보훈병원
9:48,,11:52,11:53
중앙보훈병원개화,,중앙보훈병원개화,개화중앙보훈병원
9:55,,12:03,12:04
중앙보훈병원개화,,중앙보훈병원개화,개화중앙보훈병원
10:02,10:07,12:14,12:15
중앙보훈병원개화,개화중앙보훈병원,중앙보훈병원개화,개화중앙보훈병원
10:09,10:18,12:25,12:26
중앙보훈병원개화,개화중앙보훈병원,중앙보훈병원개화,개화중앙보훈병원
10:15,10:29,12:36,12:37
중앙보훈병원개화,개화중앙보훈병원,중앙보훈병원개화,개화중앙보훈병원
10:22,10:40,12:47,12:48
중앙보훈병원개화,개화중앙보훈병원,중앙보훈병원개화,개화중앙보훈병원
10:29,10:51,12:58,12:59
중앙보훈병원개화,개화중앙보훈병원,중앙보훈병원개화,개화중앙보훈병원
10:36,,13:09,13:10
중앙보훈병원개화,,중앙보훈병원개화,개화중앙보훈병원
10:42,,13:20,13:21
중앙보훈병원개화,,중앙보훈병원개화,개화중앙보훈병원
10:50,,13:31,13:32
중앙보훈병원개화,,중앙보훈병원개화,개화중앙보훈병원
10:58,,13:42,13:43
중앙보훈병원개화,,중앙보훈병원개화,개화중앙보훈병원
11:03,11:02,13:53,13:54
중앙보훈병원개화,개화중앙보훈병원,중앙보훈병원개화,개화중앙보훈병원
11:11,11:13,14:04,14:05
중앙보훈병원개화,개화중앙보훈병원,중앙보훈병원개화,개화중앙보훈병원
11:23,11:24,14:15,14:16
중앙보훈병원개화,개화중앙보훈병원,중앙보훈병원개화,개화중앙보훈병원
11:34,11:36,14:26,14:27
중앙보훈병원개화,개화중앙보훈병원,중앙보훈병원개화,개화중앙보훈병원
11:45,11:47,14:37,14:38
중앙보훈병원개화,개화중앙보훈병원,중앙보훈병원개화,개화중앙보훈병원
11:56,11:59,14:48,14:49
중앙보훈병원개화,개화중앙보훈병원,중앙보훈병원개화,개화중앙보훈병원
12:07,12:10,14:59,
중앙보훈병원개화,개화중앙보훈병원,중앙보훈병원개화,
12:18,12:21,15:10,15:00
중앙보훈병원개화,개화중앙보훈병원,중앙보훈병원개화,개화중앙보훈병원
12:29,12:32,15:21,15:11
중앙보훈병원개화,개화중앙보훈병원,중앙보훈병원개화,개화중앙보훈병원
12:40,12:43,15:32,15:22
중앙보훈병원개화,개화중앙보훈병원,중앙보훈병원개화,개화중앙보훈병원
12:51,12:54,15:43,15:33
중앙보훈병원개화,개화중앙보훈병원,중앙보훈병원개화,개화중앙보훈병원
13:02,13:05,15:54,15:44
중앙보훈병원개화,개화중앙보훈병원,중앙보훈병원개화,개화중앙보훈병원
13:13,13:16,,15:55
중앙보훈병원개화,개화중앙보훈병원,,개화중앙보훈병원
13:25,13:27,16:05,16:06
중앙보훈병원개화,개화중앙보훈병원,중앙보훈병원개화,개화중앙보훈병원
13:37,13:38,16:16,16:17
중앙보훈병원개화,개화중앙보훈병원,중앙보훈병원개화,개화중앙보훈병원
13:48,13:49,16:27,16:28
중앙보훈병원개화,개화중앙보훈병원,중앙보훈병원개화,개화중앙보훈병원
13:59,,16:38,16:39
중앙보훈병원개화,,중앙보훈병원개화,개화중앙보훈병원
14:10,14:00,16:49,16:50
중앙보훈병원개화,개화중앙보훈병원,중앙보훈병원개화,개화중앙보훈병원
14:21,14:11,17:00,17:01
중앙보훈병원개화,개화중앙보훈병원,중앙보훈병원개화,개화중앙보훈병원
14:32,14:22,17:11,17:12
중앙보훈병원개화,개화중앙보훈병원,중앙보훈병원개화,개화중앙보훈병원
14:43,14:35,17:22,17:23
중앙보훈병원개화,개화중앙보훈병원,중앙보훈병원개화,개화중앙보훈병원
14:54,14:47,17:33,17:34
중앙보훈병원개화,개화중앙보훈병원,중앙보훈병원개화,개화중앙보훈병원
,14:57,17:44,17:45
,개화중앙보훈병원,중앙보훈병원개화,개화중앙보훈병원
15:05,15:08,17:55,17:56
중앙보훈병원개화,개화중앙보훈병원,중앙보훈병원개화,개화중앙보훈병원
15:16,15:19,18:06,18:07
중앙보훈병원개화,개화중앙보훈병원,중앙보훈병원개화,개화중앙보훈병원
15:27,15:30,18:17,18:18
중앙보훈병원개화,개화중앙보훈병원,중앙보훈병원개화,개화중앙보훈병원
15:38,15:41,18:28,18:29
중앙보훈병원개화,개화중앙보훈병원,중앙보훈병원개화,개화중앙보훈병원
15:49,15:52,18:39,18:40
중앙보훈병원개화,개화중앙보훈병원,중앙보훈병원개화,개화중앙보훈병원
16:00,16:03,18:50,18:51
중앙보훈병원개화,개화중앙보훈병원,중앙보훈병원개화,개화중앙보훈병원
16:12,16:14,19:01,19:02
중앙보훈병원개화,개화중앙보훈병원,중앙보훈병원개화,개화중앙보훈병원
16:24,16:22,19:12,19:13
중앙보훈병원개화,개화중앙보훈병원,중앙보훈병원개화,개화중앙보훈병원
16:35,16:25,19:23,19:24
중앙보훈병원개화,개화중앙보훈병원,중앙보훈병원개화,개화중앙보훈병원
16:46,16:36,19:34,19:35
중앙보훈병원개화,개화중앙보훈병원,중앙보훈병원개화,개화중앙보훈병원
16:57,16:47,19:45,19:46
중앙보훈병원개화,개화중앙보훈병원,중앙보훈병원개화,개화중앙보훈병원
,16:55,19:56,19:57
,개화중앙보훈병원,중앙보훈병원개화,개화중앙보훈병원
17:08,17:03,20:07,20:08
중앙보훈병원개화,개화중앙보훈병원,중앙보훈병원개화,개화중앙보훈병원
17:19,17:12,20:18,20:19
중앙보훈병원개화,개화중앙보훈병원,중앙보훈병원개화,개화중앙보훈병원
17:30,17:19,20:29,20:31
중앙보훈병원개화,개화중앙보훈병원,중앙보훈병원개화,개화중앙보훈병원
17:41,17:26,20:40,20:43
중앙보훈병원개화,개화중앙보훈병원,중앙보훈병원개화,개화중앙보훈병원
17:52,17:33,20:51,20:55
중앙보훈병원개화,개화중앙보훈병원,중앙보훈병원개화,개화중앙보훈병원
,17:40,21:02,21:07
,개화중앙보훈병원,중앙보훈병원개화,개화중앙보훈병원
,17:47,21:13,21:19
,개화중앙보훈병원,중앙보훈병원개화,개화중앙보훈병원
,17:55,21:24,21:31
,개화중앙보훈병원,중앙보훈병원개화,개화중앙보훈병원
18:03,18:02,21:35,21:43
중앙보훈병원개화,개화중앙보훈병원,중앙보훈병원개화,개화중앙보훈병원
18:14,18:09,21:46,21:55
중앙보훈병원개화,개화중앙보훈병원,중앙보훈병원개화,개화중앙보훈병원
18:21,18:16,21:57,
중앙보훈병원개화,개화중앙보훈병원,중앙보훈병원개화,
18:30,18:23,22:09,22:07
중앙보훈병원개화,개화중앙보훈병원,중앙보훈병원개화,개화중앙보훈병원
18:38,18:30,22:21,22:20
중앙보훈병원개화,개화중앙보훈병원,중앙보훈병원개화,개화중앙보훈병원
18:46,18:38,22:33,22:33
중앙보훈병원개화,개화중앙보훈병원,중앙보훈병원개화,개화중앙보훈병원
18:54,18:45,22:45,22:46
중앙보훈병원개화,개화중앙보훈병원,중앙보훈병원개화,개화중앙보훈병원
,18:52,22:57,22:58
,개화중앙보훈병원,중앙보훈병원개화,개화중앙보훈병원
,18:59,23:09,23:09
,개화중앙보훈병원,중앙보훈병원개화,개화중앙보훈병원
19:02,19:06,23:22,23:22막
중앙보훈병원개화,개화중앙보훈병원,중앙보훈병원개화,개화중앙보훈병원
19:09,19:13,23:35막,23:35막
중앙보훈병원개화,개화중앙보훈병원,중앙보훈병원개화,개화신논현
19:17,19:21,23:48막,23:48막
중앙보훈병원개화,개화중앙보훈병원,중앙보훈병원염창,개화동작
19:24,19:28,23:58막,
중앙보훈병원개화,개화중앙보훈병원,중앙보훈병원여의도,
19:31,19:37,,
중앙보훈병원개화,개화중앙보훈병원,,
19:38,19:46,,
중앙보훈병원개화,개화중앙보훈병원,,
19:45,19:52,,
중앙보훈병원개화,개화중앙보훈병원,,
19:52,,,
중앙보훈병원개화,,,
20:00,20:03,,
중앙보훈병원개화,개화중앙보훈병원,,
20:07,20:14,,
중앙보훈병원개화,개화중앙보훈병원,,
20:14,20:25,,
중앙보훈병원개화,개화중앙보훈병원,,
20:21,20:36,,
중앙보훈병원개화,개화중앙보훈병원,,
20:28,20:47,,
중앙보훈병원개화,개화중앙보훈병원,,
20:35,20:58,,
중앙보훈병원개화,개화중앙보훈병원,,
20:43,,,
중앙보훈병원개화,,,
20:50,,,
중앙보훈병원개화,,,
20:57,,,
중앙보훈병원개화,,,
21:02,21:09,,
중앙보훈병원개화,개화중앙보훈병원,,
21:12,21:20,,
중앙보훈병원개화,개화중앙보훈병원,,
21:20,21:31,,
중앙보훈병원개화,개화중앙보훈병원,,
21:28,21:42,,
중앙보훈병원개화,개화중앙보훈병원,,
21:31,21:53,,
중앙보훈병원개화,개화중앙보훈병원,,
21:42,,,
중앙보훈병원개화,,,
21:53,,,
중앙보훈병원개화,,,
22:04,22:04,,
중앙보훈병원개화,개화중앙보훈병원,,
22:15,22:15,,
중앙보훈병원개화,개화중앙보훈병원,,
22:26,22:26,,
중앙보훈병원개화,개화중앙보훈병원,,
22:37,22:37,,
중앙보훈병원개화,개화중앙보훈병원,,
22:48,22:48,,
중앙보훈병원개화,개화중앙보훈병원,,
22:58,22:59,,
중앙보훈병원개화,개화중앙보훈병원,,
23:09,23:10,,
중앙보훈병원개화,개화중앙보훈병원,,
23:20,23:21,,
중앙보훈병원개화,개화중앙보훈병원,,
23:31,23:32,,
중앙보훈병원개화,개화중앙보훈병원,,
23:42,23:43,,
중앙보훈병원개화,개화중앙보훈병원,,
23:53,23:54,,
중앙보훈병원개화,개화중앙보훈병원,,
0:04,0:03,,
중앙보훈병원개화,개화중앙보훈병원,,
0:15,00:14막,,
중앙보훈병원개화,개화중앙보훈병원,,
00:26막,00:26막,,
중앙보훈병원개화,개화삼전,,
00:36막,00:38막,,
중앙보훈병원마곡나루,개화신논현,,
00:48막,00:51막,,
중앙보훈병원염창,개화동작,,
00:57막,,,
중앙보훈병원여의도,,,
