﻿선정릉방면,봉은사방면,선정릉방면,봉은사방면
평일,평일,주말,주말
05:37첫,05:35첫,05:37첫,05:35첫
삼전개화,신논현중앙보훈병원,삼전개화,신논현중앙보훈병원
5:52,5:48,5:54,5:46
중앙보훈병원개화,동작중앙보훈병원,중앙보훈병원개화,동작중앙보훈병원
6:05,6:01,,5:59
중앙보훈병원개화,여의도중앙보훈병원,,여의도중앙보훈병원
6:18,6:14,6:06,6:11
중앙보훈병원개화,염창중앙보훈병원,중앙보훈병원개화,염창중앙보훈병원
6:31,6:25,6:19,6:22
중앙보훈병원개화,마곡나루중앙보훈병원,중앙보훈병원개화,마곡나루중앙보훈병원
6:44,6:35,6:32,6:33
중앙보훈병원개화,개화중앙보훈병원,중앙보훈병원개화,개화중앙보훈병원
6:57,6:48,6:44,6:45
중앙보훈병원개화,개화중앙보훈병원,중앙보훈병원개화,개화중앙보훈병원
7:10,7:00,6:56,6:57
중앙보훈병원개화,개화중앙보훈병원,중앙보훈병원개화,개화중앙보훈병원
7:18,7:12,7:08,7:09
중앙보훈병원개화,개화중앙보훈병원,중앙보훈병원개화,개화중앙보훈병원
7:30,7:21,7:20,7:21
중앙보훈병원개화,개화중앙보훈병원,중앙보훈병원개화,개화중앙보훈병원
7:42,7:30,7:32,7:33
중앙보훈병원개화,개화중앙보훈병원,중앙보훈병원개화,개화중앙보훈병원
7:50,7:37,7:44,7:45
중앙보훈병원개화,개화중앙보훈병원,중앙보훈병원개화,개화중앙보훈병원
7:57,7:44,7:56,7:57
중앙보훈병원개화,개화중앙보훈병원,중앙보훈병원개화,개화중앙보훈병원
,7:51,8:08,8:09
,개화중앙보훈병원,중앙보훈병원개화,개화중앙보훈병원
,7:58,8:20,8:21
,개화중앙보훈병원,중앙보훈병원개화,개화중앙보훈병원
8:05,8:05,8:32,8:33
중앙보훈병원개화,개화중앙보훈병원,중앙보훈병원개화,개화중앙보훈병원
8:14,8:11,8:44,8:45
중앙보훈병원개화,개화중앙보훈병원,중앙보훈병원개화,개화중앙보훈병원
8:22,8:18,8:56,8:57
중앙보훈병원개화,개화중앙보훈병원,중앙보훈병원개화,개화중앙보훈병원
8:30,8:25,9:08,9:09
중앙보훈병원개화,개화중앙보훈병원,중앙보훈병원개화,개화중앙보훈병원
8:37,8:32,9:20,9:21
중앙보훈병원개화,개화중앙보훈병원,중앙보훈병원개화,개화중앙보훈병원
8:44,8:39,9:32,9:33
중앙보훈병원개화,개화중앙보훈병원,중앙보훈병원개화,개화중앙보훈병원
8:51,8:46,9:44,9:45
중앙보훈병원개화,개화중앙보훈병원,중앙보훈병원개화,개화중앙보훈병원
8:57,8:52,9:56,9:57
중앙보훈병원개화,개화중앙보훈병원,중앙보훈병원개화,개화중앙보훈병원
,8:59,10:08,10:08
,개화중앙보훈병원,중앙보훈병원개화,개화중앙보훈병원
9:04,9:06,10:19,10:19
중앙보훈병원개화,개화중앙보훈병원,중앙보훈병원개화,개화중앙보훈병원
9:11,9:13,10:30,10:30
중앙보훈병원개화,개화중앙보훈병원,중앙보훈병원개화,개화중앙보훈병원
9:18,9:20,10:41,10:41
중앙보훈병원개화,개화중앙보훈병원,중앙보훈병원개화,개화중앙보훈병원
9:25,9:27,10:52,10:52
중앙보훈병원개화,개화중앙보훈병원,중앙보훈병원개화,개화중앙보훈병원
9:32,9:32,11:03,11:03
중앙보훈병원개화,개화중앙보훈병원,중앙보훈병원개화,개화중앙보훈병원
9:38,9:40,11:14,11:14
중앙보훈병원개화,개화중앙보훈병원,중앙보훈병원개화,개화중앙보훈병원
9:45,9:51,11:25,11:25
중앙보훈병원개화,개화중앙보훈병원,중앙보훈병원개화,개화중앙보훈병원
9:52,,11:36,11:36
중앙보훈병원개화,,중앙보훈병원개화,개화중앙보훈병원
9:59,,11:47,11:47
중앙보훈병원개화,,중앙보훈병원개화,개화중앙보훈병원
10:06,10:02,11:58,11:58
중앙보훈병원개화,개화중앙보훈병원,중앙보훈병원개화,개화중앙보훈병원
10:14,10:13,12:09,12:09
중앙보훈병원개화,개화중앙보훈병원,중앙보훈병원개화,개화중앙보훈병원
10:22,10:24,12:20,12:20
중앙보훈병원개화,개화중앙보훈병원,중앙보훈병원개화,개화중앙보훈병원
10:30,10:35,12:31,12:31
중앙보훈병원개화,개화중앙보훈병원,중앙보훈병원개화,개화중앙보훈병원
10:34,10:46,12:42,12:42
중앙보훈병원개화,개화중앙보훈병원,중앙보훈병원개화,개화중앙보훈병원
10:43,10:57,12:53,12:53
중앙보훈병원개화,개화중앙보훈병원,중앙보훈병원개화,개화중앙보훈병원
10:55,,13:04,13:04
중앙보훈병원개화,,중앙보훈병원개화,개화중앙보훈병원
11:06,11:08,13:15,13:15
중앙보훈병원개화,개화중앙보훈병원,중앙보훈병원개화,개화중앙보훈병원
11:17,11:19,13:26,13:26
중앙보훈병원개화,개화중앙보훈병원,중앙보훈병원개화,개화중앙보훈병원
11:28,11:30,13:37,13:37
중앙보훈병원개화,개화중앙보훈병원,중앙보훈병원개화,개화중앙보훈병원
11:39,11:41,13:48,13:48
중앙보훈병원개화,개화중앙보훈병원,중앙보훈병원개화,개화중앙보훈병원
11:50,11:52,13:59,13:59
중앙보훈병원개화,개화중앙보훈병원,중앙보훈병원개화,개화중앙보훈병원
12:01,12:03,14:10,14:10
중앙보훈병원개화,개화중앙보훈병원,중앙보훈병원개화,개화중앙보훈병원
12:12,12:15,14:21,14:21
중앙보훈병원개화,개화중앙보훈병원,중앙보훈병원개화,개화중앙보훈병원
12:23,12:27,14:32,14:32
중앙보훈병원개화,개화중앙보훈병원,중앙보훈병원개화,개화중앙보훈병원
12:34,12:38,14:43,14:43
중앙보훈병원개화,개화중앙보훈병원,중앙보훈병원개화,개화중앙보훈병원
12:45,12:49,14:54,14:54
중앙보훈병원개화,개화중앙보훈병원,중앙보훈병원개화,개화중앙보훈병원
12:57,,15:05,15:05
중앙보훈병원개화,,중앙보훈병원개화,개화중앙보훈병원
13:09,13:00,15:16,15:16
중앙보훈병원개화,개화중앙보훈병원,중앙보훈병원개화,개화중앙보훈병원
13:20,13:11,15:27,15:27
중앙보훈병원개화,개화중앙보훈병원,중앙보훈병원개화,개화중앙보훈병원
13:31,13:22,15:38,15:38
중앙보훈병원개화,개화중앙보훈병원,중앙보훈병원개화,개화중앙보훈병원
13:42,13:33,15:49,15:49
중앙보훈병원개화,개화중앙보훈병원,중앙보훈병원개화,개화중앙보훈병원
13:53,13:44,16:00,16:00
중앙보훈병원개화,개화중앙보훈병원,중앙보훈병원개화,개화중앙보훈병원
,13:55,16:11,16:11
,개화중앙보훈병원,중앙보훈병원개화,개화중앙보훈병원
14:04,14:06,16:22,16:22
중앙보훈병원개화,개화중앙보훈병원,중앙보훈병원개화,개화중앙보훈병원
14:15,14:17,16:33,16:33
중앙보훈병원개화,개화중앙보훈병원,중앙보훈병원개화,개화중앙보훈병원
14:26,14:28,16:44,16:44
중앙보훈병원개화,개화중앙보훈병원,중앙보훈병원개화,개화중앙보훈병원
14:37,14:39,16:55,16:55
중앙보훈병원개화,개화중앙보훈병원,중앙보훈병원개화,개화중앙보훈병원
14:48,14:51,17:06,17:06
중앙보훈병원개화,개화중앙보훈병원,중앙보훈병원개화,개화중앙보훈병원
14:59,,17:17,17:17
중앙보훈병원개화,,중앙보훈병원개화,개화중앙보훈병원
15:10,15:03,17:28,17:28
중앙보훈병원개화,개화중앙보훈병원,중앙보훈병원개화,개화중앙보훈병원
15:21,15:14,17:39,17:39
중앙보훈병원개화,개화중앙보훈병원,중앙보훈병원개화,개화중앙보훈병원
15:32,15:25,17:50,17:50
중앙보훈병원개화,개화중앙보훈병원,중앙보훈병원개화,개화중앙보훈병원
15:44,15:36,18:01,18:01
중앙보훈병원개화,개화중앙보훈병원,중앙보훈병원개화,개화중앙보훈병원
15:56,15:47,18:12,18:12
중앙보훈병원개화,개화중앙보훈병원,중앙보훈병원개화,개화중앙보훈병원
,15:58,18:23,18:23
,개화중앙보훈병원,중앙보훈병원개화,개화중앙보훈병원
16:07,16:09,18:34,18:34
중앙보훈병원개화,개화중앙보훈병원,중앙보훈병원개화,개화중앙보훈병원
16:18,16:20,18:45,18:45
중앙보훈병원개화,개화중앙보훈병원,중앙보훈병원개화,개화중앙보훈병원
16:29,16:31,18:56,18:56
중앙보훈병원개화,개화중앙보훈병원,중앙보훈병원개화,개화중앙보훈병원
16:40,16:42,19:07,19:07
중앙보훈병원개화,개화중앙보훈병원,중앙보훈병원개화,개화중앙보훈병원
16:51,16:50,19:18,19:18
중앙보훈병원개화,개화중앙보훈병원,중앙보훈병원개화,개화중앙보훈병원
,16:53,19:29,19:29
,개화중앙보훈병원,중앙보훈병원개화,개화중앙보훈병원
17:02,17:04,19:40,19:40
중앙보훈병원개화,개화중앙보훈병원,중앙보훈병원개화,개화중앙보훈병원
17:13,17:15,19:51,19:51
중앙보훈병원개화,개화중앙보훈병원,중앙보훈병원개화,개화중앙보훈병원
17:24,17:23,20:02,20:02
중앙보훈병원개화,개화중앙보훈병원,중앙보훈병원개화,개화중앙보훈병원
17:35,17:31,20:13,20:13
중앙보훈병원개화,개화중앙보훈병원,중앙보훈병원개화,개화중앙보훈병원
17:46,17:39,20:24,20:24
중앙보훈병원개화,개화중앙보훈병원,중앙보훈병원개화,개화중앙보훈병원
17:53,17:46,20:35,20:35
중앙보훈병원개화,개화중앙보훈병원,중앙보훈병원개화,개화중앙보훈병원
17:59,17:54,20:46,20:46
중앙보훈병원개화,개화중앙보훈병원,중앙보훈병원개화,개화중앙보훈병원
18:08,18:01,20:57,20:58
중앙보훈병원개화,개화중앙보훈병원,중앙보훈병원개화,개화중앙보훈병원
18:16,18:08,21:08,21:10
중앙보훈병원개화,개화중앙보훈병원,중앙보훈병원개화,개화중앙보훈병원
18:24,18:15,21:19,21:22
중앙보훈병원개화,개화중앙보훈병원,중앙보훈병원개화,개화중앙보훈병원
18:32,18:22,21:30,21:34
중앙보훈병원개화,개화중앙보훈병원,중앙보훈병원개화,개화중앙보훈병원
18:39,18:29,21:42,21:46
중앙보훈병원개화,개화중앙보훈병원,중앙보훈병원개화,개화중앙보훈병원
18:46,18:37,21:54,21:58
중앙보훈병원개화,개화중앙보훈병원,중앙보훈병원개화,개화중앙보훈병원
18:54,18:44,22:06,22:10
중앙보훈병원개화,개화중앙보훈병원,중앙보훈병원개화,개화중앙보훈병원
,18:51,22:18,22:22
,개화중앙보훈병원,중앙보훈병원개화,개화중앙보훈병원
,18:58,22:30,22:35
,개화중앙보훈병원,중앙보훈병원개화,개화중앙보훈병원
19:01,19:05,22:42,22:48
중앙보훈병원개화,개화중앙보훈병원,중앙보훈병원개화,개화중앙보훈병원
19:08,19:12,22:55,
중앙보훈병원개화,개화중앙보훈병원,중앙보훈병원개화,
19:15,19:20,23:08막,23:01
중앙보훈병원개화,개화중앙보훈병원,중앙보훈병원개화,개화중앙보훈병원
19:22,19:27,23:21막,23:13
중앙보훈병원개화,개화중앙보훈병원,중앙보훈병원염창,개화중앙보훈병원
19:29,19:34,23:34막,23:23
중앙보훈병원개화,개화중앙보훈병원,중앙보훈병원여의도,개화중앙보훈병원
19:37,19:41,23:44막,23:34
중앙보훈병원개화,개화중앙보훈병원,중앙보훈병원동작,개화중앙보훈병원
19:44,19:48,23:58막,23:47막
중앙보훈병원개화,개화중앙보훈병원,중앙보훈병원신논현,개화중앙보훈병원
19:51,19:57,,
중앙보훈병원개화,개화중앙보훈병원,,
19:58,,,
중앙보훈병원개화,,,
20:05,20:05,,
중앙보훈병원개화,개화중앙보훈병원,,
20:12,20:12,,
중앙보훈병원개화,개화중앙보훈병원,,
20:20,20:20,,
중앙보훈병원개화,개화중앙보훈병원,,
20:27,20:31,,
중앙보훈병원개화,개화중앙보훈병원,,
20:34,20:42,,
중앙보훈병원개화,개화중앙보훈병원,,
20:43,20:53,,
중앙보훈병원개화,개화중앙보훈병원,,
20:52,,,
중앙보훈병원개화,,,
20:59,,,
중앙보훈병원개화,,,
21:03,21:04,,
중앙보훈병원개화,개화중앙보훈병원,,
21:14,21:15,,
중앙보훈병원개화,개화중앙보훈병원,,
21:25,21:26,,
중앙보훈병원개화,개화중앙보훈병원,,
21:36,21:37,,
중앙보훈병원개화,개화중앙보훈병원,,
21:47,21:48,,
중앙보훈병원개화,개화중앙보훈병원,,
21:58,21:59,,
중앙보훈병원개화,개화중앙보훈병원,,
22:09,22:10,,
중앙보훈병원개화,개화중앙보훈병원,,
22:20,22:21,,
중앙보훈병원개화,개화중앙보훈병원,,
22:30,22:32,,
중앙보훈병원개화,개화중앙보훈병원,,
22:41,22:43,,
중앙보훈병원개화,개화중앙보훈병원,,
22:52,22:54,,
중앙보훈병원개화,개화중앙보훈병원,,
23:03,23:05,,
중앙보훈병원개화,개화중앙보훈병원,,
23:14,23:16,,
중앙보훈병원개화,개화중앙보훈병원,,
23:25,23:27,,
중앙보훈병원개화,개화중앙보훈병원,,
23:36,23:38,,
중앙보훈병원개화,개화중앙보훈병원,,
23:47,23:49,,
중앙보훈병원개화,개화중앙보훈병원,,
23:58막,,,
중앙보훈병원개화,,,
00:09막,0:00,,
중앙보훈병원마곡나루,개화중앙보훈병원,,
00:20막,0:11,,
중앙보훈병원염창,개화중앙보훈병원,,
00:31막,0:20,,
중앙보훈병원여의도,개화중앙보훈병원,,
00:41막,0:26,,
중앙보훈병원동작,개화중앙보훈병원,,
00:54막,00:40막,,
중앙보훈병원신논현,개화중앙보훈병원,,
,00:52막,,
,개화삼전,,
