﻿종합운동장방면,석촌고분방면,종합운동장방면,석촌고분방면
평일,평일,주말,주말
05:30첫,05:30첫,05:30첫,05:30첫
삼전개화,삼전중앙보훈병원,삼전개화,삼전중앙보훈병원
5:45,5:43,5:46,5:42
중앙보훈병원개화,신논현중앙보훈병원,중앙보훈병원개화,신논현중앙보훈병원
5:58,5:55,5:59,5:53
중앙보훈병원개화,동작중앙보훈병원,중앙보훈병원개화,동작중앙보훈병원
6:11,6:09,6:12,6:06
중앙보훈병원개화,여의도중앙보훈병원,중앙보훈병원개화,여의도중앙보훈병원
6:24,6:22,6:25,6:18
중앙보훈병원개화,염창중앙보훈병원,중앙보훈병원개화,염창중앙보훈병원
6:37,6:32,6:37,6:30
중앙보훈병원개화,마곡나루중앙보훈병원,중앙보훈병원개화,마곡나루중앙보훈병원
6:50,6:43,6:49,6:41
중앙보훈병원개화,개화중앙보훈병원,중앙보훈병원개화,개화중앙보훈병원
,6:55,,6:53
,개화중앙보훈병원,,개화중앙보훈병원
7:03,7:07,7:01,7:05
중앙보훈병원개화,개화중앙보훈병원,중앙보훈병원개화,개화중앙보훈병원
7:11,7:20,7:13,7:16
중앙보훈병원개화,개화중앙보훈병원,중앙보훈병원개화,개화중앙보훈병원
7:23,7:28,7:25,7:28
중앙보훈병원개화,개화중앙보훈병원,중앙보훈병원개화,개화중앙보훈병원
7:35,7:37,7:37,7:40
중앙보훈병원개화,개화중앙보훈병원,중앙보훈병원개화,개화중앙보훈병원
7:41,7:45,7:49,7:52
중앙보훈병원개화,개화중앙보훈병원,중앙보훈병원개화,개화중앙보훈병원
7:50,7:52,8:01,8:04
중앙보훈병원개화,개화중앙보훈병원,중앙보훈병원개화,개화중앙보훈병원
7:58,7:58,8:13,8:16
중앙보훈병원개화,개화중앙보훈병원,중앙보훈병원개화,개화중앙보훈병원
8:07,8:05,8:25,8:28
중앙보훈병원개화,개화중앙보훈병원,중앙보훈병원개화,개화중앙보훈병원
8:15,8:12,8:37,8:40
중앙보훈병원개화,개화중앙보훈병원,중앙보훈병원개화,개화중앙보훈병원
8:23,8:19,8:49,8:52
중앙보훈병원개화,개화중앙보훈병원,중앙보훈병원개화,개화중앙보훈병원
8:30,8:26,9:01,9:04
중앙보훈병원개화,개화중앙보훈병원,중앙보훈병원개화,개화중앙보훈병원
8:37,8:33,9:13,9:16
중앙보훈병원개화,개화중앙보훈병원,중앙보훈병원개화,개화중앙보훈병원
8:44,8:39,9:25,9:28
중앙보훈병원개화,개화중앙보훈병원,중앙보훈병원개화,개화중앙보훈병원
8:50,8:46,9:37,9:40
중앙보훈병원개화,개화중앙보훈병원,중앙보훈병원개화,개화중앙보훈병원
8:57,8:53,9:49,9:52
중앙보훈병원개화,개화중앙보훈병원,중앙보훈병원개화,개화중앙보훈병원
9:04,9:00,10:01,10:04
중앙보훈병원개화,개화중앙보훈병원,중앙보훈병원개화,개화중앙보훈병원
9:11,9:07,10:12,10:15
중앙보훈병원개화,개화중앙보훈병원,중앙보훈병원개화,개화중앙보훈병원
9:18,9:14,10:23,10:26
중앙보훈병원개화,개화중앙보훈병원,중앙보훈병원개화,개화중앙보훈병원
9:25,9:20,10:34,10:37
중앙보훈병원개화,개화중앙보훈병원,중앙보훈병원개화,개화중앙보훈병원
9:31,9:27,10:45,10:48
중앙보훈병원개화,개화중앙보훈병원,중앙보훈병원개화,개화중앙보훈병원
9:38,9:34,10:56,10:59
중앙보훈병원개화,개화중앙보훈병원,중앙보훈병원개화,개화중앙보훈병원
9:45,9:41,11:07,11:10
중앙보훈병원개화,개화중앙보훈병원,중앙보훈병원개화,개화중앙보훈병원
9:52,9:47,11:18,11:21
중앙보훈병원개화,개화중앙보훈병원,중앙보훈병원개화,개화중앙보훈병원
9:59,9:58,11:29,11:32
중앙보훈병원개화,개화중앙보훈병원,중앙보훈병원개화,개화중앙보훈병원
10:07,10:09,11:40,11:43
중앙보훈병원개화,개화중앙보훈병원,중앙보훈병원개화,개화중앙보훈병원
10:15,10:20,11:51,11:54
중앙보훈병원개화,개화중앙보훈병원,중앙보훈병원개화,개화중앙보훈병원
10:21,10:31,12:02,12:05
중앙보훈병원개화,개화중앙보훈병원,중앙보훈병원개화,개화중앙보훈병원
10:26,10:42,12:13,12:16
중앙보훈병원개화,개화중앙보훈병원,중앙보훈병원개화,개화중앙보훈병원
10:36,10:53,12:24,12:27
중앙보훈병원개화,개화중앙보훈병원,중앙보훈병원개화,개화중앙보훈병원
10:48,,12:35,12:38
중앙보훈병원개화,,중앙보훈병원개화,개화중앙보훈병원
10:59,,12:46,12:49
중앙보훈병원개화,,중앙보훈병원개화,개화중앙보훈병원
11:10,11:04,12:57,
중앙보훈병원개화,개화중앙보훈병원,중앙보훈병원개화,
11:21,11:15,13:08,13:00
중앙보훈병원개화,개화중앙보훈병원,중앙보훈병원개화,개화중앙보훈병원
11:32,11:26,13:19,13:11
중앙보훈병원개화,개화중앙보훈병원,중앙보훈병원개화,개화중앙보훈병원
11:43,11:37,13:30,13:22
중앙보훈병원개화,개화중앙보훈병원,중앙보훈병원개화,개화중앙보훈병원
11:54,11:48,13:41,13:33
중앙보훈병원개화,개화중앙보훈병원,중앙보훈병원개화,개화중앙보훈병원
,11:59,13:52,13:44
,개화중앙보훈병원,중앙보훈병원개화,개화중앙보훈병원
12:05,12:11,,13:55
중앙보훈병원개화,개화중앙보훈병원,,개화중앙보훈병원
12:16,12:23,14:03,14:06
중앙보훈병원개화,개화중앙보훈병원,중앙보훈병원개화,개화중앙보훈병원
12:27,12:35,14:14,14:17
중앙보훈병원개화,개화중앙보훈병원,중앙보훈병원개화,개화중앙보훈병원
12:38,12:46,14:25,14:28
중앙보훈병원개화,개화중앙보훈병원,중앙보훈병원개화,개화중앙보훈병원
12:50,12:57,14:36,14:39
중앙보훈병원개화,개화중앙보훈병원,중앙보훈병원개화,개화중앙보훈병원
13:02,13:08,14:47,14:50
중앙보훈병원개화,개화중앙보훈병원,중앙보훈병원개화,개화중앙보훈병원
13:13,13:19,14:58,
중앙보훈병원개화,개화중앙보훈병원,중앙보훈병원개화,
13:24,13:30,15:09,15:01
중앙보훈병원개화,개화중앙보훈병원,중앙보훈병원개화,개화중앙보훈병원
13:35,13:41,15:20,15:12
중앙보훈병원개화,개화중앙보훈병원,중앙보훈병원개화,개화중앙보훈병원
13:46,13:52,15:31,15:23
중앙보훈병원개화,개화중앙보훈병원,중앙보훈병원개화,개화중앙보훈병원
13:57,,15:42,15:34
중앙보훈병원개화,,중앙보훈병원개화,개화중앙보훈병원
14:08,14:03,15:53,15:45
중앙보훈병원개화,개화중앙보훈병원,중앙보훈병원개화,개화중앙보훈병원
14:19,14:14,,15:56
중앙보훈병원개화,개화중앙보훈병원,,개화중앙보훈병원
14:30,14:25,16:04,16:07
중앙보훈병원개화,개화중앙보훈병원,중앙보훈병원개화,개화중앙보훈병원
14:41,14:36,16:15,16:18
중앙보훈병원개화,개화중앙보훈병원,중앙보훈병원개화,개화중앙보훈병원
14:52,14:47,16:26,16:29
중앙보훈병원개화,개화중앙보훈병원,중앙보훈병원개화,개화중앙보훈병원
,14:58,16:37,16:40
,개화중앙보훈병원,중앙보훈병원개화,개화중앙보훈병원
15:03,15:10,16:48,16:51
중앙보훈병원개화,개화중앙보훈병원,중앙보훈병원개화,개화중앙보훈병원
15:14,15:22,16:59,
중앙보훈병원개화,개화중앙보훈병원,중앙보훈병원개화,
15:25,15:33,17:10,17:02
중앙보훈병원개화,개화중앙보훈병원,중앙보훈병원개화,개화중앙보훈병원
15:37,15:44,17:21,17:13
중앙보훈병원개화,개화중앙보훈병원,중앙보훈병원개화,개화중앙보훈병원
15:49,15:55,17:32,17:24
중앙보훈병원개화,개화중앙보훈병원,중앙보훈병원개화,개화중앙보훈병원
16:00,16:06,17:43,17:35
중앙보훈병원개화,개화중앙보훈병원,중앙보훈병원개화,개화중앙보훈병원
16:11,16:17,17:54,17:46
중앙보훈병원개화,개화중앙보훈병원,중앙보훈병원개화,개화중앙보훈병원
16:22,16:28,,17:57
중앙보훈병원개화,개화중앙보훈병원,,개화중앙보훈병원
16:33,16:39,18:05,18:08
중앙보훈병원개화,개화중앙보훈병원,중앙보훈병원개화,개화중앙보훈병원
16:44,16:50,18:16,18:19
중앙보훈병원개화,개화중앙보훈병원,중앙보훈병원개화,개화중앙보훈병원
16:55,16:58,18:27,18:30
중앙보훈병원개화,개화중앙보훈병원,중앙보훈병원개화,개화중앙보훈병원
17:06,17:01,18:38,18:41
중앙보훈병원개화,개화중앙보훈병원,중앙보훈병원개화,개화중앙보훈병원
17:17,17:12,18:49,18:52
중앙보훈병원개화,개화중앙보훈병원,중앙보훈병원개화,개화중앙보훈병원
17:28,17:23,19:00,19:03
중앙보훈병원개화,개화중앙보훈병원,중앙보훈병원개화,개화중앙보훈병원
17:39,17:30,19:11,19:14
중앙보훈병원개화,개화중앙보훈병원,중앙보훈병원개화,개화중앙보훈병원
17:44,17:38,19:22,19:25
중앙보훈병원개화,개화중앙보훈병원,중앙보훈병원개화,개화중앙보훈병원
17:51,17:47,19:33,19:36
중앙보훈병원개화,개화중앙보훈병원,중앙보훈병원개화,개화중앙보훈병원
,17:54,19:44,19:47
,개화중앙보훈병원,중앙보훈병원개화,개화중앙보훈병원
18:01,18:01,19:55,19:58
중앙보훈병원개화,개화중앙보훈병원,중앙보훈병원개화,개화중앙보훈병원
18:09,18:08,20:06,20:09
중앙보훈병원개화,개화중앙보훈병원,중앙보훈병원개화,개화중앙보훈병원
18:17,18:15,20:17,20:20
중앙보훈병원개화,개화중앙보훈병원,중앙보훈병원개화,개화중앙보훈병원
18:25,18:23,20:28,20:31
중앙보훈병원개화,개화중앙보훈병원,중앙보훈병원개화,개화중앙보훈병원
18:32,18:30,20:39,20:42
중앙보훈병원개화,개화중앙보훈병원,중앙보훈병원개화,개화중앙보훈병원
18:39,18:37,20:50,20:53
중앙보훈병원개화,개화중앙보훈병원,중앙보훈병원개화,개화중앙보훈병원
18:47,18:44,21:01,21:05
중앙보훈병원개화,개화중앙보훈병원,중앙보훈병원개화,개화중앙보훈병원
18:54,18:51,21:12,21:18
중앙보훈병원개화,개화중앙보훈병원,중앙보훈병원개화,개화중앙보훈병원
,18:58,21:23,21:30
,개화중앙보훈병원,중앙보훈병원개화,개화중앙보훈병원
19:01,19:06,21:35,21:42
중앙보훈병원개화,개화중앙보훈병원,중앙보훈병원개화,개화중앙보훈병원
19:08,19:13,21:47,21:53
중앙보훈병원개화,개화중앙보훈병원,중앙보훈병원개화,개화중앙보훈병원
19:15,19:20,21:59,
중앙보훈병원개화,개화중앙보훈병원,중앙보훈병원개화,
19:22,19:27,22:11,22:05
중앙보훈병원개화,개화중앙보훈병원,중앙보훈병원개화,개화중앙보훈병원
19:30,19:34,22:23,22:17
중앙보훈병원개화,개화중앙보훈병원,중앙보훈병원개화,개화중앙보훈병원
19:37,19:41,22:35,22:29
중앙보훈병원개화,개화중앙보훈병원,중앙보훈병원개화,개화중앙보훈병원
19:44,19:49,22:48,22:42
중앙보훈병원개화,개화중앙보훈병원,중앙보훈병원개화,개화중앙보훈병원
19:51,19:56,,22:55
중앙보훈병원개화,개화중앙보훈병원,,개화중앙보훈병원
19:58,,23:01막,23:08
중앙보훈병원개화,,중앙보훈병원개화,개화중앙보훈병원
20:05,20:04,23:14막,23:20
중앙보훈병원개화,개화중앙보훈병원,중앙보훈병원염창,개화중앙보훈병원
20:13,20:13,23:27막,23:30
중앙보훈병원개화,개화중앙보훈병원,중앙보훈병원여의도,개화중앙보훈병원
20:20,20:21,23:37막,23:41
중앙보훈병원개화,개화중앙보훈병원,중앙보훈병원동작,개화중앙보훈병원
20:27,20:28,23:51막,23:54막
중앙보훈병원개화,개화중앙보훈병원,중앙보훈병원신논현,개화중앙보훈병원
20:35,20:39,,
중앙보훈병원개화,개화중앙보훈병원,,
20:45,20:50,,
중앙보훈병원개화,개화중앙보훈병원,,
20:50,,,
중앙보훈병원개화,,,
20:56,,,
중앙보훈병원개화,,,
21:07,21:01,,
중앙보훈병원개화,개화중앙보훈병원,,
21:18,21:12,,
중앙보훈병원개화,개화중앙보훈병원,,
21:29,21:23,,
중앙보훈병원개화,개화중앙보훈병원,,
21:40,21:34,,
중앙보훈병원개화,개화중앙보훈병원,,
21:51,21:45,,
중앙보훈병원개화,개화중앙보훈병원,,
,21:56,,
,개화중앙보훈병원,,
22:02,22:07,,
중앙보훈병원개화,개화중앙보훈병원,,
22:13,22:18,,
중앙보훈병원개화,개화중앙보훈병원,,
22:23,22:29,,
중앙보훈병원개화,개화중앙보훈병원,,
22:34,22:40,,
중앙보훈병원개화,개화중앙보훈병원,,
22:45,22:51,,
중앙보훈병원개화,개화중앙보훈병원,,
22:56,,,
중앙보훈병원개화,,,
23:07,23:02,,
중앙보훈병원개화,개화중앙보훈병원,,
23:18,23:13,,
중앙보훈병원개화,개화중앙보훈병원,,
23:29,23:24,,
중앙보훈병원개화,개화중앙보훈병원,,
23:40,23:35,,
중앙보훈병원개화,개화중앙보훈병원,,
23:51막,23:46,,
중앙보훈병원개화,개화중앙보훈병원,,
,23:57,,
,개화중앙보훈병원,,
00:02막,0:08,,
중앙보훈병원마곡나루,개화중앙보훈병원,,
00:13막,0:19,,
중앙보훈병원염창,개화중앙보훈병원,,
00:24막,0:27,,
중앙보훈병원여의도,개화중앙보훈병원,,
00:34막,0:33,,
중앙보훈병원동작,개화중앙보훈병원,,
00:47막,00:47막,,
중앙보훈병원신논현,개화중앙보훈병원,,
