﻿노들방면,동작방면,노들방면,동작방면
평일,평일,주말,주말
05:32첫,05:38첫,05:32첫,05:38첫
동작개화,여의도중앙보훈병원,동작개화,여의도중앙보훈병원
5:42,5:52,5:42,5:50
신논현개화,염창중앙보훈병원,신논현개화,염창중앙보훈병원
5:56,,5:56,
삼전개화,,삼전개화,
6:11,6:04,6:13,6:02
중앙보훈병원개화,마곡나루중앙보훈병원,중앙보훈병원개화,마곡나루중앙보훈병원
6:26,6:14,6:26,6:13
중앙보훈병원개화,개화중앙보훈병원,중앙보훈병원개화,개화중앙보훈병원
6:39,6:26,6:39,6:25
중앙보훈병원개화,개화중앙보훈병원,중앙보훈병원개화,개화중앙보훈병원
6:52,6:38,6:52,6:37
중앙보훈병원개화,개화중앙보훈병원,중앙보훈병원개화,개화중앙보훈병원
,6:50,,6:49
,개화중앙보훈병원,,개화중앙보훈병원
,6:59,7:04,7:01
,개화중앙보훈병원,중앙보훈병원개화,개화중앙보훈병원
7:05,7:08,7:16,7:13
중앙보훈병원개화,개화중앙보훈병원,중앙보훈병원개화,개화중앙보훈병원
7:18,7:16,7:28,7:25
중앙보훈병원개화,개화중앙보훈병원,중앙보훈병원개화,개화중앙보훈병원
7:31,7:23,7:40,7:37
중앙보훈병원개화,개화중앙보훈병원,중앙보훈병원개화,개화중앙보훈병원
7:40,7:30,7:52,7:49
중앙보훈병원개화,개화중앙보훈병원,중앙보훈병원개화,개화중앙보훈병원
7:52,7:37,8:04,8:01
중앙보훈병원개화,개화중앙보훈병원,중앙보훈병원개화,개화중앙보훈병원
,7:43,8:16,8:13
,개화중앙보훈병원,중앙보훈병원개화,개화중앙보훈병원
,7:50,8:28,8:25
,개화중앙보훈병원,중앙보훈병원개화,개화중앙보훈병원
,7:57,8:40,8:37
,개화중앙보훈병원,중앙보훈병원개화,개화중앙보훈병원
8:04,8:04,8:52,8:49
중앙보훈병원개화,개화중앙보훈병원,중앙보훈병원개화,개화중앙보훈병원
8:10,8:11,9:04,9:01
중앙보훈병원개화,개화중앙보훈병원,중앙보훈병원개화,개화중앙보훈병원
8:18,8:18,9:16,9:13
중앙보훈병원개화,개화중앙보훈병원,중앙보훈병원개화,개화중앙보훈병원
8:27,8:24,9:28,9:25
중앙보훈병원개화,개화중앙보훈병원,중앙보훈병원개화,개화중앙보훈병원
8:36,8:31,9:40,9:37
중앙보훈병원개화,개화중앙보훈병원,중앙보훈병원개화,개화중앙보훈병원
8:44,8:38,9:52,9:48
중앙보훈병원개화,개화중앙보훈병원,중앙보훈병원개화,개화중앙보훈병원
8:51,8:45,,9:59
중앙보훈병원개화,개화중앙보훈병원,,개화중앙보훈병원
8:58,8:52,10:04,10:10
중앙보훈병원개화,개화중앙보훈병원,중앙보훈병원개화,개화중앙보훈병원
,8:59,10:16,10:21
,개화중앙보훈병원,중앙보훈병원개화,개화중앙보훈병원
9:05,9:05,10:28,10:32
중앙보훈병원개화,개화중앙보훈병원,중앙보훈병원개화,개화중앙보훈병원
9:12,9:13,10:39,10:43
중앙보훈병원개화,개화중앙보훈병원,중앙보훈병원개화,개화중앙보훈병원
9:19,9:19,10:50,10:54
중앙보훈병원개화,개화중앙보훈병원,중앙보훈병원개화,개화중앙보훈병원
9:26,9:30,11:01,11:05
중앙보훈병원개화,개화중앙보훈병원,중앙보훈병원개화,개화중앙보훈병원
9:32,9:41,11:12,11:16
중앙보훈병원개화,개화중앙보훈병원,중앙보훈병원개화,개화중앙보훈병원
9:39,9:52,11:23,11:27
중앙보훈병원개화,개화중앙보훈병원,중앙보훈병원개화,개화중앙보훈병원
9:46,,11:34,11:38
중앙보훈병원개화,,중앙보훈병원개화,개화중앙보훈병원
9:53,,11:45,11:49
중앙보훈병원개화,,중앙보훈병원개화,개화중앙보훈병원
10:00,10:03,11:56,
중앙보훈병원개화,개화중앙보훈병원,중앙보훈병원개화,
10:07,10:14,12:07,12:00
중앙보훈병원개화,개화중앙보훈병원,중앙보훈병원개화,개화중앙보훈병원
10:13,10:25,12:18,12:11
중앙보훈병원개화,개화중앙보훈병원,중앙보훈병원개화,개화중앙보훈병원
10:20,10:36,12:29,12:22
중앙보훈병원개화,개화중앙보훈병원,중앙보훈병원개화,개화중앙보훈병원
10:27,10:47,12:40,12:33
중앙보훈병원개화,개화중앙보훈병원,중앙보훈병원개화,개화중앙보훈병원
10:35,10:58,12:51,12:44
중앙보훈병원개화,개화중앙보훈병원,중앙보훈병원개화,개화중앙보훈병원
10:43,,,12:55
중앙보훈병원개화,,,개화중앙보훈병원
10:49,,13:02,13:06
중앙보훈병원개화,,중앙보훈병원개화,개화중앙보훈병원
10:56,,13:13,13:17
중앙보훈병원개화,,중앙보훈병원개화,개화중앙보훈병원
11:05,11:09,13:24,13:28
중앙보훈병원개화,개화중앙보훈병원,중앙보훈병원개화,개화중앙보훈병원
11:16,11:20,13:35,13:39
중앙보훈병원개화,개화중앙보훈병원,중앙보훈병원개화,개화중앙보훈병원
11:27,11:31,13:46,13:50
중앙보훈병원개화,개화중앙보훈병원,중앙보훈병원개화,개화중앙보훈병원
11:38,11:42,13:57,
중앙보훈병원개화,개화중앙보훈병원,중앙보훈병원개화,
11:49,11:54,14:08,14:01
중앙보훈병원개화,개화중앙보훈병원,중앙보훈병원개화,개화중앙보훈병원
12:00,12:06,14:19,14:12
중앙보훈병원개화,개화중앙보훈병원,중앙보훈병원개화,개화중앙보훈병원
12:11,12:17,14:30,14:23
중앙보훈병원개화,개화중앙보훈병원,중앙보훈병원개화,개화중앙보훈병원
12:22,12:28,14:41,14:34
중앙보훈병원개화,개화중앙보훈병원,중앙보훈병원개화,개화중앙보훈병원
12:33,12:39,14:52,14:45
중앙보훈병원개화,개화중앙보훈병원,중앙보훈병원개화,개화중앙보훈병원
12:44,12:50,,14:56
중앙보훈병원개화,개화중앙보훈병원,,개화중앙보훈병원
12:55,,15:03,15:07
중앙보훈병원개화,,중앙보훈병원개화,개화중앙보훈병원
13:07,13:01,15:14,15:18
중앙보훈병원개화,개화중앙보훈병원,중앙보훈병원개화,개화중앙보훈병원
13:19,13:12,15:25,15:29
중앙보훈병원개화,개화중앙보훈병원,중앙보훈병원개화,개화중앙보훈병원
13:30,13:23,15:36,15:40
중앙보훈병원개화,개화중앙보훈병원,중앙보훈병원개화,개화중앙보훈병원
13:41,13:34,15:47,15:51
중앙보훈병원개화,개화중앙보훈병원,중앙보훈병원개화,개화중앙보훈병원
13:52,13:45,15:58,
중앙보훈병원개화,개화중앙보훈병원,중앙보훈병원개화,
,13:56,16:09,16:02
,개화중앙보훈병원,중앙보훈병원개화,개화중앙보훈병원
14:03,14:07,16:20,16:13
중앙보훈병원개화,개화중앙보훈병원,중앙보훈병원개화,개화중앙보훈병원
14:14,14:18,16:31,16:24
중앙보훈병원개화,개화중앙보훈병원,중앙보훈병원개화,개화중앙보훈병원
14:25,14:29,16:42,16:35
중앙보훈병원개화,개화중앙보훈병원,중앙보훈병원개화,개화중앙보훈병원
14:36,14:41,16:53,16:46
중앙보훈병원개화,개화중앙보훈병원,중앙보훈병원개화,개화중앙보훈병원
14:47,14:53,,16:57
중앙보훈병원개화,개화중앙보훈병원,,개화중앙보훈병원
14:58,,17:04,17:08
중앙보훈병원개화,,중앙보훈병원개화,개화중앙보훈병원
15:09,15:04,17:15,17:19
중앙보훈병원개화,개화중앙보훈병원,중앙보훈병원개화,개화중앙보훈병원
15:20,15:15,17:26,17:30
중앙보훈병원개화,개화중앙보훈병원,중앙보훈병원개화,개화중앙보훈병원
15:31,15:26,17:37,17:41
중앙보훈병원개화,개화중앙보훈병원,중앙보훈병원개화,개화중앙보훈병원
15:42,15:37,17:48,17:52
중앙보훈병원개화,개화중앙보훈병원,중앙보훈병원개화,개화중앙보훈병원
15:54,15:48,17:59,
중앙보훈병원개화,개화중앙보훈병원,중앙보훈병원개화,
,15:59,18:10,18:03
,개화중앙보훈병원,중앙보훈병원개화,개화중앙보훈병원
16:06,16:10,18:21,18:14
중앙보훈병원개화,개화중앙보훈병원,중앙보훈병원개화,개화중앙보훈병원
16:17,16:21,18:32,18:25
중앙보훈병원개화,개화중앙보훈병원,중앙보훈병원개화,개화중앙보훈병원
16:28,16:29,18:43,18:36
중앙보훈병원개화,개화중앙보훈병원,중앙보훈병원개화,개화중앙보훈병원
16:39,16:32,18:54,18:47
중앙보훈병원개화,개화중앙보훈병원,중앙보훈병원개화,개화중앙보훈병원
16:50,16:43,,18:58
중앙보훈병원개화,개화중앙보훈병원,,개화중앙보훈병원
,16:54,19:05,19:09
,개화중앙보훈병원,중앙보훈병원개화,개화중앙보훈병원
17:01,17:01,19:16,19:20
중앙보훈병원개화,개화중앙보훈병원,중앙보훈병원개화,개화중앙보훈병원
17:12,17:10,19:27,19:31
중앙보훈병원개화,개화중앙보훈병원,중앙보훈병원개화,개화중앙보훈병원
17:23,17:18,19:38,19:42
중앙보훈병원개화,개화중앙보훈병원,중앙보훈병원개화,개화중앙보훈병원
17:34,17:25,19:49,19:53
중앙보훈병원개화,개화중앙보훈병원,중앙보훈병원개화,개화중앙보훈병원
17:45,17:32,20:00,20:04
중앙보훈병원개화,개화중앙보훈병원,중앙보훈병원개화,개화중앙보훈병원
17:56,17:40,20:11,20:15
중앙보훈병원개화,개화중앙보훈병원,중앙보훈병원개화,개화중앙보훈병원
,17:47,20:22,20:26
,개화중앙보훈병원,중앙보훈병원개화,개화중앙보훈병원
,17:54,20:33,20:38
,개화중앙보훈병원,중앙보훈병원개화,개화중앙보훈병원
18:07,18:01,20:44,20:50
중앙보훈병원개화,개화중앙보훈병원,중앙보훈병원개화,개화중앙보훈병원
18:13,18:08,20:55,
중앙보훈병원개화,개화중앙보훈병원,중앙보훈병원개화,
18:21,18:15,21:06,21:02
중앙보훈병원개화,개화중앙보훈병원,중앙보훈병원개화,개화중앙보훈병원
18:29,18:23,21:17,21:14
중앙보훈병원개화,개화중앙보훈병원,중앙보훈병원개화,개화중앙보훈병원
18:37,18:30,21:28,21:26
중앙보훈병원개화,개화중앙보훈병원,중앙보훈병원개화,개화중앙보훈병원
18:45,18:37,21:39,21:38
중앙보훈병원개화,개화중앙보훈병원,중앙보훈병원개화,개화중앙보훈병원
18:53,18:44,21:50,21:50
중앙보훈병원개화,개화중앙보훈병원,중앙보훈병원개화,개화중앙보훈병원
,18:51,22:02,22:02
,개화중앙보훈병원,중앙보훈병원개화,개화중앙보훈병원
,18:58,22:14,22:14
,개화중앙보훈병원,중앙보훈병원개화,개화중앙보훈병원
19:01,19:06,22:26,22:27
중앙보훈병원개화,개화중앙보훈병원,중앙보훈병원개화,개화중앙보훈병원
19:08,19:13,22:38,22:40
중앙보훈병원개화,개화중앙보훈병원,중앙보훈병원개화,개화중앙보훈병원
19:15,19:20,22:50,22:53
중앙보훈병원개화,개화중앙보훈병원,중앙보훈병원개화,개화중앙보훈병원
19:22,19:27,23:03,23:05
중앙보훈병원개화,개화중앙보훈병원,중앙보훈병원개화,개화중앙보훈병원
19:29,19:35,23:16,23:16
중앙보훈병원개화,개화중앙보훈병원,중앙보훈병원개화,개화중앙보훈병원
19:36,19:44,23:29막,23:29막
중앙보훈병원개화,개화중앙보훈병원,중앙보훈병원개화,개화중앙보훈병원
19:44,19:53,23:41막,23:42막
중앙보훈병원개화,개화중앙보훈병원,중앙보훈병원염창,개화신논현
19:51,19:59,23:52막,23:55막
중앙보훈병원개화,개화중앙보훈병원,중앙보훈병원여의도,개화동작
19:58,,,
중앙보훈병원개화,,,
20:05,20:10,,
중앙보훈병원개화,개화중앙보훈병원,,
20:12,20:21,,
중앙보훈병원개화,개화중앙보훈병원,,
20:19,20:32,,
중앙보훈병원개화,개화중앙보훈병원,,
20:27,20:43,,
중앙보훈병원개화,개화중앙보훈병원,,
20:34,20:54,,
중앙보훈병원개화,개화중앙보훈병원,,
20:41,,,
중앙보훈병원개화,,,
20:48,,,
중앙보훈병원개화,,,
20:55,,,
중앙보훈병원개화,,,
21:05,21:05,,
중앙보훈병원개화,개화중앙보훈병원,,
21:13,21:16,,
중앙보훈병원개화,개화중앙보훈병원,,
21:19,21:27,,
중앙보훈병원개화,개화중앙보훈병원,,
21:24,21:38,,
중앙보훈병원개화,개화중앙보훈병원,,
21:35,21:49,,
중앙보훈병원개화,개화중앙보훈병원,,
21:46,,,
중앙보훈병원개화,,,
21:57,,,
중앙보훈병원개화,,,
22:08,22:00,,
중앙보훈병원개화,개화중앙보훈병원,,
22:19,22:11,,
중앙보훈병원개화,개화중앙보훈병원,,
22:30,22:22,,
중앙보훈병원개화,개화중앙보훈병원,,
22:42,22:33,,
중앙보훈병원개화,개화중앙보훈병원,,
22:51,22:44,,
중앙보훈병원개화,개화중앙보훈병원,,
,22:55,,
,개화중앙보훈병원,,
23:02,23:06,,
중앙보훈병원개화,개화중앙보훈병원,,
23:13,23:17,,
중앙보훈병원개화,개화중앙보훈병원,,
23:24,23:28,,
중앙보훈병원개화,개화중앙보훈병원,,
23:35,23:39,,
중앙보훈병원개화,개화중앙보훈병원,,
23:46,23:50,,
중앙보훈병원개화,개화중앙보훈병원,,
23:57,,,
중앙보훈병원개화,,,
0:08,0:01,,
중앙보훈병원개화,개화중앙보훈병원,,
00:19막,0:09,,
중앙보훈병원개화,개화중앙보훈병원,,
00:30막,00:21막,,
중앙보훈병원마곡나루,개화중앙보훈병원,,
00:41막,00:33막,,
중앙보훈병원염창,개화삼전,,
00:50막,00:45막,,
중앙보훈병원여의도,개화신논현,,
,00:58막,,
,개화동작,,
