﻿구반포방면,고속터미널방면,구반포방면,고속터미널방면
평일,평일,주말,주말
05:36첫,05:34첫,05:36첫,05:33첫
신논현개화,동작중앙보훈병원,신논현개화,동작중앙보훈병원
5:49,5:47,5:50,5:46
삼전개화,여의도중앙보훈병원,삼전개화,여의도중앙보훈병원
6:04,6:01,,5:59
중앙보훈병원개화,염창중앙보훈병원,,염창중앙보훈병원
6:19,6:12,6:07,6:11
중앙보훈병원개화,마곡나루중앙보훈병원,중앙보훈병원개화,마곡나루중앙보훈병원
6:32,6:23,6:18,6:21
중앙보훈병원개화,개화중앙보훈병원,중앙보훈병원개화,개화중앙보훈병원
6:45,6:35,6:31,6:33
중앙보훈병원개화,개화중앙보훈병원,중앙보훈병원개화,개화중앙보훈병원
6:58,6:47,6:44,6:45
중앙보훈병원개화,개화중앙보훈병원,중앙보훈병원개화,개화중앙보훈병원
,6:59,6:56,6:57
,개화중앙보훈병원,중앙보훈병원개화,개화중앙보훈병원
7:11,7:06,7:08,7:09
중앙보훈병원개화,개화중앙보훈병원,중앙보훈병원개화,개화중앙보훈병원
7:24,7:15,7:20,7:21
중앙보훈병원개화,개화중앙보훈병원,중앙보훈병원개화,개화중앙보훈병원
7:31,7:23,7:32,7:33
중앙보훈병원개화,개화중앙보훈병원,중앙보훈병원개화,개화중앙보훈병원
7:43,7:30,7:44,7:45
중앙보훈병원개화,개화중앙보훈병원,중앙보훈병원개화,개화중앙보훈병원
7:55,7:36,7:56,7:57
중앙보훈병원개화,개화중앙보훈병원,중앙보훈병원개화,개화중앙보훈병원
,7:43,8:08,8:09
,개화중앙보훈병원,중앙보훈병원개화,개화중앙보훈병원
,7:50,8:20,8:21
,개화중앙보훈병원,중앙보훈병원개화,개화중앙보훈병원
,7:57,8:32,8:33
,개화중앙보훈병원,중앙보훈병원개화,개화중앙보훈병원
8:03,8:04,8:44,8:45
중앙보훈병원개화,개화중앙보훈병원,중앙보훈병원개화,개화중앙보훈병원
8:11,8:11,8:56,8:57
중앙보훈병원개화,개화중앙보훈병원,중앙보훈병원개화,개화중앙보훈병원
8:20,8:17,9:08,9:09
중앙보훈병원개화,개화중앙보훈병원,중앙보훈병원개화,개화중앙보훈병원
8:29,8:24,9:20,9:21
중앙보훈병원개화,개화중앙보훈병원,중앙보훈병원개화,개화중앙보훈병원
8:37,8:31,9:32,9:33
중앙보훈병원개화,개화중앙보훈병원,중앙보훈병원개화,개화중앙보훈병원
8:45,8:38,9:44,9:45
중앙보훈병원개화,개화중앙보훈병원,중앙보훈병원개화,개화중앙보훈병원
8:52,8:45,9:56,9:56
중앙보훈병원개화,개화중앙보훈병원,중앙보훈병원개화,개화중앙보훈병원
8:58,8:52,10:08,10:07
중앙보훈병원개화,개화중앙보훈병원,중앙보훈병원개화,개화중앙보훈병원
,8:58,10:20,10:18
,개화중앙보훈병원,중앙보훈병원개화,개화중앙보훈병원
9:05,9:05,10:31,10:29
중앙보훈병원개화,개화중앙보훈병원,중앙보훈병원개화,개화중앙보훈병원
9:12,9:12,10:42,10:40
중앙보훈병원개화,개화중앙보훈병원,중앙보훈병원개화,개화중앙보훈병원
9:19,9:19,10:53,10:51
중앙보훈병원개화,개화중앙보훈병원,중앙보훈병원개화,개화중앙보훈병원
9:26,9:28,11:04,11:02
중앙보훈병원개화,개화중앙보훈병원,중앙보훈병원개화,개화중앙보훈병원
9:33,9:39,11:15,11:13
중앙보훈병원개화,개화중앙보훈병원,중앙보훈병원개화,개화중앙보훈병원
9:39,9:50,11:26,11:24
중앙보훈병원개화,개화중앙보훈병원,중앙보훈병원개화,개화중앙보훈병원
9:46,,11:37,11:35
중앙보훈병원개화,,중앙보훈병원개화,개화중앙보훈병원
9:53,,11:48,11:46
중앙보훈병원개화,,중앙보훈병원개화,개화중앙보훈병원
10:00,10:01,11:59,11:57
중앙보훈병원개화,개화중앙보훈병원,중앙보훈병원개화,개화중앙보훈병원
10:07,10:12,12:10,12:08
중앙보훈병원개화,개화중앙보훈병원,중앙보훈병원개화,개화중앙보훈병원
10:14,10:23,12:21,12:19
중앙보훈병원개화,개화중앙보훈병원,중앙보훈병원개화,개화중앙보훈병원
10:20,10:34,12:32,12:30
중앙보훈병원개화,개화중앙보훈병원,중앙보훈병원개화,개화중앙보훈병원
10:28,10:45,12:43,12:41
중앙보훈병원개화,개화중앙보훈병원,중앙보훈병원개화,개화중앙보훈병원
10:34,10:56,12:54,12:52
중앙보훈병원개화,개화중앙보훈병원,중앙보훈병원개화,개화중앙보훈병원
10:42,,13:05,13:03
중앙보훈병원개화,,중앙보훈병원개화,개화중앙보훈병원
10:50,,13:16,13:14
중앙보훈병원개화,,중앙보훈병원개화,개화중앙보훈병원
10:56,,13:27,13:25
중앙보훈병원개화,,중앙보훈병원개화,개화중앙보훈병원
11:07,11:07,13:38,13:36
중앙보훈병원개화,개화중앙보훈병원,중앙보훈병원개화,개화중앙보훈병원
11:18,11:18,13:49,13:47
중앙보훈병원개화,개화중앙보훈병원,중앙보훈병원개화,개화중앙보훈병원
11:29,11:29,,13:58
중앙보훈병원개화,개화중앙보훈병원,,개화중앙보훈병원
11:40,11:40,14:00,14:09
중앙보훈병원개화,개화중앙보훈병원,중앙보훈병원개화,개화중앙보훈병원
11:51,11:51,14:11,14:20
중앙보훈병원개화,개화중앙보훈병원,중앙보훈병원개화,개화중앙보훈병원
12:02,12:03,14:22,14:31
중앙보훈병원개화,개화중앙보훈병원,중앙보훈병원개화,개화중앙보훈병원
12:13,12:15,14:33,14:42
중앙보훈병원개화,개화중앙보훈병원,중앙보훈병원개화,개화중앙보훈병원
12:24,12:26,14:44,14:53
중앙보훈병원개화,개화중앙보훈병원,중앙보훈병원개화,개화중앙보훈병원
12:35,12:37,14:55,
중앙보훈병원개화,개화중앙보훈병원,중앙보훈병원개화,
12:46,12:48,15:06,15:04
중앙보훈병원개화,개화중앙보훈병원,중앙보훈병원개화,개화중앙보훈병원
12:58,12:59,15:17,15:15
중앙보훈병원개화,개화중앙보훈병원,중앙보훈병원개화,개화중앙보훈병원
13:10,13:10,15:28,15:26
중앙보훈병원개화,개화중앙보훈병원,중앙보훈병원개화,개화중앙보훈병원
13:21,13:21,15:39,15:37
중앙보훈병원개화,개화중앙보훈병원,중앙보훈병원개화,개화중앙보훈병원
13:32,13:32,15:50,15:48
중앙보훈병원개화,개화중앙보훈병원,중앙보훈병원개화,개화중앙보훈병원
13:43,13:43,,15:59
중앙보훈병원개화,개화중앙보훈병원,,개화중앙보훈병원
13:54,13:54,16:01,16:10
중앙보훈병원개화,개화중앙보훈병원,중앙보훈병원개화,개화중앙보훈병원
14:05,14:05,16:12,16:21
중앙보훈병원개화,개화중앙보훈병원,중앙보훈병원개화,개화중앙보훈병원
14:16,14:16,16:23,16:32
중앙보훈병원개화,개화중앙보훈병원,중앙보훈병원개화,개화중앙보훈병원
14:27,14:27,16:34,16:43
중앙보훈병원개화,개화중앙보훈병원,중앙보훈병원개화,개화중앙보훈병원
14:38,14:38,16:45,16:54
중앙보훈병원개화,개화중앙보훈병원,중앙보훈병원개화,개화중앙보훈병원
14:49,14:50,16:56,
중앙보훈병원개화,개화중앙보훈병원,중앙보훈병원개화,
15:00,15:02,17:07,17:05
중앙보훈병원개화,개화중앙보훈병원,중앙보훈병원개화,개화중앙보훈병원
15:11,15:13,17:18,17:16
중앙보훈병원개화,개화중앙보훈병원,중앙보훈병원개화,개화중앙보훈병원
15:22,15:24,17:29,17:27
중앙보훈병원개화,개화중앙보훈병원,중앙보훈병원개화,개화중앙보훈병원
15:33,15:35,17:40,17:38
중앙보훈병원개화,개화중앙보훈병원,중앙보훈병원개화,개화중앙보훈병원
15:45,15:46,17:51,17:49
중앙보훈병원개화,개화중앙보훈병원,중앙보훈병원개화,개화중앙보훈병원
15:57,15:57,18:02,18:00
중앙보훈병원개화,개화중앙보훈병원,중앙보훈병원개화,개화중앙보훈병원
16:08,16:08,18:13,18:11
중앙보훈병원개화,개화중앙보훈병원,중앙보훈병원개화,개화중앙보훈병원
16:19,16:19,18:24,18:22
중앙보훈병원개화,개화중앙보훈병원,중앙보훈병원개화,개화중앙보훈병원
16:30,16:30,18:35,18:33
중앙보훈병원개화,개화중앙보훈병원,중앙보훈병원개화,개화중앙보훈병원
16:41,16:36,18:46,18:44
중앙보훈병원개화,개화중앙보훈병원,중앙보훈병원개화,개화중앙보훈병원
16:52,16:41,18:57,18:55
중앙보훈병원개화,개화중앙보훈병원,중앙보훈병원개화,개화중앙보훈병원
,16:52,19:08,19:06
,개화중앙보훈병원,중앙보훈병원개화,개화중앙보훈병원
17:03,17:03,19:19,19:17
중앙보훈병원개화,개화중앙보훈병원,중앙보훈병원개화,개화중앙보훈병원
17:14,17:08,19:30,19:28
중앙보훈병원개화,개화중앙보훈병원,중앙보훈병원개화,개화중앙보훈병원
17:25,17:16,19:41,19:39
중앙보훈병원개화,개화중앙보훈병원,중앙보훈병원개화,개화중앙보훈병원
17:36,17:25,19:52,19:50
중앙보훈병원개화,개화중앙보훈병원,중앙보훈병원개화,개화중앙보훈병원
17:47,17:32,20:03,20:01
중앙보훈병원개화,개화중앙보훈병원,중앙보훈병원개화,개화중앙보훈병원
17:58,17:39,20:14,20:12
중앙보훈병원개화,개화중앙보훈병원,중앙보훈병원개화,개화중앙보훈병원
,17:46,20:25,20:23
,개화중앙보훈병원,중앙보훈병원개화,개화중앙보훈병원
,17:53,20:36,20:34
,개화중앙보훈병원,중앙보훈병원개화,개화중앙보훈병원
18:06,18:01,20:47,20:46
중앙보훈병원개화,개화중앙보훈병원,중앙보훈병원개화,개화중앙보훈병원
18:14,18:08,20:58,20:58
중앙보훈병원개화,개화중앙보훈병원,중앙보훈병원개화,개화중앙보훈병원
18:23,18:15,21:09,21:10
중앙보훈병원개화,개화중앙보훈병원,중앙보훈병원개화,개화중앙보훈병원
18:31,18:22,21:20,21:22
중앙보훈병원개화,개화중앙보훈병원,중앙보훈병원개화,개화중앙보훈병원
18:39,18:29,21:31,21:34
중앙보훈병원개화,개화중앙보훈병원,중앙보훈병원개화,개화중앙보훈병원
18:47,18:36,21:42,21:46
중앙보훈병원개화,개화중앙보훈병원,중앙보훈병원개화,개화중앙보훈병원
18:54,18:44,21:54,21:58
중앙보훈병원개화,개화중앙보훈병원,중앙보훈병원개화,개화중앙보훈병원
,18:51,22:06,22:10
,개화중앙보훈병원,중앙보훈병원개화,개화중앙보훈병원
,18:58,22:18,22:22
,개화중앙보훈병원,중앙보훈병원개화,개화중앙보훈병원
19:01,19:05,22:30,22:35
중앙보훈병원개화,개화중앙보훈병원,중앙보훈병원개화,개화중앙보훈병원
19:08,19:12,22:42,22:48
중앙보훈병원개화,개화중앙보훈병원,중앙보훈병원개화,개화중앙보훈병원
19:15,19:19,22:54,
중앙보훈병원개화,개화중앙보훈병원,중앙보훈병원개화,
19:23,19:27,23:07,23:01
중앙보훈병원개화,개화중앙보훈병원,중앙보훈병원개화,개화중앙보훈병원
19:30,19:34,23:20막,23:11
중앙보훈병원개화,개화중앙보훈병원,중앙보훈병원개화,개화중앙보훈병원
19:37,19:42,23:33막,23:22
중앙보훈병원개화,개화중앙보훈병원,중앙보훈병원염창,개화중앙보훈병원
19:44,19:51,23:46막,23:35막
중앙보훈병원개화,개화중앙보훈병원,중앙보훈병원여의도,개화중앙보훈병원
19:51,19:59,23:57막,23:48막
중앙보훈병원개화,개화중앙보훈병원,중앙보훈병원동작,개화신논현
19:58,,,
중앙보훈병원개화,,,
20:06,20:08,,
중앙보훈병원개화,개화중앙보훈병원,,
20:13,20:19,,
중앙보훈병원개화,개화중앙보훈병원,,
20:20,20:30,,
중앙보훈병원개화,개화중앙보훈병원,,
20:27,20:41,,
중앙보훈병원개화,개화중앙보훈병원,,
20:34,20:52,,
중앙보훈병원개화,개화중앙보훈병원,,
20:41,,,
중앙보훈병원개화,,,
20:49,,,
중앙보훈병원개화,,,
20:58,,,
중앙보훈병원개화,,,
21:04,21:03,,
중앙보훈병원개화,개화중앙보훈병원,,
21:12,21:14,,
중앙보훈병원개화,개화중앙보훈병원,,
21:15,21:25,,
중앙보훈병원개화,개화중앙보훈병원,,
21:26,21:36,,
중앙보훈병원개화,개화중앙보훈병원,,
21:37,21:47,,
중앙보훈병원개화,개화중앙보훈병원,,
21:48,21:58,,
중앙보훈병원개화,개화중앙보훈병원,,
21:59,,,
중앙보훈병원개화,,,
22:10,22:09,,
중앙보훈병원개화,개화중앙보훈병원,,
22:21,22:20,,
중앙보훈병원개화,개화중앙보훈병원,,
22:33,22:31,,
중앙보훈병원개화,개화중앙보훈병원,,
22:42,22:42,,
중앙보훈병원개화,개화중앙보훈병원,,
22:53,22:53,,
중앙보훈병원개화,개화중앙보훈병원,,
23:04,23:04,,
중앙보훈병원개화,개화중앙보훈병원,,
23:15,23:15,,
중앙보훈병원개화,개화중앙보훈병원,,
23:26,23:26,,
중앙보훈병원개화,개화중앙보훈병원,,
23:37,23:37,,
중앙보훈병원개화,개화중앙보훈병원,,
23:48,23:48,,
중앙보훈병원개화,개화중앙보훈병원,,
23:59,23:59,,
중앙보훈병원개화,개화중앙보훈병원,,
00:10막,0:08,,
중앙보훈병원개화,개화중앙보훈병원,,
00:21막,0:14,,
중앙보훈병원마곡나루,개화중앙보훈병원,,
00:32막,00:27막,,
중앙보훈병원염창,개화중앙보훈병원,,
00:44막,00:39막,,
중앙보훈병원여의도,개화삼전,,
00:53막,00:51막,,
중앙보훈병원동작,개화신논현,,
