﻿삼전방면,석촌방면,삼전방면,석촌방면
평일,평일,주말,주말
05:43첫,05:31첫,05:44첫,05:31첫
중앙보훈병원개화,삼전중앙보훈병원,중앙보훈병원개화,삼전중앙보훈병원
5:56,5:45,5:57,5:44
중앙보훈병원개화,신논현중앙보훈병원,중앙보훈병원개화,신논현중앙보훈병원
,5:57,,5:55
,동작중앙보훈병원,,동작중앙보훈병원
6:09,6:11,6:10,6:08
중앙보훈병원개화,여의도중앙보훈병원,중앙보훈병원개화,여의도중앙보훈병원
6:22,6:24,6:23,6:20
중앙보훈병원개화,염창중앙보훈병원,중앙보훈병원개화,염창중앙보훈병원
6:35,6:34,6:35,6:32
중앙보훈병원개화,마곡나루중앙보훈병원,중앙보훈병원개화,마곡나루중앙보훈병원
6:48,6:45,6:47,6:42
중앙보훈병원개화,개화중앙보훈병원,중앙보훈병원개화,개화중앙보훈병원
,6:57,6:59,6:54
,개화중앙보훈병원,중앙보훈병원개화,개화중앙보훈병원
7:01,7:09,7:11,7:06
중앙보훈병원개화,개화중앙보훈병원,중앙보훈병원개화,개화중앙보훈병원
7:09,7:22,7:23,7:18
중앙보훈병원개화,개화중앙보훈병원,중앙보훈병원개화,개화중앙보훈병원
7:21,7:30,7:35,7:30
중앙보훈병원개화,개화중앙보훈병원,중앙보훈병원개화,개화중앙보훈병원
7:33,7:39,7:47,7:42
중앙보훈병원개화,개화중앙보훈병원,중앙보훈병원개화,개화중앙보훈병원
7:39,7:47,7:59,7:54
중앙보훈병원개화,개화중앙보훈병원,중앙보훈병원개화,개화중앙보훈병원
7:48,7:53,8:11,8:06
중앙보훈병원개화,개화중앙보훈병원,중앙보훈병원개화,개화중앙보훈병원
7:56,,8:23,8:18
중앙보훈병원개화,,중앙보훈병원개화,개화중앙보훈병원
8:05,8:00,8:35,8:30
중앙보훈병원개화,개화중앙보훈병원,중앙보훈병원개화,개화중앙보훈병원
8:13,8:07,8:47,8:42
중앙보훈병원개화,개화중앙보훈병원,중앙보훈병원개화,개화중앙보훈병원
8:21,8:14,8:59,8:54
중앙보훈병원개화,개화중앙보훈병원,중앙보훈병원개화,개화중앙보훈병원
8:28,8:21,9:11,9:06
중앙보훈병원개화,개화중앙보훈병원,중앙보훈병원개화,개화중앙보훈병원
8:35,8:28,9:23,9:18
중앙보훈병원개화,개화중앙보훈병원,중앙보훈병원개화,개화중앙보훈병원
8:42,8:34,9:35,9:30
중앙보훈병원개화,개화중앙보훈병원,중앙보훈병원개화,개화중앙보훈병원
8:48,8:41,9:47,9:42
중앙보훈병원개화,개화중앙보훈병원,중앙보훈병원개화,개화중앙보훈병원
8:55,8:48,9:59,9:54
중앙보훈병원개화,개화중앙보훈병원,중앙보훈병원개화,개화중앙보훈병원
,8:55,10:10,10:06
,개화중앙보훈병원,중앙보훈병원개화,개화중앙보훈병원
9:02,9:02,10:21,10:17
중앙보훈병원개화,개화중앙보훈병원,중앙보훈병원개화,개화중앙보훈병원
9:09,9:09,10:32,10:28
중앙보훈병원개화,개화중앙보훈병원,중앙보훈병원개화,개화중앙보훈병원
9:16,9:15,10:43,10:39
중앙보훈병원개화,개화중앙보훈병원,중앙보훈병원개화,개화중앙보훈병원
9:23,9:22,10:54,10:50
중앙보훈병원개화,개화중앙보훈병원,중앙보훈병원개화,개화중앙보훈병원
9:29,9:29,11:05,11:01
중앙보훈병원개화,개화중앙보훈병원,중앙보훈병원개화,개화중앙보훈병원
9:36,9:36,11:16,11:12
중앙보훈병원개화,개화중앙보훈병원,중앙보훈병원개화,개화중앙보훈병원
9:43,9:43,11:27,11:23
중앙보훈병원개화,개화중앙보훈병원,중앙보훈병원개화,개화중앙보훈병원
9:50,9:49,11:38,11:34
중앙보훈병원개화,개화중앙보훈병원,중앙보훈병원개화,개화중앙보훈병원
9:57,,11:49,11:45
중앙보훈병원개화,,중앙보훈병원개화,개화중앙보훈병원
10:05,10:00,,11:56
중앙보훈병원개화,개화중앙보훈병원,,개화중앙보훈병원
10:13,10:11,12:00,12:07
중앙보훈병원개화,개화중앙보훈병원,중앙보훈병원개화,개화중앙보훈병원
10:19,10:22,12:11,12:18
중앙보훈병원개화,개화중앙보훈병원,중앙보훈병원개화,개화중앙보훈병원
10:24,10:33,12:22,12:29
중앙보훈병원개화,개화중앙보훈병원,중앙보훈병원개화,개화중앙보훈병원
10:34,10:44,12:33,12:40
중앙보훈병원개화,개화중앙보훈병원,중앙보훈병원개화,개화중앙보훈병원
10:46,10:55,12:44,12:51
중앙보훈병원개화,개화중앙보훈병원,중앙보훈병원개화,개화중앙보훈병원
10:57,,12:55,
중앙보훈병원개화,,중앙보훈병원개화,
11:08,11:06,13:06,13:02
중앙보훈병원개화,개화중앙보훈병원,중앙보훈병원개화,개화중앙보훈병원
11:19,11:17,13:17,13:13
중앙보훈병원개화,개화중앙보훈병원,중앙보훈병원개화,개화중앙보훈병원
11:30,11:28,13:28,13:24
중앙보훈병원개화,개화중앙보훈병원,중앙보훈병원개화,개화중앙보훈병원
11:41,11:39,13:39,13:35
중앙보훈병원개화,개화중앙보훈병원,중앙보훈병원개화,개화중앙보훈병원
11:52,11:50,13:50,13:46
중앙보훈병원개화,개화중앙보훈병원,중앙보훈병원개화,개화중앙보훈병원
12:03,12:01,,13:57
중앙보훈병원개화,개화중앙보훈병원,,개화중앙보훈병원
12:14,12:13,14:01,14:08
중앙보훈병원개화,개화중앙보훈병원,중앙보훈병원개화,개화중앙보훈병원
12:25,12:25,14:12,14:19
중앙보훈병원개화,개화중앙보훈병원,중앙보훈병원개화,개화중앙보훈병원
12:36,12:36,14:23,14:30
중앙보훈병원개화,개화중앙보훈병원,중앙보훈병원개화,개화중앙보훈병원
12:48,12:47,14:34,14:41
중앙보훈병원개화,개화중앙보훈병원,중앙보훈병원개화,개화중앙보훈병원
,12:58,14:45,14:52
,개화중앙보훈병원,중앙보훈병원개화,개화중앙보훈병원
13:00,13:09,14:56,
중앙보훈병원개화,개화중앙보훈병원,중앙보훈병원개화,
13:11,13:20,15:07,15:03
중앙보훈병원개화,개화중앙보훈병원,중앙보훈병원개화,개화중앙보훈병원
13:22,13:31,15:18,15:14
중앙보훈병원개화,개화중앙보훈병원,중앙보훈병원개화,개화중앙보훈병원
13:33,13:42,15:29,15:25
중앙보훈병원개화,개화중앙보훈병원,중앙보훈병원개화,개화중앙보훈병원
13:44,13:53,15:40,15:36
중앙보훈병원개화,개화중앙보훈병원,중앙보훈병원개화,개화중앙보훈병원
13:55,,15:51,15:47
중앙보훈병원개화,,중앙보훈병원개화,개화중앙보훈병원
14:06,14:04,,15:58
중앙보훈병원개화,개화중앙보훈병원,,개화중앙보훈병원
14:17,14:15,16:02,16:09
중앙보훈병원개화,개화중앙보훈병원,중앙보훈병원개화,개화중앙보훈병원
14:28,14:26,16:13,16:20
중앙보훈병원개화,개화중앙보훈병원,중앙보훈병원개화,개화중앙보훈병원
14:39,14:37,16:24,16:31
중앙보훈병원개화,개화중앙보훈병원,중앙보훈병원개화,개화중앙보훈병원
14:50,14:48,16:35,16:42
중앙보훈병원개화,개화중앙보훈병원,중앙보훈병원개화,개화중앙보훈병원
15:01,15:00,16:46,16:53
중앙보훈병원개화,개화중앙보훈병원,중앙보훈병원개화,개화중앙보훈병원
15:12,15:12,16:57,
중앙보훈병원개화,개화중앙보훈병원,중앙보훈병원개화,
15:23,15:24,17:08,17:04
중앙보훈병원개화,개화중앙보훈병원,중앙보훈병원개화,개화중앙보훈병원
15:35,15:34,17:19,17:15
중앙보훈병원개화,개화중앙보훈병원,중앙보훈병원개화,개화중앙보훈병원
15:47,15:45,17:30,17:26
중앙보훈병원개화,개화중앙보훈병원,중앙보훈병원개화,개화중앙보훈병원
15:58,15:56,17:41,17:37
중앙보훈병원개화,개화중앙보훈병원,중앙보훈병원개화,개화중앙보훈병원
16:09,16:07,17:52,17:48
중앙보훈병원개화,개화중앙보훈병원,중앙보훈병원개화,개화중앙보훈병원
16:20,16:18,,17:59
중앙보훈병원개화,개화중앙보훈병원,,개화중앙보훈병원
16:31,16:29,18:03,18:10
중앙보훈병원개화,개화중앙보훈병원,중앙보훈병원개화,개화중앙보훈병원
16:42,16:40,18:14,18:21
중앙보훈병원개화,개화중앙보훈병원,중앙보훈병원개화,개화중앙보훈병원
16:53,16:51,18:25,18:32
중앙보훈병원개화,개화중앙보훈병원,중앙보훈병원개화,개화중앙보훈병원
17:04,17:00,18:36,18:43
중앙보훈병원개화,개화중앙보훈병원,중앙보훈병원개화,개화중앙보훈병원
17:15,17:02,18:47,18:54
중앙보훈병원개화,개화중앙보훈병원,중앙보훈병원개화,개화중앙보훈병원
17:26,17:13,18:58,
중앙보훈병원개화,개화중앙보훈병원,중앙보훈병원개화,
17:37,17:24,19:09,19:05
중앙보훈병원개화,개화중앙보훈병원,중앙보훈병원개화,개화중앙보훈병원
17:42,17:32,19:20,19:16
중앙보훈병원개화,개화중앙보훈병원,중앙보훈병원개화,개화중앙보훈병원
17:48,17:40,19:31,19:27
중앙보훈병원개화,개화중앙보훈병원,중앙보훈병원개화,개화중앙보훈병원
17:59,17:49,19:42,19:38
중앙보훈병원개화,개화중앙보훈병원,중앙보훈병원개화,개화중앙보훈병원
,17:56,19:53,19:49
,개화중앙보훈병원,중앙보훈병원개화,개화중앙보훈병원
18:07,18:03,20:04,20:00
중앙보훈병원개화,개화중앙보훈병원,중앙보훈병원개화,개화중앙보훈병원
18:15,18:10,20:15,20:11
중앙보훈병원개화,개화중앙보훈병원,중앙보훈병원개화,개화중앙보훈병원
18:23,18:17,20:26,20:22
중앙보훈병원개화,개화중앙보훈병원,중앙보훈병원개화,개화중앙보훈병원
18:30,18:24,20:37,20:33
중앙보훈병원개화,개화중앙보훈병원,중앙보훈병원개화,개화중앙보훈병원
18:37,18:32,20:48,20:44
중앙보훈병원개화,개화중앙보훈병원,중앙보훈병원개화,개화중앙보훈병원
18:45,18:39,20:59,20:55
중앙보훈병원개화,개화중앙보훈병원,중앙보훈병원개화,개화중앙보훈병원
18:52,18:46,21:10,21:07
중앙보훈병원개화,개화중앙보훈병원,중앙보훈병원개화,개화중앙보훈병원
18:59,18:53,21:21,21:19
중앙보훈병원개화,개화중앙보훈병원,중앙보훈병원개화,개화중앙보훈병원
19:06,19:00,21:33,21:31
중앙보훈병원개화,개화중앙보훈병원,중앙보훈병원개화,개화중앙보훈병원
19:13,19:07,21:45,21:43
중앙보훈병원개화,개화중앙보훈병원,중앙보훈병원개화,개화중앙보훈병원
19:20,19:15,21:57,21:55
중앙보훈병원개화,개화중앙보훈병원,중앙보훈병원개화,개화중앙보훈병원
19:28,19:22,22:09,22:07
중앙보훈병원개화,개화중앙보훈병원,중앙보훈병원개화,개화중앙보훈병원
19:35,19:29,22:21,22:19
중앙보훈병원개화,개화중앙보훈병원,중앙보훈병원개화,개화중앙보훈병원
19:42,19:36,22:33,22:31
중앙보훈병원개화,개화중앙보훈병원,중앙보훈병원개화,개화중앙보훈병원
19:49,19:43,22:46,22:44
중앙보훈병원개화,개화중앙보훈병원,중앙보훈병원개화,개화중앙보훈병원
19:56,19:50,22:59막,22:57
중앙보훈병원개화,개화중앙보훈병원,중앙보훈병원개화,개화중앙보훈병원
,19:58,23:12막,23:10
,개화중앙보훈병원,중앙보훈병원염창,개화중앙보훈병원
20:03,20:06,23:25막,23:22
중앙보훈병원개화,개화중앙보훈병원,중앙보훈병원여의도,개화중앙보훈병원
20:11,20:15,23:35막,23:32
중앙보훈병원개화,개화중앙보훈병원,중앙보훈병원동작,개화중앙보훈병원
20:18,20:23,23:49막,23:43
중앙보훈병원개화,개화중앙보훈병원,중앙보훈병원신논현,개화중앙보훈병원
20:25,20:29,,23:56막
중앙보훈병원개화,개화중앙보훈병원,,개화중앙보훈병원
20:33,20:40,00:03막,
중앙보훈병원개화,개화중앙보훈병원,중앙보훈병원삼전,
20:43,20:51,,
중앙보훈병원개화,개화중앙보훈병원,,
20:48,,,
중앙보훈병원개화,,,
20:54,,,
중앙보훈병원개화,,,
21:05,21:02,,
중앙보훈병원개화,개화중앙보훈병원,,
21:16,21:13,,
중앙보훈병원개화,개화중앙보훈병원,,
21:27,21:24,,
중앙보훈병원개화,개화중앙보훈병원,,
21:38,21:35,,
중앙보훈병원개화,개화중앙보훈병원,,
21:49,21:46,,
중앙보훈병원개화,개화중앙보훈병원,,
,21:57,,
,개화중앙보훈병원,,
22:00,22:08,,
중앙보훈병원개화,개화중앙보훈병원,,
22:11,22:19,,
중앙보훈병원개화,개화중앙보훈병원,,
22:21,22:30,,
중앙보훈병원개화,개화중앙보훈병원,,
22:32,22:41,,
중앙보훈병원개화,개화중앙보훈병원,,
22:43,22:52,,
중앙보훈병원개화,개화중앙보훈병원,,
22:54,,,
중앙보훈병원개화,,,
23:05,23:03,,
중앙보훈병원개화,개화중앙보훈병원,,
23:16,23:14,,
중앙보훈병원개화,개화중앙보훈병원,,
23:27,23:25,,
중앙보훈병원개화,개화중앙보훈병원,,
23:38,23:36,,
중앙보훈병원개화,개화중앙보훈병원,,
23:49막,23:47,,
중앙보훈병원개화,개화중앙보훈병원,,
,23:58,,
,개화중앙보훈병원,,
00:00막,0:09,,
중앙보훈병원마곡나루,개화중앙보훈병원,,
00:11막,0:20,,
중앙보훈병원염창,개화중앙보훈병원,,
00:22막,0:29,,
중앙보훈병원여의도,개화중앙보훈병원,,
00:32막,0:35,,
중앙보훈병원동작,개화중앙보훈병원,,
00:45막,00:49막,,
중앙보훈병원신논현,개화중앙보훈병원,,
00:58막,,,
중앙보훈병원삼전,,,
