﻿석촌방면,한성백제방면,석촌방면,한성백제방면
평일,평일,주말,주말
05:39첫,05:35첫,05:40첫,05:35첫
중앙보훈병원개화,삼전중앙보훈병원,중앙보훈병원개화,삼전중앙보훈병원
5:52,5:49,5:53,5:48
중앙보훈병원개화,신논현중앙보훈병원,중앙보훈병원개화,신논현중앙보훈병원
6:05,6:03,6:06,6:02
중앙보훈병원개화,동작중앙보훈병원,중앙보훈병원개화,동작중앙보훈병원
6:18,6:17,6:19,6:14
중앙보훈병원개화,여의도중앙보훈병원,중앙보훈병원개화,여의도중앙보훈병원
6:31,6:30,6:31,6:26
중앙보훈병원개화,염창중앙보훈병원,중앙보훈병원개화,염창중앙보훈병원
6:44,6:40,6:43,6:38
중앙보훈병원개화,마곡나루중앙보훈병원,중앙보훈병원개화,마곡나루중앙보훈병원
6:57,6:51,6:55,6:49
중앙보훈병원개화,개화중앙보훈병원,중앙보훈병원개화,개화중앙보훈병원
7:05,7:03,7:07,7:01
중앙보훈병원개화,개화중앙보훈병원,중앙보훈병원개화,개화중앙보훈병원
7:17,7:15,7:19,7:13
중앙보훈병원개화,개화중앙보훈병원,중앙보훈병원개화,개화중앙보훈병원
7:29,7:28,7:31,7:25
중앙보훈병원개화,개화중앙보훈병원,중앙보훈병원개화,개화중앙보훈병원
7:36,7:36,7:43,7:37
중앙보훈병원개화,개화중앙보훈병원,중앙보훈병원개화,개화중앙보훈병원
7:44,7:45,7:55,7:49
중앙보훈병원개화,개화중앙보훈병원,중앙보훈병원개화,개화중앙보훈병원
7:52,7:53,8:07,8:01
중앙보훈병원개화,개화중앙보훈병원,중앙보훈병원개화,개화중앙보훈병원
8:01,8:00,8:19,8:13
중앙보훈병원개화,개화중앙보훈병원,중앙보훈병원개화,개화중앙보훈병원
8:10,8:06,8:31,8:25
중앙보훈병원개화,개화중앙보훈병원,중앙보훈병원개화,개화중앙보훈병원
8:17,8:13,8:43,8:37
중앙보훈병원개화,개화중앙보훈병원,중앙보훈병원개화,개화중앙보훈병원
8:24,8:20,8:55,8:49
중앙보훈병원개화,개화중앙보훈병원,중앙보훈병원개화,개화중앙보훈병원
8:31,8:27,9:07,9:01
중앙보훈병원개화,개화중앙보훈병원,중앙보훈병원개화,개화중앙보훈병원
8:38,8:34,9:19,9:13
중앙보훈병원개화,개화중앙보훈병원,중앙보훈병원개화,개화중앙보훈병원
8:45,8:41,9:31,9:25
중앙보훈병원개화,개화중앙보훈병원,중앙보훈병원개화,개화중앙보훈병원
8:52,8:47,9:43,9:37
중앙보훈병원개화,개화중앙보훈병원,중앙보훈병원개화,개화중앙보훈병원
8:58,8:54,9:55,9:49
중앙보훈병원개화,개화중앙보훈병원,중앙보훈병원개화,개화중앙보훈병원
9:05,9:01,10:06,10:01
중앙보훈병원개화,개화중앙보훈병원,중앙보훈병원개화,개화중앙보훈병원
9:12,9:08,10:17,10:12
중앙보훈병원개화,개화중앙보훈병원,중앙보훈병원개화,개화중앙보훈병원
9:19,9:15,10:28,10:23
중앙보훈병원개화,개화중앙보훈병원,중앙보훈병원개화,개화중앙보훈병원
9:26,9:22,10:39,10:34
중앙보훈병원개화,개화중앙보훈병원,중앙보훈병원개화,개화중앙보훈병원
9:33,9:28,10:50,10:45
중앙보훈병원개화,개화중앙보훈병원,중앙보훈병원개화,개화중앙보훈병원
9:39,9:35,,10:56
중앙보훈병원개화,개화중앙보훈병원,,개화중앙보훈병원
9:46,9:40,11:01,11:07
중앙보훈병원개화,개화중앙보훈병원,중앙보훈병원개화,개화중앙보훈병원
9:53,9:47,11:12,11:18
중앙보훈병원개화,개화중앙보훈병원,중앙보훈병원개화,개화중앙보훈병원
,9:55,11:23,11:29
,개화중앙보훈병원,중앙보훈병원개화,개화중앙보훈병원
10:01,10:06,11:34,11:40
중앙보훈병원개화,개화중앙보훈병원,중앙보훈병원개화,개화중앙보훈병원
10:09,10:17,11:45,11:51
중앙보훈병원개화,개화중앙보훈병원,중앙보훈병원개화,개화중앙보훈병원
10:15,10:28,11:56,
중앙보훈병원개화,개화중앙보훈병원,중앙보훈병원개화,
10:20,10:39,12:07,12:02
중앙보훈병원개화,개화중앙보훈병원,중앙보훈병원개화,개화중앙보훈병원
10:30,10:50,12:18,12:13
중앙보훈병원개화,개화중앙보훈병원,중앙보훈병원개화,개화중앙보훈병원
10:42,,12:29,12:24
중앙보훈병원개화,,중앙보훈병원개화,개화중앙보훈병원
10:53,,12:40,12:35
중앙보훈병원개화,,중앙보훈병원개화,개화중앙보훈병원
11:04,11:01,12:51,12:46
중앙보훈병원개화,개화중앙보훈병원,중앙보훈병원개화,개화중앙보훈병원
11:15,11:12,,12:57
중앙보훈병원개화,개화중앙보훈병원,,개화중앙보훈병원
11:26,11:23,13:02,13:08
중앙보훈병원개화,개화중앙보훈병원,중앙보훈병원개화,개화중앙보훈병원
11:37,11:34,13:13,13:19
중앙보훈병원개화,개화중앙보훈병원,중앙보훈병원개화,개화중앙보훈병원
11:48,11:45,13:24,13:30
중앙보훈병원개화,개화중앙보훈병원,중앙보훈병원개화,개화중앙보훈병원
11:59,11:56,13:35,13:41
중앙보훈병원개화,개화중앙보훈병원,중앙보훈병원개화,개화중앙보훈병원
12:10,12:07,13:46,13:52
중앙보훈병원개화,개화중앙보훈병원,중앙보훈병원개화,개화중앙보훈병원
12:21,12:19,13:57,
중앙보훈병원개화,개화중앙보훈병원,중앙보훈병원개화,
12:32,12:31,14:08,14:03
중앙보훈병원개화,개화중앙보훈병원,중앙보훈병원개화,개화중앙보훈병원
12:44,12:43,14:19,14:14
중앙보훈병원개화,개화중앙보훈병원,중앙보훈병원개화,개화중앙보훈병원
12:56,12:54,14:30,14:25
중앙보훈병원개화,개화중앙보훈병원,중앙보훈병원개화,개화중앙보훈병원
13:07,13:05,14:41,14:36
중앙보훈병원개화,개화중앙보훈병원,중앙보훈병원개화,개화중앙보훈병원
13:18,13:16,14:52,14:47
중앙보훈병원개화,개화중앙보훈병원,중앙보훈병원개화,개화중앙보훈병원
13:29,13:27,,14:58
중앙보훈병원개화,개화중앙보훈병원,,개화중앙보훈병원
13:40,13:38,15:03,15:09
중앙보훈병원개화,개화중앙보훈병원,중앙보훈병원개화,개화중앙보훈병원
13:51,13:49,15:14,15:20
중앙보훈병원개화,개화중앙보훈병원,중앙보훈병원개화,개화중앙보훈병원
14:02,14:00,15:25,15:31
중앙보훈병원개화,개화중앙보훈병원,중앙보훈병원개화,개화중앙보훈병원
14:13,14:11,15:36,15:42
중앙보훈병원개화,개화중앙보훈병원,중앙보훈병원개화,개화중앙보훈병원
14:24,14:22,15:47,15:53
중앙보훈병원개화,개화중앙보훈병원,중앙보훈병원개화,개화중앙보훈병원
14:35,14:33,15:58,
중앙보훈병원개화,개화중앙보훈병원,중앙보훈병원개화,
14:46,14:44,16:09,16:04
중앙보훈병원개화,개화중앙보훈병원,중앙보훈병원개화,개화중앙보훈병원
14:57,14:55,16:20,16:15
중앙보훈병원개화,개화중앙보훈병원,중앙보훈병원개화,개화중앙보훈병원
15:08,15:06,16:31,16:26
중앙보훈병원개화,개화중앙보훈병원,중앙보훈병원개화,개화중앙보훈병원
15:19,15:18,16:42,16:37
중앙보훈병원개화,개화중앙보훈병원,중앙보훈병원개화,개화중앙보훈병원
15:31,15:30,16:53,16:48
중앙보훈병원개화,개화중앙보훈병원,중앙보훈병원개화,개화중앙보훈병원
15:43,15:41,,16:59
중앙보훈병원개화,개화중앙보훈병원,,개화중앙보훈병원
15:54,15:52,17:04,17:10
중앙보훈병원개화,개화중앙보훈병원,중앙보훈병원개화,개화중앙보훈병원
16:05,16:03,17:15,17:21
중앙보훈병원개화,개화중앙보훈병원,중앙보훈병원개화,개화중앙보훈병원
16:16,16:14,17:26,17:32
중앙보훈병원개화,개화중앙보훈병원,중앙보훈병원개화,개화중앙보훈병원
16:27,16:25,17:37,17:43
중앙보훈병원개화,개화중앙보훈병원,중앙보훈병원개화,개화중앙보훈병원
16:38,16:36,17:48,17:54
중앙보훈병원개화,개화중앙보훈병원,중앙보훈병원개화,개화중앙보훈병원
16:49,16:47,17:59,
중앙보훈병원개화,개화중앙보훈병원,중앙보훈병원개화,
,16:58,18:10,18:05
,개화중앙보훈병원,중앙보훈병원개화,개화중앙보훈병원
17:00,17:04,18:21,18:16
중앙보훈병원개화,개화중앙보훈병원,중앙보훈병원개화,개화중앙보훈병원
17:11,17:09,18:32,18:27
중앙보훈병원개화,개화중앙보훈병원,중앙보훈병원개화,개화중앙보훈병원
17:22,17:20,18:43,18:38
중앙보훈병원개화,개화중앙보훈병원,중앙보훈병원개화,개화중앙보훈병원
17:33,17:31,18:54,18:49
중앙보훈병원개화,개화중앙보훈병원,중앙보훈병원개화,개화중앙보훈병원
17:39,17:38,19:05,19:00
중앙보훈병원개화,개화중앙보훈병원,중앙보훈병원개화,개화중앙보훈병원
17:44,17:46,19:16,19:11
중앙보훈병원개화,개화중앙보훈병원,중앙보훈병원개화,개화중앙보훈병원
17:55,17:55,19:27,19:22
중앙보훈병원개화,개화중앙보훈병원,중앙보훈병원개화,개화중앙보훈병원
18:03,18:02,19:38,19:33
중앙보훈병원개화,개화중앙보훈병원,중앙보훈병원개화,개화중앙보훈병원
18:11,18:09,19:49,19:44
중앙보훈병원개화,개화중앙보훈병원,중앙보훈병원개화,개화중앙보훈병원
18:19,18:16,,19:55
중앙보훈병원개화,개화중앙보훈병원,,개화중앙보훈병원
18:27,18:23,20:00,20:06
중앙보훈병원개화,개화중앙보훈병원,중앙보훈병원개화,개화중앙보훈병원
18:34,18:31,20:11,20:17
중앙보훈병원개화,개화중앙보훈병원,중앙보훈병원개화,개화중앙보훈병원
18:41,18:38,20:22,20:28
중앙보훈병원개화,개화중앙보훈병원,중앙보훈병원개화,개화중앙보훈병원
18:48,18:45,20:33,20:39
중앙보훈병원개화,개화중앙보훈병원,중앙보훈병원개화,개화중앙보훈병원
18:55,18:52,20:44,20:50
중앙보훈병원개화,개화중앙보훈병원,중앙보훈병원개화,개화중앙보훈병원
,18:59,20:55,
,개화중앙보훈병원,중앙보훈병원개화,
19:02,19:06,21:06,21:02
중앙보훈병원개화,개화중앙보훈병원,중앙보훈병원개화,개화중앙보훈병원
19:10,19:14,21:17,21:14
중앙보훈병원개화,개화중앙보훈병원,중앙보훈병원개화,개화중앙보훈병원
19:17,19:21,21:29,21:26
중앙보훈병원개화,개화중앙보훈병원,중앙보훈병원개화,개화중앙보훈병원
19:24,19:28,21:41,21:38
중앙보훈병원개화,개화중앙보훈병원,중앙보훈병원개화,개화중앙보훈병원
19:31,19:35,21:53,21:50
중앙보훈병원개화,개화중앙보훈병원,중앙보훈병원개화,개화중앙보훈병원
19:38,19:42,22:05,22:02
중앙보훈병원개화,개화중앙보훈병원,중앙보훈병원개화,개화중앙보훈병원
19:45,19:49,22:17,22:14
중앙보훈병원개화,개화중앙보훈병원,중앙보훈병원개화,개화중앙보훈병원
19:53,19:57,22:29,22:26
중앙보훈병원개화,개화중앙보훈병원,중앙보훈병원개화,개화중앙보훈병원
20:00,20:04,22:42,22:38
중앙보훈병원개화,개화중앙보훈병원,중앙보훈병원개화,개화중앙보훈병원
20:07,20:12,22:55막,22:51
중앙보훈병원개화,개화중앙보훈병원,중앙보훈병원개화,개화중앙보훈병원
20:14,20:19,23:08막,23:04
중앙보훈병원개화,개화중앙보훈병원,중앙보훈병원염창,개화중앙보훈병원
20:21,20:27,23:21막,23:17
중앙보훈병원개화,개화중앙보훈병원,중앙보훈병원여의도,개화중앙보훈병원
20:29,20:36,23:31막,23:26
중앙보훈병원개화,개화중앙보훈병원,중앙보훈병원동작,개화중앙보훈병원
20:39,20:47,23:45막,23:36
중앙보훈병원개화,개화중앙보훈병원,중앙보훈병원신논현,개화중앙보훈병원
20:45,20:58,23:59막,23:47
중앙보훈병원개화,개화중앙보훈병원,중앙보훈병원삼전,개화중앙보훈병원
20:50,,,00:00막
중앙보훈병원개화,,,개화중앙보훈병원
21:01,21:09,,
중앙보훈병원개화,개화중앙보훈병원,,
21:12,21:20,,
중앙보훈병원개화,개화중앙보훈병원,,
21:23,21:31,,
중앙보훈병원개화,개화중앙보훈병원,,
21:34,21:42,,
중앙보훈병원개화,개화중앙보훈병원,,
21:45,21:53,,
중앙보훈병원개화,개화중앙보훈병원,,
21:56,,,
중앙보훈병원개화,,,
22:08,22:04,,
중앙보훈병원개화,개화중앙보훈병원,,
22:17,22:15,,
중앙보훈병원개화,개화중앙보훈병원,,
22:28,22:26,,
중앙보훈병원개화,개화중앙보훈병원,,
22:39,22:37,,
중앙보훈병원개화,개화중앙보훈병원,,
22:50,22:48,,
중앙보훈병원개화,개화중앙보훈병원,,
,22:59,,
,개화중앙보훈병원,,
23:01,23:10,,
중앙보훈병원개화,개화중앙보훈병원,,
23:12,23:21,,
중앙보훈병원개화,개화중앙보훈병원,,
23:23,23:32,,
중앙보훈병원개화,개화중앙보훈병원,,
23:34,23:43,,
중앙보훈병원개화,개화중앙보훈병원,,
23:45막,23:54,,
중앙보훈병원개화,개화중앙보훈병원,,
23:56막,,,
중앙보훈병원마곡나루,,,
00:07막,0:05,,
중앙보훈병원염창,개화중앙보훈병원,,
00:18막,0:16,,
중앙보훈병원여의도,개화중앙보훈병원,,
00:28막,0:24,,
중앙보훈병원동작,개화중앙보훈병원,,
00:41막,0:33,,
중앙보훈병원신논현,개화중앙보훈병원,,
00:54막,0:39,,
중앙보훈병원삼전,개화중앙보훈병원,,
,00:53막,,
,개화중앙보훈병원,,
