﻿언주방면,삼성중앙방면,언주방면,삼성중앙방면
평일,평일,주말,주말
05:39첫,05:33첫,05:39첫,05:33첫
삼전개화,신논현중앙보훈병원,삼전개화,신논현중앙보훈병원
5:54,5:45,5:56,5:43
중앙보훈병원개화,동작중앙보훈병원,중앙보훈병원개화,동작중앙보훈병원
,05:51급첫,,05:50급첫
,당산중앙보훈병원,,당산중앙보훈병원
,5:59,,5:56
,여의도중앙보훈병원,,여의도중앙보훈병원
6:07,06:06급,6:08,06:02급
중앙보훈병원개화,김포공항중앙보훈병원,중앙보훈병원개화,김포공항중앙보훈병원
06:09급첫,6:12,06:15급첫,6:09
중앙보훈병원김포공항,염창중앙보훈병원,중앙보훈병원김포공항,염창중앙보훈병원
6:20,06:18급,6:21,06:14급
중앙보훈병원개화,김포공항중앙보훈병원,중앙보훈병원개화,김포공항중앙보훈병원
06:23급,6:23,06:28급,6:20
중앙보훈병원김포공항,마곡나루중앙보훈병원,중앙보훈병원김포공항,마곡나루중앙보훈병원
6:33,06:28급,6:34,06:25급
중앙보훈병원개화,김포공항중앙보훈병원,중앙보훈병원개화,김포공항중앙보훈병원
06:36급,6:33,06:40급,6:31
중앙보훈병원김포공항,개화중앙보훈병원,중앙보훈병원김포공항,개화중앙보훈병원
6:46,06:40급,6:46,06:37급
중앙보훈병원개화,김포공항중앙보훈병원,중앙보훈병원개화,김포공항중앙보훈병원
06:49급,6:46,06:52급,6:43
중앙보훈병원김포공항,개화중앙보훈병원,중앙보훈병원김포공항,개화중앙보훈병원
6:59,06:52급,6:58,06:49급
중앙보훈병원개화,김포공항중앙보훈병원,중앙보훈병원개화,김포공항중앙보훈병원
,6:58,,6:55
,개화중앙보훈병원,,개화중앙보훈병원
07:02급,07:04급,07:04급,07:01급
중앙보훈병원김포공항,김포공항중앙보훈병원,중앙보훈병원김포공항,김포공항중앙보훈병원
7:12,7:10,7:10,7:07
중앙보훈병원개화,개화중앙보훈병원,중앙보훈병원개화,개화중앙보훈병원
07:15급,07:16급,07:16급,07:13급
중앙보훈병원김포공항,김포공항중앙보훈병원,중앙보훈병원김포공항,김포공항중앙보훈병원
7:20,7:19,7:22,7:19
중앙보훈병원개화,개화중앙보훈병원,중앙보훈병원개화,개화중앙보훈병원
07:27급,07:25급,07:28급,07:25급
중앙보훈병원김포공항,김포공항중앙보훈병원,중앙보훈병원김포공항,김포공항중앙보훈병원
7:32,7:28,7:34,7:31
중앙보훈병원개화,개화중앙보훈병원,중앙보훈병원개화,개화중앙보훈병원
07:39급,07:32급,07:40급,07:37급
중앙보훈병원김포공항,김포공항중앙보훈병원,중앙보훈병원김포공항,김포공항중앙보훈병원
7:44,7:35,7:46,7:43
중앙보훈병원개화,개화중앙보훈병원,중앙보훈병원개화,개화중앙보훈병원
07:51급,07:39급,07:52급,07:49급
중앙보훈병원김포공항,김포공항중앙보훈병원,중앙보훈병원김포공항,김포공항중앙보훈병원
7:52,7:42,7:58,7:55
중앙보훈병원개화,개화중앙보훈병원,중앙보훈병원개화,개화중앙보훈병원
7:59,07:46급,08:04급,08:01급
중앙보훈병원개화,김포공항중앙보훈병원,중앙보훈병원김포공항,김포공항중앙보훈병원
,7:49,8:10,8:07
,개화중앙보훈병원,중앙보훈병원개화,개화중앙보훈병원
,07:53급,08:16급,08:13급
,김포공항중앙보훈병원,중앙보훈병원김포공항,김포공항중앙보훈병원
,7:56,8:22,8:19
,개화중앙보훈병원,중앙보훈병원개화,개화중앙보훈병원
08:02급,08:00급,08:28급,08:25급
중앙보훈병원김포공항,김포공항중앙보훈병원,중앙보훈병원김포공항,김포공항중앙보훈병원
8:07,8:03,8:34,8:31
중앙보훈병원개화,개화중앙보훈병원,중앙보훈병원개화,개화중앙보훈병원
08:11급,08:07급,08:40급,08:37급
중앙보훈병원김포공항,김포공항중앙보훈병원,중앙보훈병원김포공항,김포공항중앙보훈병원
8:16,8:09,8:46,8:43
중앙보훈병원개화,개화중앙보훈병원,중앙보훈병원개화,개화중앙보훈병원
08:19급,08:14급,08:52급,08:49급
중앙보훈병원김포공항,김포공항중앙보훈병원,중앙보훈병원김포공항,김포공항중앙보훈병원
8:24,8:16,8:58,8:55
중앙보훈병원개화,개화중앙보훈병원,중앙보훈병원개화,개화중앙보훈병원
08:27급,08:20급,09:04급,09:01급
중앙보훈병원김포공항,김포공항중앙보훈병원,중앙보훈병원김포공항,김포공항중앙보훈병원
8:32,8:23,9:10,9:07
중앙보훈병원개화,개화중앙보훈병원,중앙보훈병원개화,개화중앙보훈병원
08:35급,08:27급,09:16급,09:13급
중앙보훈병원김포공항,김포공항중앙보훈병원,중앙보훈병원김포공항,김포공항중앙보훈병원
8:39,8:30,9:22,9:19
중앙보훈병원개화,개화중앙보훈병원,중앙보훈병원개화,개화중앙보훈병원
08:42급,08:34급,09:28급,09:25급
중앙보훈병원김포공항,김포공항중앙보훈병원,중앙보훈병원김포공항,김포공항중앙보훈병원
8:46,8:37,9:34,9:31
중앙보훈병원개화,개화중앙보훈병원,중앙보훈병원개화,개화중앙보훈병원
08:48급,08:41급,09:40급,09:37급
중앙보훈병원김포공항,김포공항중앙보훈병원,중앙보훈병원김포공항,김포공항중앙보훈병원
8:53,8:44,9:46,9:43
중앙보훈병원개화,개화중앙보훈병원,중앙보훈병원개화,개화중앙보훈병원
08:55급,08:48급,09:52급,09:49급
중앙보훈병원김포공항,김포공항중앙보훈병원,중앙보훈병원김포공항,김포공항중앙보훈병원
8:59,8:50,9:58,9:55
중앙보훈병원개화,개화중앙보훈병원,중앙보훈병원개화,개화중앙보훈병원
,08:55급,10:04급,10:00급
,김포공항중앙보훈병원,중앙보훈병원김포공항,김포공항중앙보훈병원
,8:57,10:10,10:06
,개화중앙보훈병원,중앙보훈병원개화,개화중앙보훈병원
09:02급,09:01급,10:16급,10:11급
중앙보훈병원김포공항,김포공항중앙보훈병원,중앙보훈병원김포공항,김포공항중앙보훈병원
9:06,9:04,10:21,10:17
중앙보훈병원개화,개화중앙보훈병원,중앙보훈병원개화,개화중앙보훈병원
09:09급,09:08급,10:27급,10:22급
중앙보훈병원김포공항,김포공항중앙보훈병원,중앙보훈병원김포공항,김포공항중앙보훈병원
9:13,9:11,10:32,10:28
중앙보훈병원개화,개화중앙보훈병원,중앙보훈병원개화,개화중앙보훈병원
09:16급,09:15급,10:38급,10:33급
중앙보훈병원김포공항,김포공항중앙보훈병원,중앙보훈병원김포공항,김포공항중앙보훈병원
9:20,9:18,10:43,10:39
중앙보훈병원개화,개화중앙보훈병원,중앙보훈병원개화,개화중앙보훈병원
09:23급,09:22급,10:49급,10:44급
중앙보훈병원김포공항,김포공항중앙보훈병원,중앙보훈병원김포공항,김포공항중앙보훈병원
9:27,9:25,10:54,10:50
중앙보훈병원개화,개화중앙보훈병원,중앙보훈병원개화,개화중앙보훈병원
09:29급,9:30,,10:55급
중앙보훈병원김포공항,개화중앙보훈병원,,김포공항중앙보훈병원
9:34,09:33급,11:00급,11:01
중앙보훈병원개화,김포공항중앙보훈병원,중앙보훈병원김포공항,개화중앙보훈병원
09:36급,9:38,11:05,11:06급
중앙보훈병원김포공항,개화중앙보훈병원,중앙보훈병원개화,김포공항중앙보훈병원
9:40,09:43급,11:11급,11:12
중앙보훈병원개화,김포공항중앙보훈병원,중앙보훈병원김포공항,개화중앙보훈병원
09:43급,9:49,11:16,11:17급
중앙보훈병원김포공항,개화중앙보훈병원,중앙보훈병원개화,김포공항중앙보훈병원
9:47,09:54급,11:22급,11:23
중앙보훈병원개화,김포공항중앙보훈병원,중앙보훈병원김포공항,개화중앙보훈병원
09:50급,,11:27,11:28급
중앙보훈병원김포공항,,중앙보훈병원개화,김포공항중앙보훈병원
9:54,,11:33급,11:34
중앙보훈병원개화,,중앙보훈병원김포공항,개화중앙보훈병원
09:57급,,11:38,11:39급
중앙보훈병원김포공항,,중앙보훈병원개화,김포공항중앙보훈병원
10:01,10:00,11:44급,11:45
중앙보훈병원개화,개화중앙보훈병원,중앙보훈병원김포공항,개화중앙보훈병원
10:04급,10:05급,11:49,11:50급
중앙보훈병원김포공항,김포공항중앙보훈병원,중앙보훈병원개화,김포공항중앙보훈병원
10:08,10:11,11:55급,11:56
중앙보훈병원개화,개화중앙보훈병원,중앙보훈병원김포공항,개화중앙보훈병원
10:11급,10:16급,12:00,12:01급
중앙보훈병원김포공항,김포공항중앙보훈병원,중앙보훈병원개화,김포공항중앙보훈병원
10:16,10:22,12:06급,12:07
중앙보훈병원개화,개화중앙보훈병원,중앙보훈병원김포공항,개화중앙보훈병원
10:19급,10:27급,12:11,12:12급
중앙보훈병원김포공항,김포공항중앙보훈병원,중앙보훈병원개화,김포공항중앙보훈병원
10:24,10:33,12:17급,12:18
중앙보훈병원개화,개화중앙보훈병원,중앙보훈병원김포공항,개화중앙보훈병원
10:30급,10:38급,12:22,12:23급
중앙보훈병원김포공항,김포공항중앙보훈병원,중앙보훈병원개화,김포공항중앙보훈병원
10:32,10:44,12:28급,12:29
중앙보훈병원개화,개화중앙보훈병원,중앙보훈병원김포공항,개화중앙보훈병원
10:36,10:49급,12:33,12:34급
중앙보훈병원개화,김포공항중앙보훈병원,중앙보훈병원개화,김포공항중앙보훈병원
10:40급,10:55,12:39급,12:40
중앙보훈병원김포공항,개화중앙보훈병원,중앙보훈병원김포공항,개화중앙보훈병원
10:45,,12:44,12:45급
중앙보훈병원개화,,중앙보훈병원개화,김포공항중앙보훈병원
10:52급,,12:50급,12:51
중앙보훈병원김포공항,,중앙보훈병원김포공항,개화중앙보훈병원
10:57,,12:55,12:56급
중앙보훈병원개화,,중앙보훈병원개화,김포공항중앙보훈병원
11:03급,11:00급,13:01급,13:02
중앙보훈병원김포공항,김포공항중앙보훈병원,중앙보훈병원김포공항,개화중앙보훈병원
11:08,11:06,13:06,13:07급
중앙보훈병원개화,개화중앙보훈병원,중앙보훈병원개화,김포공항중앙보훈병원
11:14급,11:11급,13:12급,13:13
중앙보훈병원김포공항,김포공항중앙보훈병원,중앙보훈병원김포공항,개화중앙보훈병원
11:19,11:17,13:17,13:18급
중앙보훈병원개화,개화중앙보훈병원,중앙보훈병원개화,김포공항중앙보훈병원
11:25급,11:22급,13:23급,13:24
중앙보훈병원김포공항,김포공항중앙보훈병원,중앙보훈병원김포공항,개화중앙보훈병원
11:30,11:28,13:28,13:29급
중앙보훈병원개화,개화중앙보훈병원,중앙보훈병원개화,김포공항중앙보훈병원
11:36급,11:33급,13:34급,13:35
중앙보훈병원김포공항,김포공항중앙보훈병원,중앙보훈병원김포공항,개화중앙보훈병원
11:41,11:39,13:39,13:40급
중앙보훈병원개화,개화중앙보훈병원,중앙보훈병원개화,김포공항중앙보훈병원
11:47급,11:44급,13:45급,13:46
중앙보훈병원김포공항,김포공항중앙보훈병원,중앙보훈병원김포공항,개화중앙보훈병원
11:52,11:50,13:50,13:51급
중앙보훈병원개화,개화중앙보훈병원,중앙보훈병원개화,김포공항중앙보훈병원
11:58급,11:56급,13:56급,13:57
중앙보훈병원김포공항,김포공항중앙보훈병원,중앙보훈병원김포공항,개화중앙보훈병원
12:03,12:01,14:01,14:02급
중앙보훈병원개화,개화중앙보훈병원,중앙보훈병원개화,김포공항중앙보훈병원
12:09급,12:08급,14:07급,14:08
중앙보훈병원김포공항,김포공항중앙보훈병원,중앙보훈병원김포공항,개화중앙보훈병원
12:14,12:13,14:12,14:13급
중앙보훈병원개화,개화중앙보훈병원,중앙보훈병원개화,김포공항중앙보훈병원
12:20급,12:19급,14:18급,14:19
중앙보훈병원김포공항,김포공항중앙보훈병원,중앙보훈병원김포공항,개화중앙보훈병원
12:25,12:25,14:23,14:24급
중앙보훈병원개화,개화중앙보훈병원,중앙보훈병원개화,김포공항중앙보훈병원
12:31급,12:31급,14:29급,14:30
중앙보훈병원김포공항,김포공항중앙보훈병원,중앙보훈병원김포공항,개화중앙보훈병원
12:36,12:36,14:34,14:35급
중앙보훈병원개화,개화중앙보훈병원,중앙보훈병원개화,김포공항중앙보훈병원
12:42급,12:41급,14:40급,14:41
중앙보훈병원김포공항,김포공항중앙보훈병원,중앙보훈병원김포공항,개화중앙보훈병원
12:47,12:47,14:45,14:46급
중앙보훈병원개화,개화중앙보훈병원,중앙보훈병원개화,김포공항중앙보훈병원
12:54급,12:52급,14:51급,14:52
중앙보훈병원김포공항,김포공항중앙보훈병원,중앙보훈병원김포공항,개화중앙보훈병원
12:59,12:58,14:56,14:57급
중앙보훈병원개화,개화중앙보훈병원,중앙보훈병원개화,김포공항중앙보훈병원
13:06급,13:03급,15:02급,15:03
중앙보훈병원김포공항,김포공항중앙보훈병원,중앙보훈병원김포공항,개화중앙보훈병원
13:11,13:09,15:07,15:08급
중앙보훈병원개화,개화중앙보훈병원,중앙보훈병원개화,김포공항중앙보훈병원
13:17급,13:14급,15:13급,15:14
중앙보훈병원김포공항,김포공항중앙보훈병원,중앙보훈병원김포공항,개화중앙보훈병원
13:22,13:20,15:18,15:19급
중앙보훈병원개화,개화중앙보훈병원,중앙보훈병원개화,김포공항중앙보훈병원
13:28급,13:25급,15:24급,15:25
중앙보훈병원김포공항,김포공항중앙보훈병원,중앙보훈병원김포공항,개화중앙보훈병원
13:33,13:31,15:29,15:30급
중앙보훈병원개화,개화중앙보훈병원,중앙보훈병원개화,김포공항중앙보훈병원
13:39급,13:36급,15:35급,15:36
중앙보훈병원김포공항,김포공항중앙보훈병원,중앙보훈병원김포공항,개화중앙보훈병원
13:44,13:42,15:40,15:41급
중앙보훈병원개화,개화중앙보훈병원,중앙보훈병원개화,김포공항중앙보훈병원
13:50급,13:47급,15:46급,15:47
중앙보훈병원김포공항,김포공항중앙보훈병원,중앙보훈병원김포공항,개화중앙보훈병원
13:55,13:53,15:51,15:52급
중앙보훈병원개화,개화중앙보훈병원,중앙보훈병원개화,김포공항중앙보훈병원
,13:58급,15:57급,15:58
,김포공항중앙보훈병원,중앙보훈병원김포공항,개화중앙보훈병원
14:01급,14:04,16:02,16:03급
중앙보훈병원김포공항,개화중앙보훈병원,중앙보훈병원개화,김포공항중앙보훈병원
14:06,14:09급,16:08급,16:09
중앙보훈병원개화,김포공항중앙보훈병원,중앙보훈병원김포공항,개화중앙보훈병원
14:12급,14:15,16:13,16:14급
중앙보훈병원김포공항,개화중앙보훈병원,중앙보훈병원개화,김포공항중앙보훈병원
14:17,14:20급,16:19급,16:20
중앙보훈병원개화,김포공항중앙보훈병원,중앙보훈병원김포공항,개화중앙보훈병원
14:23급,14:26,16:24,16:25급
중앙보훈병원김포공항,개화중앙보훈병원,중앙보훈병원개화,김포공항중앙보훈병원
14:28,14:31급,16:30급,16:31
중앙보훈병원개화,김포공항중앙보훈병원,중앙보훈병원김포공항,개화중앙보훈병원
14:34급,14:37,16:35,16:36급
중앙보훈병원김포공항,개화중앙보훈병원,중앙보훈병원개화,김포공항중앙보훈병원
14:39,14:43급,16:41급,16:42
중앙보훈병원개화,김포공항중앙보훈병원,중앙보훈병원김포공항,개화중앙보훈병원
14:45급,14:49,16:46,16:47급
중앙보훈병원김포공항,개화중앙보훈병원,중앙보훈병원개화,김포공항중앙보훈병원
14:50,14:55급,16:52급,16:53
중앙보훈병원개화,김포공항중앙보훈병원,중앙보훈병원김포공항,개화중앙보훈병원
14:56급,,16:57,16:58급
중앙보훈병원김포공항,,중앙보훈병원개화,김포공항중앙보훈병원
15:01,15:00,17:03급,17:04
중앙보훈병원개화,개화중앙보훈병원,중앙보훈병원김포공항,개화중앙보훈병원
15:07급,15:06급,17:08,17:09급
중앙보훈병원김포공항,김포공항중앙보훈병원,중앙보훈병원개화,김포공항중앙보훈병원
15:12,15:12,17:14급,17:15
중앙보훈병원개화,개화중앙보훈병원,중앙보훈병원김포공항,개화중앙보훈병원
15:18급,15:17급,17:19,17:20급
중앙보훈병원김포공항,김포공항중앙보훈병원,중앙보훈병원개화,김포공항중앙보훈병원
15:23,15:23,17:25급,17:26
중앙보훈병원개화,개화중앙보훈병원,중앙보훈병원김포공항,개화중앙보훈병원
15:29급,15:28급,17:30,17:31급
중앙보훈병원김포공항,김포공항중앙보훈병원,중앙보훈병원개화,김포공항중앙보훈병원
15:34,15:34,17:36급,17:37
중앙보훈병원개화,개화중앙보훈병원,중앙보훈병원김포공항,개화중앙보훈병원
15:41급,15:39급,17:41,17:42급
중앙보훈병원김포공항,김포공항중앙보훈병원,중앙보훈병원개화,김포공항중앙보훈병원
15:46,15:45,17:47급,17:48
중앙보훈병원개화,개화중앙보훈병원,중앙보훈병원김포공항,개화중앙보훈병원
15:53급,15:50급,17:52,17:53급
중앙보훈병원김포공항,김포공항중앙보훈병원,중앙보훈병원개화,김포공항중앙보훈병원
15:58,15:56,17:58급,17:59
중앙보훈병원개화,개화중앙보훈병원,중앙보훈병원김포공항,개화중앙보훈병원
16:04급,16:01급,18:03,18:04급
중앙보훈병원김포공항,김포공항중앙보훈병원,중앙보훈병원개화,김포공항중앙보훈병원
16:09,16:07,18:09급,18:10
중앙보훈병원개화,개화중앙보훈병원,중앙보훈병원김포공항,개화중앙보훈병원
16:15급,16:12급,18:14,18:15급
중앙보훈병원김포공항,김포공항중앙보훈병원,중앙보훈병원개화,김포공항중앙보훈병원
16:20,16:18,18:20급,18:21
중앙보훈병원개화,개화중앙보훈병원,중앙보훈병원김포공항,개화중앙보훈병원
16:26급,16:23급,18:25,18:26급
중앙보훈병원김포공항,김포공항중앙보훈병원,중앙보훈병원개화,김포공항중앙보훈병원
16:31,16:29,18:31급,18:32
중앙보훈병원개화,개화중앙보훈병원,중앙보훈병원김포공항,개화중앙보훈병원
16:37급,16:34급,18:36,18:37급
중앙보훈병원김포공항,김포공항중앙보훈병원,중앙보훈병원개화,김포공항중앙보훈병원
16:42,16:40,18:42급,18:43
중앙보훈병원개화,개화중앙보훈병원,중앙보훈병원김포공항,개화중앙보훈병원
16:48급,16:45급,18:47,18:48급
중앙보훈병원김포공항,김포공항중앙보훈병원,중앙보훈병원개화,김포공항중앙보훈병원
16:53,16:48,18:53급,18:54
중앙보훈병원개화,개화중앙보훈병원,중앙보훈병원김포공항,개화중앙보훈병원
16:59급,16:51,18:58,18:59급
중앙보훈병원김포공항,개화중앙보훈병원,중앙보훈병원개화,김포공항중앙보훈병원
,16:56급,19:04급,19:05
,김포공항중앙보훈병원,중앙보훈병원김포공항,개화중앙보훈병원
17:04,17:02,19:09,19:10급
중앙보훈병원개화,개화중앙보훈병원,중앙보훈병원개화,김포공항중앙보훈병원
17:10급,17:07급,19:15급,19:16
중앙보훈병원김포공항,김포공항중앙보훈병원,중앙보훈병원김포공항,개화중앙보훈병원
17:15,17:13,19:20,19:21급
중앙보훈병원개화,개화중앙보훈병원,중앙보훈병원개화,김포공항중앙보훈병원
17:21급,17:18급,19:26급,19:27
중앙보훈병원김포공항,김포공항중앙보훈병원,중앙보훈병원김포공항,개화중앙보훈병원
17:26,17:21,19:31,19:32급
중앙보훈병원개화,개화중앙보훈병원,중앙보훈병원개화,김포공항중앙보훈병원
17:32급,17:26급,19:37급,19:38
중앙보훈병원김포공항,김포공항중앙보훈병원,중앙보훈병원김포공항,개화중앙보훈병원
17:37,17:29,19:42,19:43급
중앙보훈병원개화,개화중앙보훈병원,중앙보훈병원개화,김포공항중앙보훈병원
17:43급,17:34급,19:48급,19:49
중앙보훈병원김포공항,김포공항중앙보훈병원,중앙보훈병원김포공항,개화중앙보훈병원
17:48,17:37,19:53,19:54급
중앙보훈병원개화,개화중앙보훈병원,중앙보훈병원개화,김포공항중앙보훈병원
17:54급,17:42급,19:59급,
중앙보훈병원김포공항,김포공항중앙보훈병원,중앙보훈병원김포공항,
17:55,17:44,20:04,20:00
중앙보훈병원개화,개화중앙보훈병원,중앙보훈병원개화,개화중앙보훈병원
,17:49급,20:10급,20:05급
,김포공항중앙보훈병원,중앙보훈병원김포공항,김포공항중앙보훈병원
,17:52,20:15,20:11
,개화중앙보훈병원,중앙보훈병원개화,개화중앙보훈병원
,17:56급,20:21급,20:16급
,김포공항중앙보훈병원,중앙보훈병원김포공항,김포공항중앙보훈병원
,17:59,20:26,20:22
,개화중앙보훈병원,중앙보훈병원개화,개화중앙보훈병원
18:01,18:03급,20:32급,20:27급
중앙보훈병원개화,김포공항중앙보훈병원,중앙보훈병원김포공항,김포공항중앙보훈병원
18:05급,18:06,20:37,20:33
중앙보훈병원김포공항,개화중앙보훈병원,중앙보훈병원개화,개화중앙보훈병원
18:10,18:10급,20:43급,20:38급
중앙보훈병원개화,김포공항중앙보훈병원,중앙보훈병원김포공항,김포공항중앙보훈병원
18:13급,18:13,20:48,20:44
중앙보훈병원김포공항,개화중앙보훈병원,중앙보훈병원개화,개화중앙보훈병원
18:18,18:17급,20:54급,20:50급
중앙보훈병원개화,김포공항중앙보훈병원,중앙보훈병원김포공항,김포공항중앙보훈병원
18:21급,18:20,20:59,20:56
중앙보훈병원김포공항,개화중앙보훈병원,중앙보훈병원개화,개화중앙보훈병원
18:26,18:25급,21:05급,21:02급
중앙보훈병원개화,김포공항중앙보훈병원,중앙보훈병원김포공항,김포공항중앙보훈병원
18:29급,18:27,21:10,21:08
중앙보훈병원김포공항,개화중앙보훈병원,중앙보훈병원개화,개화중앙보훈병원
18:34,18:32급,21:16급,21:14급
중앙보훈병원개화,김포공항중앙보훈병원,중앙보훈병원김포공항,김포공항중앙보훈병원
18:37급,18:35,21:21,21:20
중앙보훈병원김포공항,개화중앙보훈병원,중앙보훈병원개화,개화중앙보훈병원
18:41,18:39급,21:27급,21:26급
중앙보훈병원개화,김포공항중앙보훈병원,중앙보훈병원김포공항,김포공항중앙보훈병원
18:44급,18:42,21:32,21:32
중앙보훈병원김포공항,개화중앙보훈병원,중앙보훈병원개화,개화중앙보훈병원
18:48,18:46급,21:38급,21:38급
중앙보훈병원개화,김포공항중앙보훈병원,중앙보훈병원김포공항,김포공항중앙보훈병원
18:51급,18:49,21:44,21:44
중앙보훈병원김포공항,개화중앙보훈병원,중앙보훈병원개화,개화중앙보훈병원
18:56,18:53급,21:50급,21:50급
중앙보훈병원개화,김포공항중앙보훈병원,중앙보훈병원김포공항,김포공항중앙보훈병원
18:58급,18:56,21:56,21:56
중앙보훈병원김포공항,개화중앙보훈병원,중앙보훈병원개화,개화중앙보훈병원
19:03,19:00급,22:02급,22:02급
중앙보훈병원개화,김포공항중앙보훈병원,중앙보훈병원김포공항,김포공항중앙보훈병원
19:05급,19:03,22:08,22:08
중앙보훈병원김포공항,개화중앙보훈병원,중앙보훈병원개화,개화중앙보훈병원
19:10,19:08급,22:14급,22:14급
중앙보훈병원개화,김포공항중앙보훈병원,중앙보훈병원김포공항,김포공항중앙보훈병원
19:13급,19:10,22:20,22:20
중앙보훈병원김포공항,개화중앙보훈병원,중앙보훈병원개화,개화중앙보훈병원
19:17,19:15급,22:26급,22:26급
중앙보훈병원개화,김포공항중앙보훈병원,중앙보훈병원김포공항,김포공항중앙보훈병원
19:20급,19:18,22:32,22:33
중앙보훈병원김포공항,개화중앙보훈병원,중앙보훈병원개화,개화중앙보훈병원
19:24,19:22급,22:38급,22:39급
중앙보훈병원개화,김포공항중앙보훈병원,중앙보훈병원김포공항,김포공항중앙보훈병원
19:27급,19:25,22:44,22:46
중앙보훈병원김포공항,개화중앙보훈병원,중앙보훈병원개화,개화중앙보훈병원
19:31,19:29급,22:51급,22:52급
중앙보훈병원개화,김포공항중앙보훈병원,중앙보훈병원김포공항,김포공항중앙보훈병원
19:34급,19:32,22:57,22:58
중앙보훈병원김포공항,개화중앙보훈병원,중앙보훈병원개화,개화중앙보훈병원
19:39,19:36급,23:04급,23:05급막
중앙보훈병원개화,김포공항중앙보훈병원,중앙보훈병원김포공항,김포공항중앙보훈병원
19:41급,19:39,23:10막,23:11
중앙보훈병원김포공항,개화중앙보훈병원,중앙보훈병원개화,개화중앙보훈병원
19:46,19:43급,23:17급,23:21
중앙보훈병원개화,김포공항중앙보훈병원,중앙보훈병원김포공항,개화중앙보훈병원
19:48급,19:46,23:23막,23:32
중앙보훈병원김포공항,개화중앙보훈병원,중앙보훈병원염창,개화중앙보훈병원
19:53,19:52급,23:30급막,23:45막
중앙보훈병원개화,김포공항중앙보훈병원,중앙보훈병원김포공항,개화중앙보훈병원
19:56급,19:54,23:36막,
중앙보훈병원김포공항,개화중앙보훈병원,중앙보훈병원여의도,
20:00,20:01급,23:46막,
중앙보훈병원개화,김포공항중앙보훈병원,중앙보훈병원동작,
20:03급,20:03,00:00막,
중앙보훈병원김포공항,개화중앙보훈병원,중앙보훈병원신논현,
20:07,20:10,,
중앙보훈병원개화,개화중앙보훈병원,,
20:10급,20:12급,,
중앙보훈병원김포공항,김포공항중앙보훈병원,,
20:14,20:18,,
중앙보훈병원개화,개화중앙보훈병원,,
20:17급,20:23급,,
중앙보훈병원김포공항,김포공항중앙보훈병원,,
20:22,20:29,,
중앙보훈병원개화,개화중앙보훈병원,,
20:24급,20:34급,,
중앙보훈병원김포공항,김포공항중앙보훈병원,,
20:29,20:40,,
중앙보훈병원개화,개화중앙보훈병원,,
20:31급,20:45급,,
중앙보훈병원김포공항,김포공항중앙보훈병원,,
20:36,20:51,,
중앙보훈병원개화,개화중앙보훈병원,,
20:39급,20:56급,,
중앙보훈병원김포공항,김포공항중앙보훈병원,,
20:45,,,
중앙보훈병원개화,,,
20:49급,,,
중앙보훈병원김포공항,,,
20:54,,,
중앙보훈병원개화,,,
21:00급,21:02,,
중앙보훈병원김포공항,개화중앙보훈병원,,
21:01,21:07급,,
중앙보훈병원개화,김포공항중앙보훈병원,,
21:05,21:13,,
중앙보훈병원개화,개화중앙보훈병원,,
21:11급,21:18급,,
중앙보훈병원김포공항,김포공항중앙보훈병원,,
21:16,21:24,,
중앙보훈병원개화,개화중앙보훈병원,,
21:22급,21:29급,,
중앙보훈병원김포공항,김포공항중앙보훈병원,,
21:27,21:35,,
중앙보훈병원개화,개화중앙보훈병원,,
21:33급,21:40급,,
중앙보훈병원김포공항,김포공항중앙보훈병원,,
21:38,21:46,,
중앙보훈병원개화,개화중앙보훈병원,,
21:44급,21:51급,,
중앙보훈병원김포공항,김포공항중앙보훈병원,,
21:49,21:57,,
중앙보훈병원개화,개화중앙보훈병원,,
21:55급,,,
중앙보훈병원김포공항,,,
22:00,22:02급,,
중앙보훈병원개화,김포공항중앙보훈병원,,
22:06급,22:08,,
중앙보훈병원김포공항,개화중앙보훈병원,,
22:11,22:13급,,
중앙보훈병원개화,김포공항중앙보훈병원,,
22:17급,22:19,,
중앙보훈병원김포공항,개화중앙보훈병원,,
22:22,22:24급,,
중앙보훈병원개화,김포공항중앙보훈병원,,
22:28급,22:30,,
중앙보훈병원김포공항,개화중앙보훈병원,,
22:32,22:35급,,
중앙보훈병원개화,김포공항중앙보훈병원,,
22:38급,22:41,,
중앙보훈병원김포공항,개화중앙보훈병원,,
22:43,22:46급,,
중앙보훈병원개화,김포공항중앙보훈병원,,
22:49급,22:52,,
중앙보훈병원김포공항,개화중앙보훈병원,,
22:54,22:57급,,
중앙보훈병원개화,김포공항중앙보훈병원,,
23:00급,23:03,,
중앙보훈병원김포공항,개화중앙보훈병원,,
23:05,23:08급,,
중앙보훈병원개화,김포공항중앙보훈병원,,
23:11급,23:14,,
중앙보훈병원김포공항,개화중앙보훈병원,,
23:16,23:19급,,
중앙보훈병원개화,김포공항중앙보훈병원,,
23:22급,23:25,,
중앙보훈병원김포공항,개화중앙보훈병원,,
23:27,23:30급,,
중앙보훈병원개화,김포공항중앙보훈병원,,
23:33급,23:36,,
중앙보훈병원김포공항,개화중앙보훈병원,,
23:38,23:41급,,
중앙보훈병원개화,김포공항중앙보훈병원,,
23:44급,23:47,,
중앙보훈병원김포공항,개화중앙보훈병원,,
23:49,23:52급,,
중앙보훈병원개화,김포공항중앙보훈병원,,
23:55급,23:58,,
중앙보훈병원김포공항,개화중앙보훈병원,,
00:00막,00:03급막,,
중앙보훈병원개화,김포공항중앙보훈병원,,
00:06급,0:09,,
중앙보훈병원김포공항,개화중앙보훈병원,,
00:11막,0:18,,
중앙보훈병원마곡나루,개화중앙보훈병원,,
00:17급,0:24,,
중앙보훈병원김포공항,개화중앙보훈병원,,
00:22막,00:38막,,
중앙보훈병원염창,개화중앙보훈병원,,
00:28급막,00:50막,,
중앙보훈병원김포공항,개화삼전,,
00:33막,,,
중앙보훈병원여의도,,,
00:43막,,,
중앙보훈병원동작,,,
00:56막,,,
중앙보훈병원신논현,,,
