﻿신목동방면,당산방면,신목동방면,당산방면
평일,평일,주말,주말
05:32첫,05:34첫,05:32첫,05:34첫
당산개화,염창중앙보훈병원,당산개화,염창중앙보훈병원
5:47,5:48,5:47,5:48
동작개화,마곡나루중앙보훈병원,동작개화,마곡나루중앙보훈병원
5:58,5:59,5:57,5:58
신논현개화,개화중앙보훈병원,신논현개화,개화중앙보훈병원
6:11,6:11,6:11,6:10
삼전개화,개화중앙보훈병원,삼전개화,개화중앙보훈병원
6:27,6:23,6:29,6:22
중앙보훈병원개화,개화중앙보훈병원,중앙보훈병원개화,개화중앙보훈병원
6:41,6:35,6:42,6:34
중앙보훈병원개화,개화중앙보훈병원,중앙보훈병원개화,개화중앙보훈병원
6:54,6:43,6:54,6:46
중앙보훈병원개화,개화중앙보훈병원,중앙보훈병원개화,개화중앙보훈병원
,6:51,,6:58
,개화중앙보훈병원,,개화중앙보훈병원
,6:59,7:07,7:10
,개화중앙보훈병원,중앙보훈병원개화,개화중앙보훈병원
7:07,7:05,7:19,7:22
중앙보훈병원개화,개화중앙보훈병원,중앙보훈병원개화,개화중앙보훈병원
7:20,7:12,7:31,7:34
중앙보훈병원개화,개화중앙보훈병원,중앙보훈병원개화,개화중앙보훈병원
7:33,7:19,7:43,7:46
중앙보훈병원개화,개화중앙보훈병원,중앙보훈병원개화,개화중앙보훈병원
7:46,7:26,7:55,7:58
중앙보훈병원개화,개화중앙보훈병원,중앙보훈병원개화,개화중앙보훈병원
7:55,7:33,8:07,8:10
중앙보훈병원개화,개화중앙보훈병원,중앙보훈병원개화,개화중앙보훈병원
,7:40,8:19,8:22
,개화중앙보훈병원,중앙보훈병원개화,개화중앙보훈병원
,7:46,8:31,8:34
,개화중앙보훈병원,중앙보훈병원개화,개화중앙보훈병원
,7:53,8:43,8:46
,개화중앙보훈병원,중앙보훈병원개화,개화중앙보훈병원
8:07,8:00,8:55,8:58
중앙보훈병원개화,개화중앙보훈병원,중앙보훈병원개화,개화중앙보훈병원
8:19,8:07,9:07,9:10
중앙보훈병원개화,개화중앙보훈병원,중앙보훈병원개화,개화중앙보훈병원
8:27,8:14,9:19,9:22
중앙보훈병원개화,개화중앙보훈병원,중앙보훈병원개화,개화중앙보훈병원
8:36,8:21,9:31,9:33
중앙보훈병원개화,개화중앙보훈병원,중앙보훈병원개화,개화중앙보훈병원
8:44,8:27,9:43,9:44
중앙보훈병원개화,개화중앙보훈병원,중앙보훈병원개화,개화중앙보훈병원
8:53,8:34,9:55,9:55
중앙보훈병원개화,개화중앙보훈병원,중앙보훈병원개화,개화중앙보훈병원
,8:41,10:07,10:06
,개화중앙보훈병원,중앙보훈병원개화,개화중앙보훈병원
,8:48,10:19,10:17
,개화중앙보훈병원,중앙보훈병원개화,개화중앙보훈병원
,8:55,10:31,10:28
,개화중앙보훈병원,중앙보훈병원개화,개화중앙보훈병원
9:01,9:04,10:43,10:39
중앙보훈병원개화,개화중앙보훈병원,중앙보훈병원개화,개화중앙보훈병원
9:09,9:15,10:54,10:50
중앙보훈병원개화,개화중앙보훈병원,중앙보훈병원개화,개화중앙보훈병원
9:16,9:26,11:05,11:01
중앙보훈병원개화,개화중앙보훈병원,중앙보훈병원개화,개화중앙보훈병원
9:23,9:37,11:16,11:12
중앙보훈병원개화,개화중앙보훈병원,중앙보훈병원개화,개화중앙보훈병원
9:29,9:48,11:27,11:23
중앙보훈병원개화,개화중앙보훈병원,중앙보훈병원개화,개화중앙보훈병원
9:36,9:59,11:38,11:34
중앙보훈병원개화,개화중앙보훈병원,중앙보훈병원개화,개화중앙보훈병원
9:43,,11:49,11:45
중앙보훈병원개화,,중앙보훈병원개화,개화중앙보훈병원
9:50,,,11:56
중앙보훈병원개화,,,개화중앙보훈병원
9:57,,12:00,12:07
중앙보훈병원개화,,중앙보훈병원개화,개화중앙보훈병원
10:04,10:10,12:11,12:18
중앙보훈병원개화,개화중앙보훈병원,중앙보훈병원개화,개화중앙보훈병원
10:10,10:21,12:22,12:29
중앙보훈병원개화,개화중앙보훈병원,중앙보훈병원개화,개화중앙보훈병원
10:17,10:32,12:33,12:40
중앙보훈병원개화,개화중앙보훈병원,중앙보훈병원개화,개화중앙보훈병원
10:24,10:43,12:44,12:51
중앙보훈병원개화,개화중앙보훈병원,중앙보훈병원개화,개화중앙보훈병원
10:31,10:54,12:55,
중앙보훈병원개화,개화중앙보훈병원,중앙보훈병원개화,
10:38,,13:06,13:02
중앙보훈병원개화,,중앙보훈병원개화,개화중앙보훈병원
10:45,,13:17,13:13
중앙보훈병원개화,,중앙보훈병원개화,개화중앙보훈병원
10:53,,13:28,13:24
중앙보훈병원개화,,중앙보훈병원개화,개화중앙보훈병원
10:59,,13:39,13:35
중앙보훈병원개화,,중앙보훈병원개화,개화중앙보훈병원
11:07,11:05,13:50,13:46
중앙보훈병원개화,개화중앙보훈병원,중앙보훈병원개화,개화중앙보훈병원
11:14,11:16,,13:57
중앙보훈병원개화,개화중앙보훈병원,,개화중앙보훈병원
11:20,11:27,14:01,14:08
중앙보훈병원개화,개화중앙보훈병원,중앙보훈병원개화,개화중앙보훈병원
11:32,11:39,14:12,14:19
중앙보훈병원개화,개화중앙보훈병원,중앙보훈병원개화,개화중앙보훈병원
11:43,11:51,14:23,14:30
중앙보훈병원개화,개화중앙보훈병원,중앙보훈병원개화,개화중앙보훈병원
11:54,,14:34,14:41
중앙보훈병원개화,,중앙보훈병원개화,개화중앙보훈병원
12:05,12:02,14:45,14:52
중앙보훈병원개화,개화중앙보훈병원,중앙보훈병원개화,개화중앙보훈병원
12:16,12:13,14:56,
중앙보훈병원개화,개화중앙보훈병원,중앙보훈병원개화,
12:27,12:24,15:07,15:03
중앙보훈병원개화,개화중앙보훈병원,중앙보훈병원개화,개화중앙보훈병원
12:38,12:35,15:18,15:14
중앙보훈병원개화,개화중앙보훈병원,중앙보훈병원개화,개화중앙보훈병원
12:49,12:46,15:29,15:25
중앙보훈병원개화,개화중앙보훈병원,중앙보훈병원개화,개화중앙보훈병원
,12:57,15:40,15:36
,개화중앙보훈병원,중앙보훈병원개화,개화중앙보훈병원
13:00,13:08,15:51,15:47
중앙보훈병원개화,개화중앙보훈병원,중앙보훈병원개화,개화중앙보훈병원
13:11,13:19,,15:58
중앙보훈병원개화,개화중앙보훈병원,,개화중앙보훈병원
13:22,13:30,16:02,16:09
중앙보훈병원개화,개화중앙보훈병원,중앙보훈병원개화,개화중앙보훈병원
13:34,13:41,16:13,16:20
중앙보훈병원개화,개화중앙보훈병원,중앙보훈병원개화,개화중앙보훈병원
13:46,13:52,16:24,16:31
중앙보훈병원개화,개화중앙보훈병원,중앙보훈병원개화,개화중앙보훈병원
13:57,,16:35,16:42
중앙보훈병원개화,,중앙보훈병원개화,개화중앙보훈병원
14:08,14:03,16:46,16:53
중앙보훈병원개화,개화중앙보훈병원,중앙보훈병원개화,개화중앙보훈병원
14:19,14:14,16:57,
중앙보훈병원개화,개화중앙보훈병원,중앙보훈병원개화,
14:30,14:26,17:08,17:04
중앙보훈병원개화,개화중앙보훈병원,중앙보훈병원개화,개화중앙보훈병원
14:41,14:38,17:19,17:15
중앙보훈병원개화,개화중앙보훈병원,중앙보훈병원개화,개화중앙보훈병원
14:52,14:49,17:30,17:26
중앙보훈병원개화,개화중앙보훈병원,중앙보훈병원개화,개화중앙보훈병원
15:03,15:00,17:41,17:37
중앙보훈병원개화,개화중앙보훈병원,중앙보훈병원개화,개화중앙보훈병원
15:14,15:11,17:52,17:48
중앙보훈병원개화,개화중앙보훈병원,중앙보훈병원개화,개화중앙보훈병원
15:25,15:22,,17:59
중앙보훈병원개화,개화중앙보훈병원,,개화중앙보훈병원
15:36,15:33,18:03,18:10
중앙보훈병원개화,개화중앙보훈병원,중앙보훈병원개화,개화중앙보훈병원
15:47,15:44,18:14,18:21
중앙보훈병원개화,개화중앙보훈병원,중앙보훈병원개화,개화중앙보훈병원
15:58,15:55,18:25,18:32
중앙보훈병원개화,개화중앙보훈병원,중앙보훈병원개화,개화중앙보훈병원
16:09,16:06,18:36,18:43
중앙보훈병원개화,개화중앙보훈병원,중앙보훈병원개화,개화중앙보훈병원
16:21,16:13,18:47,18:54
중앙보훈병원개화,개화중앙보훈병원,중앙보훈병원개화,개화중앙보훈병원
16:33,16:17,18:58,
중앙보훈병원개화,개화중앙보훈병원,중앙보훈병원개화,
16:44,16:28,19:09,19:05
중앙보훈병원개화,개화중앙보훈병원,중앙보훈병원개화,개화중앙보훈병원
16:55,16:39,19:20,19:16
중앙보훈병원개화,개화중앙보훈병원,중앙보훈병원개화,개화중앙보훈병원
,16:46,19:31,19:27
,개화중앙보훈병원,중앙보훈병원개화,개화중앙보훈병원
,16:51,19:42,19:38
,개화중앙보훈병원,중앙보훈병원개화,개화중앙보훈병원
17:06,17:01,19:53,19:49
중앙보훈병원개화,개화중앙보훈병원,중앙보훈병원개화,개화중앙보훈병원
17:17,17:08,20:04,20:00
중앙보훈병원개화,개화중앙보훈병원,중앙보훈병원개화,개화중앙보훈병원
17:28,17:15,20:15,20:11
중앙보훈병원개화,개화중앙보훈병원,중앙보훈병원개화,개화중앙보훈병원
17:39,17:22,20:26,20:23
중앙보훈병원개화,개화중앙보훈병원,중앙보훈병원개화,개화중앙보훈병원
17:50,17:29,20:37,20:35
중앙보훈병원개화,개화중앙보훈병원,중앙보훈병원개화,개화중앙보훈병원
,17:36,20:48,20:47
,개화중앙보훈병원,중앙보훈병원개화,개화중앙보훈병원
,17:44,20:59,20:59
,개화중앙보훈병원,중앙보훈병원개화,개화중앙보훈병원
,17:51,21:10,21:11
,개화중앙보훈병원,중앙보훈병원개화,개화중앙보훈병원
,17:58,21:21,21:23
,개화중앙보훈병원,중앙보훈병원개화,개화중앙보훈병원
18:01,18:05,21:32,21:35
중앙보훈병원개화,개화중앙보훈병원,중앙보훈병원개화,개화중앙보훈병원
18:12,18:12,21:43,21:47
중앙보훈병원개화,개화중앙보훈병원,중앙보훈병원개화,개화중앙보훈병원
18:23,18:19,21:54,21:59
중앙보훈병원개화,개화중앙보훈병원,중앙보훈병원개화,개화중앙보훈병원
18:30,18:27,22:05,22:12
중앙보훈병원개화,개화중앙보훈병원,중앙보훈병원개화,개화중앙보훈병원
18:39,18:34,22:17,22:25
중앙보훈병원개화,개화중앙보훈병원,중앙보훈병원개화,개화중앙보훈병원
18:47,18:41,22:29,22:38
중앙보훈병원개화,개화중앙보훈병원,중앙보훈병원개화,개화중앙보훈병원
18:55,18:48,22:41,22:50
중앙보훈병원개화,개화중앙보훈병원,중앙보훈병원개화,개화중앙보훈병원
,18:55,22:53,
,개화중앙보훈병원,중앙보훈병원개화,
19:03,19:02,23:05,23:01
중앙보훈병원개화,개화중앙보훈병원,중앙보훈병원개화,개화중앙보훈병원
19:11,19:10,23:18,23:14막
중앙보훈병원개화,개화중앙보훈병원,중앙보훈병원개화,개화중앙보훈병원
19:18,19:17,23:31,23:27막
중앙보훈병원개화,개화중앙보훈병원,중앙보훈병원개화,개화신논현
19:25,19:26,23:44막,23:40막
중앙보훈병원개화,개화중앙보훈병원,중앙보훈병원개화,개화동작
19:32,19:35,23:56막,23:54막
중앙보훈병원개화,개화중앙보훈병원,중앙보훈병원염창,개화당산
19:40,19:44,,
중앙보훈병원개화,개화중앙보훈병원,,
19:47,19:55,,
중앙보훈병원개화,개화중앙보훈병원,,
19:54,,,
중앙보훈병원개화,,,
20:01,20:06,,
중앙보훈병원개화,개화중앙보훈병원,,
20:08,20:17,,
중앙보훈병원개화,개화중앙보훈병원,,
20:15,20:28,,
중앙보훈병원개화,개화중앙보훈병원,,
20:23,20:39,,
중앙보훈병원개화,개화중앙보훈병원,,
20:30,20:50,,
중앙보훈병원개화,개화중앙보훈병원,,
20:37,,,
중앙보훈병원개화,,,
20:44,,,
중앙보훈병원개화,,,
20:51,,,
중앙보훈병원개화,,,
20:58,,,
중앙보훈병원개화,,,
21:06,21:01,,
중앙보훈병원개화,개화중앙보훈병원,,
21:13,21:12,,
중앙보훈병원개화,개화중앙보훈병원,,
21:23,21:23,,
중앙보훈병원개화,개화중앙보훈병원,,
21:29,21:34,,
중앙보훈병원개화,개화중앙보훈병원,,
21:36,21:45,,
중앙보훈병원개화,개화중앙보훈병원,,
21:40,21:56,,
중앙보훈병원개화,개화중앙보훈병원,,
21:51,,,
중앙보훈병원개화,,,
22:02,22:07,,
중앙보훈병원개화,개화중앙보훈병원,,
22:13,22:18,,
중앙보훈병원개화,개화중앙보훈병원,,
22:24,22:29,,
중앙보훈병원개화,개화중앙보훈병원,,
22:35,22:40,,
중앙보훈병원개화,개화중앙보훈병원,,
22:46,22:51,,
중앙보훈병원개화,개화중앙보훈병원,,
22:57,,,
중앙보훈병원개화,,,
23:07,23:02,,
중앙보훈병원개화,개화중앙보훈병원,,
23:18,23:13,,
중앙보훈병원개화,개화중앙보훈병원,,
23:29,23:24,,
중앙보훈병원개화,개화중앙보훈병원,,
23:40,23:35,,
중앙보훈병원개화,개화중앙보훈병원,,
23:51,23:46,,
중앙보훈병원개화,개화중앙보훈병원,,
,23:55,,
,개화중앙보훈병원,,
0:02,00:05막,,
중앙보훈병원개화,개화중앙보훈병원,,
0:13,00:17막,,
중앙보훈병원개화,개화삼전,,
0:24,00:29막,,
중앙보훈병원개화,개화신논현,,
00:35막,00:42막,,
중앙보훈병원개화,개화동작,,
00:44막,00:55막,,
중앙보훈병원마곡나루,개화당산,,
00:57막,,,
중앙보훈병원염창,,,
