﻿흑석방면,구반포방면,흑석방면,구반포방면
평일,평일,주말,주말
05:30첫,05:30첫,05:30첫,05:30첫
동작개화,동작중앙보훈병원,동작개화,동작중앙보훈병원
5:40,05:42급첫,5:40,05:42급첫
신논현개화,당산중앙보훈병원,신논현개화,당산중앙보훈병원
5:53,5:43,5:53,5:43
삼전개화,여의도중앙보훈병원,삼전개화,여의도중앙보훈병원
,05:56급,,05:54급
,김포공항중앙보훈병원,,김포공항중앙보훈병원
,5:57,,5:55
,염창중앙보훈병원,,염창중앙보훈병원
6:08,06:08급,6:11,06:06급
중앙보훈병원개화,김포공항중앙보훈병원,중앙보훈병원개화,김포공항중앙보훈병원
06:19급첫,6:09,06:23급첫,6:07
중앙보훈병원김포공항,마곡나루중앙보훈병원,중앙보훈병원김포공항,마곡나루중앙보훈병원
6:23,06:18급,6:24,06:17급
중앙보훈병원개화,김포공항중앙보훈병원,중앙보훈병원개화,김포공항중앙보훈병원
06:33급,6:19,06:36급,6:18
중앙보훈병원김포공항,개화중앙보훈병원,중앙보훈병원김포공항,개화중앙보훈병원
6:36,06:30급,6:37,06:29급
중앙보훈병원개화,김포공항중앙보훈병원,중앙보훈병원개화,김포공항중앙보훈병원
06:46급,6:31,06:49급,6:30
중앙보훈병원김포공항,개화중앙보훈병원,중앙보훈병원김포공항,개화중앙보훈병원
6:49,06:42급,6:50,06:41급
중앙보훈병원개화,김포공항중앙보훈병원,중앙보훈병원개화,김포공항중앙보훈병원
06:59급,6:43,,6:42
중앙보훈병원김포공항,개화중앙보훈병원,,개화중앙보훈병원
,06:54급,,06:53급
,김포공항중앙보훈병원,,김포공항중앙보훈병원
,6:55,,6:54
,개화중앙보훈병원,,개화중앙보훈병원
7:02,7:02,07:01급,07:05급
중앙보훈병원개화,개화중앙보훈병원,중앙보훈병원김포공항,김포공항중앙보훈병원
07:12급,07:07급,7:02,7:06
중앙보훈병원김포공항,김포공항중앙보훈병원,중앙보훈병원개화,개화중앙보훈병원
7:15,7:11,07:13급,07:17급
중앙보훈병원개화,개화중앙보훈병원,중앙보훈병원김포공항,김포공항중앙보훈병원
07:25급,07:15급,7:14,7:18
중앙보훈병원김포공항,김포공항중앙보훈병원,중앙보훈병원개화,개화중앙보훈병원
7:28,7:19,07:25급,07:29급
중앙보훈병원개화,개화중앙보훈병원,중앙보훈병원김포공항,김포공항중앙보훈병원
07:36급,07:22급,7:26,7:30
중앙보훈병원김포공항,김포공항중앙보훈병원,중앙보훈병원개화,개화중앙보훈병원
7:37,7:26,07:37급,07:41급
중앙보훈병원개화,개화중앙보훈병원,중앙보훈병원김포공항,김포공항중앙보훈병원
07:48급,07:29급,7:38,7:42
중앙보훈병원김포공항,김포공항중앙보훈병원,중앙보훈병원개화,개화중앙보훈병원
7:49,7:32,07:49급,07:53급
중앙보훈병원개화,개화중앙보훈병원,중앙보훈병원김포공항,김포공항중앙보훈병원
,07:36급,7:50,7:54
,김포공항중앙보훈병원,중앙보훈병원개화,개화중앙보훈병원
,7:39,08:01급,08:05급
,개화중앙보훈병원,중앙보훈병원김포공항,김포공항중앙보훈병원
,07:43급,8:02,8:06
,김포공항중앙보훈병원,중앙보훈병원개화,개화중앙보훈병원
,7:46,08:13급,08:17급
,개화중앙보훈병원,중앙보훈병원김포공항,김포공항중앙보훈병원
,07:49급,8:14,8:18
,김포공항중앙보훈병원,중앙보훈병원개화,개화중앙보훈병원
,7:53,08:25급,08:29급
,개화중앙보훈병원,중앙보훈병원김포공항,김포공항중앙보훈병원
,07:56급,8:26,8:30
,김포공항중앙보훈병원,중앙보훈병원개화,개화중앙보훈병원
08:00급,8:00,08:37급,08:41급
중앙보훈병원김포공항,개화중앙보훈병원,중앙보훈병원김포공항,김포공항중앙보훈병원
8:01,08:03급,8:38,8:42
중앙보훈병원개화,김포공항중앙보훈병원,중앙보훈병원개화,개화중앙보훈병원
8:07,8:07,08:49급,08:53급
중앙보훈병원개화,개화중앙보훈병원,중앙보훈병원김포공항,김포공항중앙보훈병원
08:11급,08:10급,8:50,8:54
중앙보훈병원김포공항,김포공항중앙보훈병원,중앙보훈병원개화,개화중앙보훈병원
8:15,8:13,09:01급,09:05급
중앙보훈병원개화,개화중앙보훈병원,중앙보훈병원김포공항,김포공항중앙보훈병원
08:20급,08:17급,9:02,9:06
중앙보훈병원김포공항,김포공항중앙보훈병원,중앙보훈병원개화,개화중앙보훈병원
8:24,8:20,09:13급,09:17급
중앙보훈병원개화,개화중앙보훈병원,중앙보훈병원김포공항,김포공항중앙보훈병원
08:29급,08:24급,9:14,9:18
중앙보훈병원김포공항,김포공항중앙보훈병원,중앙보훈병원개화,개화중앙보훈병원
8:33,8:27,09:25급,09:29급
중앙보훈병원개화,개화중앙보훈병원,중앙보훈병원김포공항,김포공항중앙보훈병원
08:37급,08:30급,9:26,9:30
중앙보훈병원김포공항,김포공항중앙보훈병원,중앙보훈병원개화,개화중앙보훈병원
8:41,8:34,09:37급,09:41급
중앙보훈병원개화,개화중앙보훈병원,중앙보훈병원김포공항,김포공항중앙보훈병원
08:45급,08:37급,9:38,9:42
중앙보훈병원김포공항,김포공항중앙보훈병원,중앙보훈병원개화,개화중앙보훈병원
8:49,8:41,09:49급,09:52급
중앙보훈병원개화,개화중앙보훈병원,중앙보훈병원김포공항,김포공항중앙보훈병원
08:52급,08:44급,9:50,9:53
중앙보훈병원김포공항,김포공항중앙보훈병원,중앙보훈병원개화,개화중앙보훈병원
8:56,8:48,10:01급,10:03급
중앙보훈병원개화,개화중앙보훈병원,중앙보훈병원김포공항,김포공항중앙보훈병원
08:59급,08:51급,10:02,10:04
중앙보훈병원김포공항,김포공항중앙보훈병원,중앙보훈병원개화,개화중앙보훈병원
,8:54,10:13급,10:14급
,개화중앙보훈병원,중앙보훈병원김포공항,김포공항중앙보훈병원
,08:58급,10:14,10:15
,김포공항중앙보훈병원,중앙보훈병원개화,개화중앙보훈병원
9:03,9:01,10:25급,10:25급
중앙보훈병원개화,개화중앙보훈병원,중앙보훈병원김포공항,김포공항중앙보훈병원
09:06급,09:05급,10:26,10:26
중앙보훈병원김포공항,김포공항중앙보훈병원,중앙보훈병원개화,개화중앙보훈병원
9:09,9:08,10:36급,10:36급
중앙보훈병원개화,개화중앙보훈병원,중앙보훈병원김포공항,김포공항중앙보훈병원
09:12급,09:12급,10:37,10:37
중앙보훈병원김포공항,김포공항중앙보훈병원,중앙보훈병원개화,개화중앙보훈병원
9:16,9:15,10:47급,10:47급
중앙보훈병원개화,개화중앙보훈병원,중앙보훈병원김포공항,김포공항중앙보훈병원
09:19급,09:23급,10:48,10:48
중앙보훈병원김포공항,김포공항중앙보훈병원,중앙보훈병원개화,개화중앙보훈병원
9:23,9:24,10:58급,10:58급
중앙보훈병원개화,개화중앙보훈병원,중앙보훈병원김포공항,김포공항중앙보훈병원
09:26급,09:34급,10:59,10:59
중앙보훈병원김포공항,김포공항중앙보훈병원,중앙보훈병원개화,개화중앙보훈병원
9:30,9:35,11:09급,11:09급
중앙보훈병원개화,개화중앙보훈병원,중앙보훈병원김포공항,김포공항중앙보훈병원
09:33급,09:45급,11:10,11:10
중앙보훈병원김포공항,김포공항중앙보훈병원,중앙보훈병원개화,개화중앙보훈병원
9:37,9:46,11:20급,11:20급
중앙보훈병원개화,개화중앙보훈병원,중앙보훈병원김포공항,김포공항중앙보훈병원
09:40급,09:56급,11:21,11:21
중앙보훈병원김포공항,김포공항중앙보훈병원,중앙보훈병원개화,개화중앙보훈병원
9:44,9:57,11:31급,11:31급
중앙보훈병원개화,개화중앙보훈병원,중앙보훈병원김포공항,김포공항중앙보훈병원
09:47급,,11:32,11:32
중앙보훈병원김포공항,,중앙보훈병원개화,개화중앙보훈병원
9:50,,11:42급,11:42급
중앙보훈병원개화,,중앙보훈병원김포공항,김포공항중앙보훈병원
09:53급,,11:43,11:43
중앙보훈병원김포공항,,중앙보훈병원개화,개화중앙보훈병원
9:57,,11:53급,11:53급
중앙보훈병원개화,,중앙보훈병원김포공항,김포공항중앙보훈병원
10:00급,10:07급,11:54,11:54
중앙보훈병원김포공항,김포공항중앙보훈병원,중앙보훈병원개화,개화중앙보훈병원
10:04,10:08,12:04급,12:04급
중앙보훈병원개화,개화중앙보훈병원,중앙보훈병원김포공항,김포공항중앙보훈병원
10:07급,10:18급,12:05,12:05
중앙보훈병원김포공항,김포공항중앙보훈병원,중앙보훈병원개화,개화중앙보훈병원
10:11,10:19,12:15급,12:15급
중앙보훈병원개화,개화중앙보훈병원,중앙보훈병원김포공항,김포공항중앙보훈병원
10:14급,10:29급,12:16,12:16
중앙보훈병원김포공항,김포공항중앙보훈병원,중앙보훈병원개화,개화중앙보훈병원
10:18,10:30,12:26급,12:26급
중앙보훈병원개화,개화중앙보훈병원,중앙보훈병원김포공항,김포공항중앙보훈병원
10:21급,10:40급,12:27,12:27
중앙보훈병원김포공항,김포공항중앙보훈병원,중앙보훈병원개화,개화중앙보훈병원
10:25,10:41,12:37급,12:37급
중앙보훈병원개화,개화중앙보훈병원,중앙보훈병원김포공항,김포공항중앙보훈병원
10:28급,10:51급,12:38,12:38
중앙보훈병원김포공항,김포공항중앙보훈병원,중앙보훈병원개화,개화중앙보훈병원
10:32,10:52,12:48급,12:48급
중앙보훈병원개화,개화중앙보훈병원,중앙보훈병원김포공항,김포공항중앙보훈병원
10:40급,,12:49,12:49
중앙보훈병원김포공항,,중앙보훈병원개화,개화중앙보훈병원
10:41,,12:59급,12:59급
중앙보훈병원개화,,중앙보훈병원김포공항,김포공항중앙보훈병원
10:47,,13:00,13:00
중앙보훈병원개화,,중앙보훈병원개화,개화중앙보훈병원
10:50급,,13:10급,13:10급
중앙보훈병원김포공항,,중앙보훈병원김포공항,김포공항중앙보훈병원
10:54,,13:11,13:11
중앙보훈병원개화,,중앙보훈병원개화,개화중앙보훈병원
11:01급,11:02급,13:21급,13:21급
중앙보훈병원김포공항,김포공항중앙보훈병원,중앙보훈병원김포공항,김포공항중앙보훈병원
11:02,11:03,13:22,13:22
중앙보훈병원개화,개화중앙보훈병원,중앙보훈병원개화,개화중앙보훈병원
11:13급,11:13급,13:32급,13:32급
중앙보훈병원김포공항,김포공항중앙보훈병원,중앙보훈병원김포공항,김포공항중앙보훈병원
11:14,11:14,13:33,13:33
중앙보훈병원개화,개화중앙보훈병원,중앙보훈병원개화,개화중앙보훈병원
11:24급,11:24급,13:43급,13:43급
중앙보훈병원김포공항,김포공항중앙보훈병원,중앙보훈병원김포공항,김포공항중앙보훈병원
11:25,11:25,13:44,13:44
중앙보훈병원개화,개화중앙보훈병원,중앙보훈병원개화,개화중앙보훈병원
11:35급,11:35급,13:54급,13:54급
중앙보훈병원김포공항,김포공항중앙보훈병원,중앙보훈병원김포공항,김포공항중앙보훈병원
11:36,11:36,13:55,13:55
중앙보훈병원개화,개화중앙보훈병원,중앙보훈병원개화,개화중앙보훈병원
11:46급,11:46급,14:05급,14:05급
중앙보훈병원김포공항,김포공항중앙보훈병원,중앙보훈병원김포공항,김포공항중앙보훈병원
11:47,11:47,14:06,14:06
중앙보훈병원개화,개화중앙보훈병원,중앙보훈병원개화,개화중앙보훈병원
11:57급,11:58급,14:16급,14:16급
중앙보훈병원김포공항,김포공항중앙보훈병원,중앙보훈병원김포공항,김포공항중앙보훈병원
11:58,11:59,14:17,14:17
중앙보훈병원개화,개화중앙보훈병원,중앙보훈병원개화,개화중앙보훈병원
12:08급,12:10급,14:27급,14:27급
중앙보훈병원김포공항,김포공항중앙보훈병원,중앙보훈병원김포공항,김포공항중앙보훈병원
12:09,12:11,14:28,14:28
중앙보훈병원개화,개화중앙보훈병원,중앙보훈병원개화,개화중앙보훈병원
12:19급,12:21급,14:38급,14:38급
중앙보훈병원김포공항,김포공항중앙보훈병원,중앙보훈병원김포공항,김포공항중앙보훈병원
12:20,12:22,14:39,14:39
중앙보훈병원개화,개화중앙보훈병원,중앙보훈병원개화,개화중앙보훈병원
12:30급,12:32급,14:49급,14:49급
중앙보훈병원김포공항,김포공항중앙보훈병원,중앙보훈병원김포공항,김포공항중앙보훈병원
12:31,12:33,14:50,14:50
중앙보훈병원개화,개화중앙보훈병원,중앙보훈병원개화,개화중앙보훈병원
12:41급,12:43급,15:00급,15:00급
중앙보훈병원김포공항,김포공항중앙보훈병원,중앙보훈병원김포공항,김포공항중앙보훈병원
12:42,12:44,15:01,15:01
중앙보훈병원개화,개화중앙보훈병원,중앙보훈병원개화,개화중앙보훈병원
12:52급,12:54급,15:11급,15:11급
중앙보훈병원김포공항,김포공항중앙보훈병원,중앙보훈병원김포공항,김포공항중앙보훈병원
12:53,12:55,15:12,15:12
중앙보훈병원개화,개화중앙보훈병원,중앙보훈병원개화,개화중앙보훈병원
13:03급,13:05급,15:22급,15:22급
중앙보훈병원김포공항,김포공항중앙보훈병원,중앙보훈병원김포공항,김포공항중앙보훈병원
13:04,13:06,15:23,15:23
중앙보훈병원개화,개화중앙보훈병원,중앙보훈병원개화,개화중앙보훈병원
13:15급,13:16급,15:33급,15:33급
중앙보훈병원김포공항,김포공항중앙보훈병원,중앙보훈병원김포공항,김포공항중앙보훈병원
13:16,13:17,15:34,15:34
중앙보훈병원개화,개화중앙보훈병원,중앙보훈병원개화,개화중앙보훈병원
13:27급,13:27급,15:44급,15:44급
중앙보훈병원김포공항,김포공항중앙보훈병원,중앙보훈병원김포공항,김포공항중앙보훈병원
13:28,13:28,15:45,15:45
중앙보훈병원개화,개화중앙보훈병원,중앙보훈병원개화,개화중앙보훈병원
13:38급,13:38급,15:55급,15:55급
중앙보훈병원김포공항,김포공항중앙보훈병원,중앙보훈병원김포공항,김포공항중앙보훈병원
13:39,13:39,15:56,15:56
중앙보훈병원개화,개화중앙보훈병원,중앙보훈병원개화,개화중앙보훈병원
13:49급,13:49급,16:06급,16:06급
중앙보훈병원김포공항,김포공항중앙보훈병원,중앙보훈병원김포공항,김포공항중앙보훈병원
13:50,13:50,16:07,16:07
중앙보훈병원개화,개화중앙보훈병원,중앙보훈병원개화,개화중앙보훈병원
14:00급,14:00급,16:17급,16:17급
중앙보훈병원김포공항,김포공항중앙보훈병원,중앙보훈병원김포공항,김포공항중앙보훈병원
14:01,14:01,16:18,16:18
중앙보훈병원개화,개화중앙보훈병원,중앙보훈병원개화,개화중앙보훈병원
14:11급,14:11급,16:28급,16:28급
중앙보훈병원김포공항,김포공항중앙보훈병원,중앙보훈병원김포공항,김포공항중앙보훈병원
14:12,14:12,16:29,16:29
중앙보훈병원개화,개화중앙보훈병원,중앙보훈병원개화,개화중앙보훈병원
14:22급,14:22급,16:39급,16:39급
중앙보훈병원김포공항,김포공항중앙보훈병원,중앙보훈병원김포공항,김포공항중앙보훈병원
14:23,14:23,16:40,16:40
중앙보훈병원개화,개화중앙보훈병원,중앙보훈병원개화,개화중앙보훈병원
14:33급,14:33급,16:50급,16:50급
중앙보훈병원김포공항,김포공항중앙보훈병원,중앙보훈병원김포공항,김포공항중앙보훈병원
14:34,14:34,16:51,16:51
중앙보훈병원개화,개화중앙보훈병원,중앙보훈병원개화,개화중앙보훈병원
14:44급,14:45급,17:01급,17:01급
중앙보훈병원김포공항,김포공항중앙보훈병원,중앙보훈병원김포공항,김포공항중앙보훈병원
14:45,14:46,17:02,17:02
중앙보훈병원개화,개화중앙보훈병원,중앙보훈병원개화,개화중앙보훈병원
14:55급,14:57급,17:12급,17:12급
중앙보훈병원김포공항,김포공항중앙보훈병원,중앙보훈병원김포공항,김포공항중앙보훈병원
14:56,14:58,17:13,17:13
중앙보훈병원개화,개화중앙보훈병원,중앙보훈병원개화,개화중앙보훈병원
15:06급,15:08급,17:23급,17:23급
중앙보훈병원김포공항,김포공항중앙보훈병원,중앙보훈병원김포공항,김포공항중앙보훈병원
15:07,15:09,17:24,17:24
중앙보훈병원개화,개화중앙보훈병원,중앙보훈병원개화,개화중앙보훈병원
15:17급,15:19급,17:34급,17:34급
중앙보훈병원김포공항,김포공항중앙보훈병원,중앙보훈병원김포공항,김포공항중앙보훈병원
15:18,15:20,17:35,17:35
중앙보훈병원개화,개화중앙보훈병원,중앙보훈병원개화,개화중앙보훈병원
15:28급,15:30급,17:45급,17:45급
중앙보훈병원김포공항,김포공항중앙보훈병원,중앙보훈병원김포공항,김포공항중앙보훈병원
15:29,15:31,17:46,17:46
중앙보훈병원개화,개화중앙보훈병원,중앙보훈병원개화,개화중앙보훈병원
15:39급,15:41급,17:56급,17:56급
중앙보훈병원김포공항,김포공항중앙보훈병원,중앙보훈병원김포공항,김포공항중앙보훈병원
15:40,15:42,17:57,17:57
중앙보훈병원개화,개화중앙보훈병원,중앙보훈병원개화,개화중앙보훈병원
15:50급,15:52급,18:07급,18:07급
중앙보훈병원김포공항,김포공항중앙보훈병원,중앙보훈병원김포공항,김포공항중앙보훈병원
15:51,15:53,18:08,18:08
중앙보훈병원개화,개화중앙보훈병원,중앙보훈병원개화,개화중앙보훈병원
16:02급,16:03급,18:18급,18:18급
중앙보훈병원김포공항,김포공항중앙보훈병원,중앙보훈병원김포공항,김포공항중앙보훈병원
16:03,16:04,18:19,18:19
중앙보훈병원개화,개화중앙보훈병원,중앙보훈병원개화,개화중앙보훈병원
16:14급,16:14급,18:29급,18:29급
중앙보훈병원김포공항,김포공항중앙보훈병원,중앙보훈병원김포공항,김포공항중앙보훈병원
16:15,16:15,18:30,18:30
중앙보훈병원개화,개화중앙보훈병원,중앙보훈병원개화,개화중앙보훈병원
16:25급,16:25급,18:40급,18:40급
중앙보훈병원김포공항,김포공항중앙보훈병원,중앙보훈병원김포공항,김포공항중앙보훈병원
16:26,16:26,18:41,18:41
중앙보훈병원개화,개화중앙보훈병원,중앙보훈병원개화,개화중앙보훈병원
16:36급,16:31,18:51급,18:51급
중앙보훈병원김포공항,개화중앙보훈병원,중앙보훈병원김포공항,김포공항중앙보훈병원
16:37,16:36급,18:52,18:52
중앙보훈병원개화,김포공항중앙보훈병원,중앙보훈병원개화,개화중앙보훈병원
16:47급,16:37,19:02급,19:02급
중앙보훈병원김포공항,개화중앙보훈병원,중앙보훈병원김포공항,김포공항중앙보훈병원
16:48,16:47급,19:03,19:03
중앙보훈병원개화,김포공항중앙보훈병원,중앙보훈병원개화,개화중앙보훈병원
16:58급,16:48,19:13급,19:13급
중앙보훈병원김포공항,개화중앙보훈병원,중앙보훈병원김포공항,김포공항중앙보훈병원
16:59,16:58급,19:14,19:14
중앙보훈병원개화,김포공항중앙보훈병원,중앙보훈병원개화,개화중앙보훈병원
,16:59,19:24급,19:24급
,개화중앙보훈병원,중앙보훈병원김포공항,김포공항중앙보훈병원
17:09급,17:04,19:25,19:25
중앙보훈병원김포공항,개화중앙보훈병원,중앙보훈병원개화,개화중앙보훈병원
17:10,17:08급,19:35급,19:35급
중앙보훈병원개화,김포공항중앙보훈병원,중앙보훈병원김포공항,김포공항중앙보훈병원
17:20급,17:12,19:36,19:36
중앙보훈병원김포공항,개화중앙보훈병원,중앙보훈병원개화,개화중앙보훈병원
17:21,17:16급,19:46급,19:46급
중앙보훈병원개화,김포공항중앙보훈병원,중앙보훈병원김포공항,김포공항중앙보훈병원
17:31급,17:21,19:47,19:47
중앙보훈병원김포공항,개화중앙보훈병원,중앙보훈병원개화,개화중앙보훈병원
17:32,17:24급,19:57급,19:57급
중앙보훈병원개화,김포공항중앙보훈병원,중앙보훈병원김포공항,김포공항중앙보훈병원
17:42급,17:28,19:58,19:58
중앙보훈병원김포공항,개화중앙보훈병원,중앙보훈병원개화,개화중앙보훈병원
17:43,17:31급,20:08급,20:08급
중앙보훈병원개화,김포공항중앙보훈병원,중앙보훈병원김포공항,김포공항중앙보훈병원
17:53급,17:35,20:09,20:09
중앙보훈병원김포공항,개화중앙보훈병원,중앙보훈병원개화,개화중앙보훈병원
17:54,17:38급,20:19급,20:19급
중앙보훈병원개화,김포공항중앙보훈병원,중앙보훈병원김포공항,김포공항중앙보훈병원
,17:42,20:20,20:20
,개화중앙보훈병원,중앙보훈병원개화,개화중앙보훈병원
,17:46급,20:30급,20:30급
,김포공항중앙보훈병원,중앙보훈병원김포공항,김포공항중앙보훈병원
,17:49,20:31,20:31
,개화중앙보훈병원,중앙보훈병원개화,개화중앙보훈병원
,17:53급,20:41급,20:42급
,김포공항중앙보훈병원,중앙보훈병원김포공항,김포공항중앙보훈병원
,17:57,20:42,20:43
,개화중앙보훈병원,중앙보훈병원개화,개화중앙보훈병원
18:04급,18:00급,20:52급,20:54급
중앙보훈병원김포공항,김포공항중앙보훈병원,중앙보훈병원김포공항,김포공항중앙보훈병원
18:05,18:04,20:53,20:55
중앙보훈병원개화,개화중앙보훈병원,중앙보훈병원개화,개화중앙보훈병원
18:10,18:07급,21:03급,21:06급
중앙보훈병원개화,김포공항중앙보훈병원,중앙보훈병원김포공항,김포공항중앙보훈병원
18:14급,18:11,21:04,21:07
중앙보훈병원김포공항,개화중앙보훈병원,중앙보훈병원개화,개화중앙보훈병원
18:18,18:14급,21:14급,21:18급
중앙보훈병원개화,김포공항중앙보훈병원,중앙보훈병원김포공항,김포공항중앙보훈병원
18:22급,18:18,21:15,21:19
중앙보훈병원김포공항,개화중앙보훈병원,중앙보훈병원개화,개화중앙보훈병원
18:27,18:21급,21:25급,21:30급
중앙보훈병원개화,김포공항중앙보훈병원,중앙보훈병원김포공항,김포공항중앙보훈병원
18:31급,18:25,21:26,21:31
중앙보훈병원김포공항,개화중앙보훈병원,중앙보훈병원개화,개화중앙보훈병원
18:35,18:29급,21:36급,21:42급
중앙보훈병원개화,김포공항중앙보훈병원,중앙보훈병원김포공항,김포공항중앙보훈병원
18:39급,18:32,21:37,21:43
중앙보훈병원김포공항,개화중앙보훈병원,중앙보훈병원개화,개화중앙보훈병원
18:43,18:36급,21:47급,21:54급
중앙보훈병원개화,김포공항중앙보훈병원,중앙보훈병원김포공항,김포공항중앙보훈병원
18:47급,18:40,21:48,21:55
중앙보훈병원김포공항,개화중앙보훈병원,중앙보훈병원개화,개화중앙보훈병원
18:51,18:43급,21:59급,
중앙보훈병원개화,김포공항중앙보훈병원,중앙보훈병원김포공항,
18:54급,18:47,22:00,22:06급
중앙보훈병원김포공항,개화중앙보훈병원,중앙보훈병원개화,김포공항중앙보훈병원
18:58,18:50급,22:11급,22:07
중앙보훈병원개화,김포공항중앙보훈병원,중앙보훈병원김포공항,개화중앙보훈병원
,18:54,22:12,22:18급
,개화중앙보훈병원,중앙보훈병원개화,김포공항중앙보훈병원
,18:57급,22:23급,22:19
,김포공항중앙보훈병원,중앙보훈병원김포공항,개화중앙보훈병원
19:01급,19:01,22:24,22:31급
중앙보훈병원김포공항,개화중앙보훈병원,중앙보훈병원개화,김포공항중앙보훈병원
19:05,19:04급,22:35급,22:32
중앙보훈병원개화,김포공항중앙보훈병원,중앙보훈병원김포공항,개화중앙보훈병원
19:09급,19:08,22:36,22:44급
중앙보훈병원김포공항,개화중앙보훈병원,중앙보훈병원개화,김포공항중앙보훈병원
19:12,19:12급,22:47급,22:45
중앙보훈병원개화,김포공항중앙보훈병원,중앙보훈병원김포공항,개화중앙보훈병원
19:16급,19:15,22:48,22:57급막
중앙보훈병원김포공항,개화중앙보훈병원,중앙보훈병원개화,김포공항중앙보훈병원
19:20,19:19급,22:59급,22:58
중앙보훈병원개화,김포공항중앙보훈병원,중앙보훈병원김포공항,개화중앙보훈병원
19:23급,19:23,23:00,23:07
중앙보훈병원김포공항,개화중앙보훈병원,중앙보훈병원개화,개화중앙보훈병원
19:27,19:26급,23:12급,23:18
중앙보훈병원개화,김포공항중앙보훈병원,중앙보훈병원김포공항,개화중앙보훈병원
19:30급,19:30,23:13,23:31막
중앙보훈병원김포공항,개화중앙보훈병원,중앙보훈병원개화,개화중앙보훈병원
19:34,19:33급,23:25급,23:44막
중앙보훈병원개화,김포공항중앙보훈병원,중앙보훈병원김포공항,개화신논현
19:37급,19:38,23:26막,
중앙보훈병원김포공항,개화중앙보훈병원,중앙보훈병원개화,
19:41,19:42급,23:38급막,
중앙보훈병원개화,김포공항중앙보훈병원,중앙보훈병원김포공항,
19:44급,19:47,23:39막,
중앙보훈병원김포공항,개화중앙보훈병원,중앙보훈병원염창,
19:48,19:51급,23:50막,
중앙보훈병원개화,김포공항중앙보훈병원,중앙보훈병원여의도,
19:52급,19:55,,
중앙보훈병원김포공항,개화중앙보훈병원,,
19:55,,,
중앙보훈병원개화,,,
19:59급,,,
중앙보훈병원김포공항,,,
20:03,20:03급,,
중앙보훈병원개화,김포공항중앙보훈병원,,
20:06급,20:04,,
중앙보훈병원김포공항,개화중앙보훈병원,,
20:10,20:14급,,
중앙보훈병원개화,김포공항중앙보훈병원,,
20:13급,20:15,,
중앙보훈병원김포공항,개화중앙보훈병원,,
20:17,20:25급,,
중앙보훈병원개화,김포공항중앙보훈병원,,
20:20급,20:26,,
중앙보훈병원김포공항,개화중앙보훈병원,,
20:24,20:36급,,
중앙보훈병원개화,김포공항중앙보훈병원,,
20:27급,20:37,,
중앙보훈병원김포공항,개화중앙보훈병원,,
20:31,20:47급,,
중앙보훈병원개화,김포공항중앙보훈병원,,
20:35급,20:48,,
중앙보훈병원김포공항,개화중앙보훈병원,,
20:38,20:58급,,
중앙보훈병원개화,김포공항중앙보훈병원,,
20:42급,20:59,,
중앙보훈병원김포공항,개화중앙보훈병원,,
20:46,,,
중앙보훈병원개화,,,
20:49급,,,
중앙보훈병원김포공항,,,
20:53,,,
중앙보훈병원개화,,,
20:58급,,,
중앙보훈병원김포공항,,,
21:02,21:09급,,
중앙보훈병원개화,김포공항중앙보훈병원,,
21:10급,21:10,,
중앙보훈병원김포공항,개화중앙보훈병원,,
21:11,21:20급,,
중앙보훈병원개화,김포공항중앙보훈병원,,
21:16,21:21,,
중앙보훈병원개화,개화중앙보훈병원,,
21:21급,21:31급,,
중앙보훈병원김포공항,김포공항중앙보훈병원,,
21:22,21:32,,
중앙보훈병원개화,개화중앙보훈병원,,
21:32급,21:42급,,
중앙보훈병원김포공항,김포공항중앙보훈병원,,
21:33,21:43,,
중앙보훈병원개화,개화중앙보훈병원,,
21:43급,21:53급,,
중앙보훈병원김포공항,김포공항중앙보훈병원,,
21:44,21:54,,
중앙보훈병원개화,개화중앙보훈병원,,
21:54급,,,
중앙보훈병원김포공항,,,
21:55,,,
중앙보훈병원개화,,,
22:05급,22:04급,,
중앙보훈병원김포공항,김포공항중앙보훈병원,,
22:06,22:05,,
중앙보훈병원개화,개화중앙보훈병원,,
22:16급,22:15급,,
중앙보훈병원김포공항,김포공항중앙보훈병원,,
22:17,22:16,,
중앙보훈병원개화,개화중앙보훈병원,,
22:27급,22:26급,,
중앙보훈병원김포공항,김포공항중앙보훈병원,,
22:28,22:27,,
중앙보훈병원개화,개화중앙보훈병원,,
22:38급,22:37급,,
중앙보훈병원김포공항,김포공항중앙보훈병원,,
22:39,22:38,,
중앙보훈병원개화,개화중앙보훈병원,,
22:48급,22:48급,,
중앙보훈병원김포공항,김포공항중앙보훈병원,,
22:49,22:49,,
중앙보훈병원개화,개화중앙보훈병원,,
22:59급,22:59급,,
중앙보훈병원김포공항,김포공항중앙보훈병원,,
23:00,23:00,,
중앙보훈병원개화,개화중앙보훈병원,,
23:10급,23:10급,,
중앙보훈병원김포공항,김포공항중앙보훈병원,,
23:11,23:11,,
중앙보훈병원개화,개화중앙보훈병원,,
23:21급,23:21급,,
중앙보훈병원김포공항,김포공항중앙보훈병원,,
23:22,23:22,,
중앙보훈병원개화,개화중앙보훈병원,,
23:32급,23:32급,,
중앙보훈병원김포공항,김포공항중앙보훈병원,,
23:33,23:33,,
중앙보훈병원개화,개화중앙보훈병원,,
23:43급,23:43급,,
중앙보훈병원김포공항,김포공항중앙보훈병원,,
23:44,23:44,,
중앙보훈병원개화,개화중앙보훈병원,,
23:54급,23:54급막,,
중앙보훈병원김포공항,김포공항중앙보훈병원,,
23:55,23:55,,
중앙보훈병원개화,개화중앙보훈병원,,
00:05급,0:04,,
중앙보훈병원김포공항,개화중앙보훈병원,,
0:06,0:11,,
중앙보훈병원개화,개화중앙보훈병원,,
00:16급,00:23막,,
중앙보훈병원김포공항,개화중앙보훈병원,,
00:17막,00:35막,,
중앙보훈병원개화,개화삼전,,
00:27급,00:47막,,
중앙보훈병원김포공항,개화신논현,,
00:28막,,,
중앙보훈병원마곡나루,,,
00:38급막,,,
중앙보훈병원김포공항,,,
00:39막,,,
중앙보훈병원염창,,,
00:48막,,,
중앙보훈병원여의도,,,
