﻿신반포방면,사평방면,신반포방면,사평방면
평일,평일,주말,주말
05:34첫,05:36첫,05:34첫,05:35첫
신논현개화,동작중앙보훈병원,신논현개화,동작중앙보훈병원
5:47,05:46급첫,5:48,05:45급첫
삼전개화,당산중앙보훈병원,삼전개화,당산중앙보훈병원
,5:50,,5:48
,여의도중앙보훈병원,,여의도중앙보훈병원
6:03,06:00급,,05:57급
중앙보훈병원개화,김포공항중앙보훈병원,,김포공항중앙보훈병원
06:16급첫,6:03,6:05,6:00
중앙보훈병원김포공항,염창중앙보훈병원,중앙보훈병원개화,염창중앙보훈병원
6:18,06:11급,6:16,06:09급
중앙보훈병원개화,김포공항중앙보훈병원,중앙보훈병원개화,김포공항중앙보훈병원
06:29급,6:15,06:20급첫,6:13
중앙보훈병원김포공항,마곡나루중앙보훈병원,중앙보훈병원김포공항,마곡나루중앙보훈병원
6:31,06:22급,6:29,06:20급
중앙보훈병원개화,김포공항중앙보훈병원,중앙보훈병원개화,김포공항중앙보훈병원
06:42급,6:25,06:33급,6:23
중앙보훈병원김포공항,개화중앙보훈병원,중앙보훈병원김포공항,개화중앙보훈병원
6:44,06:34급,6:42,06:32급
중앙보훈병원개화,김포공항중앙보훈병원,중앙보훈병원개화,김포공항중앙보훈병원
06:55급,6:37,06:46급,6:35
중앙보훈병원김포공항,개화중앙보훈병원,중앙보훈병원김포공항,개화중앙보훈병원
6:57,06:46급,6:54,06:44급
중앙보훈병원개화,김포공항중앙보훈병원,중앙보훈병원개화,김포공항중앙보훈병원
,6:49,06:58급,6:47
,개화중앙보훈병원,중앙보훈병원김포공항,개화중앙보훈병원
,06:58급,,06:56급
,김포공항중앙보훈병원,,김포공항중앙보훈병원
07:08급,7:01,,6:59
중앙보훈병원김포공항,개화중앙보훈병원,,개화중앙보훈병원
7:10,7:08,7:06,07:08급
중앙보훈병원개화,개화중앙보훈병원,중앙보훈병원개화,김포공항중앙보훈병원
07:21급,07:10급,07:10급,7:11
중앙보훈병원김포공항,김포공항중앙보훈병원,중앙보훈병원김포공항,개화중앙보훈병원
7:23,7:17,7:18,07:20급
중앙보훈병원개화,개화중앙보훈병원,중앙보훈병원개화,김포공항중앙보훈병원
7:29,07:18급,07:22급,7:23
중앙보훈병원개화,김포공항중앙보훈병원,중앙보훈병원김포공항,개화중앙보훈병원
07:33급,7:25,7:30,07:32급
중앙보훈병원김포공항,개화중앙보훈병원,중앙보훈병원개화,김포공항중앙보훈병원
7:41,07:26급,07:34급,7:35
중앙보훈병원개화,김포공항중앙보훈병원,중앙보훈병원김포공항,개화중앙보훈병원
07:45급,7:32,7:42,07:44급
중앙보훈병원김포공항,개화중앙보훈병원,중앙보훈병원개화,김포공항중앙보훈병원
7:53,07:33급,07:46급,7:47
중앙보훈병원개화,김포공항중앙보훈병원,중앙보훈병원김포공항,개화중앙보훈병원
07:57급,7:38,7:54,07:56급
중앙보훈병원김포공항,개화중앙보훈병원,중앙보훈병원개화,김포공항중앙보훈병원
,07:40급,07:58급,7:59
,김포공항중앙보훈병원,중앙보훈병원김포공항,개화중앙보훈병원
,7:45,8:06,08:08급
,개화중앙보훈병원,중앙보훈병원개화,김포공항중앙보훈병원
,07:47급,08:10급,8:11
,김포공항중앙보훈병원,중앙보훈병원김포공항,개화중앙보훈병원
,7:52,8:18,08:20급
,개화중앙보훈병원,중앙보훈병원개화,김포공항중앙보훈병원
,07:53급,08:22급,8:23
,김포공항중앙보훈병원,중앙보훈병원김포공항,개화중앙보훈병원
,7:59,8:30,08:32급
,개화중앙보훈병원,중앙보훈병원개화,김포공항중앙보훈병원
8:01,08:00급,08:34급,8:35
중앙보훈병원개화,김포공항중앙보훈병원,중앙보훈병원김포공항,개화중앙보훈병원
08:08급,8:06,8:42,08:44급
중앙보훈병원김포공항,개화중앙보훈병원,중앙보훈병원개화,김포공항중앙보훈병원
8:10,08:07급,08:46급,8:47
중앙보훈병원개화,김포공항중앙보훈병원,중앙보훈병원김포공항,개화중앙보훈병원
08:17급,8:13,8:54,08:56급
중앙보훈병원김포공항,개화중앙보훈병원,중앙보훈병원개화,김포공항중앙보훈병원
8:19,08:14급,08:58급,8:59
중앙보훈병원개화,김포공항중앙보훈병원,중앙보훈병원김포공항,개화중앙보훈병원
08:25급,8:19,9:06,09:08급
중앙보훈병원김포공항,개화중앙보훈병원,중앙보훈병원개화,김포공항중앙보훈병원
8:27,08:21급,09:10급,9:11
중앙보훈병원개화,김포공항중앙보훈병원,중앙보훈병원김포공항,개화중앙보훈병원
08:33급,8:26,9:18,09:20급
중앙보훈병원김포공항,개화중앙보훈병원,중앙보훈병원개화,김포공항중앙보훈병원
8:35,08:28급,09:22급,9:23
중앙보훈병원개화,김포공항중앙보훈병원,중앙보훈병원김포공항,개화중앙보훈병원
08:41급,8:33,9:30,09:32급
중앙보훈병원김포공항,개화중앙보훈병원,중앙보훈병원개화,김포공항중앙보훈병원
8:43,08:34급,09:34급,9:35
중앙보훈병원개화,김포공항중앙보훈병원,중앙보훈병원김포공항,개화중앙보훈병원
08:48급,8:40,9:42,09:44급
중앙보훈병원김포공항,개화중앙보훈병원,중앙보훈병원개화,김포공항중앙보훈병원
8:50,08:41급,09:46급,9:47
중앙보훈병원개화,김포공항중앙보훈병원,중앙보훈병원김포공항,개화중앙보훈병원
08:55급,8:47,9:54,09:55급
중앙보훈병원김포공항,개화중앙보훈병원,중앙보훈병원개화,김포공항중앙보훈병원
8:57,08:48급,09:58급,9:58
중앙보훈병원개화,김포공항중앙보훈병원,중앙보훈병원김포공항,개화중앙보훈병원
,8:54,10:06,10:06급
,개화중앙보훈병원,중앙보훈병원개화,김포공항중앙보훈병원
,08:55급,10:10급,10:09
,김포공항중앙보훈병원,중앙보훈병원김포공항,개화중앙보훈병원
09:02급,9:00,10:18,10:17급
중앙보훈병원김포공항,개화중앙보훈병원,중앙보훈병원개화,김포공항중앙보훈병원
9:04,09:02급,10:22급,10:20
중앙보훈병원개화,김포공항중앙보훈병원,중앙보훈병원김포공항,개화중앙보훈병원
09:08급,9:07,10:29,10:28급
중앙보훈병원김포공항,개화중앙보훈병원,중앙보훈병원개화,김포공항중앙보훈병원
9:10,09:09급,10:33급,10:31
중앙보훈병원개화,김포공항중앙보훈병원,중앙보훈병원김포공항,개화중앙보훈병원
09:15급,9:14,10:40,10:39급
중앙보훈병원김포공항,개화중앙보훈병원,중앙보훈병원개화,김포공항중앙보훈병원
9:17,09:15급,10:44급,10:42
중앙보훈병원개화,김포공항중앙보훈병원,중앙보훈병원김포공항,개화중앙보훈병원
09:22급,9:21,10:51,10:50급
중앙보훈병원김포공항,개화중앙보훈병원,중앙보훈병원개화,김포공항중앙보훈병원
9:24,09:26급,10:55급,10:53
중앙보훈병원개화,김포공항중앙보훈병원,중앙보훈병원김포공항,개화중앙보훈병원
09:29급,9:30,11:02,11:01급
중앙보훈병원김포공항,개화중앙보훈병원,중앙보훈병원개화,김포공항중앙보훈병원
9:31,09:37급,11:06급,11:04
중앙보훈병원개화,김포공항중앙보훈병원,중앙보훈병원김포공항,개화중앙보훈병원
09:36급,9:41,11:13,11:12급
중앙보훈병원김포공항,개화중앙보훈병원,중앙보훈병원개화,김포공항중앙보훈병원
9:38,09:48급,11:17급,11:15
중앙보훈병원개화,김포공항중앙보훈병원,중앙보훈병원김포공항,개화중앙보훈병원
09:43급,9:52,11:24,11:23급
중앙보훈병원김포공항,개화중앙보훈병원,중앙보훈병원개화,김포공항중앙보훈병원
9:45,09:59급,11:28급,11:26
중앙보훈병원개화,김포공항중앙보훈병원,중앙보훈병원김포공항,개화중앙보훈병원
09:49급,,11:35,11:34급
중앙보훈병원김포공항,,중앙보훈병원개화,김포공항중앙보훈병원
9:51,,11:39급,11:37
중앙보훈병원개화,,중앙보훈병원김포공항,개화중앙보훈병원
09:56급,,11:46,11:45급
중앙보훈병원김포공항,,중앙보훈병원개화,김포공항중앙보훈병원
9:58,,11:50급,11:48
중앙보훈병원개화,,중앙보훈병원김포공항,개화중앙보훈병원
10:03급,10:03,11:57,11:56급
중앙보훈병원김포공항,개화중앙보훈병원,중앙보훈병원개화,김포공항중앙보훈병원
10:05,10:10급,,11:59
중앙보훈병원개화,김포공항중앙보훈병원,,개화중앙보훈병원
10:10급,10:14,12:01급,12:07급
중앙보훈병원김포공항,개화중앙보훈병원,중앙보훈병원김포공항,김포공항중앙보훈병원
10:12,10:21급,12:08,12:10
중앙보훈병원개화,김포공항중앙보훈병원,중앙보훈병원개화,개화중앙보훈병원
10:17급,10:25,12:12급,12:18급
중앙보훈병원김포공항,개화중앙보훈병원,중앙보훈병원김포공항,김포공항중앙보훈병원
10:19,10:32급,12:19,12:21
중앙보훈병원개화,김포공항중앙보훈병원,중앙보훈병원개화,개화중앙보훈병원
10:25급,10:36,12:23급,12:29급
중앙보훈병원김포공항,개화중앙보훈병원,중앙보훈병원김포공항,김포공항중앙보훈병원
10:27,10:43급,12:30,12:32
중앙보훈병원개화,김포공항중앙보훈병원,중앙보훈병원개화,개화중앙보훈병원
10:33,10:47,12:34급,12:40급
중앙보훈병원개화,개화중앙보훈병원,중앙보훈병원김포공항,김포공항중앙보훈병원
10:36급,10:54급,12:41,12:43
중앙보훈병원김포공항,김포공항중앙보훈병원,중앙보훈병원개화,개화중앙보훈병원
10:41,10:58,12:45급,12:51급
중앙보훈병원개화,개화중앙보훈병원,중앙보훈병원김포공항,김포공항중앙보훈병원
10:46급,,12:52,12:54
중앙보훈병원김포공항,,중앙보훈병원개화,개화중앙보훈병원
10:48,,12:56급,
중앙보훈병원개화,,중앙보훈병원김포공항,
10:54,,13:03,13:02급
중앙보훈병원개화,,중앙보훈병원개화,김포공항중앙보훈병원
10:58급,,13:07급,13:05
중앙보훈병원김포공항,,중앙보훈병원김포공항,개화중앙보훈병원
11:06,11:05급,13:14,13:13급
중앙보훈병원개화,김포공항중앙보훈병원,중앙보훈병원개화,김포공항중앙보훈병원
11:09급,11:09,13:18급,13:16
중앙보훈병원김포공항,개화중앙보훈병원,중앙보훈병원김포공항,개화중앙보훈병원
11:17,11:16급,13:25,13:24급
중앙보훈병원개화,김포공항중앙보훈병원,중앙보훈병원개화,김포공항중앙보훈병원
11:20급,11:20,13:29급,13:27
중앙보훈병원김포공항,개화중앙보훈병원,중앙보훈병원김포공항,개화중앙보훈병원
11:28,11:27급,13:36,13:35급
중앙보훈병원개화,김포공항중앙보훈병원,중앙보훈병원개화,김포공항중앙보훈병원
11:31급,11:31,13:40급,13:38
중앙보훈병원김포공항,개화중앙보훈병원,중앙보훈병원김포공항,개화중앙보훈병원
11:39,11:38급,13:47,13:46급
중앙보훈병원개화,김포공항중앙보훈병원,중앙보훈병원개화,김포공항중앙보훈병원
11:42급,11:42,13:51급,13:49
중앙보훈병원김포공항,개화중앙보훈병원,중앙보훈병원김포공항,개화중앙보훈병원
11:50,11:50급,13:58,13:57급
중앙보훈병원개화,김포공항중앙보훈병원,중앙보훈병원개화,김포공항중앙보훈병원
11:53급,11:53,14:02급,14:00
중앙보훈병원김포공항,개화중앙보훈병원,중앙보훈병원김포공항,개화중앙보훈병원
12:01,12:02급,14:09,14:08급
중앙보훈병원개화,김포공항중앙보훈병원,중앙보훈병원개화,김포공항중앙보훈병원
12:04급,12:05,14:13급,14:11
중앙보훈병원김포공항,개화중앙보훈병원,중앙보훈병원김포공항,개화중앙보훈병원
12:12,12:13급,14:20,14:19급
중앙보훈병원개화,김포공항중앙보훈병원,중앙보훈병원개화,김포공항중앙보훈병원
12:15급,12:17,14:24급,14:22
중앙보훈병원김포공항,개화중앙보훈병원,중앙보훈병원김포공항,개화중앙보훈병원
12:23,12:24급,14:31,14:30급
중앙보훈병원개화,김포공항중앙보훈병원,중앙보훈병원개화,김포공항중앙보훈병원
12:26급,12:28,14:35급,14:33
중앙보훈병원김포공항,개화중앙보훈병원,중앙보훈병원김포공항,개화중앙보훈병원
12:34,12:35급,14:42,14:41급
중앙보훈병원개화,김포공항중앙보훈병원,중앙보훈병원개화,김포공항중앙보훈병원
12:37급,12:39,14:46급,14:44
중앙보훈병원김포공항,개화중앙보훈병원,중앙보훈병원김포공항,개화중앙보훈병원
12:45,12:46급,14:53,14:52급
중앙보훈병원개화,김포공항중앙보훈병원,중앙보훈병원개화,김포공항중앙보훈병원
12:48급,12:50,14:57급,14:55
중앙보훈병원김포공항,개화중앙보훈병원,중앙보훈병원김포공항,개화중앙보훈병원
12:56,12:57급,15:04,15:03급
중앙보훈병원개화,김포공항중앙보훈병원,중앙보훈병원개화,김포공항중앙보훈병원
13:00급,13:01,15:08급,15:06
중앙보훈병원김포공항,개화중앙보훈병원,중앙보훈병원김포공항,개화중앙보훈병원
13:08,13:08급,15:15,15:14급
중앙보훈병원개화,김포공항중앙보훈병원,중앙보훈병원개화,김포공항중앙보훈병원
13:12급,13:12,15:19급,15:17
중앙보훈병원김포공항,개화중앙보훈병원,중앙보훈병원김포공항,개화중앙보훈병원
13:20,13:19급,15:26,15:25급
중앙보훈병원개화,김포공항중앙보훈병원,중앙보훈병원개화,김포공항중앙보훈병원
13:23급,13:23,15:30급,15:28
중앙보훈병원김포공항,개화중앙보훈병원,중앙보훈병원김포공항,개화중앙보훈병원
13:31,13:30급,15:37,15:36급
중앙보훈병원개화,김포공항중앙보훈병원,중앙보훈병원개화,김포공항중앙보훈병원
13:34급,13:34,15:41급,15:39
중앙보훈병원김포공항,개화중앙보훈병원,중앙보훈병원김포공항,개화중앙보훈병원
13:42,13:41급,15:48,15:47급
중앙보훈병원개화,김포공항중앙보훈병원,중앙보훈병원개화,김포공항중앙보훈병원
13:45급,13:45,15:52급,15:50
중앙보훈병원김포공항,개화중앙보훈병원,중앙보훈병원김포공항,개화중앙보훈병원
13:53,13:52급,15:59,15:58급
중앙보훈병원개화,김포공항중앙보훈병원,중앙보훈병원개화,김포공항중앙보훈병원
13:56급,13:56,16:03급,16:01
중앙보훈병원김포공항,개화중앙보훈병원,중앙보훈병원김포공항,개화중앙보훈병원
14:04,14:03급,16:10,16:09급
중앙보훈병원개화,김포공항중앙보훈병원,중앙보훈병원개화,김포공항중앙보훈병원
14:07급,14:07,16:14급,16:12
중앙보훈병원김포공항,개화중앙보훈병원,중앙보훈병원김포공항,개화중앙보훈병원
14:15,14:14급,16:21,16:20급
중앙보훈병원개화,김포공항중앙보훈병원,중앙보훈병원개화,김포공항중앙보훈병원
14:18급,14:18,16:25급,16:23
중앙보훈병원김포공항,개화중앙보훈병원,중앙보훈병원김포공항,개화중앙보훈병원
14:26,14:25급,16:32,16:31급
중앙보훈병원개화,김포공항중앙보훈병원,중앙보훈병원개화,김포공항중앙보훈병원
14:29급,14:29,16:36급,16:34
중앙보훈병원김포공항,개화중앙보훈병원,중앙보훈병원김포공항,개화중앙보훈병원
14:37,14:37급,16:43,16:42급
중앙보훈병원개화,김포공항중앙보훈병원,중앙보훈병원개화,김포공항중앙보훈병원
14:40급,14:40,16:47급,16:45
중앙보훈병원김포공항,개화중앙보훈병원,중앙보훈병원김포공항,개화중앙보훈병원
14:48,14:49급,16:54,16:53급
중앙보훈병원개화,김포공항중앙보훈병원,중앙보훈병원개화,김포공항중앙보훈병원
14:51급,14:52,16:58급,16:56
중앙보훈병원김포공항,개화중앙보훈병원,중앙보훈병원김포공항,개화중앙보훈병원
14:59,,17:05,17:04급
중앙보훈병원개화,,중앙보훈병원개화,김포공항중앙보훈병원
15:02급,15:01급,17:09급,17:07
중앙보훈병원김포공항,김포공항중앙보훈병원,중앙보훈병원김포공항,개화중앙보훈병원
15:10,15:04,17:16,17:15급
중앙보훈병원개화,개화중앙보훈병원,중앙보훈병원개화,김포공항중앙보훈병원
15:13급,15:11급,17:20급,17:18
중앙보훈병원김포공항,김포공항중앙보훈병원,중앙보훈병원김포공항,개화중앙보훈병원
15:21,15:15,17:27,17:26급
중앙보훈병원개화,개화중앙보훈병원,중앙보훈병원개화,김포공항중앙보훈병원
15:24급,15:22급,17:31급,17:29
중앙보훈병원김포공항,김포공항중앙보훈병원,중앙보훈병원김포공항,개화중앙보훈병원
15:32,15:26,17:38,17:37급
중앙보훈병원개화,개화중앙보훈병원,중앙보훈병원개화,김포공항중앙보훈병원
15:35급,15:33급,17:42급,17:40
중앙보훈병원김포공항,김포공항중앙보훈병원,중앙보훈병원김포공항,개화중앙보훈병원
15:43,15:37,17:49,17:48급
중앙보훈병원개화,개화중앙보훈병원,중앙보훈병원개화,김포공항중앙보훈병원
15:47급,15:44급,17:53급,17:51
중앙보훈병원김포공항,김포공항중앙보훈병원,중앙보훈병원김포공항,개화중앙보훈병원
15:55,15:48,,17:59급
중앙보훈병원개화,개화중앙보훈병원,,김포공항중앙보훈병원
15:59급,15:55급,18:00,18:02
중앙보훈병원김포공항,김포공항중앙보훈병원,중앙보훈병원개화,개화중앙보훈병원
,15:59,18:04급,18:10급
,개화중앙보훈병원,중앙보훈병원김포공항,김포공항중앙보훈병원
16:07,16:06급,18:11,18:13
중앙보훈병원개화,김포공항중앙보훈병원,중앙보훈병원개화,개화중앙보훈병원
16:10급,16:10,18:15급,18:21급
중앙보훈병원김포공항,개화중앙보훈병원,중앙보훈병원김포공항,김포공항중앙보훈병원
16:18,16:17급,18:22,18:24
중앙보훈병원개화,김포공항중앙보훈병원,중앙보훈병원개화,개화중앙보훈병원
16:21급,16:21,18:26급,18:32급
중앙보훈병원김포공항,개화중앙보훈병원,중앙보훈병원김포공항,김포공항중앙보훈병원
16:29,16:28급,18:33,18:35
중앙보훈병원개화,김포공항중앙보훈병원,중앙보훈병원개화,개화중앙보훈병원
16:32급,16:32,18:37급,18:43급
중앙보훈병원김포공항,개화중앙보훈병원,중앙보훈병원김포공항,김포공항중앙보훈병원
16:40,16:38,18:44,18:46
중앙보훈병원개화,개화중앙보훈병원,중앙보훈병원개화,개화중앙보훈병원
16:43급,16:39급,18:48급,18:54급
중앙보훈병원김포공항,김포공항중앙보훈병원,중앙보훈병원김포공항,김포공항중앙보훈병원
16:51,16:43,18:55,18:57
중앙보훈병원개화,개화중앙보훈병원,중앙보훈병원개화,개화중앙보훈병원
16:54급,16:50급,18:59급,
중앙보훈병원김포공항,김포공항중앙보훈병원,중앙보훈병원김포공항,
,16:54,19:06,19:05급
,개화중앙보훈병원,중앙보훈병원개화,김포공항중앙보훈병원
17:02,17:01급,19:10급,19:08
중앙보훈병원개화,김포공항중앙보훈병원,중앙보훈병원김포공항,개화중앙보훈병원
17:05급,17:05,19:17,19:16급
중앙보훈병원김포공항,개화중앙보훈병원,중앙보훈병원개화,김포공항중앙보훈병원
17:13,17:10,19:21급,19:19
중앙보훈병원개화,개화중앙보훈병원,중앙보훈병원김포공항,개화중앙보훈병원
17:16급,17:12급,19:28,19:27급
중앙보훈병원김포공항,김포공항중앙보훈병원,중앙보훈병원개화,김포공항중앙보훈병원
17:24,17:18,19:32급,19:30
중앙보훈병원개화,개화중앙보훈병원,중앙보훈병원김포공항,개화중앙보훈병원
17:27급,17:20급,19:39,19:38급
중앙보훈병원김포공항,김포공항중앙보훈병원,중앙보훈병원개화,김포공항중앙보훈병원
17:35,17:27,19:43급,19:41
중앙보훈병원개화,개화중앙보훈병원,중앙보훈병원김포공항,개화중앙보훈병원
17:38급,17:28급,19:50,19:49급
중앙보훈병원김포공항,김포공항중앙보훈병원,중앙보훈병원개화,김포공항중앙보훈병원
17:46,17:34,19:54급,19:52
중앙보훈병원개화,개화중앙보훈병원,중앙보훈병원김포공항,개화중앙보훈병원
17:49급,17:35급,20:01,20:00급
중앙보훈병원김포공항,김포공항중앙보훈병원,중앙보훈병원개화,김포공항중앙보훈병원
17:57,17:41,20:05급,20:03
중앙보훈병원개화,개화중앙보훈병원,중앙보훈병원김포공항,개화중앙보훈병원
,17:42급,20:12,20:11급
,김포공항중앙보훈병원,중앙보훈병원개화,김포공항중앙보훈병원
,17:48,20:16급,20:14
,개화중앙보훈병원,중앙보훈병원김포공항,개화중앙보훈병원
,17:49급,20:23,20:22급
,김포공항중앙보훈병원,중앙보훈병원개화,김포공항중앙보훈병원
,17:55,20:27급,20:25
,개화중앙보훈병원,중앙보훈병원김포공항,개화중앙보훈병원
,17:57급,20:34,20:33급
,김포공항중앙보훈병원,중앙보훈병원개화,김포공항중앙보훈병원
18:00급,18:03,20:38급,20:36
중앙보훈병원김포공항,개화중앙보훈병원,중앙보훈병원김포공항,개화중앙보훈병원
18:04,18:04급,20:45,20:45급
중앙보훈병원개화,김포공항중앙보훈병원,중앙보훈병원개화,김포공항중앙보훈병원
18:11급,18:10,20:49급,20:48
중앙보훈병원김포공항,개화중앙보훈병원,중앙보훈병원김포공항,개화중앙보훈병원
18:13,18:11급,20:56,20:57급
중앙보훈병원개화,김포공항중앙보훈병원,중앙보훈병원개화,김포공항중앙보훈병원
18:19급,18:17,21:00급,21:00
중앙보훈병원김포공항,개화중앙보훈병원,중앙보훈병원김포공항,개화중앙보훈병원
18:21,18:18급,21:07,21:09급
중앙보훈병원개화,김포공항중앙보훈병원,중앙보훈병원개화,김포공항중앙보훈병원
18:27급,18:24,21:11급,21:12
중앙보훈병원김포공항,개화중앙보훈병원,중앙보훈병원김포공항,개화중앙보훈병원
18:29,18:25급,21:18,21:21급
중앙보훈병원개화,김포공항중앙보훈병원,중앙보훈병원개화,김포공항중앙보훈병원
18:35급,18:31,21:22급,21:24
중앙보훈병원김포공항,개화중앙보훈병원,중앙보훈병원김포공항,개화중앙보훈병원
18:37,18:32급,21:29,21:33급
중앙보훈병원개화,김포공항중앙보훈병원,중앙보훈병원개화,김포공항중앙보훈병원
18:43급,18:38,21:33급,21:36
중앙보훈병원김포공항,개화중앙보훈병원,중앙보훈병원김포공항,개화중앙보훈병원
18:45,18:40급,21:40,21:45급
중앙보훈병원개화,김포공항중앙보훈병원,중앙보훈병원개화,김포공항중앙보훈병원
18:50급,18:46,21:44급,21:48
중앙보훈병원김포공항,개화중앙보훈병원,중앙보훈병원김포공항,개화중앙보훈병원
18:52,18:47급,21:52,21:57급
중앙보훈병원개화,김포공항중앙보훈병원,중앙보훈병원개화,김포공항중앙보훈병원
18:57급,18:53,21:56급,
중앙보훈병원김포공항,개화중앙보훈병원,중앙보훈병원김포공항,
18:59,18:54급,22:04,22:00
중앙보훈병원개화,김포공항중앙보훈병원,중앙보훈병원개화,개화중앙보훈병원
19:05급,19:00,22:08급,22:09급
중앙보훈병원김포공항,개화중앙보훈병원,중앙보훈병원김포공항,김포공항중앙보훈병원
19:07,19:01급,22:16,22:12
중앙보훈병원개화,김포공항중앙보훈병원,중앙보훈병원개화,개화중앙보훈병원
19:12급,19:07,22:20급,22:21급
중앙보훈병원김포공항,개화중앙보훈병원,중앙보훈병원김포공항,김포공항중앙보훈병원
19:14,19:08급,22:28,22:24
중앙보훈병원개화,김포공항중앙보훈병원,중앙보훈병원개화,개화중앙보훈병원
19:19급,19:14,22:32급,22:34급
중앙보훈병원김포공항,개화중앙보훈병원,중앙보훈병원김포공항,김포공항중앙보훈병원
19:21,19:15급,22:40,22:37
중앙보훈병원개화,김포공항중앙보훈병원,중앙보훈병원개화,개화중앙보훈병원
19:26급,19:21,22:44급,22:47급
중앙보훈병원김포공항,개화중앙보훈병원,중앙보훈병원김포공항,김포공항중앙보훈병원
19:28,19:23급,22:52,22:50
중앙보훈병원개화,김포공항중앙보훈병원,중앙보훈병원개화,개화중앙보훈병원
19:33급,19:29,22:56급,
중앙보훈병원김포공항,개화중앙보훈병원,중앙보훈병원김포공항,
19:35,19:30급,23:05,23:00급막
중앙보훈병원개화,김포공항중앙보훈병원,중앙보훈병원개화,김포공항중앙보훈병원
19:40급,19:36,23:09급,23:03
중앙보훈병원김포공항,개화중앙보훈병원,중앙보훈병원김포공항,개화중앙보훈병원
19:42,19:37급,23:18막,23:13
중앙보훈병원개화,김포공항중앙보훈병원,중앙보훈병원개화,개화중앙보훈병원
19:48급,19:44,23:22급,23:24
중앙보훈병원김포공항,개화중앙보훈병원,중앙보훈병원김포공항,개화중앙보훈병원
19:50,19:46급,23:31막,23:37막
중앙보훈병원개화,김포공항중앙보훈병원,중앙보훈병원염창,개화중앙보훈병원
19:55급,19:53,23:35급막,23:50막
중앙보훈병원김포공항,개화중앙보훈병원,중앙보훈병원김포공항,개화신논현
19:57,19:55급,23:44막,
중앙보훈병원개화,김포공항중앙보훈병원,중앙보훈병원여의도,
20:02급,20:01,23:55막,
중앙보훈병원김포공항,개화중앙보훈병원,중앙보훈병원동작,
20:04,20:06급,,
중앙보훈병원개화,김포공항중앙보훈병원,,
20:09급,20:10,,
중앙보훈병원김포공항,개화중앙보훈병원,,
20:11,20:17급,,
중앙보훈병원개화,김포공항중앙보훈병원,,
20:16급,20:21,,
중앙보훈병원김포공항,개화중앙보훈병원,,
20:18,20:28급,,
중앙보훈병원개화,김포공항중앙보훈병원,,
20:23급,20:32,,
중앙보훈병원김포공항,개화중앙보훈병원,,
20:25,20:39급,,
중앙보훈병원개화,김포공항중앙보훈병원,,
20:31급,20:43,,
중앙보훈병원김포공항,개화중앙보훈병원,,
20:33,20:50급,,
중앙보훈병원개화,김포공항중앙보훈병원,,
20:38급,20:54,,
중앙보훈병원김포공항,개화중앙보훈병원,,
20:40,,,
중앙보훈병원개화,,,
20:45급,,,
중앙보훈병원김포공항,,,
20:47,,,
중앙보훈병원개화,,,
20:55급,,,
중앙보훈병원김포공항,,,
20:57,,,
중앙보훈병원개화,,,
21:03,21:01급,,
중앙보훈병원개화,김포공항중앙보훈병원,,
21:06급,21:05,,
중앙보훈병원김포공항,개화중앙보훈병원,,
21:10,21:12급,,
중앙보훈병원개화,김포공항중앙보훈병원,,
21:14,21:16,,
중앙보훈병원개화,개화중앙보훈병원,,
21:17급,21:23급,,
중앙보훈병원김포공항,김포공항중앙보훈병원,,
21:25,21:27,,
중앙보훈병원개화,개화중앙보훈병원,,
21:28급,21:34급,,
중앙보훈병원김포공항,김포공항중앙보훈병원,,
21:36,21:38,,
중앙보훈병원개화,개화중앙보훈병원,,
21:39급,21:45급,,
중앙보훈병원김포공항,김포공항중앙보훈병원,,
21:47,21:49,,
중앙보훈병원개화,개화중앙보훈병원,,
21:50급,21:56급,,
중앙보훈병원김포공항,김포공항중앙보훈병원,,
21:58,,,
중앙보훈병원개화,,,
22:01급,22:00,,
중앙보훈병원김포공항,개화중앙보훈병원,,
22:09,22:07급,,
중앙보훈병원개화,김포공항중앙보훈병원,,
22:12급,22:11,,
중앙보훈병원김포공항,개화중앙보훈병원,,
22:20,22:18급,,
중앙보훈병원개화,김포공항중앙보훈병원,,
22:23급,22:22,,
중앙보훈병원김포공항,개화중앙보훈병원,,
22:31,22:29급,,
중앙보훈병원개화,김포공항중앙보훈병원,,
22:34급,22:33,,
중앙보훈병원김포공항,개화중앙보훈병원,,
22:41,22:40급,,
중앙보훈병원개화,김포공항중앙보훈병원,,
22:44급,22:44,,
중앙보훈병원김포공항,개화중앙보훈병원,,
22:52,22:51급,,
중앙보훈병원개화,김포공항중앙보훈병원,,
22:55급,22:55,,
중앙보훈병원김포공항,개화중앙보훈병원,,
23:03,23:02급,,
중앙보훈병원개화,김포공항중앙보훈병원,,
23:06급,23:06,,
중앙보훈병원김포공항,개화중앙보훈병원,,
23:14,23:13급,,
중앙보훈병원개화,김포공항중앙보훈병원,,
23:17급,23:17,,
중앙보훈병원김포공항,개화중앙보훈병원,,
23:25,23:24급,,
중앙보훈병원개화,김포공항중앙보훈병원,,
23:28급,23:28,,
중앙보훈병원김포공항,개화중앙보훈병원,,
23:36,23:35급,,
중앙보훈병원개화,김포공항중앙보훈병원,,
23:39급,23:39,,
중앙보훈병원김포공항,개화중앙보훈병원,,
23:47,23:46급,,
중앙보훈병원개화,김포공항중앙보훈병원,,
23:50급,23:50,,
중앙보훈병원김포공항,개화중앙보훈병원,,
23:58,23:57급막,,
중앙보훈병원개화,김포공항중앙보훈병원,,
00:01급,0:01,,
중앙보훈병원김포공항,개화중앙보훈병원,,
00:09막,0:10,,
중앙보훈병원개화,개화중앙보훈병원,,
00:12급,0:16,,
중앙보훈병원김포공항,개화중앙보훈병원,,
00:20막,00:29막,,
중앙보훈병원마곡나루,개화중앙보훈병원,,
00:23급,00:41막,,
중앙보훈병원김포공항,개화삼전,,
00:31막,00:53막,,
중앙보훈병원염창,개화신논현,,
00:34급막,,,
중앙보훈병원김포공항,,,
00:42막,,,
중앙보훈병원여의도,,,
00:52막,,,
중앙보훈병원동작,,,
