﻿동작방면,신반포방면,동작방면,신반포방면
평일,평일,주말,주말
05:38첫,05:32첫,05:37첫,05:32첫
신논현개화,동작중앙보훈병원,신논현개화,동작중앙보훈병원
5:51,5:45,5:51,5:45
삼전개화,여의도중앙보훈병원,삼전개화,여의도중앙보훈병원
,5:59,,5:57
,염창중앙보훈병원,,염창중앙보훈병원
6:06,6:11,6:08,6:09
중앙보훈병원개화,마곡나루중앙보훈병원,중앙보훈병원개화,마곡나루중앙보훈병원
6:21,6:21,6:20,6:20
중앙보훈병원개화,개화중앙보훈병원,중앙보훈병원개화,개화중앙보훈병원
6:34,6:33,6:33,6:32
중앙보훈병원개화,개화중앙보훈병원,중앙보훈병원개화,개화중앙보훈병원
6:47,6:45,6:46,6:44
중앙보훈병원개화,개화중앙보훈병원,중앙보훈병원개화,개화중앙보훈병원
,6:57,6:58,6:56
,개화중앙보훈병원,중앙보훈병원개화,개화중앙보훈병원
7:00,7:04,7:10,7:08
중앙보훈병원개화,개화중앙보훈병원,중앙보훈병원개화,개화중앙보훈병원
7:13,7:13,7:22,7:20
중앙보훈병원개화,개화중앙보훈병원,중앙보훈병원개화,개화중앙보훈병원
7:26,7:21,7:34,7:32
중앙보훈병원개화,개화중앙보훈병원,중앙보훈병원개화,개화중앙보훈병원
7:33,7:28,7:46,7:44
중앙보훈병원개화,개화중앙보훈병원,중앙보훈병원개화,개화중앙보훈병원
7:45,7:35,7:58,7:56
중앙보훈병원개화,개화중앙보훈병원,중앙보훈병원개화,개화중앙보훈병원
7:57,7:41,8:10,8:08
중앙보훈병원개화,개화중앙보훈병원,중앙보훈병원개화,개화중앙보훈병원
,7:48,8:22,8:20
,개화중앙보훈병원,중앙보훈병원개화,개화중앙보훈병원
,7:55,8:34,8:32
,개화중앙보훈병원,중앙보훈병원개화,개화중앙보훈병원
8:05,8:02,8:46,8:44
중앙보훈병원개화,개화중앙보훈병원,중앙보훈병원개화,개화중앙보훈병원
8:13,8:09,8:58,8:56
중앙보훈병원개화,개화중앙보훈병원,중앙보훈병원개화,개화중앙보훈병원
8:22,8:16,9:10,9:08
중앙보훈병원개화,개화중앙보훈병원,중앙보훈병원개화,개화중앙보훈병원
8:31,8:22,9:22,9:20
중앙보훈병원개화,개화중앙보훈병원,중앙보훈병원개화,개화중앙보훈병원
8:39,8:29,9:34,9:32
중앙보훈병원개화,개화중앙보훈병원,중앙보훈병원개화,개화중앙보훈병원
8:47,8:36,9:46,9:44
중앙보훈병원개화,개화중앙보훈병원,중앙보훈병원개화,개화중앙보훈병원
8:53,8:43,9:58,9:55
중앙보훈병원개화,개화중앙보훈병원,중앙보훈병원개화,개화중앙보훈병원
,8:50,10:10,10:06
,개화중앙보훈병원,중앙보훈병원개화,개화중앙보훈병원
,8:57,10:22,10:17
,개화중앙보훈병원,중앙보훈병원개화,개화중앙보훈병원
9:00,9:03,10:33,10:28
중앙보훈병원개화,개화중앙보훈병원,중앙보훈병원개화,개화중앙보훈병원
9:07,9:10,10:44,10:39
중앙보훈병원개화,개화중앙보훈병원,중앙보훈병원개화,개화중앙보훈병원
9:14,9:17,10:55,10:50
중앙보훈병원개화,개화중앙보훈병원,중앙보훈병원개화,개화중앙보훈병원
9:21,9:26,11:06,11:01
중앙보훈병원개화,개화중앙보훈병원,중앙보훈병원개화,개화중앙보훈병원
9:28,9:37,11:17,11:12
중앙보훈병원개화,개화중앙보훈병원,중앙보훈병원개화,개화중앙보훈병원
9:34,9:48,11:28,11:23
중앙보훈병원개화,개화중앙보훈병원,중앙보훈병원개화,개화중앙보훈병원
9:41,9:59,11:39,11:34
중앙보훈병원개화,개화중앙보훈병원,중앙보훈병원개화,개화중앙보훈병원
9:48,,11:50,11:45
중앙보훈병원개화,,중앙보훈병원개화,개화중앙보훈병원
9:55,,,11:56
중앙보훈병원개화,,,개화중앙보훈병원
10:02,10:10,12:01,12:07
중앙보훈병원개화,개화중앙보훈병원,중앙보훈병원개화,개화중앙보훈병원
10:09,10:21,12:12,12:18
중앙보훈병원개화,개화중앙보훈병원,중앙보훈병원개화,개화중앙보훈병원
10:15,10:32,12:23,12:29
중앙보훈병원개화,개화중앙보훈병원,중앙보훈병원개화,개화중앙보훈병원
10:22,10:43,12:34,12:40
중앙보훈병원개화,개화중앙보훈병원,중앙보훈병원개화,개화중앙보훈병원
10:30,10:54,12:45,12:51
중앙보훈병원개화,개화중앙보훈병원,중앙보훈병원개화,개화중앙보훈병원
10:36,,12:56,
중앙보훈병원개화,,중앙보훈병원개화,
10:44,,13:07,13:02
중앙보훈병원개화,,중앙보훈병원개화,개화중앙보훈병원
10:51,,13:18,13:13
중앙보훈병원개화,,중앙보훈병원개화,개화중앙보훈병원
10:58,,13:29,13:24
중앙보훈병원개화,,중앙보훈병원개화,개화중앙보훈병원
11:09,11:05,13:40,13:35
중앙보훈병원개화,개화중앙보훈병원,중앙보훈병원개화,개화중앙보훈병원
11:20,11:16,13:51,13:46
중앙보훈병원개화,개화중앙보훈병원,중앙보훈병원개화,개화중앙보훈병원
11:31,11:27,,13:57
중앙보훈병원개화,개화중앙보훈병원,,개화중앙보훈병원
11:42,11:38,14:02,14:08
중앙보훈병원개화,개화중앙보훈병원,중앙보훈병원개화,개화중앙보훈병원
11:53,11:49,14:13,14:19
중앙보훈병원개화,개화중앙보훈병원,중앙보훈병원개화,개화중앙보훈병원
12:04,12:01,14:24,14:30
중앙보훈병원개화,개화중앙보훈병원,중앙보훈병원개화,개화중앙보훈병원
12:15,12:13,14:35,14:41
중앙보훈병원개화,개화중앙보훈병원,중앙보훈병원개화,개화중앙보훈병원
12:26,12:24,14:46,14:52
중앙보훈병원개화,개화중앙보훈병원,중앙보훈병원개화,개화중앙보훈병원
12:37,12:35,14:57,
중앙보훈병원개화,개화중앙보훈병원,중앙보훈병원개화,
12:48,12:46,15:08,15:03
중앙보훈병원개화,개화중앙보훈병원,중앙보훈병원개화,개화중앙보훈병원
,12:57,15:19,15:14
,개화중앙보훈병원,중앙보훈병원개화,개화중앙보훈병원
13:00,13:08,15:30,15:25
중앙보훈병원개화,개화중앙보훈병원,중앙보훈병원개화,개화중앙보훈병원
13:12,13:19,15:41,15:36
중앙보훈병원개화,개화중앙보훈병원,중앙보훈병원개화,개화중앙보훈병원
13:23,13:30,15:52,15:47
중앙보훈병원개화,개화중앙보훈병원,중앙보훈병원개화,개화중앙보훈병원
13:34,13:41,,15:58
중앙보훈병원개화,개화중앙보훈병원,,개화중앙보훈병원
13:45,13:52,16:03,16:09
중앙보훈병원개화,개화중앙보훈병원,중앙보훈병원개화,개화중앙보훈병원
13:56,,16:14,16:20
중앙보훈병원개화,,중앙보훈병원개화,개화중앙보훈병원
14:07,14:03,16:25,16:31
중앙보훈병원개화,개화중앙보훈병원,중앙보훈병원개화,개화중앙보훈병원
14:18,14:14,16:36,16:42
중앙보훈병원개화,개화중앙보훈병원,중앙보훈병원개화,개화중앙보훈병원
14:29,14:25,16:47,16:53
중앙보훈병원개화,개화중앙보훈병원,중앙보훈병원개화,개화중앙보훈병원
14:40,14:36,16:58,
중앙보훈병원개화,개화중앙보훈병원,중앙보훈병원개화,
14:51,14:48,17:09,17:04
중앙보훈병원개화,개화중앙보훈병원,중앙보훈병원개화,개화중앙보훈병원
15:02,15:00,17:20,17:15
중앙보훈병원개화,개화중앙보훈병원,중앙보훈병원개화,개화중앙보훈병원
15:13,15:11,17:31,17:26
중앙보훈병원개화,개화중앙보훈병원,중앙보훈병원개화,개화중앙보훈병원
15:24,15:22,17:42,17:37
중앙보훈병원개화,개화중앙보훈병원,중앙보훈병원개화,개화중앙보훈병원
15:35,15:33,17:53,17:48
중앙보훈병원개화,개화중앙보훈병원,중앙보훈병원개화,개화중앙보훈병원
15:47,15:44,,17:59
중앙보훈병원개화,개화중앙보훈병원,,개화중앙보훈병원
15:59,15:55,18:04,18:10
중앙보훈병원개화,개화중앙보훈병원,중앙보훈병원개화,개화중앙보훈병원
16:10,16:06,18:15,18:21
중앙보훈병원개화,개화중앙보훈병원,중앙보훈병원개화,개화중앙보훈병원
16:21,16:17,18:26,18:32
중앙보훈병원개화,개화중앙보훈병원,중앙보훈병원개화,개화중앙보훈병원
16:32,16:28,18:37,18:43
중앙보훈병원개화,개화중앙보훈병원,중앙보훈병원개화,개화중앙보훈병원
16:43,16:34,18:48,18:54
중앙보훈병원개화,개화중앙보훈병원,중앙보훈병원개화,개화중앙보훈병원
16:54,16:39,18:59,
중앙보훈병원개화,개화중앙보훈병원,중앙보훈병원개화,
,16:50,19:10,19:05
,개화중앙보훈병원,중앙보훈병원개화,개화중앙보훈병원
17:05,17:01,19:21,19:16
중앙보훈병원개화,개화중앙보훈병원,중앙보훈병원개화,개화중앙보훈병원
17:16,17:06,19:32,19:27
중앙보훈병원개화,개화중앙보훈병원,중앙보훈병원개화,개화중앙보훈병원
17:27,17:14,19:43,19:38
중앙보훈병원개화,개화중앙보훈병원,중앙보훈병원개화,개화중앙보훈병원
17:38,17:23,19:54,19:49
중앙보훈병원개화,개화중앙보훈병원,중앙보훈병원개화,개화중앙보훈병원
17:49,17:30,20:05,20:00
중앙보훈병원개화,개화중앙보훈병원,중앙보훈병원개화,개화중앙보훈병원
,17:37,20:16,20:11
,개화중앙보훈병원,중앙보훈병원개화,개화중앙보훈병원
,17:44,20:27,20:22
,개화중앙보훈병원,중앙보훈병원개화,개화중앙보훈병원
,17:52,20:38,20:33
,개화중앙보훈병원,중앙보훈병원개화,개화중앙보훈병원
,17:59,20:49,20:45
,개화중앙보훈병원,중앙보훈병원개화,개화중앙보훈병원
18:00,18:06,,20:57
중앙보훈병원개화,개화중앙보훈병원,,개화중앙보훈병원
18:08,18:13,21:00,21:09
중앙보훈병원개화,개화중앙보훈병원,중앙보훈병원개화,개화중앙보훈병원
18:16,18:20,21:11,21:21
중앙보훈병원개화,개화중앙보훈병원,중앙보훈병원개화,개화중앙보훈병원
18:24,18:27,21:22,21:33
중앙보훈병원개화,개화중앙보훈병원,중앙보훈병원개화,개화중앙보훈병원
18:33,18:35,21:33,21:45
중앙보훈병원개화,개화중앙보훈병원,중앙보훈병원개화,개화중앙보훈병원
18:41,18:42,21:44,21:57
중앙보훈병원개화,개화중앙보훈병원,중앙보훈병원개화,개화중앙보훈병원
18:49,18:49,21:56,
중앙보훈병원개화,개화중앙보훈병원,중앙보훈병원개화,
18:56,18:56,22:08,22:09
중앙보훈병원개화,개화중앙보훈병원,중앙보훈병원개화,개화중앙보훈병원
19:03,19:03,22:20,22:21
중앙보훈병원개화,개화중앙보훈병원,중앙보훈병원개화,개화중앙보훈병원
19:10,19:10,22:32,22:34
중앙보훈병원개화,개화중앙보훈병원,중앙보훈병원개화,개화중앙보훈병원
19:17,19:18,22:44,22:47
중앙보훈병원개화,개화중앙보훈병원,중앙보훈병원개화,개화중앙보훈병원
19:24,19:25,22:56,
중앙보훈병원개화,개화중앙보훈병원,중앙보훈병원개화,
19:32,19:32,23:09,23:00
중앙보훈병원개화,개화중앙보훈병원,중앙보훈병원개화,개화중앙보훈병원
19:39,19:40,23:22막,23:09
중앙보훈병원개화,개화중앙보훈병원,중앙보훈병원개화,개화중앙보훈병원
19:46,19:49,23:35막,23:20
중앙보훈병원개화,개화중앙보훈병원,중앙보훈병원염창,개화중앙보훈병원
19:53,19:57,23:48막,23:33막
중앙보훈병원개화,개화중앙보훈병원,중앙보훈병원여의도,개화중앙보훈병원
20:00,20:06,23:58막,23:46막
중앙보훈병원개화,개화중앙보훈병원,중앙보훈병원동작,개화신논현
20:07,20:17,,
중앙보훈병원개화,개화중앙보훈병원,,
20:15,20:28,,
중앙보훈병원개화,개화중앙보훈병원,,
20:22,20:39,,
중앙보훈병원개화,개화중앙보훈병원,,
20:29,20:50,,
중앙보훈병원개화,개화중앙보훈병원,,
20:36,,,
중앙보훈병원개화,,,
20:43,,,
중앙보훈병원개화,,,
20:50,,,
중앙보훈병원개화,,,
21:00,21:01,,
중앙보훈병원개화,개화중앙보훈병원,,
21:06,21:12,,
중앙보훈병원개화,개화중앙보훈병원,,
21:14,21:23,,
중앙보훈병원개화,개화중앙보훈병원,,
21:17,21:34,,
중앙보훈병원개화,개화중앙보훈병원,,
21:28,21:45,,
중앙보훈병원개화,개화중앙보훈병원,,
21:39,21:56,,
중앙보훈병원개화,개화중앙보훈병원,,
21:50,,,
중앙보훈병원개화,,,
22:01,22:07,,
중앙보훈병원개화,개화중앙보훈병원,,
22:12,22:18,,
중앙보훈병원개화,개화중앙보훈병원,,
22:23,22:29,,
중앙보훈병원개화,개화중앙보훈병원,,
22:35,22:40,,
중앙보훈병원개화,개화중앙보훈병원,,
22:44,22:51,,
중앙보훈병원개화,개화중앙보훈병원,,
22:55,,,
중앙보훈병원개화,,,
23:06,23:02,,
중앙보훈병원개화,개화중앙보훈병원,,
23:17,23:13,,
중앙보훈병원개화,개화중앙보훈병원,,
23:28,23:24,,
중앙보훈병원개화,개화중앙보훈병원,,
23:39,23:35,,
중앙보훈병원개화,개화중앙보훈병원,,
23:50,23:46,,
중앙보훈병원개화,개화중앙보훈병원,,
,23:57,,
,개화중앙보훈병원,,
0:01,0:06,,
중앙보훈병원개화,개화중앙보훈병원,,
00:12막,0:13,,
중앙보훈병원개화,개화중앙보훈병원,,
00:23막,00:26막,,
중앙보훈병원마곡나루,개화중앙보훈병원,,
00:34막,00:38막,,
중앙보훈병원염창,개화삼전,,
00:46막,00:50막,,
중앙보훈병원여의도,개화신논현,,
00:55막,,,
중앙보훈병원동작,,,
