﻿당산방면,여의도방면,당산방면,여의도방면
평일,평일,주말,주말
05:42첫,05:40첫,05:42첫,05:39첫
동작개화,염창중앙보훈병원,동작개화,염창중앙보훈병원
5:53,5:53,5:52,5:52
신논현개화,마곡나루중앙보훈병원,신논현개화,마곡나루중앙보훈병원
6:06,6:03,6:06,6:03
삼전개화,개화중앙보훈병원,삼전개화,개화중앙보훈병원
6:22,6:15,6:24,6:15
중앙보훈병원개화,개화중앙보훈병원,중앙보훈병원개화,개화중앙보훈병원
6:37,6:27,6:37,6:27
중앙보훈병원개화,개화중앙보훈병원,중앙보훈병원개화,개화중앙보훈병원
6:50,6:39,6:50,6:39
중앙보훈병원개화,개화중앙보훈병원,중앙보훈병원개화,개화중앙보훈병원
,6:48,,6:51
,개화중앙보훈병원,,개화중앙보훈병원
,6:56,7:02,7:03
,개화중앙보훈병원,중앙보훈병원개화,개화중앙보훈병원
7:03,7:03,7:14,7:15
중앙보훈병원개화,개화중앙보훈병원,중앙보훈병원개화,개화중앙보훈병원
7:16,7:10,7:26,7:27
중앙보훈병원개화,개화중앙보훈병원,중앙보훈병원개화,개화중앙보훈병원
7:29,7:17,7:38,7:39
중앙보훈병원개화,개화중앙보훈병원,중앙보훈병원개화,개화중앙보훈병원
7:42,7:24,7:50,7:51
중앙보훈병원개화,개화중앙보훈병원,중앙보훈병원개화,개화중앙보훈병원
7:50,7:31,8:02,8:03
중앙보훈병원개화,개화중앙보훈병원,중앙보훈병원개화,개화중앙보훈병원
,7:37,8:14,8:15
,개화중앙보훈병원,중앙보훈병원개화,개화중앙보훈병원
,7:44,8:26,8:27
,개화중앙보훈병원,중앙보훈병원개화,개화중앙보훈병원
,7:51,8:38,8:39
,개화중앙보훈병원,중앙보훈병원개화,개화중앙보훈병원
,7:58,8:50,8:51
,개화중앙보훈병원,중앙보훈병원개화,개화중앙보훈병원
8:02,8:05,9:02,9:03
중앙보훈병원개화,개화중앙보훈병원,중앙보훈병원개화,개화중앙보훈병원
8:14,8:12,9:14,9:15
중앙보훈병원개화,개화중앙보훈병원,중앙보훈병원개화,개화중앙보훈병원
8:22,8:18,9:26,9:27
중앙보훈병원개화,개화중앙보훈병원,중앙보훈병원개화,개화중앙보훈병원
8:31,8:25,9:38,9:38
중앙보훈병원개화,개화중앙보훈병원,중앙보훈병원개화,개화중앙보훈병원
8:40,8:32,9:50,9:49
중앙보훈병원개화,개화중앙보훈병원,중앙보훈병원개화,개화중앙보훈병원
8:48,8:39,10:02,10:00
중앙보훈병원개화,개화중앙보훈병원,중앙보훈병원개화,개화중앙보훈병원
8:56,8:46,10:14,10:11
중앙보훈병원개화,개화중앙보훈병원,중앙보훈병원개화,개화중앙보훈병원
,8:53,10:26,10:22
,개화중앙보훈병원,중앙보훈병원개화,개화중앙보훈병원
9:04,9:00,10:38,10:33
중앙보훈병원개화,개화중앙보훈병원,중앙보훈병원개화,개화중앙보훈병원
9:11,9:08,10:49,10:44
중앙보훈병원개화,개화중앙보훈병원,중앙보훈병원개화,개화중앙보훈병원
9:18,9:19,,10:55
중앙보훈병원개화,개화중앙보훈병원,,개화중앙보훈병원
9:25,9:30,11:00,11:06
중앙보훈병원개화,개화중앙보훈병원,중앙보훈병원개화,개화중앙보훈병원
9:31,9:41,11:11,11:17
중앙보훈병원개화,개화중앙보훈병원,중앙보훈병원개화,개화중앙보훈병원
9:38,9:52,11:22,11:28
중앙보훈병원개화,개화중앙보훈병원,중앙보훈병원개화,개화중앙보훈병원
9:45,,11:33,11:39
중앙보훈병원개화,,중앙보훈병원개화,개화중앙보훈병원
9:52,,11:44,11:50
중앙보훈병원개화,,중앙보훈병원개화,개화중앙보훈병원
9:59,,11:55,
중앙보훈병원개화,,중앙보훈병원개화,
10:06,10:03,12:06,12:01
중앙보훈병원개화,개화중앙보훈병원,중앙보훈병원개화,개화중앙보훈병원
10:12,10:14,12:17,12:12
중앙보훈병원개화,개화중앙보훈병원,중앙보훈병원개화,개화중앙보훈병원
10:19,10:25,12:28,12:23
중앙보훈병원개화,개화중앙보훈병원,중앙보훈병원개화,개화중앙보훈병원
10:26,10:36,12:39,12:34
중앙보훈병원개화,개화중앙보훈병원,중앙보훈병원개화,개화중앙보훈병원
10:33,10:47,12:50,12:45
중앙보훈병원개화,개화중앙보훈병원,중앙보훈병원개화,개화중앙보훈병원
10:40,10:58,,12:56
중앙보훈병원개화,개화중앙보훈병원,,개화중앙보훈병원
10:46,,13:01,13:07
중앙보훈병원개화,,중앙보훈병원개화,개화중앙보훈병원
10:54,,13:12,13:18
중앙보훈병원개화,,중앙보훈병원개화,개화중앙보훈병원
11:02,11:09,13:23,13:29
중앙보훈병원개화,개화중앙보훈병원,중앙보훈병원개화,개화중앙보훈병원
11:07,11:20,13:34,13:40
중앙보훈병원개화,개화중앙보훈병원,중앙보훈병원개화,개화중앙보훈병원
11:15,11:31,13:45,13:51
중앙보훈병원개화,개화중앙보훈병원,중앙보훈병원개화,개화중앙보훈병원
11:27,11:43,13:56,
중앙보훈병원개화,개화중앙보훈병원,중앙보훈병원개화,
11:38,11:55,14:07,14:02
중앙보훈병원개화,개화중앙보훈병원,중앙보훈병원개화,개화중앙보훈병원
11:49,,14:18,14:13
중앙보훈병원개화,,중앙보훈병원개화,개화중앙보훈병원
12:00,12:06,14:29,14:24
중앙보훈병원개화,개화중앙보훈병원,중앙보훈병원개화,개화중앙보훈병원
12:11,12:17,14:40,14:35
중앙보훈병원개화,개화중앙보훈병원,중앙보훈병원개화,개화중앙보훈병원
12:22,12:28,14:51,14:46
중앙보훈병원개화,개화중앙보훈병원,중앙보훈병원개화,개화중앙보훈병원
12:33,12:39,,14:57
중앙보훈병원개화,개화중앙보훈병원,,개화중앙보훈병원
12:44,12:50,15:02,15:08
중앙보훈병원개화,개화중앙보훈병원,중앙보훈병원개화,개화중앙보훈병원
12:55,,15:13,15:19
중앙보훈병원개화,,중앙보훈병원개화,개화중앙보훈병원
13:06,13:01,15:24,15:30
중앙보훈병원개화,개화중앙보훈병원,중앙보훈병원개화,개화중앙보훈병원
13:17,13:12,15:35,15:41
중앙보훈병원개화,개화중앙보훈병원,중앙보훈병원개화,개화중앙보훈병원
13:29,13:23,15:46,15:52
중앙보훈병원개화,개화중앙보훈병원,중앙보훈병원개화,개화중앙보훈병원
13:41,13:34,15:57,
중앙보훈병원개화,개화중앙보훈병원,중앙보훈병원개화,
13:52,13:45,16:08,16:03
중앙보훈병원개화,개화중앙보훈병원,중앙보훈병원개화,개화중앙보훈병원
,13:56,16:19,16:14
,개화중앙보훈병원,중앙보훈병원개화,개화중앙보훈병원
14:03,14:07,16:30,16:25
중앙보훈병원개화,개화중앙보훈병원,중앙보훈병원개화,개화중앙보훈병원
14:14,14:18,16:41,16:36
중앙보훈병원개화,개화중앙보훈병원,중앙보훈병원개화,개화중앙보훈병원
14:25,14:30,16:52,16:47
중앙보훈병원개화,개화중앙보훈병원,중앙보훈병원개화,개화중앙보훈병원
14:36,14:42,,16:58
중앙보훈병원개화,개화중앙보훈병원,,개화중앙보훈병원
14:47,14:53,17:03,17:09
중앙보훈병원개화,개화중앙보훈병원,중앙보훈병원개화,개화중앙보훈병원
14:58,,17:14,17:20
중앙보훈병원개화,,중앙보훈병원개화,개화중앙보훈병원
15:09,15:04,17:25,17:31
중앙보훈병원개화,개화중앙보훈병원,중앙보훈병원개화,개화중앙보훈병원
15:20,15:15,17:36,17:42
중앙보훈병원개화,개화중앙보훈병원,중앙보훈병원개화,개화중앙보훈병원
15:31,15:26,17:47,17:53
중앙보훈병원개화,개화중앙보훈병원,중앙보훈병원개화,개화중앙보훈병원
15:42,15:37,17:58,
중앙보훈병원개화,개화중앙보훈병원,중앙보훈병원개화,
15:53,15:48,18:09,18:04
중앙보훈병원개화,개화중앙보훈병원,중앙보훈병원개화,개화중앙보훈병원
,15:59,18:20,18:15
,개화중앙보훈병원,중앙보훈병원개화,개화중앙보훈병원
16:04,16:10,18:31,18:26
중앙보훈병원개화,개화중앙보훈병원,중앙보훈병원개화,개화중앙보훈병원
16:16,16:18,18:42,18:37
중앙보훈병원개화,개화중앙보훈병원,중앙보훈병원개화,개화중앙보훈병원
16:28,16:21,18:53,18:48
중앙보훈병원개화,개화중앙보훈병원,중앙보훈병원개화,개화중앙보훈병원
16:39,16:32,,18:59
중앙보훈병원개화,개화중앙보훈병원,,개화중앙보훈병원
16:50,16:43,19:04,19:10
중앙보훈병원개화,개화중앙보훈병원,중앙보훈병원개화,개화중앙보훈병원
,16:51,19:15,19:21
,개화중앙보훈병원,중앙보훈병원개화,개화중앙보훈병원
,16:56,19:26,19:32
,개화중앙보훈병원,중앙보훈병원개화,개화중앙보훈병원
17:01,17:05,19:37,19:43
중앙보훈병원개화,개화중앙보훈병원,중앙보훈병원개화,개화중앙보훈병원
17:12,17:12,19:48,19:54
중앙보훈병원개화,개화중앙보훈병원,중앙보훈병원개화,개화중앙보훈병원
17:23,17:20,19:59,
중앙보훈병원개화,개화중앙보훈병원,중앙보훈병원개화,
17:34,17:27,20:10,20:05
중앙보훈병원개화,개화중앙보훈병원,중앙보훈병원개화,개화중앙보훈병원
17:45,17:34,20:21,20:16
중앙보훈병원개화,개화중앙보훈병원,중앙보훈병원개화,개화중앙보훈병원
17:56,17:41,20:32,20:28
중앙보훈병원개화,개화중앙보훈병원,중앙보훈병원개화,개화중앙보훈병원
,17:48,20:43,20:40
,개화중앙보훈병원,중앙보훈병원개화,개화중앙보훈병원
,17:55,20:54,20:52
,개화중앙보훈병원,중앙보훈병원개화,개화중앙보훈병원
18:07,18:03,21:05,21:04
중앙보훈병원개화,개화중앙보훈병원,중앙보훈병원개화,개화중앙보훈병원
18:18,18:10,21:16,21:16
중앙보훈병원개화,개화중앙보훈병원,중앙보훈병원개화,개화중앙보훈병원
18:25,18:17,21:27,21:28
중앙보훈병원개화,개화중앙보훈병원,중앙보훈병원개화,개화중앙보훈병원
18:34,18:24,21:38,21:40
중앙보훈병원개화,개화중앙보훈병원,중앙보훈병원개화,개화중앙보훈병원
18:42,18:31,21:49,21:52
중앙보훈병원개화,개화중앙보훈병원,중앙보훈병원개화,개화중앙보훈병원
18:50,18:38,22:00,22:04
중앙보훈병원개화,개화중앙보훈병원,중앙보훈병원개화,개화중앙보훈병원
18:58,18:46,22:12,22:16
중앙보훈병원개화,개화중앙보훈병원,중앙보훈병원개화,개화중앙보훈병원
,18:53,22:24,22:29
,개화중앙보훈병원,중앙보훈병원개화,개화중앙보훈병원
19:06,19:00,22:36,22:42
중앙보훈병원개화,개화중앙보훈병원,중앙보훈병원개화,개화중앙보훈병원
19:13,19:07,22:48,22:55
중앙보훈병원개화,개화중앙보훈병원,중앙보훈병원개화,개화중앙보훈병원
19:20,19:14,23:00,23:05
중앙보훈병원개화,개화중앙보훈병원,중앙보훈병원개화,개화중앙보훈병원
19:28,19:22,23:13,23:18막
중앙보훈병원개화,개화중앙보훈병원,중앙보훈병원개화,개화중앙보훈병원
19:35,19:30,23:26,23:31막
중앙보훈병원개화,개화중앙보훈병원,중앙보훈병원개화,개화신논현
19:42,19:40,23:39막,23:44막
중앙보훈병원개화,개화중앙보훈병원,중앙보훈병원개화,개화동작
19:49,19:48,23:51막,
중앙보훈병원개화,개화중앙보훈병원,중앙보훈병원염창,
19:56,19:59,,
중앙보훈병원개화,개화중앙보훈병원,,
20:03,20:10,,
중앙보훈병원개화,개화중앙보훈병원,,
20:11,20:21,,
중앙보훈병원개화,개화중앙보훈병원,,
20:18,20:32,,
중앙보훈병원개화,개화중앙보훈병원,,
20:25,20:43,,
중앙보훈병원개화,개화중앙보훈병원,,
20:32,20:54,,
중앙보훈병원개화,개화중앙보훈병원,,
20:39,,,
중앙보훈병원개화,,,
20:46,,,
중앙보훈병원개화,,,
20:54,,,
중앙보훈병원개화,,,
21:01,21:05,,
중앙보훈병원개화,개화중앙보훈병원,,
21:06,21:16,,
중앙보훈병원개화,개화중앙보훈병원,,
21:16,21:27,,
중앙보훈병원개화,개화중앙보훈병원,,
21:24,21:38,,
중앙보훈병원개화,개화중앙보훈병원,,
21:31,21:49,,
중앙보훈병원개화,개화중앙보훈병원,,
21:35,,,
중앙보훈병원개화,,,
21:46,,,
중앙보훈병원개화,,,
21:57,,,
중앙보훈병원개화,,,
22:08,22:00,,
중앙보훈병원개화,개화중앙보훈병원,,
22:19,22:11,,
중앙보훈병원개화,개화중앙보훈병원,,
22:30,22:22,,
중앙보훈병원개화,개화중앙보훈병원,,
22:41,22:33,,
중앙보훈병원개화,개화중앙보훈병원,,
22:52,22:44,,
중앙보훈병원개화,개화중앙보훈병원,,
,22:55,,
,개화중앙보훈병원,,
23:02,23:06,,
중앙보훈병원개화,개화중앙보훈병원,,
23:13,23:17,,
중앙보훈병원개화,개화중앙보훈병원,,
23:24,23:28,,
중앙보훈병원개화,개화중앙보훈병원,,
23:35,23:39,,
중앙보훈병원개화,개화중앙보훈병원,,
23:46,23:50,,
중앙보훈병원개화,개화중앙보훈병원,,
23:57,23:59,,
중앙보훈병원개화,개화중앙보훈병원,,
0:08,00:10막,,
중앙보훈병원개화,개화중앙보훈병원,,
0:19,00:22막,,
중앙보훈병원개화,개화삼전,,
00:30막,00:34막,,
중앙보훈병원개화,개화신논현,,
00:40막,00:47막,,
중앙보훈병원마곡나루,개화동작,,
00:52막,,,
중앙보훈병원염창,,,
