﻿신도림방면,양천구청방면,신도림방면,양천구청방면
평일,평일,주말,주말
05:39첫,05:32첫,05:39첫,05:32첫
까치산신도림,신도림까치산,까치산신도림,신도림까치산
5:55,5:48,5:55,5:48
까치산신도림,신도림까치산,까치산신도림,신도림까치산
6:09,6:02,6:09,6:01
까치산신도림,신도림까치산,까치산신도림,신도림까치산
6:23,6:17,6:22,6:17
까치산신도림,신도림까치산,까치산신도림,신도림까치산
6:40,6:32,6:40,6:32
까치산신도림,신도림까치산,까치산신도림,신도림까치산
6:57,6:47,6:57,6:47
까치산신도림,신도림까치산,까치산신도림,신도림까치산
-,6:56,-,6:56
-,신도림까치산,-,신도림까치산
7:08,7:06,7:08,7:06
까치산신도림,신도림까치산,까치산신도림,신도림까치산
7:18,7:15,7:18,7:15
까치산신도림,신도림까치산,까치산신도림,신도림까치산
7:27,7:25,7:27,7:25
까치산신도림,신도림까치산,까치산신도림,신도림까치산
7:37,7:34,7:37,7:34
까치산신도림,신도림까치산,까치산신도림,신도림까치산
7:47,7:44,7:47,7:44
까치산신도림,신도림까치산,까치산신도림,신도림까치산
7:56,7:55,7:56,7:55
까치산신도림,신도림까치산,까치산신도림,신도림까치산
8:07,8:04,8:07,8:04
까치산신도림,신도림까치산,까치산신도림,신도림까치산
8:16,8:14,8:16,8:14
까치산신도림,신도림까치산,까치산신도림,신도림까치산
8:25,8:23,8:25,8:23
까치산신도림,신도림까치산,까치산신도림,신도림까치산
8:35,8:33,8:35,8:33
까치산신도림,신도림까치산,까치산신도림,신도림까치산
8:45,8:43,8:45,8:43
까치산신도림,신도림까치산,까치산신도림,신도림까치산
8:54,8:52,8:54,8:52
까치산신도림,신도림까치산,까치산신도림,신도림까치산
9:04,9:02,9:04,9:02
까치산신도림,신도림까치산,까치산신도림,신도림까치산
9:14,9:12,9:14,9:12
까치산신도림,신도림까치산,까치산신도림,신도림까치산
9:23,9:21,9:23,9:21
까치산신도림,신도림까치산,까치산신도림,신도림까치산
9:33,9:31,9:33,9:31
까치산신도림,신도림까치산,까치산신도림,신도림까치산
9:43,9:41,9:43,9:41
까치산신도림,신도림까치산,까치산신도림,신도림까치산
9:53,9:51,9:53,9:51
까치산신도림,신도림까치산,까치산신도림,신도림까치산
10:04,10:00,10:04,10:00
까치산신도림,신도림까치산,까치산신도림,신도림까치산
10:15,10:12,10:13,10:12
까치산신도림,신도림까치산,까치산신도림,신도림까치산
10:23,10:23,10:23,10:22
까치산신도림,신도림까치산,까치산신도림,신도림까치산
10:33,10:32,10:33,10:32
까치산신도림,신도림까치산,까치산신도림,신도림까치산
10:44,10:41,10:44,10:41
까치산신도림,신도림까치산,까치산신도림,신도림까치산
10:54,10:52,10:54,10:52
까치산신도림,신도림까치산,까치산신도림,신도림까치산
11:04,11:02,11:04,11:02
까치산신도림,신도림까치산,까치산신도림,신도림까치산
11:13,11:12,11:13,11:12
까치산신도림,신도림까치산,까치산신도림,신도림까치산
11:23,11:22,11:23,11:21
까치산신도림,신도림까치산,까치산신도림,신도림까치산
11:33,11:31,11:33,11:31
까치산신도림,신도림까치산,까치산신도림,신도림까치산
11:44,11:41,11:44,11:41
까치산신도림,신도림까치산,까치산신도림,신도림까치산
11:54,11:52,11:54,11:52
까치산신도림,신도림까치산,까치산신도림,신도림까치산
12:04,12:02,12:04,12:02
까치산신도림,신도림까치산,까치산신도림,신도림까치산
12:14,12:12,12:14,12:12
까치산신도림,신도림까치산,까치산신도림,신도림까치산
12:24,12:22,12:24,12:22
까치산신도림,신도림까치산,까치산신도림,신도림까치산
12:34,12:32,12:34,12:32
까치산신도림,신도림까치산,까치산신도림,신도림까치산
12:44,12:42,12:44,12:42
까치산신도림,신도림까치산,까치산신도림,신도림까치산
12:54,12:52,12:54,12:52
까치산신도림,신도림까치산,까치산신도림,신도림까치산
13:04,13:02,13:04,13:02
까치산신도림,신도림까치산,까치산신도림,신도림까치산
13:14,13:12,13:14,13:12
까치산신도림,신도림까치산,까치산신도림,신도림까치산
13:24,13:22,13:24,13:22
까치산신도림,신도림까치산,까치산신도림,신도림까치산
13:34,13:32,13:34,13:32
까치산신도림,신도림까치산,까치산신도림,신도림까치산
13:44,13:42,13:44,13:42
까치산신도림,신도림까치산,까치산신도림,신도림까치산
13:54,13:52,13:54,13:52
까치산신도림,신도림까치산,까치산신도림,신도림까치산
14:04,14:02,14:04,14:02
까치산신도림,신도림까치산,까치산신도림,신도림까치산
14:14,14:12,14:14,14:12
까치산신도림,신도림까치산,까치산신도림,신도림까치산
14:24,14:22,14:24,14:22
까치산신도림,신도림까치산,까치산신도림,신도림까치산
14:34,14:32,14:34,14:32
까치산신도림,신도림까치산,까치산신도림,신도림까치산
14:44,14:42,14:44,14:42
까치산신도림,신도림까치산,까치산신도림,신도림까치산
14:54,14:52,14:54,14:52
까치산신도림,신도림까치산,까치산신도림,신도림까치산
15:04,15:02,15:04,15:02
까치산신도림,신도림까치산,까치산신도림,신도림까치산
15:14,15:12,15:14,15:12
까치산신도림,신도림까치산,까치산신도림,신도림까치산
15:24,15:22,15:24,15:22
까치산신도림,신도림까치산,까치산신도림,신도림까치산
15:34,15:32,15:34,15:32
까치산신도림,신도림까치산,까치산신도림,신도림까치산
15:44,15:42,15:44,15:42
까치산신도림,신도림까치산,까치산신도림,신도림까치산
15:54,15:52,15:54,15:52
까치산신도림,신도림까치산,까치산신도림,신도림까치산
16:04,16:02,16:04,16:02
까치산신도림,신도림까치산,까치산신도림,신도림까치산
16:14,16:12,16:14,16:12
까치산신도림,신도림까치산,까치산신도림,신도림까치산
16:24,16:22,16:24,16:22
까치산신도림,신도림까치산,까치산신도림,신도림까치산
16:33,16:32,16:33,16:32
까치산신도림,신도림까치산,까치산신도림,신도림까치산
16:43,16:41,16:43,16:41
까치산신도림,신도림까치산,까치산신도림,신도림까치산
16:53,16:51,16:53,16:51
까치산신도림,신도림까치산,까치산신도림,신도림까치산
17:03,17:01,17:03,17:01
까치산신도림,신도림까치산,까치산신도림,신도림까치산
17:13,17:11,17:13,17:11
까치산신도림,신도림까치산,까치산신도림,신도림까치산
17:23,17:21,17:23,17:21
까치산신도림,신도림까치산,까치산신도림,신도림까치산
17:33,17:31,17:33,17:30
까치산신도림,신도림까치산,까치산신도림,신도림까치산
17:44,17:41,17:44,17:41
까치산신도림,신도림까치산,까치산신도림,신도림까치산
17:53,17:51,17:53,17:51
까치산신도림,신도림까치산,까치산신도림,신도림까치산
18:04,18:01,18:04,18:01
까치산신도림,신도림까치산,까치산신도림,신도림까치산
18:13,18:11,18:13,18:11
까치산신도림,신도림까치산,까치산신도림,신도림까치산
18:23,18:21,18:23,18:21
까치산신도림,신도림까치산,까치산신도림,신도림까치산
18:34,18:31,18:34,18:31
까치산신도림,신도림까치산,까치산신도림,신도림까치산
18:43,18:41,18:43,18:41
까치산신도림,신도림까치산,까치산신도림,신도림까치산
18:53,18:51,18:53,18:51
까치산신도림,신도림까치산,까치산신도림,신도림까치산
19:03,19:01,19:03,19:01
까치산신도림,신도림까치산,까치산신도림,신도림까치산
19:13,19:11,19:13,19:11
까치산신도림,신도림까치산,까치산신도림,신도림까치산
19:23,19:21,19:23,19:21
까치산신도림,신도림까치산,까치산신도림,신도림까치산
19:33,19:31,19:33,19:31
까치산신도림,신도림까치산,까치산신도림,신도림까치산
19:44,19:41,19:44,19:41
까치산신도림,신도림까치산,까치산신도림,신도림까치산
19:53,19:51,19:53,19:51
까치산신도림,신도림까치산,까치산신도림,신도림까치산
20:03,20:02,20:04,20:02
까치산신도림,신도림까치산,까치산신도림,신도림까치산
20:13,20:11,20:15,20:13
까치산신도림,신도림까치산,까치산신도림,신도림까치산
20:25,20:21,20:26,20:22
까치산신도림,신도림까치산,까치산신도림,신도림까치산
20:33,20:32,20:35,20:34
까치산신도림,신도림까치산,까치산신도림,신도림까치산
20:45,20:40,20:44,20:42
까치산신도림,신도림까치산,까치산신도림,신도림까치산
20:55,20:52,20:55,20:51
까치산신도림,신도림까치산,까치산신도림,신도림까치산
21:05,21:02,21:05,21:02
까치산신도림,신도림까치산,까치산신도림,신도림까치산
21:14,21:12,21:14,21:12
까치산신도림,신도림까치산,까치산신도림,신도림까치산
21:23,21:22,21:23,21:22
까치산신도림,신도림까치산,까치산신도림,신도림까치산
21:35,21:34,21:35,21:34
까치산신도림,신도림까치산,까치산신도림,신도림까치산
21:45,21:46,21:45,21:46
까치산신도림,신도림까치산,까치산신도림,신도림까치산
21:56,21:56,21:56,21:56
까치산신도림,신도림까치산,까치산신도림,신도림까치산
22:08,22:07,22:08,22:07
까치산신도림,신도림까치산,까치산신도림,신도림까치산
22:18,22:17,22:18,22:17
까치산신도림,신도림까치산,까치산신도림,신도림까치산
22:29,22:28,22:29,22:32
까치산신도림,신도림까치산,까치산신도림,신도림까치산
22:41,22:44,22:40,22:48
까치산신도림,신도림까치산,까치산신도림,신도림까치산
22:51,22:58,22:55,-
까치산신도림,신도림까치산,까치산신도림,-
23:05,23:13,23:11,23:04
까치산신도림,신도림까치산,까치산신도림,신도림까치산
23:20,23:27,23:26,23:19
까치산신도림,신도림까치산,까치산신도림,신도림까치산
23:34,23:44,23:42,23:34
까치산신도림,신도림까치산,까치산신도림,신도림까치산
23:51,23:58,23:56막,23:49막
까치산신도림,신도림까치산,까치산신도림,신도림까치산
0:05,0:12,-,-
까치산신도림,신도림까치산,-,-
0:19,0:26,-,-
까치산신도림,신도림까치산,-,-
0:33,0:40,-,-
까치산신도림,신도림까치산,-,-
0:46,00:53막,-,-
까치산신도림,신도림까치산,-,-
01:02막,-,-,-
까치산신도림,-,-,-
