﻿한양대방면,성수방면,한양대방면,성수방면
평일,평일,주말,주말
05:31첫,05:44첫,05:31첫,05:45첫
성수성수(외선),을지로입구성수(내선),성수성수(외선),을지로입구성수(내선)
5:40,5:56,5:41,5:55
성수성수(외선),홍대입구성수(내선),성수성수(외선),홍대입구성수(내선)
5:50,-,5:48,-
성수성수(외선),-,성수성수(외선),-
5:59,-,5:55,-
성수성수(외선),-,성수성수(외선),-
6:09,6:07,6:01,6:07
성수성수(외선),신도림성수(내선),성수성수(외선),신도림성수(내선)
6:18,6:14,6:08,6:13
성수성수(외선),신도림성수(내선),성수성수(외선),신도림성수(내선)
6:23,6:21,6:14,6:19
성수성수(외선),서울대입구성수(내선),성수성수(외선),서울대입구성수(내선)
6:28,6:27,6:20,6:25
성수성수(외선),신도림성수(내선),성수성수(외선),신도림성수(내선)
6:34,6:34,6:27,6:31
성수성수(외선),신도림성수(내선),성수성수(외선),신도림성수(내선)
6:37,6:41,6:33,6:37
성수성수(외선),삼성성수(내선),성수성수(외선),삼성성수(내선)
6:40,6:47,6:38,6:45
성수성수(외선),신도림성수(내선),성수성수(외선),신도림성수(내선)
6:45,6:54,6:44,6:51
성수성수(외선),신도림성수(내선),성수성수(외선),신도림성수(내선)
6:48,6:58,6:50,6:57
성수성수(외선),성수성수(내선),성수성수(외선),성수성수(내선)
6:53,-,6:56,-
성수성수(외선),-,성수성수(외선),-
7:00,7:04,7:02,7:01
성수성수(외선),신도림성수(내선),성수성수(외선),신도림성수(내선)
7:05,7:09,7:08,7:06
성수성수(외선),성수성수(내선),성수성수(외선),성수성수(내선)
7:11,7:16,7:14,7:12
성수성수(외선),성수성수(내선),성수성수(외선),성수성수(내선)
7:16,7:23,7:20,7:18
성수성수(외선),성수성수(내선),성수성수(외선),신도림성수(내선)
7:21,7:27,7:26,7:23
성수성수(외선),성수성수(내선),성수성수(외선),성수성수(내선)
7:26,7:30,7:32,7:29
성수성수(외선),신도림성수(내선),성수성수(외선),성수성수(내선)
7:31,7:33,7:38,7:34
성수성수,성수성수(내선),성수성수,성수성수(내선)
7:37,7:39,7:44,7:39
성수성수(외선),성수성수(내선),성수성수(외선),성수성수(내선)
7:41,7:42,7:50,7:45
성수성수(외선),신도림성수(내선),성수성수(외선),성수성수(내선)
7:44,7:46,7:56,7:51
성수성수(외선),성수성수(내선),성수성수(외선),성수성수(내선)
7:46,7:52,-,7:56
성수성수(외선),성수성수(내선),-,성수성수(내선)
7:50,7:56,8:02,8:02
성수성수(외선),성수성수(내선),성수성수,성수성수(내선)
7:53,7:59,8:08,8:07
성수성수(외선),성수성수(내선),성수성수(외선),성수성수(내선)
7:56,-,8:13,8:13
성수성수(외선),-,성수성수(외선),성수성수(내선)
8:00,8:02,8:19,8:19
성수성수(외선),신도림성수(내선),성수성수(외선),성수성수(내선)
8:03,8:06,8:25,8:24
성수성수(외선),성수성수(내선),성수성수(외선),성수성수(내선)
8:06,8:10,8:31,8:29
성수성수,성수성수(내선),성수성수,성수성수(내선)
8:09,8:13,8:36,8:35
성수성수(외선),성수성수(내선),성수성수(외선),성수성수(내선)
8:12,8:16,8:41,8:40
성수성수(외선),신도림성수(내선),성수성수(외선),성수성수(내선)
8:15,8:20,8:46,8:46
성수성수(외선),성수성수(내선),성수성수(외선),성수성수(내선)
8:18,8:24,8:52,8:50
성수성수,성수성수(내선),성수성수(외선),성수성수(내선)
8:21,8:27,8:57,8:57
성수성수(외선),성수성수(내선),성수성수(외선),성수성수(내선)
8:24,8:31,9:03,9:02
성수신도림,성수성수(내선),성수성수(외선),성수성수(내선)
8:26,8:34,9:08,9:08
성수성수(외선),성수성수(내선),성수성수(외선),성수성수(내선)
8:30,8:38,9:14,9:13
성수성수,성수성수(내선),성수성수(외선),성수성수(내선)
8:33,8:42,9:20,9:19
성수성수(외선),성수성수(내선),성수신도림,성수성수(내선)
8:37,8:46,9:26,9:24
성수신도림,성수성수(내선),성수성수(외선),성수성수(내선)
8:39,8:49,9:32,9:30
성수성수(외선),성수성수(내선),성수성수(외선),성수성수(내선)
8:42,8:53,9:38,9:35
성수성수(외선),성수성수(내선),성수성수(외선),성수성수(내선)
8:44,8:56,9:44,9:41
성수성수,성수성수(내선),성수성수(외선),성수성수(내선)
8:47,-,9:49,9:46
성수성수(외선),-,성수성수(외선),성수성수(내선)
8:49,-,9:55,9:52
성수성수(외선),-,성수성수(외선),성수성수(내선)
8:52,-,-,9:57
성수성수(외선),-,-,성수성수(내선)
8:54,-,10:00,10:03
성수성수,-,성수성수(외선),성수성수(내선)
8:57,-,10:05,10:08
성수성수(외선),-,성수성수(외선),성수성수(내선)
8:59,-,10:11,10:13
성수성수(외선),-,성수성수(외선),성수성수(내선)
9:02,9:00,10:16,10:17
성수성수(외선),성수성수(내선),성수성수(외선),성수성수
9:06,9:03,10:22,10:19
성수성수(외선),성수성수(내선),성수성수(외선),신도림성수(내선)
9:09,9:06,10:27,10:24
성수성수(외선),성수성수(내선),성수성수(외선),성수성수(내선)
9:12,9:09,10:33,10:30
성수신도림,성수성수(내선),성수성수(외선),성수성수(내선)
9:14,9:13,10:38,10:35
성수성수,성수성수(내선),성수성수(외선),성수성수(내선)
9:17,9:16,10:43,10:40
성수성수(외선),성수성수(내선),성수성수(외선),성수성수(내선)
9:19,9:19,10:50,10:46
성수신도림,성수성수(내선),성수성수(외선),성수성수(내선)
9:22,9:22,10:54,10:51
성수성수(외선),성수성수(내선),성수성수(외선),성수성수(내선)
9:25,9:24,-,10:56
성수성수,성수성수(내선),-,성수성수(내선)
9:28,9:28,-,10:59
성수신도림,성수성수(내선),-,성수성수
9:31,9:31,11:00,11:04
성수성수(외선),성수성수,성수성수(외선),성수성수(내선)
9:35,9:34,11:05,11:09
성수성수(외선),성수성수(내선),성수성수(외선),성수성수(내선)
9:40,9:38,11:11,11:15
성수성수(외선),성수성수(내선),성수성수(외선),성수성수(내선)
9:43,9:42,11:16,11:20
성수신도림,성수성수(내선),성수성수(외선),성수성수(내선)
9:46,9:45,11:21,11:26
성수성수(외선),성수성수,성수성수(외선),성수성수(내선)
9:52,9:48,11:26,11:30
성수성수(외선),성수성수(내선),성수성수(외선),신도림성수(내선)
9:57,9:52,11:31,11:34
성수성수(외선),성수성수(내선),성수성수(외선),성수성수(내선)
-,9:55,11:36,11:38
-,성수성수(내선),성수성수(외선),성수성수
-,9:58,11:41,11:43
-,성수성수(내선),성수성수(외선),성수성수(내선)
10:04,10:02,11:46,11:49
성수성수(외선),성수성수,성수성수(외선),성수성수(내선)
10:10,10:05,11:51,11:54
성수성수(외선),성수성수(내선),성수성수(외선),성수성수(내선)
10:13,10:09,11:56,11:59
성수성수(외선),성수성수(내선),성수성수(외선),성수성수(내선)
10:17,10:13,12:01,12:03
성수성수(외선),성수성수(내선),성수성수(외선),성수성수(내선)
10:19,10:17,12:06,12:08
성수신도림,성수성수(내선),성수성수(외선),성수성수(내선)
10:22,10:20,12:11,12:12
성수성수(외선),성수성수,성수성수(외선),성수성수(내선)
10:27,10:23,12:17,12:17
성수성수(외선),성수성수(내선),성수성수(외선),성수성수(내선)
10:29,10:27,12:24,12:21
성수신도림,성수성수(내선),성수성수(외선),성수성수(내선)
10:32,10:30,12:31,12:27
성수성수(외선),성수성수,성수성수(외선),성수성수(내선)
10:37,10:33,12:36,12:35
성수성수(외선),성수성수(내선),성수성수(외선),성수성수(내선)
10:41,10:36,12:41,12:41
성수성수(외선),성수성수(내선),성수성수(외선),성수성수(내선)
10:47,10:39,12:46,12:46
성수성수(외선),성수성수(내선),성수성수(외선),성수성수(내선)
10:52,10:46,12:51,12:51
성수성수(외선),성수성수(내선),성수성수(외선),성수성수(내선)
-,10:49,12:56,12:56
-,성수성수(내선),성수성수(외선),성수성수(내선)
-,10:52,13:01,13:01
-,성수성수(내선),성수성수(외선),성수성수(내선)
-,10:58,13:06,13:06
-,성수성수(내선),성수성수(외선),성수성수(내선)
11:00,11:04,13:11,13:13
성수성수(외선),성수성수(내선),성수성수(외선),성수성수(내선)
11:05,11:11,13:16,13:19
성수성수(외선),성수성수(내선),성수성수(외선),성수성수(내선)
11:10,11:18,13:21,13:24
성수성수(외선),성수성수(내선),성수성수(외선),성수성수(내선)
11:16,11:24,13:26,13:29
성수성수(외선),성수성수(내선),성수성수(외선),성수성수(내선)
11:22,11:29,13:31,13:33
성수성수(외선),성수성수(내선),성수성수(외선),성수성수(내선)
11:27,11:34,13:36,13:38
성수성수(외선),성수성수(내선),성수성수(외선),성수성수(내선)
11:33,11:39,13:41,13:42
성수성수(외선),성수성수(내선),성수성수(외선),성수성수(내선)
11:40,11:44,13:47,13:47
성수성수(외선),성수성수(내선),성수성수(외선),성수성수(내선)
11:44,11:54,13:54,13:51
성수성수(외선),성수성수(내선),성수성수(외선),성수성수(내선)
11:48,11:59,-,13:58
성수성수(외선),성수성수(내선),-,성수성수(내선)
11:53,-,14:01,14:05
성수성수(외선),-,성수성수(외선),성수성수(내선)
11:58,-,14:06,14:11
성수성수(외선),-,성수성수(외선),성수성수(내선)
12:03,12:04,14:11,14:16
성수성수(외선),성수성수(내선),성수성수(외선),성수성수(내선)
12:08,12:10,14:16,14:21
성수성수(외선),성수성수(내선),성수성수(외선),성수성수(내선)
12:13,12:16,14:21,14:26
성수성수(외선),성수성수(내선),성수성수(외선),성수성수(내선)
12:18,12:22,14:26,14:31
성수성수(외선),성수성수(내선),성수성수(외선),성수성수(내선)
12:23,12:28,14:31,14:36
성수성수(외선),성수성수(내선),성수신도림,성수성수(내선)
12:29,12:34,14:36,14:44
성수성수(외선),성수성수(내선),성수성수(외선),성수성수(내선)
12:35,12:40,14:41,14:50
성수성수(외선),성수성수(내선),성수성수(외선),성수성수(내선)
12:40,12:46,14:46,14:55
성수성수(외선),성수성수(내선),성수성수(외선),성수성수(내선)
12:46,12:52,14:51,-
성수성수(외선),성수성수(내선),성수성수(외선),-
12:52,12:58,14:56,-
성수성수(외선),성수성수(내선),성수성수(외선),-
12:58,-,15:01,15:00
성수성수(외선),-,성수성수(외선),성수성수(내선)
13:03,13:03,15:06,15:04
성수성수(외선),성수성수(내선),성수성수(외선),성수성수(내선)
13:09,13:08,15:11,15:09
성수성수(외선),성수성수(내선),성수성수(외선),성수성수(내선)
13:14,13:14,15:17,15:12
성수성수(외선),성수성수(내선),성수성수(외선),성수성수(내선)
13:18,13:23,15:25,15:17
성수성수(외선),성수성수(내선),성수성수(외선),성수성수(내선)
13:23,13:29,15:31,15:21
성수성수(외선),성수성수(내선),성수신도림,성수성수(내선)
13:28,13:34,15:36,15:28
성수성수(외선),성수성수(내선),성수성수(외선),성수성수(내선)
13:33,13:40,15:41,15:35
성수성수(외선),성수성수(내선),성수성수(외선),성수성수(내선)
13:38,13:46,15:46,15:41
성수성수(외선),성수성수(내선),성수성수(외선),성수성수(내선)
13:43,13:52,15:51,15:46
성수성수(외선),성수성수(내선),성수성수(외선),성수성수(내선)
13:48,13:58,15:56,15:49
성수성수(외선),성수성수(내선),성수신도림,성수성수
13:53,-,-,15:56
성수성수(외선),-,-,성수성수(내선)
13:59,-,16:01,16:01
성수성수(외선),-,성수성수(외선),성수성수(내선)
14:05,14:04,16:06,16:06
성수성수(외선),성수성수(내선),성수성수(외선),성수성수(내선)
14:10,14:10,16:11,16:11
성수성수(외선),성수성수(내선),성수성수(외선),성수성수(내선)
14:16,14:16,16:16,16:16
성수성수(외선),성수성수(내선),성수성수(외선),성수성수(내선)
14:22,14:22,16:21,16:21
성수성수(외선),성수성수(내선),성수성수(외선),성수성수(내선)
14:28,14:28,16:26,16:26
성수성수(외선),성수성수(내선),성수성수(외선),성수성수(내선)
14:33,14:33,16:31,16:31
성수성수(외선),성수성수(내선),성수성수(외선),성수성수(내선)
14:39,14:38,16:36,16:36
성수성수(외선),성수성수(내선),성수성수,성수성수(내선)
14:43,14:45,16:41,16:41
성수성수(외선),성수성수(내선),성수성수(외선),성수성수(내선)
14:48,14:53,16:47,16:46
성수성수(외선),성수성수(내선),성수성수(외선),성수성수(내선)
14:53,14:59,16:51,16:50
성수성수(외선),성수성수(내선),성수성수(외선),성수성수(내선)
14:58,-,16:56,16:58
성수성수(외선),-,성수성수(외선),성수성수(내선)
15:03,15:04,17:01,17:05
성수성수(외선),성수성수(내선),성수성수(외선),성수성수(내선)
15:08,15:10,17:06,17:11
성수성수(외선),성수성수(내선),성수성수(외선),성수성수(내선)
15:13,15:16,17:11,17:16
성수성수(외선),성수성수(내선),성수성수(외선),성수성수(내선)
15:18,15:22,17:17,17:21
성수성수(외선),성수성수(내선),성수성수(외선),성수성수(내선)
15:23,15:28,17:23,17:26
성수성수(외선),성수성수(내선),성수성수(외선),성수성수(내선)
15:29,15:34,17:29,17:31
성수성수(외선),성수성수(내선),성수성수(외선),성수성수(내선)
15:35,15:40,17:35,17:36
성수성수(외선),성수성수(내선),성수신도림,성수성수(내선)
15:40,15:46,17:38,17:41
성수성수(외선),성수성수(내선),성수성수(외선),성수성수(내선)
15:46,15:52,17:41,17:47
성수성수(외선),성수성수(내선),성수성수(외선),성수성수(내선)
15:52,15:58,17:46,17:52
성수성수(외선),성수성수(내선),성수성수(외선),성수성수(내선)
15:58,-,17:52,17:58
성수성수(외선),-,성수성수(외선),성수성수(내선)
16:03,16:03,17:57,-
성수성수(외선),성수성수(내선),성수성수(외선),-
16:08,16:08,18:03,18:03
성수성수(외선),성수성수(내선),성수성수(외선),성수성수(내선)
16:12,16:14,18:09,18:09
성수성수(외선),성수성수(내선),성수성수(외선),성수성수(내선)
16:16,16:19,18:15,18:14
성수성수(외선),신도림성수(내선),성수성수(외선),성수성수(내선)
16:19,16:23,18:20,18:20
성수성수(외선),성수성수(내선),성수성수(외선),성수성수(내선)
16:23,16:29,18:26,18:26
성수성수(외선),성수성수(내선),성수성수(외선),성수성수(내선)
16:28,16:34,18:31,18:31
성수성수(외선),성수성수(내선),성수성수(외선),성수성수(내선)
16:32,16:40,18:35,18:34
성수성수(외선),성수성수(내선),성수신도림,성수성수
16:36,16:46,18:42,18:37
성수성수(외선),성수성수(내선),성수성수,신도림성수(내선)
16:39,16:52,18:47,18:42
성수성수(외선),성수성수(내선),성수성수(외선),성수성수(내선)
16:43,16:58,18:53,18:47
성수성수(외선),성수성수(내선),성수성수(외선),성수성수(내선)
16:47,-,18:59,18:53
성수성수(외선),-,성수성수(외선),성수성수(내선)
16:54,-,-,18:58
성수성수(외선),-,-,성수성수(내선)
16:58,-,19:05,19:04
성수성수(외선),-,성수성수(외선),성수성수(내선)
17:02,17:04,19:11,19:09
성수성수(외선),성수성수(내선),성수성수(외선),성수성수(내선)
17:06,17:11,19:16,19:15
성수성수(외선),성수성수(내선),성수성수(외선),성수성수(내선)
17:10,17:16,19:22,19:20
성수성수(외선),성수성수(내선),성수성수(외선),성수성수(내선)
17:13,17:22,19:27,19:26
성수성수(외선),성수성수(내선),성수성수(외선),성수성수(내선)
17:16,17:28,19:33,19:31
성수성수(외선),성수성수(내선),성수성수(외선),성수성수(내선)
17:22,17:33,19:39,19:37
성수성수(외선),성수성수(내선),성수성수(외선),성수성수(내선)
17:25,17:35,19:45,19:42
성수성수(외선),신도림성수(내선),성수성수(외선),성수성수(내선)
17:28,17:39,19:51,19:48
성수성수(외선),성수성수(내선),성수성수(외선),성수성수(내선)
17:31,17:44,19:57,19:53
성수성수(외선),성수성수(내선),성수성수(외선),성수성수(내선)
17:34,17:49,-,19:59
성수성수(외선),성수성수(내선),-,성수성수(내선)
17:38,17:53,20:03,20:04
성수성수(외선),성수성수(내선),성수성수(외선),성수성수(내선)
17:42,17:59,20:09,20:10
성수성수(외선),성수성수(내선),성수성수(외선),성수성수(내선)
17:46,-,20:15,20:15
성수성수(외선),-,성수성수(외선),성수성수(내선)
17:49,-,20:21,20:21
성수성수(외선),-,성수성수(외선),성수성수(내선)
17:53,-,20:27,20:27
성수성수(외선),-,성수성수(외선),성수성수(내선)
17:58,-,20:33,20:33
성수성수(외선),-,성수성수(외선),성수성수(내선)
18:02,18:04,20:39,20:39
성수성수(외선),성수성수(내선),성수성수(외선),성수성수(내선)
18:06,18:07,20:45,20:44
성수성수(외선),신도림성수(내선),성수성수(외선),성수성수(내선)
18:09,18:10,20:51,20:49
성수성수(외선),성수성수(내선),성수성수(외선),성수성수(내선)
18:13,18:13,20:57,20:54
성수성수(외선),성수성수(내선),성수성수(외선),성수성수(내선)
18:17,18:16,21:03,21:00
성수성수(외선),성수성수(내선),성수성수(외선),성수성수(내선)
18:21,18:19,21:09,21:06
성수성수(외선),신도림성수(내선),성수성수,성수성수(내선)
18:24,18:22,21:15,21:12
성수성수,성수성수(내선),성수성수(외선),성수성수(내선)
18:28,18:28,21:21,21:18
성수성수(외선),성수성수(내선),성수성수(외선),성수성수(내선)
18:32,18:31,21:27,21:24
성수성수(외선),신도림성수(내선),성수성수(외선),성수성수(내선)
18:36,18:34,21:33,21:30
성수성수(외선),성수성수(내선),성수성수,성수성수(내선)
18:40,18:37,21:39,21:36
성수성수,신도림성수(내선),성수성수(외선),성수성수(내선)
18:43,18:40,21:45,21:43
성수성수(외선),성수성수(내선),성수성수(외선),성수성수(내선)
18:47,18:43,21:51,21:50
성수신도림,성수성수(내선),성수신도림,성수성수(내선)
18:52,18:47,21:57,21:57
성수성수,성수성수(내선),성수성수(외선),성수성수(내선)
18:55,18:52,22:03,22:03
성수성수(외선),성수성수(내선),성수성수(외선),성수성수(내선)
18:58,18:55,22:09,22:10
성수신도림,성수성수(내선),성수신도림,성수성수(내선)
-,18:58,22:16막,22:18
-,성수성수(내선),성수성수(외선),성수성수(내선)
19:01,19:00,22:22,22:24
성수성수(외선),신도림성수(내선),성수성수,성수성수(내선)
19:04,19:03,22:29,22:31
성수성수(외선),성수성수(내선),성수성수,성수성수(내선)
19:08,19:05,22:35막,22:38
성수신도림,성수성수(내선),성수성수,성수성수(내선)
19:12,19:09,22:42,22:46
성수성수(외선),성수성수(내선),성수신도림,성수성수(내선)
19:16,19:12,22:49막,22:54
성수성수(외선),성수성수(내선),성수삼성,성수성수(내선)
19:19,19:15,22:56,-
성수신도림,성수성수(내선),성수신도림,-
19:23,19:19,23:11막,23:00
성수성수(외선),성수성수(내선),성수서울대입구,성수성수(내선)
19:28,19:23,23:19,23:08
성수성수(외선),성수성수(내선),성수신도림,성수성수(내선)
19:32,19:26,23:25막,23:19
성수성수(외선),성수성수(내선),성수신도림,성수성수(내선)
19:36,19:29,23:34막,23:30
성수성수(외선),성수성수(내선),성수홍대입구,성수성수
19:39,19:33,23:43막,23:40막
성수성수(외선),성수성수(내선),성수을지로입구,성수성수(내선)
19:43,19:37,-,23:51
성수신도림,성수성수(내선),-,성수성수
19:47,19:40,-,23:59막
성수성수(외선),성수성수(내선),-,성수성수
19:52,19:42,-,-
성수성수(외선),성수성수(내선),-,-
19:57,19:44,-,-
성수성수(외선),성수성수(내선),-,-
-,19:46,-,-
-,성수성수(내선),-,-
-,19:49,-,-
-,성수성수(내선),-,-
-,19:54,-,-
-,성수성수(내선),-,-
-,19:58,-,-
-,성수성수,-,-
20:02,20:01,-,-
성수성수(외선),성수성수(내선),-,-
20:07,20:04,-,-
성수성수(외선),성수성수(내선),-,-
20:14,20:07,-,-
성수성수(외선),성수성수(내선),-,-
20:25,20:10,-,-
성수성수(외선),성수성수(내선),-,-
20:31,20:13,-,-
성수성수(외선),성수성수,-,-
20:36,20:17,-,-
성수성수(외선),성수성수(내선),-,-
20:42,20:22,-,-
성수신도림,성수성수(내선),-,-
20:46,20:26,-,-
성수성수(외선),성수성수(내선),-,-
20:53,20:30,-,-
성수성수(외선),성수성수(내선),-,-
20:58,20:33,-,-
성수성수(외선),성수성수,-,-
-,20:35,-,-
-,성수성수(내선),-,-
-,20:39,-,-
-,성수성수(내선),-,-
-,20:43,-,-
-,성수성수(내선),-,-
-,20:46,-,-
-,성수성수,-,-
-,20:49,-,-
-,성수성수(내선),-,-
-,20:53,-,-
-,성수성수(내선),-,-
-,20:56,-,-
-,성수성수(내선),-,-
-,20:59,-,-
-,성수성수,-,-
21:02,21:03,-,-
성수신도림,성수성수(내선),-,-
21:06,21:07,-,-
성수성수(외선),성수성수(내선),-,-
21:11,21:10,-,-
성수신도림,성수성수,-,-
21:16,21:14,-,-
성수성수(외선),성수성수(내선),-,-
21:22,21:20,-,-
성수성수(외선),성수성수(내선),-,-
21:27,21:25,-,-
성수성수(외선),성수성수,-,-
21:33,21:30,-,-
성수성수(외선),성수성수(내선),-,-
21:38,21:37,-,-
성수성수(외선),성수성수(내선),-,-
21:45,21:41,-,-
성수성수(외선),성수성수(내선),-,-
21:55,21:48,-,-
성수성수(외선),성수성수(내선),-,-
-,21:52,-,-
-,성수성수(내선),-,-
-,21:58,-,-
-,성수성수(내선),-,-
22:02,22:04,-,-
성수성수(외선),성수성수(내선),-,-
22:09,22:09,-,-
성수성수(외선),성수성수(내선),-,-
22:17,22:14,-,-
성수성수(외선),성수성수(내선),-,-
22:23,22:19,-,-
성수신도림,성수성수(내선),-,-
22:28,22:23,-,-
성수성수(외선),성수성수,-,-
22:37,22:27,-,-
성수성수(외선),성수성수(내선),-,-
22:46,22:32,-,-
성수성수,성수성수(내선),-,-
22:53,22:38,-,-
성수성수(외선),성수성수(내선),-,-
22:58,22:44,-,-
성수신도림,성수성수(내선),-,-
-,22:51,-,-
-,성수성수(내선),-,-
23:04,23:00,-,-
성수성수(외선),성수성수(내선),-,-
23:09,23:07,-,-
성수신도림,성수성수(내선),-,-
23:17막,23:12,-,-
성수성수(외선),성수성수(내선),-,-
23:25,23:18,-,-
성수신도림,성수성수(내선),-,-
23:32막,23:23,-,-
성수성수,성수성수(내선),-,-
23:39,23:28,-,-
성수신도림,성수성수(내선),-,-
23:48막,23:35,-,-
성수삼성,성수성수(내선),-,-
23:58,23:44,-,-
성수신도림,성수성수(내선),-,-
-,23:57,-,-
-,성수성수(내선),-,-
00:09막,0:08,-,-
성수서울대입구,성수성수(내선),-,-
00:23막,0:15,-,-
성수신도림,성수성수,-,-
00:34막,0:22,-,-
성수홍대입구,성수성수(내선),-,-
00:47막,0:31,-,-
성수을지로입구,성수성수,-,-
-,00:42막,-,-
-,성수성수(내선),-,-
-,0:51,-,-
-,성수성수,-,-
-,00:59막,-,-
-,성수성수,-,-
