﻿청구방면,동묘앞방면,청구방면,동묘앞방면
평일,평일,주말,주말
05:36첫,05:37첫,05:36첫,05:37첫
안암응암순환,한강진신내,안암응암순환,한강진신내
5:44,5:50,5:44,5:50
상월곡응암순환,공덕신내,상월곡응암순환,공덕신내
5:50,-,5:50,-
봉화산응암순환,-,봉화산응암순환,-
5:58,-,6:00,6:04
봉화산응암순환,-,봉화산응암순환,새절신내
6:05,6:04,6:09,6:15
신내응암순환,새절신내,신내응암순환,독바위봉화산
6:12,6:15,6:17,6:26
봉화산응암순환,독바위봉화산,봉화산응암순환,응암신내
6:19,6:26,6:26,6:37
봉화산응암순환,응암신내,신내응암순환,응암봉화산
6:26,6:37,6:35,6:46
신내응암순환,응암봉화산,신내응암순환,응암신내
6:32,6:47,6:44,6:54
봉화산응암순환,응암신내,봉화산응암순환,응암봉화산
6:38,6:54,6:53,-
신내응암순환,응암봉화산,신내응암순환,-
6:44,-,7:02,7:02
봉화산응암순환,-,봉화산응암순환,응암신내
6:49,-,7:11,7:09
봉화산응암순환,-,신내응암순환,응암봉화산
6:55,-,7:20,7:16
신내응암순환,-,봉화산응암순환,응암봉화산
7:00,7:02,7:29,7:25
봉화산응암순환,응암신내,신내응암순환,응암신내
7:04,7:09,7:38,7:34
봉화산응암순환,응암봉화산,봉화산응암순환,응암봉화산
7:09,7:16,7:47,7:42
봉화산응암순환,응암신내,신내응암순환,응암봉화산
7:13,7:23,7:56,7:51
신내응암순환,응암봉화산,봉화산응암순환,응암신내
7:18,7:30,8:05,8:00
봉화산응암순환,응암신내,신내응암순환,응암봉화산
7:22,7:37,8:14,8:09
봉화산응암순환,응암봉화산,봉화산응암순환,응암봉화산
7:26,7:44,8:23,8:18
봉화산응암순환,응암신내,봉화산응암순환,응암신내
7:30,7:51,8:32,8:27
신내응암순환,응암봉화산,신내응암순환,응암봉화산
7:34,7:57,8:41,8:36
봉화산응암순환,응암봉화산,봉화산응암순환,응암봉화산
7:38,-,8:50,8:45
봉화산응암순환,-,봉화산응암순환,응암신내
7:42,-,8:59,8:54
봉화산응암순환,-,신내응암순환,응암봉화산
7:46,-,9:08,9:03
신내응암순환,-,봉화산응암순환,응암봉화산
7:50,-,9:17,9:12
봉화산응암순환,-,봉화산응암순환,응암신내
7:54,-,9:26,9:21
봉화산응암순환,-,신내응암순환,응암봉화산
7:58,-,9:35,9:30
봉화산응암순환,-,봉화산응암순환,응암봉화산
8:02,8:03,9:44,9:39
신내응암순환,응암신내,봉화산응암순환,응암신내
8:06,8:09,9:53,9:48
봉화산응암순환,응암봉화산,신내응암순환,응암봉화산
8:10,8:13,-,9:57
봉화산응암순환,새절봉화산,-,응암봉화산
8:14,8:16,10:02,10:06
봉화산응암순환,응암봉화산,봉화산응암순환,응암신내
8:18,8:21,10:11,10:15
신내응암순환,응암신내,봉화산응암순환,응암봉화산
8:22,8:25,10:20,10:24
봉화산응암순환,응암봉화산,신내응암순환,응암봉화산
8:26,8:30,10:29,10:33
봉화산응암순환,응암봉화산,봉화산응암순환,응암신내
8:30,8:34,10:38,10:42
봉화산응암순환,응암봉화산,봉화산응암순환,응암봉화산
8:34,8:39,10:47,10:51
신내응암순환,응암봉화산,신내응암순환,응암봉화산
8:39,8:43,10:56,-
봉화산응암순환,응암신내,봉화산응암순환,-
8:43,8:47,11:05,11:00
봉화산응암순환,응암봉화산,봉화산응암순환,응암신내
8:48,8:51,11:14,11:09
봉화산새절,응암봉화산,신내응암순환,응암봉화산
8:53,8:55,11:23,11:18
신내응암순환,응암봉화산,봉화산응암순환,응암봉화산
8:58,-,11:32,11:27
봉화산응암순환,-,봉화산응암순환,응암신내
9:04,9:00,11:41,11:36
봉화산응암순환,응암봉화산,신내응암순환,응암봉화산
9:10,9:04,11:50,11:45
신내응암순환,응암봉화산,봉화산응암순환,응암봉화산
9:17,9:08,11:59,11:54
봉화산응암순환,응암신내,봉화산응암순환,응암신내
9:24,9:11,12:08,12:03
봉화산응암순환,응암봉화산,신내응암순환,응암봉화산
9:32,9:15,12:17,12:12
신내응암순환,응암봉화산,봉화산응암순환,응암봉화산
9:40,9:19,12:26,12:21
봉화산응암순환,응암봉화산,봉화산응암순환,응암신내
9:48,9:23,12:35,12:30
봉화산응암순환,응암봉화산,신내응암순환,응암봉화산
9:56,9:27,12:44,12:39
신내응암순환,응암봉화산,봉화산응암순환,응암봉화산
-,9:31,12:53,12:48
-,응암신내,봉화산응암순환,응암신내
-,9:35,-,12:57
-,응암봉화산,-,응암봉화산
-,9:40,13:02,13:06
-,응암봉화산,신내응암순환,응암봉화산
-,9:44,13:11,13:15
-,응암봉화산,봉화산응암순환,응암신내
-,9:48,13:20,13:24
-,응암봉화산,봉화산응암순환,응암봉화산
-,9:51,13:29,13:33
-,응암봉화산,신내응암순환,응암봉화산
-,9:56,13:38,13:42
-,응암신내,봉화산응암순환,응암신내
10:04,10:00,13:47,13:51
봉화산응암순환,응암봉화산,봉화산응암순환,응암봉화산
10:12,10:05,13:56,-
봉화산응암순환,응암봉화산,신내응암순환,-
10:20,10:11,14:05,14:00
신내응암순환,응암봉화산,봉화산응암순환,응암봉화산
10:28,10:19,14:14,14:09
봉화산응암순환,응암신내,봉화산응암순환,응암신내
10:36,10:24,14:23,14:18
봉화산응암순환,응암봉화산,신내응암순환,응암봉화산
10:44,10:29,14:32,14:27
신내응암순환,응암봉화산,봉화산응암순환,응암봉화산
10:52,10:36,14:41,14:36
봉화산응암순환,응암봉화산,봉화산응암순환,응암신내
-,10:43,14:50,14:45
-,응암신내,신내응암순환,응암봉화산
-,10:50,14:59,14:54
-,응암봉화산,봉화산응암순환,응암봉화산
-,10:58,15:08,15:03
-,응암봉화산,봉화산응암순환,응암신내
11:00,11:06,15:17,15:12
봉화산응암순환,응암신내,신내응암순환,응암봉화산
11:08,11:14,15:26,15:21
신내응암순환,응암봉화산,봉화산응암순환,응암봉화산
11:16,11:22,15:35,15:30
봉화산응암순환,응암봉화산,봉화산응암순환,응암신내
11:24,11:30,15:44,15:39
봉화산응암순환,응암신내,신내응암순환,응암봉화산
11:32,11:38,15:53,15:48
신내응암순환,응암봉화산,봉화산응암순환,응암봉화산
11:40,11:46,-,15:57
봉화산응암순환,응암봉화산,-,응암신내
11:48,11:54,16:02,16:06
봉화산응암순환,응암신내,봉화산응암순환,응암봉화산
11:55,-,16:11,16:15
신내응암순환,-,신내응암순환,응암봉화산
12:03,12:02,16:20,16:24
봉화산응암순환,응암봉화산,봉화산응암순환,응암신내
12:11,12:10,16:29,16:33
봉화산응암순환,응암봉화산,봉화산응암순환,응암봉화산
12:19,12:18,16:38,16:42
신내응암순환,응암신내,신내응암순환,응암봉화산
12:27,12:26,16:47,16:51
봉화산응암순환,응암봉화산,봉화산응암순환,응암신내
12:35,12:34,16:56,-
봉화산응암순환,응암봉화산,봉화산응암순환,-
12:43,12:42,17:05,17:00
신내응암순환,응암신내,신내응암순환,응암봉화산
12:51,12:50,17:14,17:09
봉화산응암순환,응암봉화산,봉화산응암순환,응암봉화산
12:59,12:58,17:23,17:18
봉화산응암순환,응암봉화산,봉화산응암순환,응암신내
13:07,13:06,17:32,17:27
신내응암순환,응암신내,신내응암순환,응암봉화산
13:15,13:14,17:41,17:36
봉화산응암순환,응암봉화산,봉화산응암순환,응암봉화산
13:23,13:21,17:50,17:45
봉화산응암순환,응암봉화산,봉화산응암순환,응암신내
13:31,13:29,17:59,17:54
신내응암순환,응암신내,신내응암순환,응암봉화산
13:39,13:37,18:08,18:03
봉화산응암순환,응암봉화산,봉화산응암순환,응암봉화산
13:47,13:45,18:17,18:12
봉화산응암순환,응암봉화산,봉화산응암순환,응암신내
13:55,13:53,18:26,18:21
신내응암순환,응암신내,신내응암순환,응암봉화산
14:03,14:01,18:35,18:30
봉화산응암순환,응암봉화산,봉화산응암순환,응암봉화산
14:11,14:09,18:44,18:39
봉화산응암순환,응암봉화산,봉화산응암순환,응암신내
14:18,14:17,18:53,18:48
신내응암순환,응암신내,신내응암순환,응암봉화산
14:26,14:25,-,18:57
봉화산응암순환,응암봉화산,-,응암봉화산
14:34,14:33,19:02,19:06
봉화산응암순환,응암봉화산,봉화산응암순환,응암신내
14:42,14:41,19:11,19:15
신내응암순환,응암신내,봉화산응암순환,응암봉화산
14:50,14:49,19:20,19:24
봉화산응암순환,응암봉화산,신내응암순환,응암봉화산
14:58,14:57,19:29,19:33
봉화산응암순환,응암봉화산,봉화산응암순환,응암신내
15:06,15:05,19:38,19:42
신내응암순환,응암신내,봉화산응암순환,응암봉화산
15:14,15:13,19:47,19:51
봉화산응암순환,응암봉화산,신내응암순환,응암봉화산
15:22,15:21,19:56,-
봉화산응암순환,응암봉화산,봉화산응암순환,-
15:30,15:29,20:05,20:00
신내응암순환,응암신내,봉화산응암순환,응암신내
15:38,15:37,20:14,20:09
봉화산응암순환,응암봉화산,신내응암순환,응암봉화산
15:46,15:44,20:23,20:18
봉화산응암순환,응암봉화산,봉화산응암순환,응암봉화산
15:54,15:52,20:32,20:27
신내응암순환,응암신내,봉화산응암순환,응암신내
16:02,16:00,20:41,20:36
봉화산응암순환,응암봉화산,신내응암순환,응암봉화산
16:10,16:08,20:50,20:45
봉화산응암순환,응암봉화산,봉화산응암순환,응암봉화산
16:18,16:16,-,20:54
신내응암순환,응암신내,-,응암신내
16:26,16:24,21:00,21:03
봉화산응암순환,응암봉화산,봉화산응암순환,응암봉화산
16:33,16:32,21:10,21:12
봉화산응암순환,응암봉화산,신내응암순환,응암봉화산
16:39,16:40,21:20,21:21
신내응암순환,응암신내,봉화산응암순환,응암신내
16:45,16:48,21:30,21:30
봉화산응암순환,응암봉화산,봉화산응암순환,응암봉화산
16:51,16:56,21:40,21:39
봉화산응암순환,응암봉화산,신내응암순환,응암봉화산
16:57,-,21:50,21:48
봉화산응암순환,-,봉화산응암순환,응암신내
17:03,17:04,-,21:57
신내응암순환,응암신내,-,응암봉화산
17:09,17:12,22:00,22:06
봉화산응암순환,응암봉화산,봉화산응암순환,응암신내
17:15,17:20,22:10,22:15
봉화산응암순환,응암봉화산,신내응암순환,응암봉화산
17:21,17:28,22:20,22:25
봉화산응암순환,응암신내,봉화산응암순환,응암봉화산
17:27,17:36,22:31,22:35
신내응암순환,응암봉화산,신내응암순환,응암신내
17:33,17:44,22:42,22:45
봉화산응암순환,응암신내,봉화산응암순환,응암봉화산
17:39,17:52,22:53,22:55
봉화산응암순환,응암봉화산,신내응암순환,응암봉화산
17:45,17:59,23:05막,23:05
봉화산응암순환,응암신내,봉화산응암순환,응암신내
17:51,-,23:17막,23:15
신내응암순환,-,신내독바위,응암봉화산
17:57,-,23:28막,23:25막
봉화산응암순환,-,봉화산응암,응암신내
18:03,18:05,23:39막,23:35
봉화산응암순환,응암봉화산,신내대흥,응암봉화산
18:09,18:10,23:50막,23:45막
봉화산응암순환,응암봉화산,봉화산공덕,응암봉화산
18:14,18:17,-,23:57막
신내응암순환,응암신내,-,응암안암
18:20,18:23,00:01막,-
봉화산응암순환,응암봉화산,봉화산한강진,-
18:25,18:29,-,-
봉화산응암순환,응암봉화산,-,-
18:30,18:35,-,-
신내응암순환,응암신내,-,-
18:35,18:41,-,-
봉화산응암순환,응암봉화산,-,-
18:40,18:47,-,-
봉화산응암순환,응암봉화산,-,-
18:46,18:53,-,-
신내응암순환,응암봉화산,-,-
18:52,18:59,-,-
봉화산응암순환,응암신내,-,-
18:58,-,-,-
봉화산응암순환,-,-,-
19:04,19:05,-,-
신내응암순환,응암봉화산,-,-
19:10,19:11,-,-
봉화산응암순환,응암봉화산,-,-
19:17,19:17,-,-
봉화산응암순환,응암신내,-,-
19:24,19:23,-,-
신내응암순환,응암봉화산,-,-
19:31,19:29,-,-
봉화산응암순환,응암봉화산,-,-
19:38,19:35,-,-
봉화산응암순환,응암봉화산,-,-
19:45,19:40,-,-
신내응암순환,응암신내,-,-
19:52,19:46,-,-
봉화산응암순환,응암봉화산,-,-
19:59,19:51,-,-
봉화산응암순환,응암봉화산,-,-
-,19:56,-,-
-,응암신내,-,-
20:06,20:01,-,-
신내응암순환,응암봉화산,-,-
20:13,20:06,-,-
봉화산응암순환,응암봉화산,-,-
20:20,20:12,-,-
봉화산응암순환,응암봉화산,-,-
20:28,20:17,-,-
신내응암순환,응암봉화산,-,-
20:36,20:23,-,-
봉화산응암순환,응암신내,-,-
20:44,20:30,-,-
신내응암순환,응암봉화산,-,-
20:52,20:36,-,-
봉화산응암순환,응암신내,-,-
-,20:43,-,-
-,응암봉화산,-,-
-,20:50,-,-
-,응암봉화산,-,-
-,20:57,-,-
-,응암신내,-,-
21:00,21:04,-,-
봉화산응암순환,응암봉화산,-,-
21:07,21:11,-,-
신내응암순환,응암봉화산,-,-
21:16,21:18,-,-
봉화산응암순환,응암신내,-,-
21:24,21:25,-,-
신내응암순환,응암봉화산,-,-
21:33,21:32,-,-
봉화산응암순환,응암봉화산,-,-
21:42,21:39,-,-
신내응암순환,응암신내,-,-
21:51,21:46,-,-
봉화산응암순환,응암봉화산,-,-
21:59,21:54,-,-
봉화산응암순환,응암봉화산,-,-
22:07,22:02,-,-
신내응암순환,응암봉화산,-,-
22:16,22:10,-,-
봉화산응암순환,응암신내,-,-
22:25,22:18,-,-
신내응암순환,응암봉화산,-,-
22:34,22:26,-,-
봉화산응암순환,응암신내,-,-
22:44,22:33,-,-
봉화산응암순환,응암봉화산,-,-
22:53,22:42,-,-
신내응암순환,응암신내,-,-
-,22:50,-,-
-,응암봉화산,-,-
-,22:59,-,-
-,응암신내,-,-
23:05,23:08,-,-
봉화산응암순환,응암봉화산,-,-
23:13,23:17,-,-
신내응암순환,응암신내,-,-
23:21,23:25,-,-
봉화산응암순환,응암봉화산,-,-
23:31,23:32,-,-
신내응암순환,응암신내,-,-
23:40,23:41,-,-
봉화산독바위,응암봉화산,-,-
23:49,23:51,-,-
신내응암순환,응암봉화산,-,-
-,23:59,-,-
-,응암신내,-,-
00:04막,0:09,-,-
신내응암순환,응암봉화산,-,-
00:20막,00:19막,-,-
신내새절,응암신내,-,-
00:39막,0:30,-,-
신내공덕,응암봉화산,-,-
00:53막,00:39막,-,-
봉화산한강진,응암봉화산,-,-
