﻿상수방면,대흥방면,상수방면,대흥방면
평일,평일,주말,주말
05:32첫,05:44첫,05:32첫,05:44첫
대흥응암순환,새절신내,대흥응암순환,새절신내
5:40,5:55,5:40,5:55
공덕응암순환,독바위봉화산,공덕응암순환,독바위봉화산
5:49,-,5:49,-
한강진응암순환,-,한강진응암순환,-
5:57,-,5:57,-
안암응암순환,-,안암응암순환,-
6:04,6:06,6:04,6:06
상월곡응암순환,응암신내,상월곡응암순환,응암신내
6:11,6:16,6:11,6:16
봉화산응암순환,응암봉화산,봉화산응암순환,응암봉화산
6:18,6:26,6:20,6:25
봉화산응암순환,응암신내,봉화산응암순환,응암신내
6:25,6:34,6:29,6:34
신내응암순환,응암봉화산,신내응암순환,응암봉화산
6:32,6:41,6:38,6:41
봉화산응암순환,응암신내,봉화산응암순환,응암신내
6:39,6:49,6:47,6:49
봉화산응암순환,응암봉화산,신내응암순환,응암봉화산
6:46,6:56,6:56,6:56
신내응암순환,응암신내,신내응암순환,응암봉화산
6:52,-,7:05,7:05
봉화산응암순환,-,봉화산응암순환,응암신내
6:58,-,7:14,7:14
신내응암순환,-,신내응암순환,응암봉화산
7:04,7:03,7:23,7:22
봉화산응암순환,응암봉화산,봉화산응암순환,응암봉화산
7:10,7:10,7:32,7:31
봉화산응암순환,응암신내,신내응암순환,응암신내
7:15,7:17,7:41,7:40
신내응암순환,응암봉화산,봉화산응암순환,응암봉화산
7:20,7:24,7:50,7:49
봉화산응암순환,응암신내,신내응암순환,응암봉화산
7:25,7:31,7:59,7:58
봉화산응암순환,응암봉화산,봉화산응암순환,응암신내
7:29,7:37,8:08,8:07
봉화산응암순환,응암봉화산,신내응암순환,응암봉화산
7:34,7:43,8:17,8:16
신내응암순환,응암신내,봉화산응암순환,응암봉화산
7:38,7:49,8:26,8:25
봉화산응암순환,응암봉화산,신내응암순환,응암신내
7:42,7:52,8:35,8:34
봉화산응암순환,새절봉화산,봉화산응암순환,응암봉화산
7:46,7:56,8:44,8:43
봉화산응암순환,응암봉화산,봉화산응암순환,응암봉화산
7:50,-,8:53,8:52
신내응암순환,-,신내응암순환,응암신내
7:54,-,9:02,9:01
봉화산응암순환,-,봉화산응암순환,응암봉화산
7:58,-,9:11,9:10
봉화산응암순환,-,봉화산응암순환,응암봉화산
8:02,8:00,9:20,9:19
봉화산응암순환,응암신내,신내응암순환,응암신내
8:06,8:05,9:29,9:28
신내응암순환,응암봉화산,봉화산응암순환,응암봉화산
8:10,8:09,9:38,9:37
봉화산응암순환,응암봉화산,봉화산응암순환,응암봉화산
8:14,8:14,9:47,9:46
봉화산응암순환,응암봉화산,신내응암순환,응암신내
8:18,8:18,9:56,9:55
봉화산응암순환,응암봉화산,봉화산응암순환,응암봉화산
8:22,8:23,10:05,10:04
신내응암순환,응암신내,봉화산응암순환,응암봉화산
8:26,8:27,10:14,10:13
봉화산응암순환,응암봉화산,신내응암순환,응암신내
8:30,8:31,10:23,10:22
봉화산응암순환,응암봉화산,봉화산응암순환,응암봉화산
8:34,8:35,10:32,10:31
봉화산응암순환,응암봉화산,봉화산응암순환,응암봉화산
8:38,8:39,10:41,10:40
신내응암순환,응암봉화산,신내응암순환,응암신내
8:42,8:43,10:50,10:49
봉화산응암순환,응암봉화산,봉화산응암순환,응암봉화산
8:46,8:47,10:59,10:58
봉화산응암순환,응암신내,봉화산응암순환,응암봉화산
8:50,8:51,11:08,11:07
봉화산응암순환,응암봉화산,신내응암순환,응암신내
8:55,8:55,11:17,11:16
신내응암순환,응암봉화산,봉화산응암순환,응암봉화산
8:59,8:59,11:26,11:25
봉화산응암순환,응암봉화산,봉화산응암순환,응암봉화산
9:04,9:03,11:35,11:34
봉화산응암순환,응암봉화산,신내응암순환,응암신내
9:08,9:07,11:44,11:43
봉화산새절,응암봉화산,봉화산응암순환,응암봉화산
9:13,9:11,11:53,11:52
신내응암순환,응암신내,봉화산응암순환,응암봉화산
9:19,9:15,12:02,12:01
봉화산응암순환,응암봉화산,신내응암순환,응암신내
9:24,9:19,12:11,12:10
봉화산응암순환,응암봉화산,봉화산응암순환,응암봉화산
9:30,9:23,12:20,12:19
신내응암순환,응암봉화산,봉화산응암순환,응암봉화산
9:37,9:27,12:29,12:28
봉화산응암순환,응암봉화산,신내응암순환,응암신내
9:44,9:31,12:38,12:37
봉화산응암순환,응암봉화산,봉화산응암순환,응암봉화산
9:52,9:35,12:47,12:46
신내응암순환,응암신내,봉화산응암순환,응암봉화산
-,9:40,12:56,12:55
-,응암봉화산,신내응암순환,응암신내
-,9:44,13:05,13:04
-,응암봉화산,봉화산응암순환,응암봉화산
-,9:50,13:14,13:13
-,응암봉화산,봉화산응암순환,응암봉화산
-,9:58,13:23,13:22
-,응암신내,신내응암순환,응암신내
10:00,10:04,13:32,13:31
봉화산응암순환,응암봉화산,봉화산응암순환,응암봉화산
10:08,10:09,13:41,13:40
봉화산응암순환,응암봉화산,봉화산응암순환,응암봉화산
10:16,10:15,13:50,13:49
신내응암순환,응암봉화산,신내응암순환,응암신내
10:24,10:22,13:59,13:58
봉화산응암순환,응암신내,봉화산응암순환,응암봉화산
10:32,10:29,14:08,14:07
봉화산응암순환,응암봉화산,봉화산응암순환,응암봉화산
10:40,10:37,14:17,14:16
신내응암순환,응암봉화산,신내응암순환,응암신내
10:48,10:45,14:26,14:25
봉화산응암순환,응암신내,봉화산응암순환,응암봉화산
10:56,10:53,14:35,14:34
봉화산응암순환,응암봉화산,봉화산응암순환,응암봉화산
11:04,11:01,14:44,14:43
신내응암순환,응암봉화산,신내응암순환,응암신내
11:12,11:09,14:53,14:52
봉화산응암순환,응암신내,봉화산응암순환,응암봉화산
11:20,11:17,15:02,15:01
봉화산응암순환,응암봉화산,봉화산응암순환,응암봉화산
11:28,11:25,15:11,15:10
신내응암순환,응암봉화산,신내응암순환,응암신내
11:36,11:33,15:20,15:19
봉화산응암순환,응암신내,봉화산응암순환,응암봉화산
11:44,11:41,15:29,15:28
봉화산응암순환,응암봉화산,봉화산응암순환,응암봉화산
11:52,11:49,15:38,15:37
신내응암순환,응암봉화산,신내응암순환,응암신내
-,11:57,15:47,15:46
-,응암신내,봉화산응암순환,응암봉화산
12:00,12:05,15:56,15:55
봉화산응암순환,응암봉화산,봉화산응암순환,응암봉화산
12:08,12:13,16:05,16:04
봉화산응암순환,응암봉화산,신내응암순환,응암신내
12:16,12:21,16:14,16:13
신내응암순환,응암신내,봉화산응암순환,응암봉화산
12:23,12:29,16:23,16:22
봉화산응암순환,응암봉화산,봉화산응암순환,응암봉화산
12:31,12:37,16:32,16:31
봉화산응암순환,응암봉화산,신내응암순환,응암신내
12:39,12:45,16:41,16:40
신내응암순환,응암신내,봉화산응암순환,응암봉화산
12:47,12:53,16:50,16:49
봉화산응암순환,응암봉화산,봉화산응암순환,응암봉화산
12:55,-,16:59,16:58
봉화산응암순환,-,신내응암순환,응암신내
13:03,13:01,17:08,17:07
신내응암순환,응암봉화산,봉화산응암순환,응암봉화산
13:11,13:08,17:17,17:16
봉화산응암순환,응암신내,봉화산응암순환,응암봉화산
13:19,13:16,17:26,17:25
봉화산응암순환,응암봉화산,신내응암순환,응암신내
13:27,13:24,17:35,17:34
신내응암순환,응암봉화산,봉화산응암순환,응암봉화산
13:35,13:32,17:44,17:43
봉화산응암순환,응암신내,봉화산응암순환,응암봉화산
13:43,13:40,17:53,17:52
봉화산응암순환,응암봉화산,신내응암순환,응암신내
13:51,13:48,18:02,18:01
신내응암순환,응암봉화산,봉화산응암순환,응암봉화산
13:59,13:56,18:11,18:10
봉화산응암순환,응암신내,봉화산응암순환,응암봉화산
14:07,14:04,18:20,18:19
봉화산응암순환,응암봉화산,신내응암순환,응암신내
14:15,14:12,18:29,18:28
신내응암순환,응암봉화산,봉화산응암순환,응암봉화산
14:23,14:20,18:38,18:37
봉화산응암순환,응암신내,봉화산응암순환,응암봉화산
14:31,14:28,18:47,18:46
봉화산응암순환,응암봉화산,신내응암순환,응암신내
14:39,14:36,18:56,18:55
신내응암순환,응암봉화산,봉화산응암순환,응암봉화산
14:46,14:44,19:05,19:04
봉화산응암순환,응암신내,봉화산응암순환,응암봉화산
14:54,14:52,19:14,19:13
봉화산응암순환,응암봉화산,신내응암순환,응암신내
15:02,15:00,19:23,19:22
신내응암순환,응암봉화산,봉화산응암순환,응암봉화산
15:10,15:08,19:32,19:31
봉화산응암순환,응암신내,봉화산응암순환,응암봉화산
15:18,15:16,19:41,19:40
봉화산응암순환,응암봉화산,신내응암순환,응암신내
15:26,15:24,19:50,19:49
신내응암순환,응암봉화산,봉화산응암순환,응암봉화산
15:34,15:31,19:59,19:58
봉화산응암순환,응암신내,봉화산응암순환,응암봉화산
15:42,15:39,20:08,20:07
봉화산응암순환,응암봉화산,신내응암순환,응암신내
15:50,15:47,20:17,20:16
신내응암순환,응암봉화산,봉화산응암순환,응암봉화산
15:58,15:55,20:26,20:25
봉화산응암순환,응암신내,봉화산응암순환,응암봉화산
16:06,16:03,20:35,20:34
봉화산응암순환,응암봉화산,신내응암순환,응암신내
16:14,16:11,20:44,20:43
신내응암순환,응암봉화산,봉화산응암순환,응암봉화산
16:22,16:19,20:53,20:52
봉화산응암순환,응암신내,봉화산응암순환,응암봉화산
16:30,16:27,21:02,21:01
봉화산응암순환,응암봉화산,신내응암순환,응암신내
16:38,16:35,21:11,21:10
신내응암순환,응암봉화산,봉화산응암순환,응암봉화산
16:46,16:43,21:21,21:19
봉화산응암순환,응암신내,봉화산응암순환,응암봉화산
16:53,16:51,21:31,21:28
봉화산응암순환,응암봉화산,신내응암순환,응암신내
-,16:59,21:41,21:37
-,응암봉화산,봉화산응암순환,응암봉화산
17:00,17:07,21:51,21:46
신내응암순환,응암신내,봉화산응암순환,응암신내
17:05,17:15,-,21:55
봉화산응암순환,응암봉화산,-,응암봉화산
17:11,17:23,22:01,22:05
봉화산응암순환,응암신내,신내응암순환,응암봉화산
17:17,17:32,22:11,22:15
봉화산응암순환,응암봉화산,봉화산응암순환,응암신내
17:23,17:39,22:21,22:25
신내응암순환,응암신내,봉화산응암순환,응암봉화산
17:29,17:45,22:31,22:35
봉화산응암순환,응암봉화산,신내응암순환,응암봉화산
17:35,17:50,22:41,22:45
봉화산응암순환,응암봉화산,봉화산응암순환,응암신내
17:41,17:57,22:51,22:55
봉화산응암순환,응암신내,신내응암순환,응암봉화산
17:47,-,23:03,23:05막
신내응암순환,-,봉화산응암순환,응암신내
17:53,-,23:13,23:15
봉화산응암순환,-,신내응암순환,응암봉화산
17:59,-,23:25막,23:25막
봉화산응암순환,-,봉화산응암순환,응암봉화산
18:05,18:02,23:37막,23:36막
봉화산응암순환,응암봉화산,신내독바위,응암안암
18:11,18:08,23:48막,23:47막
신내응암순환,응암봉화산,봉화산응암,응암한강진
18:17,18:14,-,23:58막
봉화산응암순환,응암신내,-,응암공덕
18:23,18:20,-,-
봉화산응암순환,응암봉화산,-,-
18:29,18:26,-,-
봉화산응암순환,응암봉화산,-,-
18:35,18:32,-,-
신내응암순환,응암봉화산,-,-
18:40,18:38,-,-
봉화산응암순환,응암신내,-,-
18:45,18:44,-,-
봉화산응암순환,응암봉화산,-,-
18:50,18:50,-,-
신내응암순환,응암봉화산,-,-
18:55,18:56,-,-
봉화산응암순환,응암신내,-,-
19:00,19:02,-,-
봉화산응암순환,응암봉화산,-,-
19:06,19:08,-,-
신내응암순환,응암봉화산,-,-
19:12,19:14,-,-
봉화산응암순환,응암봉화산,-,-
19:18,19:20,-,-
봉화산응암순환,응암신내,-,-
19:24,19:25,-,-
신내응암순환,응암봉화산,-,-
19:31,19:30,-,-
봉화산응암순환,응암봉화산,-,-
19:37,19:35,-,-
봉화산응암순환,응암신내,-,-
19:44,19:40,-,-
신내응암순환,응암봉화산,-,-
19:51,19:45,-,-
봉화산응암순환,응암봉화산,-,-
19:58,19:51,-,-
봉화산응암순환,응암봉화산,-,-
-,19:57,-,-
-,응암봉화산,-,-
20:05,20:03,-,-
신내응암순환,응암신내,-,-
20:12,20:09,-,-
봉화산응암순환,응암봉화산,-,-
20:19,20:16,-,-
봉화산응암순환,응암신내,-,-
20:26,20:22,-,-
신내응암순환,응암봉화산,-,-
20:33,20:29,-,-
봉화산응암순환,응암봉화산,-,-
20:40,20:36,-,-
봉화산응암순환,응암신내,-,-
20:48,20:43,-,-
신내응암순환,응암봉화산,-,-
20:56,20:50,-,-
봉화산응암순환,응암봉화산,-,-
-,20:57,-,-
-,응암신내,-,-
21:04,21:04,-,-
신내응암순환,응암봉화산,-,-
21:12,21:11,-,-
봉화산응암순환,응암봉화산,-,-
21:20,21:18,-,-
봉화산응암순환,응암신내,-,-
21:28,21:25,-,-
신내응암순환,응암봉화산,-,-
21:37,21:33,-,-
봉화산응암순환,응암봉화산,-,-
21:45,21:41,-,-
신내응암순환,응암봉화산,-,-
21:53,21:49,-,-
봉화산응암순환,응암신내,-,-
-,21:57,-,-
-,응암봉화산,-,-
22:02,22:05,-,-
신내응암순환,응암신내,-,-
22:11,22:12,-,-
봉화산응암순환,응암봉화산,-,-
22:19,22:21,-,-
봉화산응암순환,응암신내,-,-
22:27,22:30,-,-
신내응암순환,응암봉화산,-,-
22:36,22:39,-,-
봉화산응암순환,응암신내,-,-
22:45,22:47,-,-
신내응암순환,응암봉화산,-,-
22:54,22:56,-,-
봉화산응암순환,응암신내,-,-
23:04,23:04,-,-
봉화산응암순환,응암봉화산,-,-
23:14,23:12,-,-
신내응암순환,응암신내,-,-
23:25,23:21,-,-
봉화산응암순환,응암봉화산,-,-
23:33,23:30,-,-
신내응암순환,응암봉화산,-,-
23:41,23:39,-,-
봉화산응암순환,응암신내,-,-
23:51,23:49,-,-
신내응암순환,응암봉화산,-,-
-,23:58막,-,-
-,응암신내,-,-
0:00,0:10,-,-
봉화산독바위,응암봉화산,-,-
0:09,00:18막,-,-
신내응암순환,응암봉화산,-,-
00:24막,0:26,-,-
신내응암순환,응암대흥,-,-
00:40막,00:36막,-,-
신내새절,응암한강진,-,-
-,00:55막,-,-
-,응암공덕,-,-
