﻿매봉방면,대치방면,매봉방면,대치방면
평일,평일,주말,주말
05:24첫,05:48첫,05:25첫,05:48첫
도곡대화,압구정오금,도곡대화,압구정오금
5:31,-,5:34,-
수서구파발,-,수서대화,-
5:39,-,5:43,-
수서대화,-,오금대화,-
5:46,-,5:49,-
오금대화,-,수서구파발,-
5:53,-,5:56,-
오금대화,-,오금대화,-
5:58,-,6:02,6:06
수서구파발,-,수서구파발,독립문오금
6:04,6:06,6:08,6:19
오금대화,독립문오금,오금대화,구파발오금
6:12,6:19,6:14,6:27
수서구파발,구파발오금,수서구파발,구파발오금
6:16,6:27,6:20,6:35
오금대화,구파발오금,오금대화,구파발오금
6:20,6:37,6:26,6:42
수서구파발,대화오금,수서구파발,구파발오금
6:25,6:45,6:33,6:51
오금대화,구파발오금,오금대화,대화오금
6:30,6:52,6:38,6:57
수서구파발,대화오금,수서구파발,구파발오금
6:35,6:58,6:45,-
수서대화,구파발오금,오금대화,-
6:40,-,6:51,-
오금대화,-,오금대화,-
6:45,-,6:57,-
수서구파발,-,오금구파발,-
6:50,-,7:03,7:06
오금대화,-,오금대화,대화오금
6:55,-,7:09,7:12
수서대화,-,오금구파발,구파발오금
7:00,7:05,7:15,7:18
오금대화,대화오금,오금대화,대화오금
7:04,7:11,7:21,7:23
수서대화,대화오금,오금구파발,구파발오금
7:08,7:17,7:27,7:31
오금대화,구파발오금,오금대화,대화오금
7:12,7:23,7:33,7:36
수서구파발,대화오금,오금구파발,구파발오금
7:16,7:29,7:38,7:42
오금대화,대화오금,오금대화,대화오금
7:21,7:34,7:43,7:47
오금구파발,구파발오금,오금대화,구파발오금
7:25,7:40,7:49,7:54
오금대화,대화오금,오금대화,대화오금
7:29,7:46,7:55,7:59
수서구파발,구파발오금,오금구파발,구파발오금
7:33,7:50,8:01,8:05
오금대화,대화오금,오금대화,대화오금
7:38,7:55,8:07,8:12
오금대화,구파발오금,오금구파발,구파발오금
7:42,7:59,8:13,8:18
오금대화,대화오금,오금대화,대화오금
7:46,-,8:19,8:24
오금구파발,-,오금구파발,구파발오금
7:49,-,8:25,8:31
오금대화,-,오금대화,대화오금
7:53,-,8:33,8:38
수서구파발,-,오금구파발,대화오금
7:57,-,8:39,8:45
오금대화,-,오금대화,구파발오금
8:01,8:03,8:45,8:52
오금구파발,구파발오금,오금구파발,대화오금
8:04,8:07,8:51,8:58
오금대화,대화오금,오금대화,구파발오금
8:08,8:10,8:57,-
수서구파발,구파발오금,오금구파발,-
8:11,8:16,9:03,9:05
오금구파발,대화수서,오금대화,대화오금
8:15,8:20,9:09,9:11
오금대화,구파발오금,오금구파발,구파발오금
8:18,8:24,9:15,9:17
오금구파발,대화오금,수서대화,대화오금
8:22,8:27,9:21,9:23
수서대화,대화수서,오금구파발,대화오금
8:26,8:31,9:27,9:29
오금구파발,구파발오금,오금대화,구파발오금
8:30,8:35,9:33,9:35
오금대화,대화오금,오금대화,대화오금
8:34,8:39,9:39,9:41
오금대화,구파발오금,오금대화,대화오금
8:38,8:42,9:45,9:47
오금구파발,대화수서,오금구파발,대화오금
8:42,8:47,9:51,9:53
오금대화,구파발오금,오금대화,대화오금
8:46,8:51,9:57,9:57
오금구파발,대화오금,오금대화,구파발오금
8:51,8:54,10:03,10:04
오금대화,구파발오금,오금구파발,대화오금
8:58,8:57,10:09,10:10
오금구파발,대화오금,오금대화,구파발오금
9:03,9:01,10:15,10:17
오금대화,구파발수서,오금대화,대화오금
9:08,9:05,10:21,10:22
오금대화,대화오금,오금구파발,구파발오금
9:13,9:09,10:27,10:29
오금대화,구파발수서,오금대화,대화오금
9:18,9:13,10:33,10:35
오금구파발,대화오금,오금구파발,대화오금
9:24,9:17,10:39,10:40
오금대화,대화오금,오금대화,구파발오금
9:29,9:20,10:45,10:47
오금대화,대화오금,오금구파발,대화오금
9:32,9:23,10:51,10:53
오금구파발,구파발오금,오금대화,대화오금
9:36,9:27,10:57,10:58
오금대화,대화오금,오금대화,구파발오금
9:43,9:31,11:03,11:05
오금대화,대화오금,오금대화,대화오금
9:49,9:35,11:09,11:10
오금구파발,구파발오금,오금구파발,구파발오금
9:54,9:39,11:15,11:17
오금대화,대화오금,오금대화,대화오금
9:58,9:43,11:21,11:23
오금구파발,구파발수서,오금구파발,대화오금
-,9:47,11:27,11:30
-,대화오금,오금대화,대화오금
-,9:51,11:33,11:36
-,구파발수서,오금구파발,구파발오금
-,9:55,11:39,11:43
-,대화오금,오금대화,대화오금
-,9:58,11:45,11:50
-,구파발수서,오금구파발,구파발오금
10:03,10:03,11:51,11:57
오금구파발,대화오금,오금대화,대화오금
10:08,10:07,11:57,-
오금대화,구파발오금,오금구파발,-
10:13,10:13,12:03,12:04
오금대화,대화오금,오금대화,대화오금
10:19,10:18,12:09,12:11
오금구파발,구파발수서,오금구파발,대화오금
10:25,10:23,12:15,12:17
오금대화,대화오금,오금대화,대화오금
10:31,10:28,12:21,12:23
오금구파발,대화오금,오금구파발,구파발오금
10:37,10:34,12:27,12:29
오금대화,대화오금,수서대화,대화오금
10:43,10:39,12:33,12:35
오금대화,대화오금,오금구파발,구파발오금
10:50,10:45,12:39,12:41
오금대화,구파발수서,오금대화,대화오금
10:57,10:51,12:45,12:47
오금구파발,대화오금,오금구파발,구파발오금
-,10:57,12:51,12:53
-,대화오금,오금대화,대화오금
11:04,11:04,12:57,12:59
오금대화,대화오금,오금구파발,구파발오금
11:11,11:11,13:03,13:05
오금구파발,구파발오금,오금대화,대화오금
11:18,11:18,13:09,13:11
오금대화,대화수서,오금구파발,구파발오금
11:24,11:26,13:15,13:17
오금대화,대화오금,오금대화,대화오금
11:31,11:35,13:21,13:23
오금대화,대화오금,오금구파발,구파발오금
11:38,11:42,13:27,13:29
오금구파발,대화오금,오금대화,대화오금
11:46,11:48,13:33,13:34
오금대화,구파발오금,오금구파발,구파발오금
11:53,11:54,13:39,13:40
오금대화,대화수서,오금대화,대화오금
12:03,12:01,13:45,13:45
오금대화,대화오금,오금구파발,구파발오금
12:13,12:06,13:51,13:50
오금대화,구파발오금,오금대화,대화오금
12:22,12:13,13:57,13:55
오금대화,대화오금,오금구파발,대화오금
12:31,12:19,14:03,14:00
오금대화,구파발오금,오금대화,구파발오금
12:39,12:26,14:09,14:06
오금대화,대화오금,오금구파발,대화오금
12:47,12:32,14:14,14:11
오금구파발,대화오금,오금대화,구파발오금
12:55,12:39,14:20,14:17
오금대화,대화오금,오금구파발,대화오금
-,12:45,14:25,14:23
-,구파발오금,오금대화,구파발오금
-,12:51,14:30,14:29
-,대화오금,오금대화,대화오금
-,12:58,14:35,14:35
-,대화오금,오금구파발,구파발오금
13:02,13:05,14:40,14:41
오금대화,구파발오금,오금대화,대화오금
13:08,13:12,14:46,14:47
오금대화,대화오금,오금구파발,구파발오금
13:15,13:19,14:51,14:53
오금구파발,대화오금,오금대화,대화오금
13:21,13:26,14:57,14:59
오금대화,구파발오금,오금구파발,구파발오금
13:28,13:33,15:03,15:05
오금대화,대화오금,오금대화,대화오금
13:34,13:40,15:09,15:11
오금구파발,대화오금,오금구파발,구파발오금
13:41,13:49,15:15,15:17
오금대화,대화오금,오금대화,대화오금
13:47,13:58,15:21,15:23
오금구파발,대화오금,오금구파발,구파발오금
13:54,-,15:27,15:29
오금대화,-,오금대화,대화오금
14:00,14:08,15:33,15:35
오금대화,대화오금,오금구파발,구파발오금
14:08,14:17,15:39,15:41
오금대화,대화오금,오금대화,대화오금
14:15,14:25,15:45,15:47
오금구파발,대화오금,오금구파발,구파발오금
14:23,14:33,15:51,15:53
오금대화,대화오금,오금대화,대화오금
14:32,14:41,15:57,15:59
오금대화,구파발오금,오금구파발,구파발오금
14:41,14:48,16:03,16:05
오금대화,대화오금,오금대화,대화오금
14:50,14:56,16:09,16:11
오금대화,대화오금,오금구파발,구파발오금
14:59,-,16:15,16:17
오금대화,-,오금대화,대화오금
15:07,15:02,16:21,16:23
오금대화,구파발오금,오금구파발,구파발오금
15:15,15:08,16:27,16:29
오금대화,대화오금,오금대화,대화오금
15:23,15:15,16:33,16:35
오금대화,대화오금,오금구파발,구파발오금
15:30,15:21,16:39,16:41
오금구파발,구파발오금,오금대화,대화오금
15:37,15:27,16:45,16:47
오금대화,대화오금,오금대화,구파발오금
15:43,15:34,16:51,16:53
오금대화,대화오금,오금대화,대화오금
15:49,15:41,16:57,16:59
오금대화,구파발오금,오금구파발,구파발오금
15:55,15:47,17:03,17:05
오금구파발,대화오금,오금대화,대화오금
-,15:55,17:09,17:11
-,대화수서,오금구파발,구파발오금
16:01,16:01,17:15,17:17
오금대화,구파발오금,오금대화,대화오금
16:07,16:08,17:21,17:23
오금구파발,대화오금,오금구파발,구파발오금
16:13,16:16,17:27,17:29
오금대화,대화오금,오금대화,대화수서
16:19,16:24,17:33,17:35
오금대화,대화오금,오금대화,구파발오금
16:25,16:34,17:39,17:41
오금대화,대화오금,오금구파발,대화오금
16:33,16:44,17:46,17:47
수서대화,대화오금,오금대화,구파발오금
16:41,16:53,17:53,17:53
오금대화,대화오금,오금구파발,대화오금
16:49,-,-,17:59
오금대화,-,-,구파발오금
16:57,-,18:00,18:05
오금대화,-,오금대화,대화오금
17:01,17:01,18:07,18:11
수서구파발,대화오금,오금대화,구파발오금
17:06,17:09,18:14,18:17
오금대화,대화오금,오금구파발,대화오금
17:13,17:17,18:21,18:23
오금구파발,구파발오금,오금대화,구파발오금
17:19,17:25,18:27,18:30
오금대화,대화오금,오금구파발,대화오금
17:25,17:30,18:33,18:35
오금구파발,구파발오금,오금대화,구파발오금
17:30,17:36,18:39,18:42
수서대화,대화오금,오금구파발,대화오금
17:35,17:41,18:45,18:48
오금구파발,구파발오금,오금대화,구파발오금
17:39,17:45,18:51,18:54
오금대화,대화오금,오금구파발,대화오금
17:44,17:50,18:57,-
수서구파발,대화오금,오금대화,-
17:48,17:54,19:03,19:00
오금대화,구파발오금,오금구파발,구파발오금
17:54,17:58,19:09,19:06
수서구파발,대화오금,오금대화,대화오금
17:58,-,19:15,19:12
오금대화,-,오금대화,대화오금
18:03,18:02,19:21,19:18
오금대화,구파발오금,오금대화,대화오금
18:07,18:06,19:27,19:24
오금구파발,대화오금,오금구파발,대화오금
18:12,18:10,19:33,19:29
오금대화,구파발오금,오금대화,구파발오금
18:16,18:14,19:39,19:36
오금구파발,대화오금,오금구파발,대화오금
18:21,18:18,19:45,19:41
오금대화,구파발오금,오금대화,구파발수서
18:25,18:24,19:51,19:48
오금구파발,대화오금,오금구파발,대화오금
18:29,18:31,19:58,19:54
수서대화,대화오금,오금대화,구파발오금
18:33,18:36,20:05,20:00
오금구파발,대화오금,오금대화,대화오금
18:37,18:40,20:13,20:05
오금대화,구파발오금,오금대화,구파발오금
18:41,18:46,20:21,20:12
오금구파발,대화오금,오금대화,대화오금
18:46,18:49,20:29,20:17
오금대화,구파발수서,오금대화,구파발오금
18:51,18:53,20:36,20:24
오금구파발,대화오금,오금대화,대화오금
18:56,18:58,20:43,20:29
오금대화,구파발오금,오금구파발,구파발오금
19:01,19:02,20:49,20:36
오금구파발,대화오금,오금대화,대화수서
19:06,19:06,20:55,20:41
오금대화,구파발수서,오금대화,구파발오금
19:11,19:10,-,20:48
오금구파발,대화오금,-,대화수서
19:16,19:14,-,20:53
오금대화,구파발수서,-,구파발오금
19:21,19:18,21:02,21:00
오금대화,대화오금,오금대화,대화오금
19:27,19:21,21:09,21:06
오금대화,구파발오금,오금구파발,대화오금
19:32,19:26,21:16,21:12
오금구파발,대화오금,오금대화,대화오금
19:37,19:30,21:23,21:17
오금대화,구파발오금,오금구파발,구파발오금
19:42,19:34,21:30,21:24
오금구파발,대화수서,오금대화,대화오금
19:48,19:39,21:37,21:29
오금대화,구파발오금,오금구파발,구파발수서
19:54,19:43,21:44,21:36
오금대화,대화오금,오금대화,대화오금
19:59,19:48,21:51,21:41
오금구파발,대화오금,오금대화,구파발오금
-,19:53,21:59,21:48
-,구파발오금,오금구파발,대화오금
-,19:58,-,21:53
-,대화오금,-,대화오금
20:05,20:03,22:07,22:00
오금대화,구파발오금,오금대화,대화수서
20:10,20:08,22:15,22:08
오금구파발,대화수서,오금구파발,대화오금
20:16,20:13,22:22,22:16
오금대화,대화오금,오금대화,대화오금
20:21,20:18,22:30,22:24
오금구파발,구파발오금,오금구파발,대화오금
20:26,20:23,22:39막,22:31
오금대화,대화오금,오금대화,구파발오금
20:31,20:28,22:48,22:40
오금구파발,구파발수서,오금구파발,대화수서
20:36,20:33,22:57,22:48
오금대화,대화오금,오금구파발,대화오금
20:41,20:38,-,22:55
오금구파발,구파발오금,-,구파발오금
20:47,20:43,23:06,23:03
오금대화,대화오금,오금구파발,대화수서
20:53,20:48,23:15막,23:10
오금대화,구파발오금,오금구파발,구파발오금
20:59,20:52,23:27막,23:18
오금대화,대화오금,오금독립문,대화수서
-,20:58,23:42막,23:25
-,대화오금,오금압구정,대화오금
21:05,21:03,-,23:32
오금구파발,구파발오금,-,구파발수서
21:10,21:08,-,23:38
오금대화,대화오금,-,대화오금
21:16,21:14,-,23:46막
오금대화,대화오금,-,대화오금
21:21,21:20,-,23:55막
오금구파발,구파발수서,-,대화수서
21:26,21:25,-,-
오금대화,대화오금,-,-
21:32,21:30,-,-
오금구파발,구파발오금,-,-
21:37,21:35,-,-
오금대화,대화수서,-,-
21:44,21:42,-,-
오금구파발,대화오금,-,-
21:51,21:49,-,-
오금대화,구파발오금,-,-
21:58,21:55,-,-
오금대화,대화오금,-,-
22:04,22:01,-,-
오금구파발,구파발오금,-,-
22:12,22:07,-,-
오금대화,대화수서,-,-
22:21,22:13,-,-
오금대화,대화오금,-,-
22:30,22:22,-,-
오금구파발,대화오금,-,-
22:37,22:32,-,-
오금대화,대화오금,-,-
22:44,22:39,-,-
오금구파발,대화오금,-,-
22:53,22:46,-,-
오금대화,대화오금,-,-
-,22:54,-,-
-,대화오금,-,-
-,22:59,-,-
-,구파발수서,-,-
23:01,23:06,-,-
오금구파발,대화오금,-,-
23:12,23:14,-,-
오금구파발,대화수서,-,-
23:20막,23:23,-,-
오금대화,대화오금,-,-
23:29,23:31,-,-
오금구파발,구파발수서,-,-
23:39,23:41,-,-
오금구파발,대화오금,-,-
23:51,23:50,-,-
오금구파발,대화오금,-,-
00:08막,0:01,-,-
오금구파발,대화오금,-,-
00:23막,0:15,-,-
오금독립문,대화오금,-,-
00:42막,0:25,-,-
오금압구정,대화수서,-,-
-,00:33막,-,-
-,구파발오금,-,-
-,0:43,-,-
-,대화수서,-,-
-,00:51막,-,-
-,구파발수서,-,-
