﻿상도방면,신대방삼거리방면,상도방면,신대방삼거리방면
평일,평일,주말,주말
05:40첫,05:40첫,05:40첫,05:40첫
신풍장암,내방석남,신풍장암,내방석남
5:52,5:53,5:52,5:53
온수장암,청담석남,온수도봉산,청담석남
6:02,6:05,6:02,6:05
온수장암,건대입구석남,온수장암,건대입구석남
6:13,6:18,6:13,6:18
석남장암,태릉입구석남,석남도봉산,태릉입구석남
6:21,6:30,6:20,6:30
온수도봉산,도봉산석남,온수도봉산,도봉산석남
6:28,6:40,6:29,6:40
석남장암,장암석남,석남장암,장암석남
6:35,6:48,6:37,6:50
온수장암,도봉산석남,석남도봉산,도봉산석남
6:41,6:55,6:45,-
석남도봉산,도봉산석남,온수도봉산,-
6:48,-,6:52,-
온수장암,-,석남장암,-
6:54,-,6:59,-
석남도봉산,-,온수도봉산,-
7:00,7:02,7:06,7:00
온수장암,장암석남,석남장암,장암온수
7:06,7:08,7:13,7:09
석남도봉산,도봉산석남,석남도봉산,도봉산석남
7:12,7:15,7:20,7:17
온수장암,도봉산석남,석남장암,장암석남
7:18,7:21,7:26,7:24
석남도봉산,장암석남,온수도봉산,도봉산온수
7:23,7:27,7:33,7:31
온수장암,도봉산석남,석남장암,장암석남
7:28,7:33,7:39,7:38
석남도봉산,장암석남,온수도봉산,도봉산온수
7:33,7:39,7:46,7:45
온수장암,도봉산석남,석남도봉산,장암석남
7:38,7:45,7:52,7:52
석남도봉산,장암석남,온수장암,도봉산온수
7:44,7:51,7:59,7:59
석남장암,도봉산석남,석남도봉산,도봉산석남
7:48,7:56,8:05,8:06
온수도봉산,도봉산석남,온수장암,장암온수
7:52,-,8:12,8:13
석남도봉산,-,석남도봉산,도봉산석남
7:56,-,8:18,8:20
석남장암,-,온수장암,도봉산온수
8:00,8:01,8:25,8:27
석남도봉산,장암석남,석남도봉산,도봉산석남
8:04,8:06,8:31,8:34
석남도봉산,도봉산석남,온수장암,장암온수
8:08,8:10,8:38,8:41
석남장암,장암온수,석남도봉산,도봉산석남
8:12,8:15,8:44,8:47
석남도봉산,도봉산석남,온수장암,도봉산온수
8:16,8:19,8:51,8:54
석남도봉산,장암온수,석남도봉산,도봉산석남
8:20,8:23,8:57,-
온수장암,도봉산석남,온수장암,-
8:23,8:27,9:04,9:00
석남도봉산,도봉산온수,석남도봉산,장암온수
8:27,8:31,9:10,9:07
석남도봉산,장암석남,온수장암,도봉산석남
8:30,8:35,9:17,9:14
석남수락산,도봉산온수,석남도봉산,장암온수
8:33,8:38,9:23,9:20
석남장암,도봉산석남,온수장암,도봉산석남
8:36,8:41,9:30,9:27
석남도봉산,도봉산온수,석남도봉산,장암온수
8:39,8:43,9:36,9:33
석남도봉산,도봉산온수,온수장암,도봉산석남
8:43,8:46,9:43,9:40
석남도봉산,장암석남,석남도봉산,장암온수
8:47,8:49,9:49,9:46
석남장암,도봉산온수,온수장암,도봉산석남
8:50,8:52,9:56,9:53
석남도봉산,도봉산온수,석남도봉산,장암온수
8:54,8:55,-,9:59
석남도봉산,도봉산석남,-,도봉산석남
8:58,8:58,10:03,10:06
석남도봉산,장암온수,온수장암,도봉산온수
9:02,9:01,10:09,10:12
석남장암,도봉산온수,석남도봉산,장암석남
9:06,9:04,10:16,10:19
석남도봉산,도봉산석남,온수장암,도봉산온수
9:10,9:06,10:22,10:25
석남도봉산,도봉산온수,석남도봉산,장암석남
9:14,9:09,10:29,10:32
석남장암,도봉산온수,온수장암,도봉산온수
9:18,9:11,10:35,10:38
온수도봉산,장암석남,석남도봉산,장암석남
9:22,9:14,10:42,10:45
석남도봉산,도봉산온수,온수장암,도봉산온수
9:26,9:17,10:48,10:51
석남도봉산,도봉산온수,석남도봉산,장암석남
9:31,9:20,10:55,10:58
석남장암,도봉산석남,온수장암,도봉산온수
9:36,9:23,11:01,11:04
석남도봉산,장암온수,석남도봉산,장암석남
9:41,9:26,11:08,11:11
온수장암,도봉산온수,온수장암,도봉산온수
9:46,9:29,11:14,11:17
석남도봉산,도봉산석남,석남도봉산,장암석남
9:51,9:33,11:21,11:24
온수도봉산,장암온수,온수장암,도봉산온수
9:56,9:36,11:27,11:30
석남장암,도봉산온수,석남도봉산,장암석남
-,9:40,11:34,11:37
-,도봉산석남,온수장암,도봉산온수
-,9:44,11:40,11:43
-,장암온수,석남도봉산,장암석남
-,9:49,11:47,11:50
-,도봉산온수,온수장암,도봉산온수
-,9:54,11:53,11:56
-,장암석남,석남도봉산,장암석남
-,9:59,12:00,12:03
-,도봉산온수,온수장암,도봉산온수
10:02,10:03,12:06,12:10
석남도봉산,장암온수,석남도봉산,장암석남
10:07,10:09,12:13,12:16
석남장암,도봉산석남,온수장암,도봉산온수
10:13,10:15,12:19,12:23
석남도봉산,장암온수,석남도봉산,장암석남
10:19,10:21,12:26,12:29
석남장암,도봉산석남,온수장암,도봉산온수
10:25,10:27,12:32,12:36
석남도봉산,장암온수,석남도봉산,장암석남
10:31,10:33,12:39,12:42
온수장암,도봉산석남,온수장암,도봉산온수
10:37,10:39,12:45,12:49
석남도봉산,장암온수,석남도봉산,장암석남
10:43,10:45,12:52,12:55
석남장암,도봉산석남,온수장암,도봉산온수
10:49,10:51,12:59,-
온수도봉산,도봉산온수,석남도봉산,-
10:55,10:57,13:05,13:02
석남장암,장암석남,온수장암,장암석남
11:01,11:03,13:12,13:08
석남도봉산,도봉산온수,석남도봉산,도봉산온수
11:07,11:09,13:18,13:15
온수장암,장암석남,온수장암,장암석남
11:13,11:15,13:25,13:21
석남도봉산,도봉산온수,석남도봉산,도봉산온수
11:19,11:21,13:31,13:28
온수장암,장암석남,온수장암,장암석남
11:25,11:27,13:38,13:34
석남도봉산,도봉산온수,석남도봉산,도봉산온수
11:31,11:33,13:44,13:41
온수장암,도봉산석남,온수장암,장암석남
11:37,11:39,13:51,13:47
석남도봉산,장암온수,석남도봉산,도봉산온수
11:43,11:45,13:57,13:54
온수장암,도봉산석남,온수장암,장암석남
11:49,11:51,14:04,14:00
석남도봉산,장암온수,석남도봉산,도봉산온수
11:55,11:57,14:10,14:07
온수장암,도봉산석남,온수장암,장암석남
12:01,12:03,14:17,14:13
석남도봉산,장암온수,석남도봉산,도봉산온수
12:07,12:09,14:23,14:20
온수장암,도봉산석남,온수장암,장암석남
12:13,12:15,14:30,14:26
석남도봉산,장암온수,석남도봉산,도봉산온수
12:19,12:21,14:36,14:33
온수장암,도봉산석남,온수장암,장암석남
12:25,12:27,14:43,14:39
석남도봉산,장암온수,석남도봉산,도봉산온수
12:31,12:33,14:49,14:46
온수장암,도봉산석남,온수장암,장암석남
12:37,12:39,14:56,14:52
석남도봉산,장암온수,석남도봉산,도봉산온수
12:43,12:45,-,14:59
온수장암,도봉산석남,-,장암석남
12:49,12:51,15:02,15:06
석남도봉산,장암온수,온수장암,도봉산온수
12:55,12:57,15:09,15:12
온수장암,도봉산석남,석남도봉산,장암석남
13:01,13:03,15:15,15:19
석남도봉산,장암온수,온수장암,도봉산온수
13:07,13:09,15:22,15:25
온수장암,도봉산석남,석남도봉산,장암석남
13:13,13:15,15:28,15:32
석남도봉산,장암온수,온수장암,도봉산온수
13:19,13:21,15:35,15:38
온수장암,도봉산석남,석남도봉산,장암석남
13:25,13:27,15:41,15:45
석남도봉산,장암온수,온수장암,도봉산온수
13:31,13:33,15:48,15:51
온수장암,도봉산석남,석남도봉산,장암석남
13:37,13:39,15:55,15:58
석남도봉산,장암온수,온수장암,도봉산온수
13:43,13:45,16:01,16:04
온수장암,도봉산석남,석남도봉산,장암석남
13:49,13:51,16:08,16:11
석남도봉산,장암온수,온수장암,도봉산온수
13:55,13:57,16:14,16:17
온수장암,도봉산석남,석남도봉산,장암석남
14:01,14:03,16:21,16:24
석남도봉산,장암온수,온수장암,도봉산온수
14:07,14:09,16:27,16:30
온수장암,도봉산석남,석남도봉산,장암석남
14:13,14:15,16:34,16:37
석남도봉산,장암온수,온수장암,도봉산온수
14:19,14:21,16:40,16:43
온수장암,도봉산석남,석남도봉산,장암석남
14:25,14:27,16:47,16:50
석남도봉산,장암온수,온수장암,도봉산온수
14:31,14:33,16:53,16:56
온수장암,도봉산석남,석남도봉산,장암석남
14:37,14:39,17:00,17:03
석남도봉산,장암온수,온수장암,도봉산온수
14:43,14:45,17:06,17:09
온수장암,도봉산석남,석남도봉산,장암석남
14:49,14:51,17:13,17:16
석남도봉산,장암온수,온수장암,도봉산온수
14:55,14:57,17:19,17:22
온수장암,도봉산석남,석남도봉산,장암석남
15:01,15:03,17:26,17:29
석남도봉산,장암온수,온수장암,도봉산온수
15:07,15:09,17:32,17:35
온수장암,도봉산석남,석남도봉산,장암석남
15:13,15:15,17:39,17:42
석남도봉산,장암온수,온수장암,도봉산온수
15:19,15:21,17:45,17:49
온수장암,도봉산석남,석남도봉산,장암석남
15:25,15:27,17:52,17:55
석남도봉산,장암온수,온수장암,도봉산온수
15:31,15:33,17:58,-
온수장암,도봉산석남,석남도봉산,-
15:37,15:39,18:05,18:02
석남도봉산,장암온수,온수장암,장암석남
15:43,15:45,18:11,18:08
온수장암,도봉산석남,석남도봉산,도봉산온수
15:49,15:51,18:18,18:15
석남도봉산,장암온수,온수장암,장암석남
15:55,15:57,18:24,18:21
온수장암,도봉산석남,석남도봉산,도봉산온수
16:01,16:03,18:31,18:28
석남도봉산,장암온수,온수장암,장암석남
16:07,16:09,18:38,18:34
온수장암,도봉산석남,석남도봉산,도봉산온수
16:13,16:15,18:44,18:41
석남도봉산,장암온수,온수장암,장암석남
16:19,16:21,18:51,18:47
온수장암,도봉산석남,석남도봉산,도봉산온수
16:25,16:27,18:57,18:54
석남도봉산,장암석남,온수장암,장암석남
16:31,16:33,19:04,19:01
온수장암,도봉산석남,석남도봉산,도봉산온수
16:37,16:39,19:10,19:07
석남도봉산,장암온수,온수장암,장암석남
16:43,16:45,19:17,19:13
온수장암,도봉산석남,석남도봉산,도봉산온수
16:49,16:51,19:23,19:20
석남도봉산,장암온수,온수장암,장암석남
16:55,16:57,19:30,19:26
온수장암,도봉산석남,석남도봉산,도봉산온수
17:01,17:03,19:36,19:33
석남도봉산,장암석남,온수장암,장암석남
17:07,17:09,19:43,19:39
온수장암,도봉산석남,석남도봉산,도봉산온수
17:13,17:14,19:50,19:46
석남도봉산,장암석남,온수장암,장암석남
17:18,17:21,19:56,19:52
온수장암,도봉산석남,석남도봉산,도봉산온수
17:24,17:27,-,19:59
석남도봉산,장암석남,-,장암석남
17:29,17:33,20:03,20:05
온수장암,도봉산석남,온수장암,도봉산온수
17:34,17:39,20:10,20:12
온수도봉산,장암석남,석남도봉산,장암석남
17:38,17:45,20:17,20:18
석남도봉산,도봉산석남,온수장암,도봉산온수
17:43,17:50,20:23,20:25
온수장암,장암석남,석남도봉산,장암석남
17:47,17:55,20:30,20:31
석남도봉산,도봉산석남,온수도봉산,도봉산온수
17:52,-,20:36,20:38
온수도봉산,-,석남장암,장암석남
17:57,-,20:43,20:45
온수장암,-,온수도봉산,도봉산온수
18:00,18:00,20:49,20:51
석남도봉산,장암석남,석남도봉산,장암석남
18:04,18:06,20:56,20:58
온수도봉산,도봉산석남,온수장암,도봉산온수
18:07,18:11,21:02,21:04
온수도봉산,도봉산석남,석남도봉산,장암석남
18:10,18:16,21:09,21:11
석남도봉산,장암석남,온수장암,도봉산온수
18:14,18:21,21:16,21:17
온수장암,도봉산석남,석남장암,장암석남
18:17,18:26,21:23,21:24
석남도봉산,장암석남,온수도봉산,도봉산온수
18:21,18:30,21:30,21:30
온수도봉산,도봉산석남,석남장암,장암석남
18:24,18:35,21:37,21:37
온수장암,도봉산석남,온수도봉산,도봉산온수
18:27,18:39,21:44,21:44
석남도봉산,장암석남,석남도봉산,장암석남
18:30,18:42,21:51,21:50
온수도봉산,도봉산온수,온수도봉산,도봉산온수
18:33,18:45,21:58,21:57
온수도봉산,도봉산석남,석남도봉산,장암석남
18:36,18:48,22:05,22:03
석남장암,도봉산온수,온수장암,도봉산온수
18:39,18:51,22:12,22:10
온수도봉산,장암석남,석남도봉산,장암석남
18:42,18:55,22:18,22:17
석남도봉산,도봉산온수,온수도봉산,도봉산온수
18:45,18:58,22:25,22:24
온수도봉산,도봉산석남,석남장암,장암석남
18:49,-,22:33,22:31
석남장암,-,석남도봉산,도봉산온수
18:52,-,22:42,22:38
온수도봉산,-,석남도봉산,도봉산석남
18:55,-,22:52막,22:44
석남도봉산,-,온수장암,장암온수
18:59,-,-,22:53
온수장암,-,-,도봉산석남
19:03,19:03,23:02,23:01
석남도봉산,장암온수,석남도봉산,장암온수
19:08,19:07,23:12막,23:09
석남도봉산,도봉산석남,석남도봉산,도봉산석남
19:13,19:12,23:22막,23:17
석남장암,도봉산온수,석남태릉입구,장암온수
19:18,19:16,23:33막,23:24막
석남도봉산,장암석남,온수건대입구,장암석남
19:23,19:21,23:43막,23:31
석남장암,도봉산온수,석남청담,도봉산온수
19:28,19:26,23:54막,23:37
석남도봉산,장암석남,석남내방,장암온수
19:34,19:31,-,23:47막
석남도봉산,도봉산온수,-,도봉산온수
19:40,19:36,-,23:58막
석남장암,장암석남,-,장암신풍
19:46,19:41,-,-
석남도봉산,도봉산온수,-,-
19:52,19:46,-,-
석남장암,도봉산석남,-,-
19:58,19:51,-,-
석남도봉산,장암온수,-,-
-,19:56,-,-
-,도봉산석남,-,-
20:04,20:01,-,-
석남도봉산,도봉산온수,-,-
20:10,20:06,-,-
석남장암,장암석남,-,-
20:16,20:11,-,-
석남도봉산,도봉산온수,-,-
20:22,20:16,-,-
석남도봉산,도봉산석남,-,-
20:28,20:21,-,-
석남도봉산,장암온수,-,-
20:34,20:26,-,-
석남장암,도봉산석남,-,-
20:41,20:32,-,-
석남도봉산,장암온수,-,-
20:48,20:38,-,-
석남도봉산,도봉산석남,-,-
20:55,20:44,-,-
석남장암,장암온수,-,-
-,20:50,-,-
-,도봉산석남,-,-
-,20:56,-,-
-,장암온수,-,-
21:02,21:02,-,-
석남도봉산,도봉산석남,-,-
21:09,21:08,-,-
석남도봉산,장암온수,-,-
21:17,21:14,-,-
석남장암,도봉산석남,-,-
21:24,21:20,-,-
온수도봉산,장암온수,-,-
21:31,21:26,-,-
석남장암,도봉산석남,-,-
21:38,21:32,-,-
석남도봉산,장암온수,-,-
21:46,21:39,-,-
온수도봉산,도봉산석남,-,-
21:53,21:46,-,-
석남장암,장암온수,-,-
-,21:53,-,-
-,도봉산석남,-,-
22:01,22:00,-,-
석남도봉산,장암온수,-,-
22:08,22:08,-,-
석남도봉산,도봉산석남,-,-
22:16,22:15,-,-
온수도봉산,장암온수,-,-
22:23,22:23,-,-
석남장암,도봉산석남,-,-
22:31,22:30,-,-
온수도봉산,장암온수,-,-
22:38,22:39,-,-
석남도봉산,도봉산석남,-,-
22:46,22:49,-,-
석남장암,도봉산온수,-,-
22:53,22:59,-,-
온수도봉산,장암석남,-,-
23:01,23:09,-,-
석남장암,도봉산온수,-,-
23:13,23:19,-,-
석남도봉산,장암석남,-,-
23:25막,23:31,-,-
석남장암,도봉산온수,-,-
23:41,23:39,-,-
석남도봉산,장암석남,-,-
23:55막,23:49,-,-
석남도봉산,도봉산온수,-,-
-,23:59,-,-
-,장암석남,-,-
0:04,0:08,-,-
온수청담,도봉산온수,-,-
00:13막,00:18막,-,-
석남태릉입구,도봉산석남,-,-
00:28막,00:38막,-,-
석남건대입구,도봉산온수,-,-
00:47막,00:53막,-,-
석남내방,장암신풍,-,-
