﻿중곡방면,어린이대공원방면,중곡방면,어린이대공원방면
평일,평일,주말,주말
05:33첫,05:46첫,05:33첫,05:46첫
건대입구장암,태릉입구석남,건대입구장암,태릉입구석남
5:47,5:58,5:47,5:58
청담장암,도봉산석남,청담장암,도봉산석남
5:59,-,6:00,6:08
내방장암,-,내방장암,장암석남
6:12,6:08,6:12,6:18
신풍장암,장암석남,신풍장암,도봉산석남
6:23,6:16,6:23,6:28
온수장암,도봉산석남,온수도봉산,장암온수
6:33,6:23,6:33,6:37
온수장암,도봉산석남,온수장암,도봉산석남
6:45,6:30,6:44,6:45
석남장암,장암석남,석남도봉산,장암석남
6:52,6:37,6:51,6:52
온수도봉산,도봉산석남,온수도봉산,도봉산온수
-,6:43,-,6:59
-,도봉산석남,-,장암석남
-,6:49,7:00,7:06
-,장암석남,석남장암,도봉산온수
-,6:55,7:08,7:13
-,도봉산석남,석남도봉산,장암석남
7:00,7:01,7:16,7:20
석남장암,장암석남,온수도봉산,도봉산온수
7:07,7:07,7:23,7:27
온수장암,도봉산석남,석남장암,도봉산석남
7:13,7:13,7:30,7:34
석남도봉산,장암석남,온수도봉산,장암온수
7:20,7:19,7:37,7:41
온수장암,도봉산석남,석남장암,도봉산석남
7:26,7:24,7:44,7:48
석남도봉산,도봉산석남,석남도봉산,도봉산온수
7:32,7:29,7:51,7:55
온수장암,장암석남,석남장암,도봉산석남
7:38,7:33,7:58,-
석남도봉산,도봉산석남,온수도봉산,-
7:44,7:38,8:04,8:02
온수장암,장암온수,석남장암,장암온수
7:50,7:42,8:11,8:09
석남도봉산,도봉산석남,온수도봉산,도봉산석남
7:56,7:46,8:17,8:16
온수장암,장암온수,석남도봉산,도봉산온수
-,7:50,8:24,8:22
-,도봉산석남,온수장암,도봉산석남
-,7:55,8:30,8:29
-,도봉산온수,석남도봉산,장암온수
-,7:58,8:37,8:36
-,장암석남,온수장암,도봉산석남
8:01,8:02,8:43,8:42
석남도봉산,도봉산온수,석남도봉산,장암온수
8:06,8:06,8:50,8:49
온수장암,도봉산석남,온수장암,도봉산석남
8:11,8:08,8:56,8:55
석남도봉산,도봉산온수,석남도봉산,장암온수
8:16,8:11,9:03,9:02
석남장암,도봉산온수,온수장암,도봉산석남
8:20,8:13,9:09,9:08
온수도봉산,장암석남,석남도봉산,장암온수
8:24,8:16,9:16,9:15
석남도봉산,도봉산온수,온수장암,도봉산석남
8:29,8:19,9:22,9:21
석남장암,도봉산온수,석남도봉산,장암온수
8:33,8:22,9:29,9:28
석남도봉산,도봉산석남,온수장암,도봉산석남
8:37,8:25,9:35,9:34
석남도봉산,장암온수,석남도봉산,도봉산온수
8:41,8:28,9:42,9:41
석남장암,도봉산온수,온수장암,장암석남
8:45,8:31,9:48,9:47
석남도봉산,도봉산석남,석남도봉산,도봉산온수
8:49,8:33,9:55,9:54
석남도봉산,도봉산온수,온수장암,장암석남
8:53,8:36,10:01,10:00
온수장암,도봉산온수,석남도봉산,도봉산온수
8:57,8:38,10:08,10:07
석남도봉산,장암석남,온수장암,장암석남
-,8:41,10:14,10:13
-,도봉산온수,석남도봉산,도봉산온수
-,8:44,10:21,10:20
-,도봉산온수,온수장암,장암석남
-,8:47,10:28,10:26
-,도봉산석남,석남도봉산,도봉산온수
-,8:50,10:34,10:33
-,장암온수,온수장암,장암석남
-,8:53,10:41,10:39
-,도봉산온수,석남도봉산,도봉산온수
-,8:57,10:47,10:46
-,도봉산석남,온수장암,장암석남
9:00,9:00,10:54,10:52
석남도봉산,장암온수,석남도봉산,도봉산온수
9:04,9:04,-,10:59
석남수락산,도봉산온수,-,장암석남
9:07,9:08,11:00,11:05
석남장암,도봉산석남,온수장암,도봉산온수
9:09,9:12,11:07,11:12
석남도봉산,장암온수,석남도봉산,장암석남
9:12,9:17,11:13,11:18
석남도봉산,도봉산온수,온수장암,도봉산온수
9:16,9:22,11:20,11:25
석남도봉산,장암석남,석남도봉산,장암석남
9:20,9:27,11:26,11:32
석남장암,도봉산온수,온수장암,도봉산온수
9:23,9:32,11:33,11:38
석남도봉산,장암온수,석남도봉산,장암석남
9:27,9:37,11:39,11:45
석남도봉산,도봉산석남,온수장암,도봉산온수
9:31,9:43,11:46,11:51
석남도봉산,장암온수,석남도봉산,장암석남
9:35,9:49,11:52,11:58
석남장암,도봉산석남,온수장암,도봉산온수
9:39,9:55,11:59,-
석남도봉산,장암온수,석남도봉산,-
9:43,-,12:05,12:04
석남도봉산,-,온수장암,장암석남
9:47,-,12:12,12:11
석남장암,-,석남도봉산,도봉산온수
9:51,-,12:18,12:17
온수도봉산,-,온수장암,장암석남
9:55,-,12:25,12:24
석남도봉산,-,석남도봉산,도봉산온수
9:59,-,12:31,12:30
석남도봉산,-,온수장암,장암석남
10:03,10:01,12:38,12:37
석남장암,도봉산석남,석남도봉산,도봉산온수
10:09,10:07,12:44,12:43
석남도봉산,장암온수,온수장암,장암석남
10:14,10:13,12:51,12:50
온수장암,도봉산석남,석남도봉산,도봉산온수
10:18,10:19,12:57,12:56
석남도봉산,도봉산온수,온수장암,장암석남
10:23,10:25,13:04,13:03
온수도봉산,장암석남,석남도봉산,도봉산온수
10:28,10:31,13:10,13:09
석남장암,도봉산온수,온수장암,장암석남
10:34,10:37,13:17,13:16
석남도봉산,장암석남,석남도봉산,도봉산온수
10:38,10:43,13:23,13:22
석남장암,도봉산온수,온수장암,장암석남
10:44,10:49,13:30,13:29
석남도봉산,장암석남,석남도봉산,도봉산온수
10:50,10:55,13:37,13:35
석남장암,도봉산온수,온수장암,장암석남
10:56,-,13:43,13:42
석남도봉산,-,석남도봉산,도봉산온수
11:02,11:01,13:50,13:48
온수장암,도봉산석남,온수장암,장암석남
11:08,11:07,13:56,13:55
석남도봉산,장암온수,석남도봉산,도봉산온수
11:14,11:13,14:03,14:01
석남장암,도봉산석남,온수장암,장암석남
11:20,11:19,14:09,14:08
온수도봉산,장암온수,석남도봉산,도봉산온수
11:26,11:25,14:16,14:14
석남장암,도봉산석남,온수장암,장암석남
11:32,11:31,14:22,14:21
석남도봉산,장암온수,석남도봉산,도봉산온수
11:38,11:37,14:29,14:28
온수장암,도봉산석남,온수장암,장암석남
11:44,11:43,14:35,14:34
석남도봉산,장암온수,석남도봉산,도봉산온수
11:50,11:49,14:42,14:41
온수장암,도봉산석남,온수장암,장암석남
11:56,11:55,14:48,14:47
석남도봉산,장암온수,석남도봉산,도봉산온수
12:02,12:01,14:55,14:54
온수장암,도봉산석남,온수장암,장암석남
12:08,12:07,15:01,15:00
석남도봉산,장암온수,석남도봉산,도봉산온수
12:14,12:13,15:08,15:07
온수장암,도봉산석남,온수장암,장암석남
12:20,12:19,15:14,15:13
석남도봉산,장암온수,석남도봉산,도봉산온수
12:26,12:25,15:21,15:20
온수장암,도봉산석남,온수장암,장암석남
12:32,12:31,15:27,15:26
석남도봉산,장암온수,석남도봉산,도봉산온수
12:38,12:37,15:34,15:33
온수장암,도봉산석남,온수장암,장암석남
12:44,12:43,15:40,15:39
석남도봉산,장암온수,석남도봉산,도봉산온수
12:50,12:49,15:47,15:46
온수장암,도봉산석남,온수장암,장암석남
12:56,12:55,15:53,15:52
석남도봉산,장암온수,석남도봉산,도봉산온수
13:02,13:01,-,15:59
온수장암,도봉산석남,-,장암석남
13:08,13:07,16:00,16:05
석남도봉산,장암온수,온수장암,도봉산온수
13:14,13:13,16:06,16:12
온수장암,도봉산석남,석남도봉산,장암석남
13:20,13:19,16:13,16:18
석남도봉산,장암온수,온수장암,도봉산온수
13:26,13:25,16:20,16:25
온수장암,도봉산석남,석남도봉산,장암석남
13:32,13:31,16:26,16:31
석남도봉산,장암온수,온수장암,도봉산온수
13:38,13:37,16:33,16:38
온수장암,도봉산석남,석남도봉산,장암석남
13:44,13:43,16:39,16:44
석남도봉산,장암온수,온수장암,도봉산온수
13:50,13:49,16:46,16:51
온수장암,도봉산석남,석남도봉산,장암석남
13:56,13:55,16:52,16:57
석남도봉산,장암온수,온수장암,도봉산온수
14:02,14:01,16:59,-
온수장암,도봉산석남,석남도봉산,-
14:08,14:07,17:05,17:04
석남도봉산,장암온수,온수장암,장암석남
14:14,14:13,17:12,17:10
온수장암,도봉산석남,석남도봉산,도봉산온수
14:20,14:19,17:18,17:17
석남도봉산,장암온수,온수장암,장암석남
14:26,14:25,17:25,17:24
온수장암,도봉산석남,석남도봉산,도봉산온수
14:32,14:31,17:31,17:30
석남도봉산,장암온수,온수장암,장암석남
14:38,14:37,17:38,17:37
온수장암,도봉산석남,석남도봉산,도봉산온수
14:44,14:43,17:44,17:43
석남도봉산,장암온수,온수장암,장암석남
14:50,14:49,17:51,17:50
온수장암,도봉산석남,석남도봉산,도봉산온수
14:56,14:55,17:57,17:56
석남도봉산,장암온수,온수장암,장암석남
15:02,15:01,18:04,18:03
온수장암,도봉산석남,석남도봉산,도봉산온수
15:08,15:07,18:10,18:10
석남도봉산,장암온수,온수장암,장암석남
15:14,15:13,18:17,18:16
온수장암,도봉산석남,석남도봉산,도봉산온수
15:20,15:19,18:23,18:22
석남도봉산,장암온수,온수장암,장암석남
15:26,15:25,18:30,18:29
온수장암,도봉산석남,석남도봉산,도봉산온수
15:32,15:31,18:36,18:36
석남도봉산,장암온수,온수장암,장암석남
15:38,15:37,18:43,18:42
온수장암,도봉산석남,석남도봉산,도봉산온수
15:44,15:43,18:49,18:48
석남도봉산,장암온수,온수장암,장암석남
15:50,15:49,18:56,18:55
온수장암,도봉산석남,석남도봉산,도봉산온수
15:56,15:55,19:02,19:01
석남도봉산,장암석남,온수장암,장암석남
16:02,16:01,19:09,19:08
온수장암,도봉산석남,석남도봉산,도봉산온수
16:08,16:07,19:16,19:14
석남도봉산,장암온수,온수장암,장암석남
16:14,16:13,19:22,19:21
온수장암,도봉산석남,석남도봉산,도봉산온수
16:20,16:19,19:29,19:27
석남도봉산,장암온수,온수장암,장암석남
16:26,16:25,19:36,19:34
온수장암,도봉산석남,석남도봉산,도봉산온수
16:32,16:31,19:42,19:40
석남도봉산,장암석남,온수장암,장암석남
16:38,16:37,19:48,19:47
온수장암,도봉산석남,석남도봉산,도봉산온수
16:44,16:43,19:55,19:53
석남도봉산,장암석남,온수장암,장암석남
16:50,16:49,20:01,20:00
온수장암,도봉산석남,석남도봉산,도봉산온수
16:56,16:55,20:08,20:07
석남도봉산,장암석남,온수장암,장암석남
17:02,17:01,20:15,20:13
온수장암,도봉산석남,석남도봉산,도봉산온수
17:08,17:07,20:21,20:20
석남도봉산,장암석남,온수장암,장암석남
17:14,17:13,20:28,20:26
온수장암,도봉산석남,석남도봉산,도봉산온수
17:20,17:18,20:35,20:33
석남도봉산,장암석남,온수장암,장암석남
17:26,17:23,20:42,20:39
온수장암,도봉산석남,석남도봉산,도봉산온수
17:32,17:28,20:48,20:46
석남도봉산,장암석남,온수장암,장암석남
17:38,17:34,20:55,20:52
온수장암,도봉산석남,석남도봉산,도봉산온수
17:44,17:39,-,20:59
석남도봉산,도봉산석남,-,장암석남
17:50,17:44,21:01,21:05
온수장암,장암석남,온수도봉산,도봉산온수
17:55,17:49,21:08,21:12
석남도봉산,도봉산석남,석남장암,장암석남
-,17:53,21:14,21:19
-,장암석남,온수도봉산,도봉산온수
-,17:58,21:21,21:25
-,도봉산석남,석남도봉산,장암석남
18:00,18:02,21:27,21:32
온수장암,도봉산석남,온수장암,도봉산온수
18:06,18:06,21:34,21:39
온수도봉산,장암석남,석남도봉산,장암석남
18:10,18:09,21:40,21:46
석남도봉산,도봉산온수,온수장암,도봉산온수
18:15,18:12,21:47,21:53
온수장암,도봉산석남,석남장암,장암석남
18:20,18:15,21:54,-
석남도봉산,도봉산온수,온수도봉산,-
18:25,18:18,22:01,22:00
온수도봉산,장암석남,석남장암,도봉산온수
18:29,18:22,22:08,22:06
온수장암,도봉산온수,온수도봉산,도봉산석남
18:33,18:25,22:15,22:13
석남도봉산,도봉산석남,석남도봉산,장암온수
18:37,18:30,22:22,22:22
온수도봉산,장암온수,온수도봉산,도봉산석남
18:40,18:34,22:29,22:30
온수도봉산,도봉산석남,석남도봉산,장암온수
18:43,18:39,22:36,22:38
석남도봉산,도봉산온수,온수장암,도봉산석남
18:47,18:44,22:43,22:46
온수장암,장암석남,석남도봉산,장암온수
18:50,18:49,22:50,22:53막
석남도봉산,도봉산온수,온수도봉산,장암석남
18:53,18:54,22:56,22:59
온수도봉산,장암석남,석남장암,도봉산온수
18:57,18:59,23:04,23:06
온수장암,도봉산온수,석남도봉산,장암온수
19:00,19:04,23:13,23:16막
석남도봉산,장암석남,석남도봉산,도봉산온수
19:03,19:09,23:24막,23:27막
온수도봉산,도봉산온수,온수장암,장암신풍
19:06,19:14,23:33,23:39막
온수도봉산,도봉산석남,석남도봉산,도봉산내방
19:09,19:19,23:43막,23:52막
석남장암,장암온수,석남도봉산,장암청담
19:12,19:24,23:53막,-
온수도봉산,도봉산석남,석남태릉입구,-
19:15,19:29,-,00:09막
석남도봉산,도봉산온수,-,장암건대입구
19:18,19:34,-,-
온수도봉산,장암석남,-,-
19:21,19:39,-,-
석남장암,도봉산온수,-,-
19:25,19:44,-,-
온수도봉산,도봉산석남,-,-
19:28,19:49,-,-
석남도봉산,장암온수,-,-
19:32,19:54,-,-
온수장암,도봉산석남,-,-
19:36,-,-,-
석남도봉산,-,-,-
19:40,-,-,-
석남도봉산,-,-,-
19:45,-,-,-
석남장암,-,-,-
19:50,-,-,-
석남도봉산,-,-,-
19:55,-,-,-
석남장암,-,-,-
20:00,20:00,-,-
석남도봉산,장암온수,-,-
20:06,20:06,-,-
석남도봉산,도봉산석남,-,-
20:11,20:12,-,-
석남장암,장암온수,-,-
20:17,20:18,-,-
석남도봉산,도봉산석남,-,-
20:24,20:24,-,-
석남장암,장암온수,-,-
20:30,20:30,-,-
석남도봉산,도봉산석남,-,-
20:35,20:36,-,-
석남도봉산,장암온수,-,-
20:41,20:42,-,-
석남장암,도봉산석남,-,-
20:47,20:48,-,-
석남도봉산,장암온수,-,-
20:53,20:54,-,-
석남도봉산,도봉산석남,-,-
20:59,-,-,-
석남도봉산,-,-,-
21:06,21:01,-,-
석남장암,장암온수,-,-
21:13,21:08,-,-
석남도봉산,도봉산석남,-,-
21:20,21:15,-,-
석남도봉산,장암온수,-,-
21:27,21:22,-,-
석남장암,도봉산석남,-,-
21:34,21:29,-,-
석남도봉산,장암온수,-,-
21:41,21:36,-,-
석남도봉산,도봉산석남,-,-
21:49,21:44,-,-
석남장암,장암온수,-,-
21:55,21:51,-,-
온수도봉산,도봉산석남,-,-
-,21:59,-,-
-,장암온수,-,-
22:02,22:08,-,-
석남장암,도봉산석남,-,-
22:10,22:18,-,-
석남도봉산,도봉산온수,-,-
22:17,22:28,-,-
온수도봉산,장암석남,-,-
22:25,22:38,-,-
석남장암,도봉산온수,-,-
22:32,22:48,-,-
석남도봉산,장암석남,-,-
22:40,22:59,-,-
석남도봉산,도봉산온수,-,-
22:47,-,-,-
온수도봉산,-,-,-
22:55,-,-,-
석남장암,-,-,-
23:02,23:07,-,-
온수도봉산,장암석남,-,-
23:10,23:17,-,-
석남도봉산,도봉산온수,-,-
23:17,23:27,-,-
석남장암,장암석남,-,-
23:25,23:36,-,-
온수도봉산,도봉산온수,-,-
23:32,23:46막,-,-
석남장암,도봉산석남,-,-
23:45,23:56,-,-
석남도봉산,장암내방,-,-
23:57막,-,-,-
석남장암,-,-,-
0:13,00:06막,-,-
석남도봉산,도봉산온수,-,-
00:27막,00:21막,-,-
석남도봉산,장암신풍,-,-
00:45막,00:37막,-,-
석남태릉입구,장암청담,-,-
-,00:55막,-,-
-,장암건대입구,-,-
