﻿마포구청방면,합정방면,마포구청방면,합정방면
평일,평일,주말,주말
05:37첫,05:39첫,05:37첫,05:39첫
대흥응암순환,새절신내,대흥응암순환,새절신내
5:46,5:50,5:46,5:50
공덕응암순환,독바위봉화산,공덕응암순환,독바위봉화산
5:54,-,5:54,-
한강진응암순환,-,한강진응암순환,-
6:02,6:00,6:02,6:00
안암응암순환,응암신내,안암응암순환,응암신내
6:09,6:11,6:09,6:11
상월곡응암순환,응암봉화산,상월곡응암순환,응암봉화산
6:16,6:21,6:16,6:20
봉화산응암순환,응암신내,봉화산응암순환,응암신내
6:23,6:29,6:25,6:29
봉화산응암순환,응암봉화산,봉화산응암순환,응암봉화산
6:30,6:36,6:34,6:36
신내응암순환,응암신내,신내응암순환,응암신내
6:37,6:44,6:43,6:44
봉화산응암순환,응암봉화산,봉화산응암순환,응암봉화산
6:44,6:51,6:52,6:51
봉화산응암순환,응암신내,신내응암순환,응암봉화산
6:51,6:58,7:01,7:00
신내응암순환,응암봉화산,신내응암순환,응암신내
6:57,-,7:10,7:09
봉화산응암순환,-,봉화산응암순환,응암봉화산
7:03,7:05,7:19,7:17
신내응암순환,응암신내,신내응암순환,응암봉화산
7:09,7:12,7:28,7:26
봉화산응암순환,응암봉화산,봉화산응암순환,응암신내
7:15,7:19,7:37,7:35
봉화산응암순환,응암신내,신내응암순환,응암봉화산
7:20,7:26,7:46,7:44
신내응암순환,응암봉화산,봉화산응암순환,응암봉화산
7:25,7:32,7:55,7:53
봉화산응암순환,응암봉화산,신내응암순환,응암신내
7:30,7:38,8:04,8:02
봉화산응암순환,응암신내,봉화산응암순환,응암봉화산
7:34,7:44,8:13,8:11
봉화산응암순환,응암봉화산,신내응암순환,응암봉화산
7:39,7:47,8:22,8:20
신내응암순환,새절봉화산,봉화산응암순환,응암신내
7:43,7:51,8:31,8:29
봉화산응암순환,응암봉화산,신내응암순환,응암봉화산
7:47,7:55,8:40,8:38
봉화산응암순환,응암신내,봉화산응암순환,응암봉화산
7:51,-,8:49,8:47
봉화산응암순환,-,봉화산응암순환,응암신내
7:55,-,8:58,8:56
신내응암순환,-,신내응암순환,응암봉화산
7:59,-,9:07,9:05
봉화산응암순환,-,봉화산응암순환,응암봉화산
8:03,8:00,9:16,9:14
봉화산응암순환,응암봉화산,봉화산응암순환,응암신내
8:07,8:04,9:25,9:23
봉화산응암순환,응암봉화산,신내응암순환,응암봉화산
8:11,8:09,9:34,9:32
신내응암순환,응암봉화산,봉화산응암순환,응암봉화산
8:15,8:13,9:43,9:41
봉화산응암순환,응암봉화산,봉화산응암순환,응암신내
8:19,8:18,9:52,9:50
봉화산응암순환,응암신내,신내응암순환,응암봉화산
8:23,8:22,-,9:59
봉화산응암순환,응암봉화산,-,응암봉화산
8:27,8:26,10:01,10:08
신내응암순환,응암봉화산,봉화산응암순환,응암신내
8:31,8:30,10:10,10:17
봉화산응암순환,응암봉화산,봉화산응암순환,응암봉화산
8:35,8:34,10:19,10:26
봉화산응암순환,응암봉화산,신내응암순환,응암봉화산
8:39,8:38,10:28,10:35
봉화산응암순환,응암봉화산,봉화산응암순환,응암신내
8:43,8:42,10:37,10:44
신내응암순환,응암신내,봉화산응암순환,응암봉화산
8:47,8:46,10:46,10:53
봉화산응암순환,응암봉화산,신내응암순환,응암봉화산
8:51,8:50,10:55,-
봉화산응암순환,응암봉화산,봉화산응암순환,-
8:55,8:54,11:04,11:02
봉화산응암순환,응암봉화산,봉화산응암순환,응암신내
-,8:58,11:13,11:11
-,응암봉화산,신내응암순환,응암봉화산
9:00,9:02,11:22,11:20
신내응암순환,응암봉화산,봉화산응암순환,응암봉화산
9:04,9:06,11:31,11:29
봉화산응암순환,응암신내,봉화산응암순환,응암신내
9:09,9:10,11:40,11:38
봉화산응암순환,응암봉화산,신내응암순환,응암봉화산
9:13,9:14,11:49,11:47
봉화산새절,응암봉화산,봉화산응암순환,응암봉화산
9:18,9:18,11:58,11:56
신내응암순환,응암봉화산,봉화산응암순환,응암신내
9:24,9:22,12:07,12:05
봉화산응암순환,응암봉화산,신내응암순환,응암봉화산
9:29,9:26,12:16,12:14
봉화산응암순환,응암봉화산,봉화산응암순환,응암봉화산
9:35,9:30,12:25,12:23
신내응암순환,응암신내,봉화산응암순환,응암신내
9:42,9:34,12:34,12:32
봉화산응암순환,응암봉화산,신내응암순환,응암봉화산
9:49,9:39,12:43,12:41
봉화산응암순환,응암봉화산,봉화산응암순환,응암봉화산
9:57,9:45,12:52,12:50
신내응암순환,응암봉화산,봉화산응암순환,응암신내
-,9:53,-,12:59
-,응암신내,-,응암봉화산
-,9:58,13:01,13:08
-,응암봉화산,신내응암순환,응암봉화산
10:05,10:04,13:10,13:17
봉화산응암순환,응암봉화산,봉화산응암순환,응암신내
10:13,10:10,13:19,13:26
봉화산응암순환,응암봉화산,봉화산응암순환,응암봉화산
10:21,10:17,13:28,13:35
신내응암순환,응암신내,신내응암순환,응암봉화산
10:29,10:24,13:37,13:44
봉화산응암순환,응암봉화산,봉화산응암순환,응암신내
10:37,10:32,13:46,13:53
봉화산응암순환,응암봉화산,봉화산응암순환,응암봉화산
10:45,10:40,13:55,-
신내응암순환,응암신내,신내응암순환,-
10:53,10:48,14:04,14:02
봉화산응암순환,응암봉화산,봉화산응암순환,응암봉화산
-,10:56,14:13,14:11
-,응암봉화산,봉화산응암순환,응암신내
11:01,11:04,14:22,14:20
봉화산응암순환,응암신내,신내응암순환,응암봉화산
11:09,11:12,14:31,14:29
신내응암순환,응암봉화산,봉화산응암순환,응암봉화산
11:17,11:20,14:40,14:38
봉화산응암순환,응암봉화산,봉화산응암순환,응암신내
11:25,11:28,14:49,14:47
봉화산응암순환,응암신내,신내응암순환,응암봉화산
11:33,11:36,14:58,14:56
신내응암순환,응암봉화산,봉화산응암순환,응암봉화산
11:41,11:44,15:07,15:05
봉화산응암순환,응암봉화산,봉화산응암순환,응암신내
11:49,11:52,15:16,15:14
봉화산응암순환,응암신내,신내응암순환,응암봉화산
11:57,-,15:25,15:23
신내응암순환,-,봉화산응암순환,응암봉화산
12:05,12:00,15:34,15:32
봉화산응암순환,응암봉화산,봉화산응암순환,응암신내
12:13,12:08,15:43,15:41
봉화산응암순환,응암봉화산,신내응암순환,응암봉화산
12:21,12:16,15:52,15:50
신내응암순환,응암신내,봉화산응암순환,응암봉화산
12:28,12:24,-,15:59
봉화산응암순환,응암봉화산,-,응암신내
12:36,12:32,16:01,16:08
봉화산응암순환,응암봉화산,봉화산응암순환,응암봉화산
12:44,12:40,16:10,16:17
신내응암순환,응암신내,신내응암순환,응암봉화산
12:52,12:48,16:19,16:26
봉화산응암순환,응암봉화산,봉화산응암순환,응암신내
-,12:55,16:28,16:35
-,응암봉화산,봉화산응암순환,응암봉화산
13:00,13:03,16:37,16:44
봉화산응암순환,응암신내,신내응암순환,응암봉화산
13:08,13:11,16:46,16:53
신내응암순환,응암봉화산,봉화산응암순환,응암신내
13:16,13:19,16:55,-
봉화산응암순환,응암봉화산,봉화산응암순환,-
13:24,13:27,17:04,17:02
봉화산응암순환,응암신내,신내응암순환,응암봉화산
13:32,13:35,17:13,17:11
신내응암순환,응암봉화산,봉화산응암순환,응암봉화산
13:40,13:43,17:22,17:20
봉화산응암순환,응암봉화산,봉화산응암순환,응암신내
13:48,13:51,17:31,17:29
봉화산응암순환,응암신내,신내응암순환,응암봉화산
13:56,13:59,17:40,17:38
신내응암순환,응암봉화산,봉화산응암순환,응암봉화산
14:04,14:07,17:49,17:47
봉화산응암순환,응암봉화산,봉화산응암순환,응암신내
14:12,14:15,17:58,17:56
봉화산응암순환,응암신내,신내응암순환,응암봉화산
14:20,14:23,18:07,18:05
신내응암순환,응암봉화산,봉화산응암순환,응암봉화산
14:28,14:31,18:16,18:14
봉화산응암순환,응암봉화산,봉화산응암순환,응암신내
14:36,14:39,18:25,18:23
봉화산응암순환,응암신내,신내응암순환,응암봉화산
14:44,14:47,18:34,18:32
신내응암순환,응암봉화산,봉화산응암순환,응암봉화산
14:51,14:55,18:43,18:41
봉화산응암순환,응암봉화산,봉화산응암순환,응암신내
14:59,-,18:52,18:50
봉화산응암순환,-,신내응암순환,응암봉화산
15:07,15:03,-,18:59
신내응암순환,응암신내,-,응암봉화산
15:15,15:11,19:01,19:08
봉화산응암순환,응암봉화산,봉화산응암순환,응암신내
15:23,15:18,19:10,19:17
봉화산응암순환,응암봉화산,봉화산응암순환,응암봉화산
15:31,15:26,19:19,19:26
신내응암순환,응암신내,신내응암순환,응암봉화산
15:39,15:34,19:28,19:35
봉화산응암순환,응암봉화산,봉화산응암순환,응암신내
15:47,15:42,19:37,19:44
봉화산응암순환,응암봉화산,봉화산응암순환,응암봉화산
15:55,15:50,19:46,19:53
신내응암순환,응암신내,신내응암순환,응암봉화산
-,15:58,19:55,-
-,응암봉화산,봉화산응암순환,-
16:03,16:06,20:04,20:02
봉화산응암순환,응암봉화산,봉화산응암순환,응암신내
16:11,16:14,20:13,20:11
봉화산응암순환,응암신내,신내응암순환,응암봉화산
16:19,16:22,20:22,20:20
신내응암순환,응암봉화산,봉화산응암순환,응암봉화산
16:27,16:30,20:31,20:29
봉화산응암순환,응암봉화산,봉화산응암순환,응암신내
16:35,16:38,20:40,20:38
봉화산응암순환,응암신내,신내응암순환,응암봉화산
16:43,16:46,20:49,20:47
신내응암순환,응암봉화산,봉화산응암순환,응암봉화산
16:52,16:54,20:58,20:56
봉화산응암순환,응암봉화산,봉화산응암순환,응암신내
16:59,-,21:07,21:05
봉화산응암순환,-,신내응암순환,응암봉화산
17:05,17:02,21:16,21:14
신내응암순환,응암신내,봉화산응암순환,응암봉화산
17:10,17:10,21:26,21:23
봉화산응암순환,응암봉화산,봉화산응암순환,응암신내
17:17,17:18,21:36,21:32
봉화산응암순환,응암신내,신내응암순환,응암봉화산
17:22,17:26,21:46,21:41
봉화산응암순환,응암봉화산,봉화산응암순환,응암신내
17:28,17:33,21:56,21:50
신내응암순환,응암신내,봉화산응암순환,응암봉화산
17:34,17:39,22:06,22:00
봉화산응암순환,응암봉화산,신내응암순환,응암봉화산
17:40,17:45,22:16,22:10
봉화산응암순환,응암봉화산,봉화산응암순환,응암신내
17:46,17:51,22:26,22:20
봉화산응암순환,응암신내,봉화산응암순환,응암봉화산
17:52,17:57,22:36,22:30
신내응암순환,응암봉화산,신내응암순환,응암봉화산
17:58,-,22:46,22:40
봉화산응암순환,-,봉화산응암순환,응암신내
18:04,18:03,22:56,22:50
봉화산응암순환,응암봉화산,신내응암순환,응암봉화산
18:10,18:09,23:08,23:00막
봉화산응암순환,응암신내,봉화산응암순환,응암신내
18:16,18:15,23:18,23:10
신내응암순환,응암봉화산,신내응암순환,응암봉화산
18:22,18:21,23:30막,23:20막
봉화산응암순환,응암봉화산,봉화산응암순환,응암봉화산
18:28,18:27,23:42막,23:31막
봉화산응암순환,응암봉화산,신내독바위,응암안암
18:34,18:33,23:53막,23:42막
봉화산응암순환,응암신내,봉화산응암,응암한강진
18:40,18:39,-,23:53막
신내응암순환,응암봉화산,-,응암공덕
18:45,18:45,-,-
봉화산응암순환,응암봉화산,-,-
18:50,18:51,-,-
봉화산응암순환,응암신내,-,-
18:55,18:57,-,-
신내응암순환,응암봉화산,-,-
19:00,19:03,-,-
봉화산응암순환,응암봉화산,-,-
19:05,19:09,-,-
봉화산응암순환,응암봉화산,-,-
19:11,19:14,-,-
신내응암순환,응암신내,-,-
19:17,19:20,-,-
봉화산응암순환,응암봉화산,-,-
19:23,19:25,-,-
봉화산응암순환,응암봉화산,-,-
19:29,19:30,-,-
신내응암순환,응암신내,-,-
19:36,19:35,-,-
봉화산응암순환,응암봉화산,-,-
19:42,19:40,-,-
봉화산응암순환,응암봉화산,-,-
19:49,19:46,-,-
신내응암순환,응암봉화산,-,-
19:56,19:52,-,-
봉화산응암순환,응암봉화산,-,-
-,19:58,-,-
-,응암신내,-,-
20:03,20:04,-,-
봉화산응암순환,응암봉화산,-,-
20:10,20:10,-,-
신내응암순환,응암신내,-,-
20:17,20:17,-,-
봉화산응암순환,응암봉화산,-,-
20:24,20:24,-,-
봉화산응암순환,응암봉화산,-,-
20:31,20:31,-,-
신내응암순환,응암신내,-,-
20:38,20:38,-,-
봉화산응암순환,응암봉화산,-,-
20:45,20:45,-,-
봉화산응암순환,응암봉화산,-,-
20:53,20:52,-,-
신내응암순환,응암신내,-,-
-,20:59,-,-
-,응암봉화산,-,-
21:01,21:06,-,-
봉화산응암순환,응암봉화산,-,-
21:09,21:13,-,-
신내응암순환,응암신내,-,-
21:17,21:20,-,-
봉화산응암순환,응암봉화산,-,-
21:25,21:28,-,-
봉화산응암순환,응암봉화산,-,-
21:33,21:36,-,-
신내응암순환,응암봉화산,-,-
21:42,21:44,-,-
봉화산응암순환,응암신내,-,-
21:50,21:52,-,-
신내응암순환,응암봉화산,-,-
21:58,-,-,-
봉화산응암순환,-,-,-
22:07,22:00,-,-
신내응암순환,응암신내,-,-
22:16,22:07,-,-
봉화산응암순환,응암봉화산,-,-
22:24,22:16,-,-
봉화산응암순환,응암신내,-,-
22:32,22:24,-,-
신내응암순환,응암봉화산,-,-
22:41,22:33,-,-
봉화산응암순환,응암신내,-,-
22:50,22:42,-,-
신내응암순환,응암봉화산,-,-
22:59,22:51,-,-
봉화산응암순환,응암신내,-,-
-,22:59,-,-
-,응암봉화산,-,-
23:09,23:07,-,-
봉화산응암순환,응암신내,-,-
23:19,23:16,-,-
신내응암순환,응암봉화산,-,-
23:30,23:25,-,-
봉화산응암순환,응암봉화산,-,-
23:38,23:34,-,-
신내응암순환,응암신내,-,-
23:46,23:44,-,-
봉화산응암순환,응암봉화산,-,-
23:56,23:53막,-,-
신내응암순환,응암신내,-,-
0:05,0:05,-,-
봉화산독바위,응암봉화산,-,-
0:14,00:13막,-,-
신내응암순환,응암봉화산,-,-
00:29막,0:21,-,-
신내응암순환,응암대흥,-,-
00:45막,00:31막,-,-
신내새절,응암한강진,-,-
-,00:49막,-,-
-,응암공덕,-,-
