﻿망원방면,상수방면,망원방면,상수방면
평일,평일,주말,주말
05:35첫,05:41첫,05:35첫,05:41첫
대흥응암순환,새절신내,대흥응암순환,새절신내
5:44,5:52,5:44,5:52
공덕응암순환,독바위봉화산,공덕응암순환,독바위봉화산
5:52,-,5:52,-
한강진응암순환,-,한강진응암순환,-
6:00,6:02,6:00,6:02
안암응암순환,응암신내,안암응암순환,응암신내
6:07,6:13,6:07,6:13
상월곡응암순환,응암봉화산,상월곡응암순환,응암봉화산
6:14,6:23,6:14,6:22
봉화산응암순환,응암신내,봉화산응암순환,응암신내
6:21,6:31,6:24,6:31
봉화산응암순환,응암봉화산,봉화산응암순환,응암봉화산
6:28,6:38,6:33,6:38
신내응암순환,응암신내,신내응암순환,응암신내
6:35,6:46,6:41,6:46
봉화산응암순환,응암봉화산,봉화산응암순환,응암봉화산
6:42,6:53,6:50,6:53
봉화산응암순환,응암신내,신내응암순환,응암봉화산
6:49,-,6:59,-
신내응암순환,-,신내응암순환,-
6:55,-,7:08,7:02
봉화산응암순환,-,봉화산응암순환,응암신내
7:01,7:00,7:17,7:11
신내응암순환,응암봉화산,신내응암순환,응암봉화산
7:07,7:07,7:26,7:19
봉화산응암순환,응암신내,봉화산응암순환,응암봉화산
7:13,7:14,7:35,7:28
봉화산응암순환,응암봉화산,신내응암순환,응암신내
7:18,7:21,7:44,7:37
신내응암순환,응암신내,봉화산응암순환,응암봉화산
7:23,7:28,7:53,7:46
봉화산응암순환,응암봉화산,신내응암순환,응암봉화산
7:28,7:34,-,7:55
봉화산응암순환,응암봉화산,-,응암신내
7:33,7:40,8:02,8:04
봉화산응암순환,응암신내,봉화산응암순환,응암봉화산
7:37,7:46,8:11,8:13
신내응암순환,응암봉화산,신내응암순환,응암봉화산
7:42,7:49,8:20,8:22
봉화산응암순환,새절봉화산,봉화산응암순환,응암신내
7:46,7:53,8:29,8:31
봉화산응암순환,응암봉화산,신내응암순환,응암봉화산
7:50,7:57,8:38,8:40
봉화산응암순환,응암신내,봉화산응암순환,응암봉화산
7:54,-,8:47,8:49
신내응암순환,-,봉화산응암순환,응암신내
7:57,-,8:56,8:58
봉화산응암순환,-,신내응암순환,응암봉화산
8:01,8:02,9:05,9:07
봉화산응암순환,응암봉화산,봉화산응암순환,응암봉화산
8:05,8:06,9:14,9:16
봉화산응암순환,응암봉화산,봉화산응암순환,응암신내
8:10,8:11,9:23,9:25
신내응암순환,응암봉화산,신내응암순환,응암봉화산
8:14,8:15,9:32,9:34
봉화산응암순환,응암봉화산,봉화산응암순환,응암봉화산
8:18,8:20,9:41,9:43
봉화산응암순환,응암신내,봉화산응암순환,응암신내
8:22,8:24,9:50,9:52
봉화산응암순환,응암봉화산,신내응암순환,응암봉화산
8:26,8:28,9:59,-
신내응암순환,응암봉화산,봉화산응암순환,-
8:30,8:32,10:08,10:01
봉화산응암순환,응암봉화산,봉화산응암순환,응암봉화산
8:34,8:36,10:17,10:10
봉화산응암순환,응암봉화산,신내응암순환,응암신내
8:37,8:40,10:26,10:19
봉화산응암순환,응암봉화산,봉화산응암순환,응암봉화산
8:41,8:44,10:35,10:28
신내응암순환,응암신내,봉화산응암순환,응암봉화산
8:45,8:48,10:44,10:37
봉화산응암순환,응암봉화산,신내응암순환,응암신내
8:49,8:52,10:53,10:46
봉화산응암순환,응암봉화산,봉화산응암순환,응암봉화산
8:53,8:56,-,10:55
봉화산응암순환,응암봉화산,-,응암봉화산
8:58,-,11:02,11:04
신내응암순환,-,봉화산응암순환,응암신내
9:02,9:00,11:11,11:13
봉화산응암순환,응암봉화산,신내응암순환,응암봉화산
9:07,9:04,11:20,11:22
봉화산응암순환,응암봉화산,봉화산응암순환,응암봉화산
9:11,9:08,11:29,11:31
봉화산새절,응암신내,봉화산응암순환,응암신내
9:16,9:12,11:38,11:40
신내응암순환,응암봉화산,신내응암순환,응암봉화산
9:22,9:16,11:47,11:49
봉화산응암순환,응암봉화산,봉화산응암순환,응암봉화산
9:27,9:20,11:56,11:58
봉화산응암순환,응암봉화산,봉화산응암순환,응암신내
9:33,9:24,12:05,12:07
신내응암순환,응암봉화산,신내응암순환,응암봉화산
9:40,9:28,12:14,12:16
봉화산응암순환,응암봉화산,봉화산응암순환,응암봉화산
9:47,9:32,12:23,12:25
봉화산응암순환,응암신내,봉화산응암순환,응암신내
9:55,9:36,12:32,12:34
신내응암순환,응암봉화산,신내응암순환,응암봉화산
-,9:41,12:41,12:43
-,응암봉화산,봉화산응암순환,응암봉화산
-,9:47,12:50,12:52
-,응암봉화산,봉화산응암순환,응암신내
-,9:55,12:59,-
-,응암신내,신내응암순환,-
10:03,10:00,13:08,13:01
봉화산응암순환,응암봉화산,봉화산응암순환,응암봉화산
10:11,10:06,13:17,13:10
봉화산응암순환,응암봉화산,봉화산응암순환,응암봉화산
10:19,10:12,13:26,13:19
신내응암순환,응암봉화산,신내응암순환,응암신내
10:27,10:19,13:35,13:28
봉화산응암순환,응암신내,봉화산응암순환,응암봉화산
10:35,10:26,13:44,13:37
봉화산응암순환,응암봉화산,봉화산응암순환,응암봉화산
10:43,10:34,13:53,13:46
신내응암순환,응암봉화산,신내응암순환,응암신내
10:51,10:42,-,13:55
봉화산응암순환,응암신내,-,응암봉화산
10:59,10:50,14:02,14:04
봉화산응암순환,응암봉화산,봉화산응암순환,응암봉화산
-,10:58,14:11,14:13
-,응암봉화산,봉화산응암순환,응암신내
11:07,11:06,14:20,14:22
신내응암순환,응암신내,신내응암순환,응암봉화산
11:15,11:14,14:29,14:31
봉화산응암순환,응암봉화산,봉화산응암순환,응암봉화산
11:23,11:22,14:38,14:40
봉화산응암순환,응암봉화산,봉화산응암순환,응암신내
11:31,11:30,14:47,14:49
신내응암순환,응암신내,신내응암순환,응암봉화산
11:39,11:38,14:56,14:58
봉화산응암순환,응암봉화산,봉화산응암순환,응암봉화산
11:47,11:46,15:05,15:07
봉화산응암순환,응암봉화산,봉화산응암순환,응암신내
11:55,11:54,15:14,15:16
신내응암순환,응암신내,신내응암순환,응암봉화산
12:03,12:02,15:23,15:25
봉화산응암순환,응암봉화산,봉화산응암순환,응암봉화산
12:11,12:10,15:32,15:34
봉화산응암순환,응암봉화산,봉화산응암순환,응암신내
12:19,12:18,15:41,15:43
신내응암순환,응암신내,신내응암순환,응암봉화산
12:26,12:26,15:50,15:52
봉화산응암순환,응암봉화산,봉화산응암순환,응암봉화산
12:34,12:34,15:59,-
봉화산응암순환,응암봉화산,봉화산응암순환,-
12:42,12:42,16:08,16:01
신내응암순환,응암신내,신내응암순환,응암신내
12:50,12:50,16:17,16:10
봉화산응암순환,응암봉화산,봉화산응암순환,응암봉화산
12:58,12:57,16:26,16:19
봉화산응암순환,응암봉화산,봉화산응암순환,응암봉화산
13:06,13:05,16:35,16:28
신내응암순환,응암신내,신내응암순환,응암신내
13:14,13:13,16:44,16:37
봉화산응암순환,응암봉화산,봉화산응암순환,응암봉화산
13:22,13:21,16:53,16:46
봉화산응암순환,응암봉화산,봉화산응암순환,응암봉화산
13:30,13:29,-,16:55
신내응암순환,응암신내,-,응암신내
13:38,13:37,17:02,17:04
봉화산응암순환,응암봉화산,신내응암순환,응암봉화산
13:46,13:45,17:11,17:13
봉화산응암순환,응암봉화산,봉화산응암순환,응암봉화산
13:54,13:53,17:20,17:22
신내응암순환,응암신내,봉화산응암순환,응암신내
14:02,14:01,17:29,17:31
봉화산응암순환,응암봉화산,신내응암순환,응암봉화산
14:10,14:09,17:38,17:40
봉화산응암순환,응암봉화산,봉화산응암순환,응암봉화산
14:18,14:17,17:47,17:49
신내응암순환,응암신내,봉화산응암순환,응암신내
14:26,14:25,17:56,17:58
봉화산응암순환,응암봉화산,신내응암순환,응암봉화산
14:34,14:33,18:05,18:07
봉화산응암순환,응암봉화산,봉화산응암순환,응암봉화산
14:42,14:41,18:14,18:16
신내응암순환,응암신내,봉화산응암순환,응암신내
14:49,14:49,18:23,18:25
봉화산응암순환,응암봉화산,신내응암순환,응암봉화산
14:57,14:57,18:32,18:34
봉화산응암순환,응암봉화산,봉화산응암순환,응암봉화산
15:05,15:05,18:41,18:43
신내응암순환,응암신내,봉화산응암순환,응암신내
15:13,15:13,18:50,18:52
봉화산응암순환,응암봉화산,신내응암순환,응암봉화산
15:21,15:20,18:59,-
봉화산응암순환,응암봉화산,봉화산응암순환,-
15:29,15:28,19:08,19:01
신내응암순환,응암신내,봉화산응암순환,응암봉화산
15:37,15:36,19:17,19:10
봉화산응암순환,응암봉화산,신내응암순환,응암신내
15:45,15:44,19:26,19:19
봉화산응암순환,응암봉화산,봉화산응암순환,응암봉화산
15:53,15:52,19:35,19:28
신내응암순환,응암신내,봉화산응암순환,응암봉화산
16:01,16:00,19:44,19:37
봉화산응암순환,응암봉화산,신내응암순환,응암신내
16:09,16:08,19:53,19:46
봉화산응암순환,응암봉화산,봉화산응암순환,응암봉화산
16:17,16:16,-,19:55
신내응암순환,응암신내,-,응암봉화산
16:25,16:24,20:02,20:04
봉화산응암순환,응암봉화산,봉화산응암순환,응암신내
16:33,16:32,20:11,20:13
봉화산응암순환,응암봉화산,신내응암순환,응암봉화산
16:41,16:40,20:20,20:22
신내응암순환,응암신내,봉화산응암순환,응암봉화산
16:50,16:48,20:29,20:31
봉화산응암순환,응암봉화산,봉화산응암순환,응암신내
16:57,16:56,20:38,20:40
봉화산응암순환,응암봉화산,신내응암순환,응암봉화산
17:03,17:04,20:47,20:49
신내응암순환,응암신내,봉화산응암순환,응암봉화산
17:09,17:12,20:56,20:58
봉화산응암순환,응암봉화산,봉화산응암순환,응암신내
17:15,17:20,21:05,21:07
봉화산응암순환,응암신내,신내응암순환,응암봉화산
17:20,17:28,21:14,21:16
봉화산응암순환,응암봉화산,봉화산응암순환,응암봉화산
17:26,17:35,21:24,21:25
신내응암순환,응암신내,봉화산응암순환,응암신내
17:32,17:41,21:34,21:34
봉화산응암순환,응암봉화산,신내응암순환,응암봉화산
17:38,17:47,21:44,21:43
봉화산응암순환,응암봉화산,봉화산응암순환,응암신내
17:44,17:53,21:54,21:52
봉화산응암순환,응암신내,봉화산응암순환,응암봉화산
17:50,17:59,22:04,22:02
신내응암순환,응암봉화산,신내응암순환,응암봉화산
17:56,-,22:14,22:12
봉화산응암순환,-,봉화산응암순환,응암신내
18:02,18:05,22:24,22:22
봉화산응암순환,응암봉화산,봉화산응암순환,응암봉화산
18:08,18:11,22:34,22:32
봉화산응암순환,응암신내,신내응암순환,응암봉화산
18:14,18:17,22:44,22:42
신내응암순환,응암봉화산,봉화산응암순환,응암신내
18:20,18:23,22:55,22:52
봉화산응암순환,응암봉화산,신내응암순환,응암봉화산
18:26,18:29,23:06,23:02막
봉화산응암순환,응암봉화산,봉화산응암순환,응암신내
18:32,18:35,23:17,23:12
봉화산응암순환,응암신내,신내응암순환,응암봉화산
18:38,18:41,23:29막,23:22막
신내응암순환,응암봉화산,봉화산응암순환,응암봉화산
18:43,18:47,23:41막,23:33막
봉화산응암순환,응암봉화산,신내독바위,응암안암
18:48,18:53,23:52막,23:44막
봉화산응암순환,응암신내,봉화산응암,응암한강진
18:53,18:59,-,23:55막
신내응암순환,응암봉화산,-,응암공덕
18:58,-,-,-
봉화산응암순환,-,-,-
19:03,19:05,-,-
봉화산응암순환,응암봉화산,-,-
19:09,19:11,-,-
신내응암순환,응암봉화산,-,-
19:15,19:16,-,-
봉화산응암순환,응암신내,-,-
19:21,19:22,-,-
봉화산응암순환,응암봉화산,-,-
19:27,19:27,-,-
신내응암순환,응암봉화산,-,-
19:34,19:32,-,-
봉화산응암순환,응암신내,-,-
19:40,19:37,-,-
봉화산응암순환,응암봉화산,-,-
19:47,19:42,-,-
신내응암순환,응암봉화산,-,-
19:54,19:48,-,-
봉화산응암순환,응암봉화산,-,-
-,19:54,-,-
-,응암봉화산,-,-
20:01,20:00,-,-
봉화산응암순환,응암신내,-,-
20:08,20:06,-,-
신내응암순환,응암봉화산,-,-
20:15,20:12,-,-
봉화산응암순환,응암신내,-,-
20:22,20:19,-,-
봉화산응암순환,응암봉화산,-,-
20:29,20:26,-,-
신내응암순환,응암봉화산,-,-
20:36,20:33,-,-
봉화산응암순환,응암신내,-,-
20:43,20:40,-,-
봉화산응암순환,응암봉화산,-,-
20:51,20:47,-,-
신내응암순환,응암봉화산,-,-
20:59,20:54,-,-
봉화산응암순환,응암신내,-,-
21:07,21:01,-,-
신내응암순환,응암봉화산,-,-
21:15,21:08,-,-
봉화산응암순환,응암봉화산,-,-
21:23,21:15,-,-
봉화산응암순환,응암신내,-,-
21:31,21:22,-,-
신내응암순환,응암봉화산,-,-
21:40,21:30,-,-
봉화산응암순환,응암봉화산,-,-
21:48,21:38,-,-
신내응암순환,응암봉화산,-,-
21:56,21:46,-,-
봉화산응암순환,응암신내,-,-
-,21:54,-,-
-,응암봉화산,-,-
22:05,22:02,-,-
신내응암순환,응암신내,-,-
22:14,22:09,-,-
봉화산응암순환,응암봉화산,-,-
22:22,22:18,-,-
봉화산응암순환,응암신내,-,-
22:30,22:26,-,-
신내응암순환,응암봉화산,-,-
22:39,22:35,-,-
봉화산응암순환,응암신내,-,-
22:48,22:44,-,-
신내응암순환,응암봉화산,-,-
22:57,22:53,-,-
봉화산응암순환,응암신내,-,-
23:07,23:01,-,-
봉화산응암순환,응암봉화산,-,-
23:17,23:09,-,-
신내응암순환,응암신내,-,-
23:28,23:18,-,-
봉화산응암순환,응암봉화산,-,-
23:36,23:27,-,-
신내응암순환,응암봉화산,-,-
23:44,23:36,-,-
봉화산응암순환,응암신내,-,-
23:54,23:46,-,-
신내응암순환,응암봉화산,-,-
-,23:55막,-,-
-,응암신내,-,-
0:03,0:07,-,-
봉화산독바위,응암봉화산,-,-
0:12,00:15막,-,-
신내응암순환,응암봉화산,-,-
00:27막,0:23,-,-
신내응암순환,응암대흥,-,-
00:43막,00:33막,-,-
신내새절,응암한강진,-,-
-,00:51막,-,-
-,응암공덕,-,-
