﻿신당방면,창신방면,신당방면,창신방면
평일,평일,주말,주말
05:35첫,05:38첫,05:35첫,05:38첫
안암응암순환,한강진신내,안암응암순환,한강진신내
5:42,5:52,5:42,5:52
상월곡응암순환,공덕신내,상월곡응암순환,공덕신내
5:49,-,5:49,-
봉화산응암순환,-,봉화산응암순환,-
5:56,-,5:58,-
봉화산응암순환,-,봉화산응암순환,-
6:03,6:06,6:07,6:06
신내응암순환,새절신내,신내응암순환,새절신내
6:10,6:17,6:16,6:17
봉화산응암순환,독바위봉화산,봉화산응암순환,독바위봉화산
6:17,6:28,6:25,6:28
봉화산응암순환,응암신내,신내응암순환,응암신내
6:24,6:38,6:34,6:38
신내응암순환,응암봉화산,신내응암순환,응암봉화산
6:30,6:48,6:43,6:47
봉화산응암순환,응암신내,봉화산응암순환,응암신내
6:36,6:56,6:52,6:56
신내응암순환,응암봉화산,신내응암순환,응암봉화산
6:42,-,7:01,7:03
봉화산응암순환,-,봉화산응암순환,응암신내
6:48,-,7:10,7:11
봉화산응암순환,-,신내응암순환,응암봉화산
6:53,-,7:19,7:18
신내응암순환,-,봉화산응암순환,응암봉화산
6:58,-,7:28,7:27
봉화산응암순환,-,신내응암순환,응암신내
7:03,7:03,7:37,7:36
봉화산응암순환,응암신내,봉화산응암순환,응암봉화산
7:07,7:11,7:46,7:44
봉화산응암순환,응암봉화산,신내응암순환,응암봉화산
7:12,7:18,7:55,7:53
신내응암순환,응암신내,봉화산응암순환,응암신내
7:16,7:25,8:04,8:02
봉화산응암순환,응암봉화산,신내응암순환,응암봉화산
7:20,7:32,8:13,8:11
봉화산응암순환,응암신내,봉화산응암순환,응암봉화산
7:24,7:39,8:22,8:20
봉화산응암순환,응암봉화산,봉화산응암순환,응암신내
7:28,7:46,8:31,8:29
신내응암순환,응암신내,신내응암순환,응암봉화산
7:32,7:53,8:40,8:38
봉화산응암순환,응암봉화산,봉화산응암순환,응암봉화산
7:36,7:59,8:49,8:47
봉화산응암순환,응암봉화산,봉화산응암순환,응암신내
7:40,-,8:58,8:56
봉화산응암순환,-,신내응암순환,응암봉화산
7:44,-,9:07,9:05
신내응암순환,-,봉화산응암순환,응암봉화산
7:48,-,9:16,9:14
봉화산응암순환,-,봉화산응암순환,응암신내
7:52,-,9:25,9:23
봉화산응암순환,-,신내응암순환,응암봉화산
7:56,-,9:34,9:32
봉화산응암순환,-,봉화산응암순환,응암봉화산
8:00,8:05,9:43,9:41
신내응암순환,응암신내,봉화산응암순환,응암신내
8:04,8:11,9:52,9:50
봉화산응암순환,응암봉화산,신내응암순환,응암봉화산
8:08,8:14,-,9:59
봉화산응암순환,새절봉화산,-,응암봉화산
8:12,8:18,10:01,10:08
봉화산응암순환,응암봉화산,봉화산응암순환,응암신내
8:16,8:22,10:10,10:17
신내응암순환,응암신내,봉화산응암순환,응암봉화산
8:20,8:27,10:19,10:26
봉화산응암순환,응암봉화산,신내응암순환,응암봉화산
8:24,8:31,10:28,10:35
봉화산응암순환,응암봉화산,봉화산응암순환,응암신내
8:28,8:36,10:37,10:44
봉화산응암순환,응암봉화산,봉화산응암순환,응암봉화산
8:33,8:40,10:46,10:53
신내응암순환,응암봉화산,신내응암순환,응암봉화산
8:37,8:45,10:55,-
봉화산응암순환,응암신내,봉화산응암순환,-
8:42,8:49,11:04,11:02
봉화산응암순환,응암봉화산,봉화산응암순환,응암신내
8:46,8:53,11:13,11:11
봉화산새절,응암봉화산,신내응암순환,응암봉화산
8:51,8:57,11:22,11:20
신내응암순환,응암봉화산,봉화산응암순환,응암봉화산
8:57,-,11:31,11:29
봉화산응암순환,-,봉화산응암순환,응암신내
9:02,9:01,11:40,11:38
봉화산응암순환,응암봉화산,신내응암순환,응암봉화산
9:08,9:05,11:49,11:47
신내응암순환,응암봉화산,봉화산응암순환,응암봉화산
9:15,9:09,11:58,11:56
봉화산응암순환,응암신내,봉화산응암순환,응암신내
9:22,9:13,12:07,12:05
봉화산응암순환,응암봉화산,신내응암순환,응암봉화산
9:30,9:17,12:16,12:14
신내응암순환,응암봉화산,봉화산응암순환,응암봉화산
9:38,9:21,12:25,12:23
봉화산응암순환,응암봉화산,봉화산응암순환,응암신내
9:46,9:25,12:34,12:32
봉화산응암순환,응암봉화산,신내응암순환,응암봉화산
9:54,9:29,12:43,12:41
신내응암순환,응암봉화산,봉화산응암순환,응암봉화산
-,9:33,12:52,12:50
-,응암신내,봉화산응암순환,응암신내
-,9:37,-,12:59
-,응암봉화산,-,응암봉화산
-,9:41,13:01,13:08
-,응암봉화산,신내응암순환,응암봉화산
-,9:45,13:10,13:17
-,응암봉화산,봉화산응암순환,응암신내
-,9:49,13:19,13:26
-,응암봉화산,봉화산응암순환,응암봉화산
-,9:53,13:28,13:35
-,응암봉화산,신내응암순환,응암봉화산
-,9:57,13:37,13:44
-,응암신내,봉화산응암순환,응암신내
10:02,10:02,13:46,13:53
봉화산응암순환,응암봉화산,봉화산응암순환,응암봉화산
10:10,10:06,13:55,-
봉화산응암순환,응암봉화산,신내응암순환,-
10:18,10:12,14:04,14:02
신내응암순환,응암봉화산,봉화산응암순환,응암봉화산
10:26,10:20,14:13,14:11
봉화산응암순환,응암신내,봉화산응암순환,응암신내
10:34,10:26,14:22,14:20
봉화산응암순환,응암봉화산,신내응암순환,응암봉화산
10:42,10:31,14:31,14:29
신내응암순환,응암봉화산,봉화산응암순환,응암봉화산
10:50,10:37,14:40,14:38
봉화산응암순환,응암봉화산,봉화산응암순환,응암신내
10:58,10:44,14:49,14:47
봉화산응암순환,응암신내,신내응암순환,응암봉화산
-,10:51,14:58,14:56
-,응암봉화산,봉화산응암순환,응암봉화산
-,10:59,15:07,15:05
-,응암봉화산,봉화산응암순환,응암신내
11:06,11:07,15:16,15:14
신내응암순환,응암신내,신내응암순환,응암봉화산
11:14,11:15,15:25,15:23
봉화산응암순환,응암봉화산,봉화산응암순환,응암봉화산
11:22,11:23,15:34,15:32
봉화산응암순환,응암봉화산,봉화산응암순환,응암신내
11:30,11:31,15:43,15:41
신내응암순환,응암신내,신내응암순환,응암봉화산
11:38,11:39,15:52,15:50
봉화산응암순환,응암봉화산,봉화산응암순환,응암봉화산
11:46,11:47,-,15:59
봉화산응암순환,응암봉화산,-,응암신내
11:54,11:55,16:01,16:08
신내응암순환,응암신내,봉화산응암순환,응암봉화산
12:01,12:03,16:10,16:17
봉화산응암순환,응암봉화산,신내응암순환,응암봉화산
12:09,12:11,16:19,16:26
봉화산응암순환,응암봉화산,봉화산응암순환,응암신내
12:17,12:19,16:28,16:35
신내응암순환,응암신내,봉화산응암순환,응암봉화산
12:25,12:27,16:37,16:44
봉화산응암순환,응암봉화산,신내응암순환,응암봉화산
12:33,12:35,16:46,16:53
봉화산응암순환,응암봉화산,봉화산응암순환,응암신내
12:41,12:43,16:55,-
신내응암순환,응암신내,봉화산응암순환,-
12:49,12:51,17:04,17:02
봉화산응암순환,응암봉화산,신내응암순환,응암봉화산
12:57,12:59,17:13,17:11
봉화산응암순환,응암봉화산,봉화산응암순환,응암봉화산
13:05,13:07,17:22,17:20
신내응암순환,응암신내,봉화산응암순환,응암신내
13:13,13:15,17:31,17:29
봉화산응암순환,응암봉화산,신내응암순환,응암봉화산
13:21,13:23,17:40,17:38
봉화산응암순환,응암봉화산,봉화산응암순환,응암봉화산
13:29,13:30,17:49,17:47
신내응암순환,응암신내,봉화산응암순환,응암신내
13:37,13:38,17:58,17:56
봉화산응암순환,응암봉화산,신내응암순환,응암봉화산
13:45,13:46,18:07,18:05
봉화산응암순환,응암봉화산,봉화산응암순환,응암봉화산
13:53,13:54,18:16,18:14
신내응암순환,응암신내,봉화산응암순환,응암신내
14:01,14:02,18:25,18:23
봉화산응암순환,응암봉화산,신내응암순환,응암봉화산
14:09,14:10,18:34,18:32
봉화산응암순환,응암봉화산,봉화산응암순환,응암봉화산
14:17,14:18,18:43,18:41
신내응암순환,응암신내,봉화산응암순환,응암신내
14:24,14:26,18:52,18:50
봉화산응암순환,응암봉화산,신내응암순환,응암봉화산
14:32,14:34,-,18:59
봉화산응암순환,응암봉화산,-,응암봉화산
14:40,14:42,19:01,19:08
신내응암순환,응암신내,봉화산응암순환,응암신내
14:48,14:50,19:10,19:17
봉화산응암순환,응암봉화산,봉화산응암순환,응암봉화산
14:56,14:58,19:19,19:26
봉화산응암순환,응암봉화산,신내응암순환,응암봉화산
15:04,15:06,19:28,19:35
신내응암순환,응암신내,봉화산응암순환,응암신내
15:12,15:14,19:37,19:44
봉화산응암순환,응암봉화산,봉화산응암순환,응암봉화산
15:20,15:22,19:46,19:53
봉화산응암순환,응암봉화산,신내응암순환,응암봉화산
15:28,15:30,19:55,-
신내응암순환,응암신내,봉화산응암순환,-
15:36,15:38,20:04,20:02
봉화산응암순환,응암봉화산,봉화산응암순환,응암신내
15:44,15:46,20:13,20:11
봉화산응암순환,응암봉화산,신내응암순환,응암봉화산
15:52,15:53,20:22,20:20
신내응암순환,응암신내,봉화산응암순환,응암봉화산
16:00,16:01,20:31,20:29
봉화산응암순환,응암봉화산,봉화산응암순환,응암신내
16:08,16:09,20:40,20:38
봉화산응암순환,응암봉화산,신내응암순환,응암봉화산
16:16,16:17,20:49,20:47
신내응암순환,응암신내,봉화산응암순환,응암봉화산
16:24,16:25,20:59,20:56
봉화산응암순환,응암봉화산,봉화산응암순환,응암신내
16:31,16:33,21:09,21:05
봉화산응암순환,응암봉화산,신내응암순환,응암봉화산
16:38,16:41,21:19,21:14
신내응암순환,응암신내,봉화산응암순환,응암봉화산
16:43,16:49,21:29,21:23
봉화산응암순환,응암봉화산,봉화산응암순환,응암신내
16:49,16:57,21:39,21:32
봉화산응암순환,응암봉화산,신내응암순환,응암봉화산
16:55,-,21:49,21:41
봉화산응암순환,-,봉화산응암순환,응암봉화산
17:01,17:05,21:59,21:50
신내응암순환,응암신내,봉화산응암순환,응암신내
17:07,17:13,-,21:59
봉화산응암순환,응암봉화산,-,응암봉화산
17:13,17:21,22:09,22:08
봉화산응암순환,응암봉화산,신내응암순환,응암신내
17:19,17:29,22:19,22:17
봉화산응암순환,응암신내,봉화산응암순환,응암봉화산
17:25,17:37,22:29,22:27
신내응암순환,응암봉화산,신내응암순환,응암봉화산
17:31,17:45,22:41,22:37
봉화산응암순환,응암신내,봉화산응암순환,응암신내
17:37,17:54,22:51,22:47
봉화산응암순환,응암봉화산,신내응암순환,응암봉화산
17:43,-,-,22:57
봉화산응암순환,-,-,응암봉화산
17:49,-,23:03막,23:07
신내응암순환,-,봉화산응암순환,응암신내
17:55,-,23:15막,23:17
봉화산응암순환,-,신내독바위,응암봉화산
18:01,18:01,23:26막,23:27막
봉화산응암순환,응암신내,봉화산응암,응암신내
18:07,18:07,23:37막,23:37
봉화산응암순환,응암봉화산,신내대흥,응암봉화산
18:13,18:12,23:48막,23:47막
신내응암순환,응암봉화산,봉화산공덕,응암봉화산
18:18,18:19,23:59막,23:58막
봉화산응암순환,응암신내,봉화산한강진,응암안암
18:23,18:24,-,-
봉화산응암순환,응암봉화산,-,-
18:28,18:30,-,-
신내응암순환,응암봉화산,-,-
18:33,18:36,-,-
봉화산응암순환,응암신내,-,-
18:38,18:42,-,-
봉화산응암순환,응암봉화산,-,-
18:44,18:48,-,-
신내응암순환,응암봉화산,-,-
18:50,18:54,-,-
봉화산응암순환,응암봉화산,-,-
18:56,-,-,-
봉화산응암순환,-,-,-
19:02,19:00,-,-
신내응암순환,응암신내,-,-
19:09,19:06,-,-
봉화산응암순환,응암봉화산,-,-
19:15,19:12,-,-
봉화산응암순환,응암봉화산,-,-
19:22,19:18,-,-
신내응암순환,응암신내,-,-
19:29,19:24,-,-
봉화산응암순환,응암봉화산,-,-
19:36,19:30,-,-
봉화산응암순환,응암봉화산,-,-
19:43,19:36,-,-
신내응암순환,응암봉화산,-,-
19:50,19:42,-,-
봉화산응암순환,응암신내,-,-
19:57,19:47,-,-
봉화산응암순환,응암봉화산,-,-
-,19:52,-,-
-,응암봉화산,-,-
-,19:57,-,-
-,응암신내,-,-
20:04,20:02,-,-
신내응암순환,응암봉화산,-,-
20:11,20:07,-,-
봉화산응암순환,응암봉화산,-,-
20:18,20:13,-,-
봉화산응암순환,응암봉화산,-,-
20:26,20:19,-,-
신내응암순환,응암봉화산,-,-
20:34,20:25,-,-
봉화산응암순환,응암신내,-,-
20:42,20:31,-,-
신내응암순환,응암봉화산,-,-
20:50,20:38,-,-
봉화산응암순환,응암신내,-,-
20:58,20:44,-,-
봉화산응암순환,응암봉화산,-,-
-,20:51,-,-
-,응암봉화산,-,-
-,20:58,-,-
-,응암신내,-,-
21:06,21:05,-,-
신내응암순환,응암봉화산,-,-
21:15,21:12,-,-
봉화산응암순환,응암봉화산,-,-
21:23,21:19,-,-
신내응암순환,응암신내,-,-
21:31,21:26,-,-
봉화산응암순환,응암봉화산,-,-
21:40,21:33,-,-
신내응암순환,응암봉화산,-,-
21:49,21:40,-,-
봉화산응암순환,응암신내,-,-
21:57,21:47,-,-
봉화산응암순환,응암봉화산,-,-
-,21:55,-,-
-,응암봉화산,-,-
22:05,22:03,-,-
신내응암순환,응암봉화산,-,-
22:14,22:11,-,-
봉화산응암순환,응암신내,-,-
22:23,22:19,-,-
신내응암순환,응암봉화산,-,-
22:32,22:27,-,-
봉화산응암순환,응암신내,-,-
22:42,22:34,-,-
봉화산응암순환,응암봉화산,-,-
22:52,22:43,-,-
신내응암순환,응암신내,-,-
-,22:52,-,-
-,응암봉화산,-,-
23:03,23:01,-,-
봉화산응암순환,응암신내,-,-
23:11,23:09,-,-
신내응암순환,응암봉화산,-,-
23:19,23:18,-,-
봉화산응암순환,응암신내,-,-
23:29,23:26,-,-
신내응암순환,응암봉화산,-,-
23:38,23:34,-,-
봉화산독바위,응암신내,-,-
23:47,23:43,-,-
신내응암순환,응암봉화산,-,-
-,23:52,-,-
-,응암봉화산,-,-
00:02막,0:01,-,-
신내응암순환,응암신내,-,-
00:18막,0:11,-,-
신내새절,응암봉화산,-,-
00:37막,00:20막,-,-
신내공덕,응암신내,-,-
00:51막,0:32,-,-
봉화산한강진,응암봉화산,-,-
-,00:40막,-,-
-,응암봉화산,-,-
