2024-01-31,qwer1234,역관리-의자 없는 열차 추가,역관리-일반 열차 추가
2024-02-01,qwer1234,안전 요원 관리-안전 요원 부서 해제,행동 로그 보기,개인 정보-개인 정보 수정,개인 정보-개인 정보 확인
2024-02-02,qwer1234,직원 관리-전체 직원 정보 보기-이름으로 직원 검색
2024-03-16,qwer1234,행사 캘린더-일정 추가,통계 정보-혼잡도 통계,통계 정보-매출 통계
2024-02-08,lemon4d,통계 정보-혼잡도 통계,통계 정보-혼잡도 통계,역관리-의자 없는 열차 변경
