﻿교대방면,양재방면,교대방면,양재방면
평일,평일,주말,주말
05:31첫,05:41첫,05:32첫,05:41첫
도곡대화,압구정오금,도곡대화,압구정오금
5:38,5:59,5:41,5:59
수서구파발,독립문오금,수서대화,독립문오금
5:46,,5:50,
수서대화,,오금대화,
5:53,,5:56,
오금대화,,수서구파발,
6:00,6:12,6:03,6:12
오금대화,구파발오금,오금대화,구파발오금
6:05,6:20,6:08,6:20
수서구파발,구파발오금,수서구파발,구파발오금
6:11,6:30,6:15,6:28
오금대화,대화오금,오금대화,구파발오금
6:19,6:38,6:21,6:35
수서구파발,구파발오금,수서구파발,구파발오금
6:23,6:45,6:27,6:44
오금대화,대화오금,오금대화,대화오금
6:27,6:51,6:33,6:50
수서구파발,구파발오금,수서구파발,구파발오금
6:32,6:58,6:40,6:59
오금대화,대화오금,오금대화,대화오금
6:37,,6:45,
수서구파발,,수서구파발,
6:42,,6:52,
수서대화,,오금대화,
6:47,,6:58,
오금대화,,오금대화,
6:52,,7:04,7:05
수서구파발,,오금구파발,구파발오금
6:57,,7:10,7:11
오금대화,,오금대화,대화오금
7:02,7:04,7:16,7:16
수서대화,대화오금,오금구파발,구파발오금
7:07,7:10,7:22,7:24
오금대화,구파발오금,오금대화,대화오금
7:11,7:16,7:28,7:29
수서대화,대화오금,오금구파발,구파발오금
7:15,7:22,7:34,7:35
오금대화,대화오금,오금대화,대화오금
7:19,7:27,7:40,7:40
수서구파발,구파발오금,오금구파발,구파발오금
7:23,7:33,7:45,7:47
오금대화,대화오금,오금대화,대화오금
7:28,7:39,7:50,7:52
오금구파발,구파발오금,오금대화,구파발오금
7:32,7:43,7:56,7:58
오금대화,대화오금,오금대화,대화오금
7:36,7:48,8:02,8:05
수서구파발,구파발오금,오금구파발,구파발오금
7:40,7:52,8:08,8:11
오금대화,대화오금,오금대화,대화오금
7:45,7:56,8:14,8:17
오금대화,구파발오금,오금구파발,구파발오금
7:49,,8:20,8:24
오금대화,,오금대화,대화오금
7:53,,8:26,8:31
오금구파발,,오금구파발,대화오금
7:56,,8:32,8:38
오금대화,,오금대화,구파발오금
8:00,8:00,8:40,8:45
수서구파발,대화오금,오금구파발,대화오금
8:04,8:03,8:46,8:51
오금대화,구파발오금,오금대화,구파발오금
8:08,8:09,8:52,8:58
오금구파발,대화수서,오금구파발,대화오금
8:11,8:13,8:58,
오금대화,구파발오금,오금대화,
8:15,8:17,9:04,9:04
수서구파발,대화오금,오금구파발,구파발오금
8:18,8:20,9:10,9:10
오금구파발,대화수서,오금대화,대화오금
8:22,8:24,9:16,9:16
오금대화,구파발오금,오금구파발,대화오금
8:25,8:28,9:22,9:22
오금구파발,대화오금,수서대화,구파발오금
8:29,8:32,9:28,9:28
수서대화,구파발오금,오금구파발,대화오금
8:33,8:35,9:34,9:34
오금구파발,대화수서,오금대화,대화오금
8:37,8:40,9:40,9:40
오금대화,구파발오금,오금대화,대화오금
8:41,8:44,9:46,9:46
오금대화,대화오금,오금대화,대화오금
8:45,8:47,9:52,9:50
오금구파발,구파발오금,오금구파발,구파발오금
8:49,8:50,9:58,9:57
오금대화,대화오금,오금대화,대화오금
8:53,8:54,10:04,10:03
오금구파발,구파발수서,오금대화,구파발오금
8:58,8:58,10:10,10:10
오금대화,대화오금,오금구파발,대화오금
9:05,9:02,10:16,10:15
오금구파발,구파발수서,오금대화,구파발오금
9:10,9:06,10:22,10:22
오금대화,대화오금,오금대화,대화오금
9:15,9:10,10:28,10:28
오금대화,대화오금,오금구파발,대화오금
9:20,9:13,10:34,10:33
오금대화,대화오금,오금대화,구파발오금
9:25,9:16,10:40,10:40
오금구파발,구파발오금,오금구파발,대화오금
9:31,9:20,10:46,10:46
오금대화,대화오금,오금대화,대화오금
9:36,9:24,10:52,10:51
오금대화,대화오금,오금구파발,구파발오금
9:39,9:28,10:58,10:58
오금구파발,구파발오금,오금대화,대화오금
9:43,9:32,11:04,11:03
오금대화,대화오금,오금대화,구파발오금
9:50,9:36,11:10,11:10
오금대화,구파발수서,오금대화,대화오금
9:56,9:40,11:16,11:16
오금구파발,대화오금,오금구파발,대화오금
,9:44,11:22,11:23
,구파발수서,오금대화,대화오금
,9:48,11:28,11:29
,대화오금,오금구파발,구파발오금
,9:51,11:34,11:36
,구파발수서,오금대화,대화오금
,9:56,11:40,11:43
,대화오금,오금구파발,구파발오금
10:01,10:00,11:46,11:50
오금대화,구파발오금,오금대화,대화오금
10:05,10:06,11:52,11:57
오금구파발,대화오금,오금구파발,대화오금
10:10,10:11,11:58,
오금구파발,구파발수서,오금대화,
10:15,10:16,12:04,12:04
오금대화,대화오금,오금구파발,대화오금
10:20,10:21,12:10,12:10
오금대화,대화오금,오금대화,대화오금
10:26,10:27,12:16,12:16
오금구파발,대화오금,오금구파발,구파발오금
10:32,10:32,12:22,12:22
오금대화,대화오금,오금대화,대화오금
10:38,10:38,12:28,12:28
오금구파발,구파발수서,오금구파발,구파발오금
10:44,10:44,12:34,12:34
오금대화,대화오금,수서대화,대화오금
10:50,10:50,12:40,12:40
오금대화,대화오금,오금구파발,구파발오금
10:57,10:57,12:46,12:46
오금대화,대화오금,오금대화,대화오금
11:04,11:04,12:52,12:52
오금구파발,구파발오금,오금구파발,구파발오금
11:11,11:11,12:58,12:58
오금대화,대화수서,오금대화,대화오금
11:18,11:19,13:04,13:04
오금구파발,대화오금,오금구파발,구파발오금
11:25,11:28,13:10,13:10
오금대화,대화오금,오금대화,대화오금
11:31,11:35,13:16,13:16
오금대화,대화오금,오금구파발,구파발오금
11:38,11:41,13:22,13:22
오금대화,구파발오금,오금대화,대화오금
11:45,11:47,13:28,13:27
오금구파발,대화수서,오금구파발,구파발오금
11:53,11:54,13:34,13:33
오금대화,대화오금,오금대화,대화오금
,11:59,13:40,13:38
,구파발오금,오금구파발,구파발오금
12:00,12:06,13:46,13:43
오금대화,대화오금,오금대화,대화오금
12:10,12:12,13:52,13:48
오금대화,구파발오금,오금구파발,대화오금
12:20,12:19,13:58,13:53
오금대화,대화오금,오금대화,구파발오금
12:29,12:25,,13:59
오금대화,대화오금,,대화오금
12:38,12:32,14:04,14:04
오금대화,대화오금,오금구파발,구파발오금
12:46,12:38,14:10,14:10
오금대화,구파발오금,오금대화,대화오금
12:54,12:44,14:16,14:16
오금구파발,대화오금,오금구파발,구파발오금
,12:51,14:21,14:22
,대화오금,오금대화,대화오금
,12:58,14:27,14:28
,구파발오금,오금구파발,구파발오금
13:02,13:05,14:32,14:34
오금대화,대화오금,오금대화,대화오금
13:09,13:12,14:37,14:40
오금대화,대화오금,오금대화,구파발오금
13:15,13:19,14:42,14:46
오금대화,구파발오금,오금구파발,대화오금
13:22,13:26,14:47,14:52
오금구파발,대화오금,오금대화,구파발오금
13:28,13:33,14:53,14:58
오금대화,대화오금,오금구파발,대화오금
13:35,13:42,14:58,
오금대화,대화오금,오금대화,
13:41,13:51,15:04,15:04
오금구파발,대화오금,오금구파발,구파발오금
13:48,,15:10,15:10
오금대화,,오금대화,대화오금
13:54,,15:16,15:16
오금구파발,,오금구파발,구파발오금
14:01,14:01,15:22,15:22
오금대화,대화오금,오금대화,대화오금
14:07,14:10,15:28,15:28
오금대화,대화오금,오금구파발,구파발오금
14:15,14:18,15:34,15:34
오금대화,대화오금,오금대화,대화오금
14:22,14:26,15:40,15:40
오금구파발,대화오금,오금구파발,구파발오금
14:30,14:34,15:46,15:46
오금대화,구파발오금,오금대화,대화오금
14:39,14:41,15:52,15:52
오금대화,대화오금,오금구파발,구파발오금
14:48,14:49,15:58,15:58
오금대화,대화오금,오금대화,대화오금
14:57,14:55,16:04,16:04
오금대화,구파발오금,오금구파발,구파발오금
15:06,15:01,16:10,16:10
오금대화,대화오금,오금대화,대화오금
15:14,15:08,16:16,16:16
오금대화,대화오금,오금구파발,구파발오금
15:22,15:14,16:22,16:22
오금대화,구파발오금,오금대화,대화오금
15:30,15:20,16:28,16:28
오금대화,대화오금,오금구파발,구파발오금
15:37,15:27,16:34,16:34
오금구파발,대화오금,오금대화,대화오금
15:44,15:34,16:40,16:40
오금대화,구파발오금,오금구파발,구파발오금
15:50,15:40,16:46,16:46
오금대화,대화오금,오금대화,대화오금
15:56,15:48,16:52,16:52
오금대화,대화수서,오금대화,구파발오금
,15:54,16:58,16:58
,구파발오금,오금대화,대화오금
16:02,16:01,17:04,17:04
오금구파발,대화오금,오금구파발,구파발오금
16:08,16:09,17:10,17:10
오금대화,대화오금,오금대화,대화오금
16:14,16:17,17:16,17:16
오금구파발,대화오금,오금구파발,구파발오금
16:20,16:27,17:22,17:22
오금대화,대화오금,오금대화,대화수서
16:26,16:37,17:28,17:28
오금대화,대화오금,오금구파발,구파발오금
16:32,16:46,17:34,17:34
오금대화,대화오금,오금대화,대화오금
16:40,16:54,17:40,17:40
수서대화,대화오금,오금대화,구파발오금
16:48,,17:46,17:46
오금대화,,오금구파발,대화오금
16:56,,17:53,17:52
오금대화,,오금대화,구파발오금
17:04,17:02,,17:58
오금대화,대화오금,,대화오금
17:08,17:10,18:00,18:04
수서구파발,구파발오금,오금구파발,구파발오금
17:13,17:18,18:07,18:10
오금대화,대화오금,오금대화,대화오금
17:20,17:23,18:14,18:16
오금구파발,구파발오금,오금대화,구파발오금
17:26,17:29,18:21,18:23
오금대화,대화오금,오금구파발,대화오금
17:32,17:34,18:28,18:28
오금구파발,구파발오금,오금대화,구파발오금
17:37,17:38,18:34,18:35
수서대화,대화오금,오금구파발,대화오금
17:42,17:43,18:40,18:41
오금구파발,대화오금,오금대화,구파발오금
17:46,17:47,18:46,18:47
오금대화,구파발오금,오금구파발,대화오금
17:51,17:51,18:52,18:53
수서구파발,대화오금,오금대화,구파발오금
17:55,17:55,18:58,18:59
오금대화,구파발오금,오금구파발,대화오금
,17:59,19:04,19:05
,대화오금,오금대화,대화오금
18:01,18:03,19:10,19:11
수서구파발,구파발오금,오금구파발,대화오금
18:05,18:07,19:16,19:17
오금대화,대화오금,오금대화,대화오금
18:10,18:11,19:22,19:22
오금대화,구파발오금,오금대화,구파발오금
18:14,18:17,19:28,19:29
오금구파발,대화오금,오금대화,대화오금
18:19,18:24,19:34,19:34
오금대화,대화오금,오금구파발,구파발수서
18:23,18:29,19:40,19:41
오금구파발,대화오금,오금대화,대화오금
18:28,18:33,19:46,19:47
오금대화,구파발오금,오금구파발,구파발오금
18:32,18:39,19:52,19:53
오금구파발,대화오금,오금대화,대화오금
18:36,18:42,19:58,19:58
수서대화,구파발수서,오금구파발,구파발오금
18:40,18:46,20:05,20:05
오금구파발,대화오금,오금대화,대화오금
18:44,18:51,20:12,20:10
오금대화,구파발오금,오금대화,구파발오금
18:48,18:55,20:20,20:17
오금구파발,대화오금,오금대화,대화오금
18:53,18:59,20:28,20:22
오금대화,구파발수서,오금대화,구파발오금
18:58,,20:36,20:29
오금구파발,,오금대화,대화수서
19:03,19:03,20:43,20:34
오금대화,대화오금,오금대화,구파발오금
19:08,19:07,20:50,20:41
오금구파발,구파발수서,오금구파발,대화수서
19:13,19:11,20:56,20:46
오금대화,대화오금,오금대화,구파발오금
19:18,19:14,,20:53
오금구파발,구파발오금,,대화오금
19:23,19:19,,20:59
오금대화,대화오금,,대화오금
19:28,19:23,21:02,21:05
오금대화,구파발오금,오금대화,대화오금
19:34,19:27,21:09,21:10
오금대화,대화수서,오금대화,구파발오금
19:39,19:32,21:16,21:17
오금구파발,구파발오금,오금구파발,대화오금
19:44,19:36,21:23,21:22
오금대화,대화오금,오금대화,구파발수서
19:49,19:41,21:30,21:29
오금구파발,대화오금,오금구파발,대화오금
19:55,19:46,21:37,21:34
오금대화,구파발오금,오금대화,구파발오금
,19:51,21:44,21:41
,대화오금,오금구파발,대화오금
,19:56,21:51,21:46
,구파발오금,오금대화,대화오금
20:01,20:01,21:58,21:53
오금대화,대화수서,오금대화,대화수서
20:06,20:06,22:06,22:01
오금구파발,대화오금,오금구파발,대화오금
20:12,20:11,22:14,22:09
오금대화,구파발오금,오금대화,대화오금
20:17,20:16,22:22,22:17
오금구파발,대화오금,오금구파발,대화오금
20:23,20:21,22:29,22:24
오금대화,구파발수서,오금대화,구파발오금
20:28,20:26,22:37,22:33
오금구파발,대화오금,오금구파발,대화수서
20:33,20:31,22:46막,22:41
오금대화,구파발오금,오금대화,대화오금
20:38,20:36,22:55,22:48
오금구파발,대화오금,오금구파발,구파발오금
20:43,20:41,,22:56
오금대화,구파발오금,,대화수서
20:48,20:45,23:04,23:03
오금구파발,대화오금,오금구파발,구파발오금
20:54,20:51,23:13,23:11
오금대화,대화오금,오금구파발,대화수서
,20:56,23:22막,23:18
,구파발오금,오금구파발,대화오금
21:00,21:01,23:34막,23:25
오금대화,대화오금,오금독립문,구파발수서
21:06,21:07,23:49막,23:31
오금대화,대화오금,오금압구정,대화오금
21:12,21:13,,23:39막
오금구파발,구파발수서,,대화오금
21:17,21:18,,23:48막
오금대화,대화오금,,대화수서
21:23,21:23,,23:58막
오금대화,구파발오금,,대화도곡
21:28,21:28,,
오금구파발,대화수서,,
21:33,21:35,,
오금대화,대화오금,,
21:39,21:42,,
오금구파발,구파발오금,,
21:44,21:48,,
오금대화,대화오금,,
21:51,21:54,,
오금구파발,구파발오금,,
21:58,,,
오금대화,,,
22:05,22:00,,
오금대화,대화수서,,
22:11,22:06,,
오금구파발,대화오금,,
22:19,22:15,,
오금대화,대화오금,,
22:28,22:25,,
오금대화,대화오금,,
22:37,22:32,,
오금구파발,대화오금,,
22:44,22:39,,
오금대화,대화오금,,
22:51,22:47,,
오금구파발,대화오금,,
,22:52,,
,구파발수서,,
,22:59,,
,대화오금,,
23:00,23:07,,
오금대화,대화수서,,
23:08,23:16,,
오금구파발,대화오금,,
23:19,23:24,,
오금구파발,구파발수서,,
23:27막,23:34,,
오금대화,대화오금,,
23:36,23:43,,
오금구파발,대화오금,,
23:46,23:54,,
오금구파발,대화오금,,
23:58,,,
오금구파발,,,
00:15막,0:08,,
오금구파발,대화오금,,
00:30막,0:18,,
오금독립문,대화수서,,
00:49막,00:26막,,
오금압구정,구파발오금,,
,0:36,,
,대화수서,,
,00:44막,,
,구파발수서,,
,00:54막,,
,대화도곡,,
