﻿을지로3가방면,동대입구방면,을지로3가방면,동대입구방면
평일,평일,주말,주말
05:33첫,05:39첫,05:33첫,05:39첫
약수대화,독립문오금,약수대화,독립문오금
5:51,5:52,5:52,5:52
도곡대화,구파발오금,도곡대화,구파발오금
5:58,,6:01,6:00
수서구파발,,수서대화,구파발오금
6:06,6:00,6:10,6:08
수서대화,구파발오금,오금대화,구파발오금
6:13,6:10,6:16,6:15
오금대화,대화오금,수서구파발,구파발오금
6:20,6:18,6:23,6:24
오금대화,구파발오금,오금대화,대화오금
6:25,6:25,6:28,6:30
수서구파발,대화오금,수서구파발,구파발오금
6:31,6:31,6:35,6:39
오금대화,구파발오금,오금대화,대화오금
6:39,6:38,6:41,6:45
수서구파발,대화오금,수서구파발,구파발오금
6:43,6:44,6:47,6:51
오금대화,대화오금,오금대화,대화오금
6:47,6:50,6:53,6:56
수서구파발,구파발오금,수서구파발,구파발오금
6:52,6:56,7:00,7:04
오금대화,대화오금,오금대화,대화오금
6:57,,7:05,7:09
수서구파발,,수서구파발,구파발오금
7:02,7:02,7:12,7:15
수서대화,대화오금,오금대화,대화오금
7:07,7:07,7:18,7:20
오금대화,구파발오금,오금대화,구파발오금
7:12,7:13,7:24,7:27
수서구파발,대화오금,오금구파발,대화오금
7:17,7:19,7:30,7:32
오금대화,구파발오금,오금대화,구파발오금
7:22,7:23,7:36,7:38
수서대화,대화오금,오금구파발,대화오금
7:27,7:28,7:42,7:45
오금대화,구파발오금,오금대화,구파발오금
7:31,7:32,7:48,7:51
수서대화,대화오금,오금구파발,대화오금
7:35,7:36,7:54,7:57
오금대화,구파발오금,오금대화,구파발오금
7:39,7:40,8:00,8:04
수서구파발,대화오금,오금구파발,대화오금
7:43,7:43,8:05,8:11
오금대화,구파발오금,오금대화,대화오금
7:48,7:49,8:10,8:18
오금구파발,대화수서,오금대화,구파발오금
7:52,7:53,8:16,8:25
오금대화,구파발오금,오금대화,대화오금
7:56,7:57,8:22,8:31
수서구파발,대화오금,오금구파발,구파발오금
8:00,8:00,8:28,8:38
오금대화,대화수서,오금대화,대화오금
8:05,8:04,8:34,8:44
오금대화,구파발오금,오금구파발,구파발오금
8:09,8:08,8:40,8:50
오금대화,대화오금,오금대화,대화오금
8:13,8:12,8:46,8:56
오금구파발,구파발오금,오금구파발,대화오금
8:16,8:15,8:52,
오금대화,대화수서,오금대화,
8:20,8:20,9:00,9:02
수서구파발,구파발오금,오금구파발,구파발오금
8:24,8:24,9:06,9:08
오금대화,대화오금,오금대화,대화오금
8:28,8:27,9:12,9:14
오금구파발,구파발오금,오금구파발,대화오금
8:31,8:30,9:18,9:20
오금대화,대화오금,오금대화,대화오금
8:35,8:34,9:24,9:26
수서구파발,구파발수서,오금구파발,대화오금
8:38,8:38,9:30,9:30
오금구파발,대화오금,오금대화,구파발오금
8:42,8:42,9:36,9:37
오금대화,구파발수서,오금구파발,대화오금
8:45,8:46,9:42,9:43
오금구파발,대화오금,수서대화,구파발오금
8:49,8:50,9:48,9:50
수서대화,대화오금,오금구파발,대화오금
8:53,8:53,9:54,9:55
오금구파발,대화오금,오금대화,구파발오금
8:57,8:56,10:00,10:02
오금대화,구파발오금,오금대화,대화오금
9:01,9:00,10:06,10:08
오금대화,대화오금,오금대화,대화오금
9:05,9:04,10:12,10:13
오금구파발,대화오금,오금구파발,구파발오금
9:09,9:08,10:18,10:20
오금대화,구파발오금,오금대화,대화오금
9:13,9:12,10:24,10:26
오금구파발,대화오금,오금대화,대화오금
9:18,9:16,10:30,10:31
오금대화,구파발수서,오금구파발,구파발오금
9:25,9:20,10:36,10:38
오금구파발,대화오금,오금대화,대화오금
9:30,9:24,10:42,10:43
오금대화,구파발수서,오금대화,구파발오금
9:35,9:28,10:48,10:50
오금대화,대화오금,오금구파발,대화오금
9:40,9:31,10:54,10:56
오금대화,구파발수서,오금대화,대화오금
9:45,9:36,11:00,11:03
오금구파발,대화오금,오금구파발,대화오금
9:51,9:40,11:06,11:09
오금대화,구파발오금,오금대화,구파발오금
9:56,9:46,11:12,11:16
오금대화,대화오금,오금구파발,대화오금
9:59,9:51,11:18,11:23
오금구파발,구파발수서,오금대화,구파발오금
,9:56,11:24,11:30
,대화오금,오금대화,대화오금
10:03,10:01,11:30,11:37
오금대화,대화오금,오금대화,대화오금
10:10,10:07,11:36,11:44
오금대화,대화오금,오금구파발,대화오금
10:16,10:12,11:42,11:50
오금구파발,대화오금,오금대화,대화오금
10:21,10:18,11:48,11:56
오금대화,구파발수서,오금구파발,구파발오금
10:25,10:24,11:54,
오금구파발,대화오금,오금대화,
10:30,10:30,12:00,12:02
오금구파발,대화오금,오금구파발,대화오금
10:35,10:37,12:06,12:08
오금대화,대화오금,오금대화,구파발오금
10:40,10:44,12:12,12:14
오금대화,구파발오금,오금구파발,대화오금
10:46,10:51,12:18,12:20
오금구파발,대화수서,오금대화,구파발오금
10:52,10:59,12:24,12:26
오금대화,대화오금,오금구파발,대화오금
10:58,,12:30,12:32
오금구파발,,오금대화,구파발오금
11:04,11:08,12:36,12:38
오금대화,대화오금,오금구파발,대화오금
11:10,11:15,12:42,12:44
오금대화,대화오금,오금대화,구파발오금
11:17,11:21,12:48,12:50
오금대화,구파발오금,오금구파발,대화오금
11:24,11:27,12:54,12:56
오금구파발,대화수서,수서대화,구파발오금
11:31,11:34,13:00,13:02
오금대화,대화오금,오금구파발,대화오금
11:38,11:39,13:06,13:07
오금구파발,구파발오금,오금대화,구파발오금
11:45,11:46,13:12,13:13
오금대화,대화오금,오금구파발,대화오금
11:51,11:52,13:18,13:18
오금대화,구파발오금,오금대화,구파발오금
11:58,11:59,13:24,13:23
오금대화,대화오금,오금구파발,대화오금
12:05,12:05,13:30,13:28
오금구파발,대화오금,오금대화,대화오금
12:13,12:12,13:36,13:33
오금대화,대화오금,오금구파발,구파발오금
12:20,12:18,13:42,13:39
오금대화,구파발오금,오금대화,대화오금
12:30,12:24,13:48,13:44
오금대화,대화오금,오금구파발,구파발오금
12:40,12:31,13:54,13:50
오금대화,대화오금,오금대화,대화오금
12:49,12:38,,13:56
오금대화,구파발오금,,구파발오금
12:58,12:45,14:00,14:02
오금대화,대화오금,오금구파발,대화오금
,12:52,14:06,14:08
,대화오금,오금대화,구파발오금
,12:59,14:12,14:14
,구파발오금,오금구파발,대화오금
13:06,13:06,14:18,14:20
오금대화,대화오금,오금대화,구파발오금
13:14,13:13,14:24,14:26
오금구파발,대화오금,오금구파발,대화오금
13:22,13:22,14:30,14:32
오금대화,대화오금,오금대화,구파발오금
13:29,13:31,14:36,14:38
오금대화,대화오금,오금구파발,대화오금
13:35,13:41,14:41,14:44
오금대화,대화오금,오금대화,구파발오금
13:42,13:50,14:47,14:50
오금구파발,대화오금,오금구파발,대화오금
13:48,13:58,14:52,14:56
오금대화,대화오금,오금대화,구파발오금
13:55,,14:57,
오금대화,,오금대화,
14:01,14:06,15:02,15:02
오금구파발,대화오금,오금구파발,대화오금
14:08,14:14,15:07,15:08
오금대화,구파발오금,오금대화,구파발오금
14:14,14:21,15:13,15:14
오금구파발,대화오금,오금구파발,대화오금
14:21,14:29,15:18,15:20
오금대화,대화오금,오금대화,구파발오금
14:27,14:35,15:24,15:26
오금대화,구파발오금,오금구파발,대화오금
14:35,14:41,15:30,15:32
오금대화,대화오금,오금대화,구파발오금
14:42,14:48,15:36,15:38
오금구파발,대화오금,오금구파발,대화오금
14:50,14:54,15:42,15:44
오금대화,구파발오금,오금대화,구파발오금
14:59,,15:48,15:50
오금대화,,오금구파발,대화오금
15:08,15:00,15:54,15:56
오금대화,대화오금,오금대화,구파발오금
15:17,15:07,16:00,16:02
오금대화,대화오금,오금구파발,대화오금
15:26,15:14,16:06,16:08
오금대화,구파발오금,오금대화,구파발오금
15:34,15:20,16:12,16:14
오금대화,대화오금,오금구파발,대화오금
15:42,15:28,16:18,16:20
오금대화,대화수서,오금대화,구파발오금
15:50,15:34,16:24,16:26
오금대화,구파발오금,오금구파발,대화오금
15:57,15:41,16:30,16:32
오금구파발,대화오금,오금대화,구파발오금
,15:49,16:36,16:38
,대화오금,오금구파발,대화오금
,15:57,16:42,16:44
,대화오금,오금대화,구파발오금
16:04,16:07,16:48,16:50
오금대화,대화오금,오금구파발,대화오금
16:10,16:17,16:54,16:56
오금대화,대화오금,오금대화,구파발오금
16:16,16:26,17:00,17:02
오금대화,대화오금,오금구파발,대화수서
16:22,16:34,17:06,17:08
오금구파발,대화오금,오금대화,구파발오금
16:28,16:42,17:12,17:14
오금대화,대화오금,오금대화,대화오금
16:34,16:50,17:18,17:20
오금구파발,구파발오금,오금대화,구파발오금
16:40,16:58,17:24,17:26
오금대화,대화오금,오금구파발,대화오금
16:46,,17:30,17:32
오금대화,,오금대화,구파발오금
16:52,,17:36,17:38
오금대화,,오금구파발,대화오금
17:00,17:03,17:42,17:44
수서대화,구파발오금,오금대화,구파발오금
17:08,17:09,17:48,17:50
오금대화,대화오금,오금구파발,대화오금
17:16,17:14,17:54,17:56
오금대화,구파발오금,오금대화,구파발오금
17:24,17:18,18:00,18:03
오금대화,대화오금,오금대화,대화오금
17:28,17:23,18:06,18:08
수서구파발,대화오금,오금구파발,구파발오금
17:33,17:27,18:13,18:15
오금대화,구파발오금,오금대화,대화오금
17:40,17:31,18:20,18:21
오금구파발,대화오금,오금구파발,구파발오금
17:46,17:35,18:27,18:27
오금대화,구파발오금,오금대화,대화오금
17:52,17:39,18:34,18:33
오금구파발,대화오금,오금대화,구파발오금
17:57,17:43,18:41,18:39
수서대화,구파발오금,오금구파발,대화오금
,17:47,18:48,18:45
,대화오금,오금대화,대화오금
,17:51,18:54,18:51
,구파발오금,오금구파발,대화오금
,17:57,,18:57
,대화오금,,대화오금
18:02,18:04,19:00,19:02
오금구파발,대화오금,오금대화,구파발오금
18:06,18:09,19:06,19:09
오금대화,대화오금,오금구파발,대화오금
18:11,18:13,19:12,19:14
수서구파발,구파발오금,오금대화,구파발수서
18:15,18:19,19:18,19:21
오금대화,대화오금,오금구파발,대화오금
18:21,18:22,19:24,19:27
수서구파발,구파발수서,오금대화,구파발오금
18:25,18:26,19:30,19:33
오금대화,대화오금,오금구파발,대화오금
18:30,18:31,19:36,19:38
오금대화,구파발오금,오금대화,구파발오금
18:34,18:35,19:42,19:45
오금구파발,대화오금,오금대화,대화오금
18:39,18:39,19:48,19:50
오금대화,구파발수서,오금대화,구파발오금
18:43,18:43,19:54,19:57
오금구파발,대화오금,오금구파발,대화오금
18:48,18:47,20:00,20:02
오금대화,구파발수서,오금대화,구파발오금
18:52,18:51,20:06,20:09
오금구파발,대화오금,오금구파발,대화수서
18:56,18:54,20:12,20:14
수서대화,구파발오금,오금대화,구파발오금
,18:59,20:18,20:21
,대화오금,오금구파발,대화수서
19:00,19:03,20:25,20:26
오금구파발,구파발오금,오금대화,구파발오금
19:04,19:07,20:32,20:33
오금대화,대화수서,오금대화,대화오금
19:08,19:12,20:40,20:39
오금구파발,구파발오금,오금대화,대화오금
19:13,19:16,20:48,20:45
오금대화,대화오금,오금대화,대화오금
19:18,19:21,20:56,20:50
오금구파발,대화오금,오금대화,구파발오금
19:23,19:26,,20:57
오금대화,구파발오금,,대화오금
19:28,19:31,21:03,21:02
오금구파발,대화오금,오금대화,구파발수서
19:33,19:36,21:10,21:09
오금대화,구파발오금,오금구파발,대화오금
19:38,19:41,21:16,21:14
오금구파발,대화수서,오금대화,구파발오금
19:43,19:46,21:22,21:21
오금대화,대화오금,오금대화,대화오금
19:48,19:51,21:29,21:26
오금대화,구파발오금,오금대화,대화오금
19:54,19:56,21:36,21:33
오금대화,대화오금,오금구파발,대화수서
19:59,,21:43,21:41
오금구파발,,오금대화,대화오금
20:04,20:01,21:50,21:49
오금대화,구파발수서,오금구파발,대화오금
20:09,20:06,21:57,21:57
오금구파발,대화오금,오금대화,대화오금
20:15,20:11,22:04,22:04
오금대화,구파발오금,오금구파발,구파발오금
20:21,20:16,22:11,22:13
오금대화,대화오금,오금대화,대화수서
20:26,20:21,22:18,22:21
오금구파발,구파발오금,오금대화,대화오금
20:32,20:25,22:26,22:28
오금대화,대화오금,오금구파발,구파발오금
20:37,20:31,22:34,22:36
오금구파발,대화오금,오금대화,대화수서
20:43,20:36,22:42,22:43
오금대화,구파발오금,오금구파발,구파발오금
20:48,20:41,22:49,22:51
오금구파발,대화오금,오금대화,대화수서
20:53,20:47,22:57,22:58
오금대화,대화오금,오금구파발,대화오금
20:58,20:53,23:06막,23:05
오금구파발,구파발수서,오금대화,구파발수서
,20:58,23:15,23:11
,대화오금,오금구파발,대화오금
21:03,21:03,23:24,23:19막
오금대화,구파발오금,오금구파발,대화오금
21:08,21:08,23:33,23:28막
오금구파발,대화수서,오금구파발,대화수서
21:14,21:15,23:42막,23:38막
오금대화,대화오금,오금구파발,대화도곡
21:20,21:22,23:54막,23:57막
오금대화,구파발오금,오금독립문,대화약수
21:26,21:28,,
오금대화,대화오금,,
21:32,21:34,,
오금구파발,구파발오금,,
21:37,21:40,,
오금대화,대화수서,,
21:43,21:46,,
오금대화,대화오금,,
21:48,21:55,,
오금구파발,대화오금,,
21:53,,,
오금대화,,,
21:59,,,
오금구파발,,,
22:04,22:05,,
오금대화,대화오금,,
22:11,22:12,,
오금구파발,대화오금,,
22:18,22:19,,
오금대화,대화오금,,
22:25,22:27,,
오금대화,대화오금,,
22:31,22:32,,
오금구파발,구파발수서,,
22:39,22:39,,
오금대화,대화오금,,
22:48,22:47,,
오금대화,대화수서,,
22:57,22:56,,
오금구파발,대화오금,,
23:04,23:04,,
오금대화,구파발수서,,
23:11,23:14,,
오금구파발,대화오금,,
23:20,23:23,,
오금대화,대화오금,,
23:28,23:34,,
오금구파발,대화오금,,
23:39,23:48,,
오금구파발,대화오금,,
23:47막,23:58,,
오금대화,대화수서,,
23:56,,,
오금구파발,,,
0:06,00:06막,,
오금구파발,구파발오금,,
0:18,0:16,,
오금구파발,대화수서,,
00:35막,00:24막,,
오금구파발,구파발수서,,
00:50막,00:34막,,
오금독립문,대화도곡,,
,00:57막,,
,대화약수,,
