﻿동대입구방면,금호방면,동대입구방면,금호방면
평일,평일,주말,주말
05:30첫,05:43첫,05:30첫,05:43첫
약수대화,독립문오금,약수대화,독립문오금
5:47,5:56,5:48,5:56
도곡대화,구파발오금,도곡대화,구파발오금
5:55,,5:58,
수서구파발,,수서대화,
6:03,6:04,6:06,6:04
수서대화,구파발오금,오금대화,구파발오금
6:09,6:13,6:12,6:12
오금대화,대화오금,수서구파발,구파발오금
6:16,6:22,6:19,6:19
오금대화,구파발오금,오금대화,구파발오금
6:21,6:29,6:25,6:27
수서구파발,대화오금,수서구파발,대화오금
6:28,6:35,6:32,6:34
오금대화,구파발오금,오금대화,구파발오금
6:35,6:41,6:37,6:42
수서구파발,대화오금,수서구파발,대화오금
6:39,6:48,6:43,6:48
오금대화,대화오금,오금대화,구파발오금
6:44,6:54,6:49,6:54
수서구파발,구파발오금,수서구파발,대화오금
6:48,6:59,6:56,
오금대화,대화오금,오금대화,
6:54,,7:01,7:00
수서구파발,,수서구파발,구파발오금
6:59,,7:08,7:07
수서대화,,오금대화,대화오금
7:03,7:05,7:14,7:13
오금대화,대화오금,오금대화,구파발오금
7:08,7:11,7:20,7:18
수서구파발,구파발오금,오금구파발,대화오금
7:13,7:17,7:26,7:24
오금대화,대화오금,오금대화,구파발오금
7:18,7:22,7:32,7:30
수서대화,구파발오금,오금구파발,대화오금
7:23,7:27,7:38,7:36
오금대화,대화오금,오금대화,구파발오금
7:27,7:31,7:44,7:41
수서대화,구파발오금,오금구파발,대화오금
7:31,7:35,7:50,7:49
오금대화,대화오금,오금대화,구파발오금
7:35,7:39,7:56,7:54
수서구파발,구파발오금,오금구파발,대화오금
7:39,7:43,8:01,8:01
오금대화,대화오금,오금대화,구파발오금
7:44,7:47,8:06,8:07
오금구파발,구파발오금,오금대화,대화오금
7:48,7:53,8:12,8:14
오금대화,대화수서,오금대화,대화오금
7:52,7:57,8:18,8:22
수서구파발,구파발오금,오금구파발,구파발오금
7:56,,8:24,8:28
오금대화,,오금대화,대화오금
8:01,8:00,8:30,8:35
오금대화,대화오금,오금구파발,구파발오금
8:05,8:04,8:36,8:41
오금대화,대화수서,오금대화,대화오금
8:09,8:08,8:42,8:48
오금구파발,구파발오금,오금구파발,구파발오금
8:13,8:12,8:48,8:53
오금대화,대화오금,오금대화,대화오금
8:16,8:15,8:56,8:59
수서구파발,구파발오금,오금구파발,대화오금
8:20,8:19,9:02,9:06
오금대화,대화수서,오금대화,구파발오금
8:24,8:23,9:08,9:11
오금구파발,구파발오금,오금구파발,대화오금
8:28,8:27,9:14,9:17
오금대화,대화오금,오금대화,대화오금
8:31,8:30,9:20,9:23
수서구파발,구파발오금,오금구파발,대화오금
8:35,8:33,9:26,9:29
오금구파발,대화오금,오금대화,대화오금
8:38,8:37,9:32,9:34
오금대화,구파발수서,오금구파발,구파발오금
8:42,8:42,9:38,9:40
오금구파발,대화오금,수서대화,대화오금
8:45,8:45,9:44,9:47
수서대화,구파발수서,오금구파발,구파발오금
8:49,8:50,9:50,9:53
오금구파발,대화오금,오금대화,대화오금
8:53,8:53,9:56,9:59
오금대화,대화오금,오금대화,구파발오금
8:57,8:56,10:02,10:05
오금대화,대화오금,오금대화,대화오금
,8:59,10:08,10:11
,구파발오금,오금구파발,대화오금
9:01,9:03,10:14,10:17
오금구파발,대화오금,오금대화,구파발오금
9:05,9:07,10:20,10:23
오금대화,대화오금,오금대화,대화오금
9:09,9:11,10:26,10:29
오금구파발,구파발오금,오금구파발,대화오금
9:15,9:15,10:32,10:35
오금대화,대화오금,오금대화,구파발오금
9:21,9:19,10:38,10:41
오금구파발,구파발수서,오금대화,대화오금
9:26,9:23,10:44,10:47
오금대화,대화오금,오금구파발,구파발오금
9:31,9:27,10:50,10:53
오금대화,구파발수서,오금대화,대화오금
9:36,9:31,10:56,10:59
오금대화,대화오금,오금구파발,대화오금
9:42,9:35,11:02,11:06
오금구파발,구파발수서,오금대화,대화오금
9:48,9:39,11:08,11:13
오금대화,대화오금,오금구파발,구파발오금
9:52,9:44,11:14,11:19
오금대화,구파발오금,오금대화,대화오금
9:56,9:49,11:20,11:27
오금구파발,대화오금,오금대화,구파발오금
9:59,9:54,11:26,11:33
오금대화,구파발수서,오금대화,대화오금
,9:59,11:32,11:40
,대화오금,오금구파발,대화오금
10:06,10:04,11:38,11:47
오금대화,대화오금,오금대화,대화오금
10:12,10:10,11:44,11:53
오금구파발,대화오금,오금구파발,대화오금
10:17,10:16,11:50,
오금대화,대화오금,오금대화,
10:21,10:22,11:56,
오금구파발,구파발수서,오금구파발,
10:26,10:27,12:02,12:00
오금구파발,대화오금,오금대화,구파발오금
10:31,10:33,12:08,12:05
오금대화,대화오금,오금구파발,대화오금
10:37,10:40,12:14,12:12
오금대화,대화오금,오금대화,구파발오금
10:42,10:47,12:20,12:17
오금구파발,구파발오금,오금구파발,대화오금
10:48,10:54,12:26,12:24
오금대화,대화수서,오금대화,구파발오금
10:54,,12:32,12:29
오금구파발,,오금구파발,대화오금
11:00,11:02,12:38,12:36
오금대화,대화오금,오금대화,구파발오금
11:07,11:11,12:44,12:41
오금대화,대화오금,오금구파발,대화오금
11:13,11:18,12:50,12:48
오금대화,대화오금,수서대화,구파발오금
11:20,11:24,12:56,12:53
오금구파발,구파발오금,오금구파발,대화오금
11:27,11:30,13:02,13:00
오금대화,대화수서,오금대화,구파발오금
11:34,11:37,13:08,13:05
오금구파발,대화오금,오금구파발,대화오금
11:41,11:43,13:14,13:11
오금대화,구파발오금,오금대화,구파발오금
11:48,11:49,13:20,13:16
오금대화,대화오금,오금구파발,대화오금
11:54,11:56,13:26,13:22
오금대화,구파발오금,오금대화,구파발오금
12:02,12:02,13:32,13:26
오금구파발,대화오금,오금구파발,대화오금
12:09,12:09,13:38,13:31
오금대화,대화오금,오금대화,대화오금
12:17,12:16,13:44,13:37
오금대화,대화오금,오금구파발,구파발오금
12:26,12:22,13:50,13:42
오금대화,구파발오금,오금대화,대화오금
12:37,12:27,13:56,13:48
오금대화,대화오금,오금구파발,구파발오금
12:45,12:34,,13:53
오금대화,대화오금,,대화오금
12:55,12:41,14:02,14:00
오금대화,구파발오금,오금대화,구파발오금
,12:48,14:08,14:05
,대화오금,오금구파발,대화오금
,12:55,14:14,14:12
,대화오금,오금대화,구파발오금
13:02,13:02,14:20,14:17
오금대화,구파발오금,오금구파발,대화오금
13:10,13:09,14:26,14:24
오금구파발,대화오금,오금대화,구파발오금
13:18,13:16,14:32,14:29
오금대화,대화오금,오금구파발,대화오금
13:25,13:25,14:37,14:36
오금대화,대화오금,오금대화,구파발오금
13:32,13:34,14:43,14:41
오금대화,대화오금,오금구파발,대화오금
13:38,13:44,14:48,14:48
오금구파발,대화오금,오금대화,구파발오금
13:45,13:53,14:53,14:53
오금대화,대화오금,오금대화,대화오금
13:51,,14:58,
오금대화,,오금구파발,
13:57,,15:03,15:00
오금구파발,,오금대화,구파발오금
14:04,14:01,15:09,15:05
오금대화,대화오금,오금구파발,대화오금
14:11,14:10,15:14,15:12
오금구파발,대화오금,오금대화,구파발오금
14:17,14:18,15:20,15:17
오금대화,구파발오금,오금구파발,대화오금
14:24,14:25,15:26,15:24
오금대화,대화오금,오금대화,구파발오금
14:31,14:32,15:32,15:29
오금대화,대화오금,오금구파발,대화오금
14:39,14:38,15:38,15:36
오금구파발,구파발오금,오금대화,구파발오금
14:46,14:44,15:44,15:41
오금대화,대화오금,오금구파발,대화오금
14:55,14:51,15:50,15:48
오금대화,대화오금,오금대화,구파발오금
,14:57,15:56,15:53
,구파발오금,오금구파발,대화오금
15:04,15:04,16:02,16:00
오금대화,대화오금,오금대화,구파발오금
15:13,15:11,16:08,16:05
오금대화,대화오금,오금구파발,대화오금
15:22,15:18,16:14,16:12
오금대화,구파발오금,오금대화,구파발오금
15:31,15:24,16:20,16:17
오금대화,대화오금,오금구파발,대화오금
15:39,15:31,16:26,16:24
오금대화,대화수서,오금대화,구파발오금
15:46,15:37,16:32,16:29
오금대화,구파발오금,오금구파발,대화오금
15:54,15:44,16:38,16:36
오금구파발,대화오금,오금대화,구파발오금
,15:52,16:44,16:41
,대화오금,오금구파발,대화오금
16:01,16:01,16:50,16:48
오금대화,대화오금,오금대화,구파발오금
16:06,16:11,16:56,16:53
오금대화,대화오금,오금구파발,대화오금
16:12,16:20,17:02,17:00
오금대화,대화오금,오금대화,구파발오금
16:18,16:29,17:08,17:05
오금구파발,대화오금,오금대화,대화수서
16:24,16:38,17:14,17:12
오금대화,대화오금,오금대화,구파발오금
16:30,16:46,17:20,17:17
오금구파발,대화오금,오금구파발,대화오금
16:36,16:54,17:26,17:24
오금대화,구파발오금,오금대화,구파발오금
16:42,,17:32,17:29
오금대화,,오금구파발,대화오금
16:48,,17:38,17:36
오금대화,,오금대화,구파발오금
16:56,,17:44,17:41
수서대화,,오금구파발,대화오금
17:04,17:01,17:50,17:48
오금대화,대화오금,오금대화,구파발오금
17:12,17:07,17:56,17:53
오금대화,구파발오금,오금대화,대화오금
17:20,17:12,18:02,18:00
오금대화,대화오금,오금구파발,구파발오금
17:24,17:17,18:09,18:06
수서구파발,구파발오금,오금대화,대화오금
17:29,17:22,18:16,18:12
오금대화,대화오금,오금구파발,구파발오금
17:36,17:26,18:23,18:18
오금구파발,대화오금,오금대화,대화오금
17:42,17:30,18:30,18:25
오금대화,구파발오금,오금대화,구파발오금
17:48,17:34,18:37,18:30
오금구파발,대화오금,오금구파발,대화오금
17:53,17:38,18:44,18:37
수서대화,구파발오금,오금대화,구파발오금
17:58,17:42,18:50,18:42
오금구파발,대화오금,오금구파발,대화오금
,17:46,18:56,18:49
,구파발오금,오금대화,대화오금
,17:51,,18:54
,대화오금,,대화오금
,17:54,19:02,19:00
,구파발오금,오금구파발,대화오금
18:02,18:01,19:08,19:06
오금대화,대화오금,오금대화,구파발오금
18:07,18:07,19:14,19:12
수서구파발,대화오금,오금구파발,대화오금
18:12,18:12,19:20,19:18
오금대화,대화오금,오금대화,구파발수서
18:17,18:17,19:26,19:24
수서구파발,구파발오금,오금구파발,대화오금
18:22,18:22,19:32,19:30
오금대화,대화오금,오금대화,구파발오금
18:26,18:26,19:39,19:36
오금대화,구파발수서,오금대화,대화오금
18:31,18:30,19:44,19:42
오금구파발,대화오금,오금대화,구파발오금
18:35,18:34,19:50,19:48
오금대화,구파발오금,오금구파발,대화오금
18:40,18:39,19:56,19:54
오금구파발,대화오금,오금대화,구파발오금
18:44,18:42,20:02,20:00
오금대화,구파발수서,오금구파발,대화오금
18:48,18:47,20:08,20:06
오금구파발,대화오금,오금대화,구파발오금
18:52,18:50,20:14,20:12
수서대화,구파발수서,오금구파발,대화수서
18:57,18:54,20:21,20:18
오금구파발,대화오금,오금대화,구파발오금
,18:58,20:28,20:24
,구파발오금,오금대화,대화수서
19:01,19:02,20:36,20:30
오금대화,대화오금,오금대화,구파발오금
19:05,19:06,20:44,20:36
오금구파발,구파발오금,오금대화,대화오금
19:09,19:11,20:52,20:42
오금대화,대화수서,오금대화,대화오금
19:14,19:16,,20:48
오금구파발,구파발오금,,대화오금
19:19,19:19,,20:54
오금대화,대화오금,,구파발오금
19:24,19:24,21:00,21:00
오금구파발,대화오금,오금대화,대화오금
19:29,19:29,21:07,21:06
오금대화,구파발오금,오금구파발,구파발수서
19:34,19:34,21:12,21:12
오금구파발,대화오금,오금대화,대화오금
19:39,19:39,21:18,21:18
오금대화,구파발오금,오금대화,구파발오금
19:44,19:44,21:25,21:24
오금대화,대화수서,오금대화,대화오금
19:50,19:49,21:32,21:30
오금대화,대화오금,오금구파발,대화오금
19:55,19:54,21:39,21:36
오금구파발,구파발오금,오금대화,대화수서
20:00,20:00,21:46,21:44
오금대화,대화오금,오금구파발,대화오금
20:05,20:04,21:53,21:52
오금구파발,구파발수서,오금대화,대화오금
20:11,20:09,22:00,22:00
오금대화,대화오금,오금구파발,대화오금
20:17,20:14,22:07,22:08
오금대화,구파발오금,오금대화,구파발오금
20:22,20:19,22:15,22:16
오금구파발,대화오금,오금대화,대화수서
20:28,20:24,22:23,22:24
오금대화,구파발오금,오금구파발,대화오금
20:33,20:29,22:30,22:32
오금구파발,대화오금,오금대화,구파발오금
20:39,20:35,22:38,22:39
오금대화,대화오금,오금구파발,대화수서
20:44,20:40,22:45,22:47
오금구파발,구파발오금,오금대화,구파발오금
20:49,20:45,22:54,22:54
오금대화,대화오금,오금구파발,대화수서
20:54,20:51,23:03막,23:02
오금구파발,대화오금,오금대화,대화오금
20:59,20:56,23:12,23:08
오금대화,구파발수서,오금구파발,구파발수서
21:04,21:01,23:21,23:15
오금구파발,대화오금,오금구파발,대화오금
21:10,21:06,23:30,23:22막
오금대화,구파발오금,오금구파발,대화오금
21:16,21:11,23:39막,23:31막
오금대화,대화수서,오금구파발,대화수서
21:22,21:18,23:51막,23:41막
오금대화,대화오금,오금독립문,대화도곡
21:28,21:26,,
오금구파발,구파발오금,,
21:33,21:31,,
오금대화,대화오금,,
21:39,21:38,,
오금대화,구파발오금,,
21:44,21:43,,
오금구파발,대화수서,,
21:49,21:49,,
오금대화,대화오금,,
21:55,21:58,,
오금구파발,대화오금,,
22:00,22:08,,
오금대화,대화오금,,
22:07,22:15,,
오금구파발,대화오금,,
22:14,22:22,,
오금대화,대화오금,,
22:21,22:30,,
오금대화,대화오금,,
22:27,22:36,,
오금구파발,구파발수서,,
22:35,22:42,,
오금대화,대화오금,,
22:44,22:51,,
오금대화,대화수서,,
22:53,,,
오금구파발,,,
23:00,23:00,,
오금대화,대화오금,,
23:07,23:08,,
오금구파발,구파발수서,,
23:16,23:17,,
오금대화,대화오금,,
23:24,23:27,,
오금구파발,대화오금,,
23:35,23:37,,
오금구파발,대화오금,,
23:43막,23:51,,
오금대화,대화오금,,
23:52,,,
오금구파발,,,
0:02,0:01,,
오금구파발,대화수서,,
0:14,00:10막,,
오금구파발,구파발오금,,
00:31막,0:19,,
오금구파발,대화수서,,
00:47막,00:28막,,
오금독립문,구파발수서,,
,00:37막,,
,대화도곡,,
