﻿일원방면,가락시장방면,일원방면,가락시장방면
평일,평일,주말,주말
05:22첫,05:57첫,05:25첫,05:57첫
수서구파발,압구정오금,수서대화,압구정오금
05:30첫,,5:33,
수서대화,,오금대화,
5:36,,5:39,
오금대화,,수서구파발,
5:43,,5:46,
오금대화,,오금대화,
5:48,,5:52,
수서구파발,,수서구파발,
5:55,,5:59,
오금대화,,오금대화,
6:02,6:16,6:05,6:16
수서구파발,독립문오금,수서구파발,독립문오금
6:06,6:29,6:10,6:29
오금대화,구파발오금,오금대화,구파발오금
6:11,6:37,6:17,6:37
수서구파발,구파발오금,수서구파발,구파발오금
6:15,6:46,6:23,6:45
오금대화,대화오금,오금대화,구파발오금
6:21,6:55,6:29,6:52
수서구파발,구파발오금,수서구파발,구파발오금
6:26,,6:35,
수서대화,,오금대화,
6:30,,6:41,
오금대화,,오금대화,
6:35,,6:47,
수서구파발,,오금구파발,
6:40,,6:53,
오금대화,,오금대화,
6:45,,6:59,
수서대화,,오금구파발,
6:50,,7:05,7:00
오금대화,,오금대화,대화오금
6:54,,7:11,7:07
수서대화,,오금구파발,구파발오금
6:58,,7:17,7:15
오금대화,,오금대화,대화오금
7:02,7:02,7:23,7:21
수서구파발,대화오금,오금구파발,구파발오금
7:06,7:08,7:28,7:27
오금대화,구파발오금,오금대화,대화오금
7:11,7:14,7:33,7:33
오금구파발,대화오금,오금대화,구파발오금
7:15,7:21,7:39,7:40
오금대화,대화오금,오금대화,대화오금
7:19,7:27,7:45,7:46
수서구파발,구파발오금,오금구파발,구파발오금
7:23,7:32,7:51,7:51
오금대화,대화오금,오금대화,대화오금
7:28,7:38,7:57,7:57
오금대화,대화오금,오금구파발,구파발오금
7:32,7:44,8:03,8:03
오금대화,구파발오금,오금대화,대화오금
7:36,7:50,8:09,8:09
오금구파발,대화오금,오금구파발,구파발오금
7:40,7:55,8:15,8:14
오금대화,구파발오금,오금대화,대화오금
7:43,,8:23,8:22
수서구파발,,오금구파발,구파발오금
7:47,,8:29,8:27
오금대화,,오금대화,대화오금
7:51,,8:35,8:34
오금구파발,,오금구파발,구파발오금
7:55,,8:41,8:40
오금대화,,오금대화,대화오금
7:58,,8:47,8:47
수서구파발,,오금구파발,대화오금
8:02,8:00,8:53,8:55
오금구파발,대화오금,오금대화,구파발오금
8:05,8:04,8:59,
오금대화,구파발오금,오금구파발,
8:09,8:08,9:05,9:01
오금구파발,대화오금,수서대화,대화오금
8:12,8:12,9:11,9:08
수서대화,구파발오금,오금구파발,구파발오금
8:16,8:16,9:17,9:14
오금구파발,대화오금,오금대화,대화오금
8:20,8:20,9:23,9:21
오금대화,구파발오금,오금대화,구파발오금
8:24,8:30,9:29,9:26
오금대화,구파발오금,오금대화,대화오금
8:28,8:33,9:35,9:32
오금구파발,대화오금,오금구파발,대화오금
8:32,8:41,9:41,9:39
오금대화,구파발오금,오금대화,구파발오금
8:36,8:45,9:47,9:44
오금구파발,대화오금,오금대화,대화오금
8:42,8:48,9:53,9:50
오금대화,구파발오금,오금구파발,대화오금
8:48,8:56,9:59,9:56
오금구파발,구파발오금,오금대화,대화오금
8:53,,10:05,10:02
오금대화,,오금대화,대화오금
8:58,,10:11,10:07
오금대화,,오금구파발,구파발오금
9:03,9:00,10:17,10:13
오금대화,대화오금,오금대화,대화오금
9:09,9:03,10:23,10:20
오금구파발,구파발오금,오금구파발,구파발오금
9:15,9:06,10:29,10:26
오금대화,대화오금,오금대화,대화오금
9:19,9:15,10:35,10:32
오금대화,대화오금,오금구파발,구파발오금
9:23,9:23,10:41,10:38
오금구파발,대화오금,오금대화,대화오금
9:26,9:26,10:47,10:44
오금대화,대화오금,오금대화,대화오금
9:33,9:29,10:53,10:50
오금대화,대화오금,오금대화,구파발오금
9:39,9:32,10:59,10:56
오금구파발,구파발오금,오금구파발,대화오금
9:44,9:36,11:05,11:02
오금대화,대화오금,오금대화,대화오금
9:48,9:40,11:11,11:08
오금구파발,대화오금,오금구파발,구파발오금
9:53,9:44,11:17,11:14
오금구파발,구파발오금,오금대화,대화오금
9:58,9:48,11:23,11:20
오금대화,대화오금,오금구파발,구파발오금
,9:56,11:29,11:26
,대화오금,오금대화,대화오금
10:04,10:04,11:35,11:32
오금대화,대화오금,오금구파발,대화오금
10:09,10:12,11:41,11:39
오금구파발,대화오금,오금대화,대화오금
10:15,10:17,11:47,11:46
오금대화,구파발오금,오금구파발,구파발오금
10:21,10:22,11:53,11:52
오금구파발,대화오금,오금대화,대화오금
10:27,10:32,11:59,
오금대화,대화오금,오금구파발,
10:34,10:37,12:05,12:00
오금대화,대화오금,오금대화,구파발오금
10:40,10:43,12:11,12:06
오금대화,대화오금,오금구파발,대화오금
10:47,10:49,12:17,12:13
오금구파발,대화오금,수서대화,대화오금
10:54,,12:23,12:20
오금대화,,오금구파발,대화오금
11:01,11:00,12:29,12:26
오금구파발,대화오금,오금대화,대화오금
11:08,11:06,12:35,12:33
오금대화,대화오금,오금구파발,구파발오금
11:15,11:13,12:41,12:38
오금대화,대화오금,오금대화,대화오금
11:21,11:20,12:47,12:45
오금대화,구파발오금,오금구파발,구파발오금
11:29,11:35,12:53,12:50
오금구파발,대화오금,오금대화,대화오금
11:36,11:44,12:59,12:57
오금대화,대화오금,오금구파발,구파발오금
11:44,11:51,13:05,13:02
오금대화,대화오금,오금대화,대화오금
11:53,11:57,13:11,13:09
오금대화,구파발오금,오금구파발,구파발오금
12:04,12:10,13:17,13:14
오금대화,대화오금,오금대화,대화오금
12:12,12:16,13:23,13:21
오금대화,구파발오금,오금구파발,구파발오금
12:22,12:22,13:29,13:26
오금대화,대화오금,오금대화,대화오금
12:29,12:29,13:35,13:33
오금대화,구파발오금,오금구파발,구파발오금
12:37,12:35,13:41,13:38
오금구파발,대화오금,오금대화,대화오금
12:45,12:42,13:47,13:44
오금대화,대화오금,오금구파발,구파발오금
12:52,12:49,13:53,13:49
오금대화,대화오금,오금대화,대화오금
12:59,12:55,13:59,13:55
오금대화,구파발오금,오금구파발,구파발오금
13:05,13:00,,13:59
오금구파발,대화오금,,대화오금
13:12,13:07,14:04,14:04
오금대화,대화오금,오금대화,대화오금
13:18,13:14,14:10,14:10
오금대화,구파발오금,오금구파발,구파발오금
13:24,13:21,14:15,14:15
오금구파발,대화오금,오금대화,대화오금
13:31,13:28,14:20,14:21
오금대화,대화오금,오금대화,구파발오금
13:38,13:35,14:25,14:26
오금구파발,구파발오금,오금구파발,대화오금
13:44,13:42,14:30,14:33
오금대화,대화오금,오금대화,구파발오금
13:51,13:49,14:36,14:38
오금대화,대화오금,오금구파발,대화오금
13:58,13:58,14:41,14:45
오금대화,대화오금,오금대화,구파발오금
14:06,14:07,14:47,14:50
오금구파발,대화오금,오금구파발,대화오금
14:13,14:17,14:53,14:57
오금대화,대화오금,오금대화,구파발오금
14:22,14:26,14:59,
오금대화,대화오금,오금구파발,
14:31,14:34,15:05,15:02
오금대화,대화오금,오금대화,대화오금
14:40,14:43,15:11,15:09
오금대화,대화오금,오금구파발,구파발오금
14:49,14:51,15:17,15:14
오금대화,구파발오금,오금대화,대화오금
14:58,14:58,15:23,15:21
오금대화,대화오금,오금구파발,구파발오금
15:06,15:05,15:29,15:26
오금대화,대화오금,오금대화,대화오금
15:13,15:11,15:35,15:33
오금대화,구파발오금,오금구파발,구파발오금
15:21,15:17,15:41,15:38
오금구파발,대화오금,오금대화,대화오금
15:28,15:24,15:47,15:45
오금대화,대화오금,오금구파발,구파발오금
15:33,15:30,15:53,15:50
오금대화,구파발오금,오금대화,대화오금
15:39,15:37,15:59,15:57
오금대화,대화오금,오금구파발,구파발오금
15:45,15:44,16:05,16:02
오금구파발,대화오금,오금대화,대화오금
15:51,15:51,16:11,16:09
오금대화,구파발오금,오금구파발,구파발오금
15:57,15:57,16:17,16:14
오금구파발,대화오금,오금대화,대화오금
16:03,16:10,16:23,16:21
오금대화,구파발오금,오금구파발,구파발오금
16:09,16:17,16:29,16:26
오금대화,대화오금,오금대화,대화오금
16:15,16:25,16:35,16:33
오금대화,대화오금,오금대화,구파발오금
16:23,16:34,16:41,16:38
수서대화,대화오금,오금대화,대화오금
16:31,16:44,16:47,16:45
오금대화,대화오금,오금구파발,구파발오금
16:39,16:53,16:53,16:50
오금대화,대화오금,오금대화,대화오금
16:47,,16:59,16:57
오금대화,,오금구파발,구파발오금
16:51,,17:05,17:02
수서구파발,,오금대화,대화오금
16:56,,17:11,17:09
오금대화,,오금구파발,구파발오금
17:03,17:02,17:17,17:14
오금구파발,대화오금,오금대화,대화오금
17:09,17:11,17:23,17:21
오금대화,대화오금,오금대화,구파발오금
17:15,17:19,17:29,17:26
오금구파발,대화오금,오금구파발,대화오금
17:20,17:27,17:36,17:33
수서대화,구파발오금,오금대화,구파발오금
17:25,17:34,17:43,17:45
오금구파발,대화오금,오금구파발,구파발오금
17:29,17:40,17:50,17:50
오금대화,구파발오금,오금대화,대화오금
17:34,17:45,17:57,17:57
수서구파발,대화오금,오금대화,구파발오금
17:39,17:50,18:04,18:02
오금대화,구파발오금,오금구파발,대화오금
17:44,17:55,18:11,18:09
수서구파발,대화오금,오금대화,구파발오금
17:49,17:59,18:17,18:14
오금대화,대화오금,오금구파발,대화오금
17:53,,18:23,18:21
오금대화,,오금대화,구파발오금
17:58,,18:29,18:26
오금구파발,,오금구파발,대화오금
18:02,18:03,18:35,18:33
오금대화,구파발오금,오금대화,구파발오금
18:07,18:07,18:41,18:39
오금구파발,대화오금,오금구파발,대화오금
18:11,18:11,18:47,18:45
오금대화,구파발오금,오금대화,구파발오금
18:15,18:15,18:53,18:51
오금구파발,대화오금,오금구파발,대화오금
18:19,18:19,18:59,18:58
수서대화,구파발오금,오금대화,구파발오금
18:24,18:24,19:06,19:03
오금구파발,대화오금,오금대화,대화오금
18:28,18:27,19:11,19:10
오금대화,구파발오금,오금대화,구파발오금
18:32,18:34,19:17,19:15
오금구파발,대화오금,오금구파발,대화오금
18:36,18:40,19:23,19:22
오금대화,대화오금,오금대화,대화오금
18:41,18:45,19:29,19:27
오금구파발,대화오금,오금구파발,대화오금
18:46,18:50,19:35,19:33
오금대화,구파발오금,오금대화,대화오금
18:51,18:55,19:41,19:39
오금구파발,대화오금,오금구파발,구파발오금
18:56,,19:48,19:45
오금대화,,오금대화,대화오금
19:01,19:03,19:55,19:57
오금구파발,대화오금,오금대화,대화오금
19:06,19:07,20:03,20:03
오금대화,구파발오금,오금대화,구파발오금
19:11,19:12,20:11,20:09
오금대화,대화오금,오금대화,대화오금
19:17,19:20,20:19,20:15
오금대화,대화오금,오금대화,구파발오금
19:22,19:27,20:27,20:21
오금구파발,대화오금,오금대화,대화오금
19:27,19:31,20:34,20:27
오금대화,구파발오금,오금구파발,구파발오금
19:32,19:35,20:39,20:33
오금구파발,대화오금,오금대화,대화오금
19:38,19:39,20:45,20:39
오금대화,구파발오금,오금대화,구파발오금
19:44,19:49,20:52,20:51
오금대화,구파발오금,오금대화,구파발오금
19:49,19:52,20:59,
오금구파발,대화오금,오금구파발,
19:55,19:57,21:06,21:03
오금대화,대화오금,오금대화,구파발오금
20:00,20:02,21:13,21:09
오금구파발,구파발오금,오금구파발,대화오금
20:06,20:07,21:20,21:15
오금대화,대화오금,오금대화,대화오금
20:11,20:12,21:27,21:21
오금구파발,구파발오금,오금구파발,대화오금
20:16,20:22,21:34,21:27
오금대화,대화오금,오금대화,구파발오금
20:21,20:27,21:42,21:33
오금구파발,구파발오금,오금대화,대화오금
20:26,20:33,21:50,21:45
오금대화,대화오금,오금구파발,대화오금
20:31,20:42,21:57,21:51
오금구파발,대화오금,오금대화,구파발오금
20:37,20:47,,21:57
오금대화,구파발오금,,대화오금
20:43,20:52,22:05,22:03
오금대화,대화오금,오금구파발,대화오금
20:49,20:57,22:12,22:17
오금대화,구파발오금,오금대화,대화오금
20:55,,22:21,22:25
오금구파발,,오금구파발,대화오금
21:00,21:02,22:30막,22:33
오금대화,대화오금,오금대화,대화오금
21:06,21:08,22:39,22:41
오금대화,대화오금,오금구파발,구파발오금
21:11,21:13,22:48,22:57
오금구파발,구파발오금,오금구파발,대화오금
21:16,21:18,22:57,
오금대화,대화오금,오금구파발,
21:22,21:24,23:06막,23:05
오금구파발,대화오금,오금구파발,구파발오금
21:27,21:34,23:18막,23:20
오금대화,대화오금,오금독립문,구파발오금
21:34,21:39,23:33막,23:35
오금구파발,구파발오금,오금압구정,대화오금
21:41,21:51,,23:48
오금대화,대화오금,,대화오금
21:48,21:59,,23:55막
오금대화,구파발오금,,대화오금
21:54,,,
오금구파발,,,
22:02,22:04,,
오금대화,대화오금,,
22:11,22:11,,
오금대화,구파발오금,,
22:20,22:22,,
오금구파발,대화오금,,
22:27,22:31,,
오금대화,대화오금,,
22:34,22:41,,
오금구파발,대화오금,,
22:43,22:48,,
오금대화,대화오금,,
22:51,22:55,,
오금구파발,대화오금,,
23:02,23:03,,
오금구파발,대화오금,,
23:10막,23:15,,
오금대화,대화오금,,
23:19,23:33,,
오금구파발,대화오금,,
23:29,23:50,,
오금구파발,대화오금,,
23:41,,,
오금구파발,,,
23:58막,,,
오금구파발,,,
00:14막,0:00,,
오금독립문,대화오금,,
00:32막,0:10,,
오금압구정,대화오금,,
,0:24,,
,대화오금,,
,00:43막,,
,구파발오금,,
