﻿서울역방면,종각방면,서울역방면,종각방면
평일,평일,주말,주말
05:28첫,05:23첫,05:28첫,05:23첫
광운대인천,구로동두천,광운대인천,구로동두천
5:35,5:26,05:34첫,5:26
창동인천,서울역의정부,동묘앞서동탄,서울역의정부
05:40첫,5:33,5:40,5:34
광운대서동탄,구로청량리,광운대인천,서울역양주
5:46,5:37,5:46,05:43첫
동묘앞인천,서울역양주,동묘앞인천,구로연천
5:51,5:43,5:52,5:48
동묘앞서동탄,구로동두천,광운대서동탄,구로청량리
5:57,5:46,5:58,5:52
의정부인천,서울역의정부,의정부인천,서울역광운대
-,5:51,-,5:57
-,부평동두천,-,부평소요산
-,5:58,6:08,6:10
-,구로청량리,광운대서동탄,인천양주
6:03,6:01,6:12,6:15
양주인천,서울역광운대,양주인천,병점광운대
6:08,6:10,6:22,6:21
광운대서동탄,인천양주,동묘앞인천,인천동두천
6:12,6:14,6:26,6:27
양주인천,병점광운대,광운대병점,병점청량리
06:16급첫,06:20급첫,6:32,6:33
청량리신창,인천동두천,동묘앞서동탄,인천연천
6:20,6:23,6:36,6:38
동묘앞인천,병점청량리,소요산인천,병점청량리
6:25,6:27,6:41,6:46
광운대서동탄,서울역양주,광운대병점,인천양주
6:29,6:30,6:44,6:52
동묘앞인천,인천동두천,동묘앞인천,서동탄광운대
6:36,6:34,06:49첫,6:59
소요산인천,병점광운대,청량리신창,인천소요산
06:41급첫,6:38,6:54,-
청량리천안,구로청량리,양주인천,-
6:45,06:43첫,6:58,-
동묘앞인천,인천연천,광운대서동탄,-
6:50,6:47,7:02,7:04
광운대병점,서울역양주,광운대천안,천안청량리
6:54,6:50,7:08,7:10
양주인천,인천동두천,연천인천,인천양주
06:58첫,6:54,7:12,7:16
광운대신창,서동탄광운대,청량리천안,서동탄광운대
-,6:59,7:17,7:21
-,인천소요산,의정부인천,인천동두천
7:01,7:04,07:21급첫,7:26
동묘앞인천,천안청량리,청량리천안,신창광운대
7:05,7:09,7:25,7:31
광운대서동탄,인천동두천,광운대병점,인천양주
7:09,7:13,7:29,7:35
연천인천,서동탄광운대,광운대신창,서동탄청량리
7:12,7:17,7:32,7:39
청량리천안,인천동두천,동두천인천,인천연천
7:17,7:21,7:36,7:43
의정부인천,병점청량리,동묘앞서동탄,천안광운대
07:20급,7:26,7:41,7:48
청량리천안,신창광운대,양주인천,인천의정부
7:25,7:30,7:50,7:53
광운대병점,인천동두천,소요산인천,병점청량리
7:29,7:35,07:53급,7:58
동두천인천,서동탄청량리,청량리천안,인천양주
7:32,7:40,7:58,-
광운대신창,인천연천,광운대서동탄,-
7:37,7:43,8:02,8:02
의정부서동탄,천안광운대,동두천인천,서동탄광운대
7:41,7:49,8:09,8:06
양주인천,인천의정부,연천구로,신창광운대
7:45,7:53,8:13,8:10
광운대신창,병점청량리,광운대신창,인천소요산
7:48,7:58,8:17,8:14
동두천인천,인천소요산,동묘앞인천,병점청량리
07:53급,-,08:21급,8:17
청량리천안,-,청량리천안,인천의정부
7:58,-,8:25,8:21
의정부서동탄,-,광운대서동탄,서동탄동묘앞
08:01급첫,8:02,8:30,8:28
동두천인천,서동탄광운대,동묘앞인천,인천동두천
8:04,8:05,8:35,8:32
청량리서동탄,인천양주,광운대신창,천안청량리
8:08,8:08,8:39,8:36
연천인천,신창광운대,동두천인천,서동탄광운대
8:12,8:11,08:43급,8:41
광운대신창,인천동두천,청량리천안,인천연천
8:16,8:16,8:49,8:45
양주부평,서동탄청량리,광운대서동탄,서동탄광운대
08:19급,8:18,8:56,8:50
청량리천안,인천의정부,양주구로,신창청량리
8:22,8:22,8:59,8:55
동두천인천,천안광운대,청량리천안,인천양주
8:26,08:26급,9:03,9:01
광운대서동탄,인천동두천,소요산인천,서동탄광운대
8:29,8:30,9:09,9:06
동두천구로,서동탄광운대,광운대서동탄,천안청량리
8:33,8:33,9:13,9:09
양주인천,인천양주,연천인천,인천소요산
8:36,8:37,9:17,9:15
광운대신창,서동탄동묘앞,청량리천안,인천광운대
8:39,8:42,9:21,9:19
연천부평,인천연천,양주인천,천안광운대
08:42급,8:46,9:26,09:23급첫
청량리천안,천안청량리,광운대병점,신창청량리
8:45,8:50,9:30,9:26
동두천인천,인천의정부,동두천인천,인천동두천
8:48,8:53,09:34급첫,9:31
광운대서동탄,병점광운대,청량리신창,서동탄동묘앞
8:53,8:58,9:41,9:37
양주인천,인천양주,광운대서동탄,천안청량리
8:57,-,9:45,9:42
동두천부평,-,양주구로,인천연천
9:00,9:02,9:48,9:48
청량리천안,서동탄광운대,청량리신창,서동탄광운대
9:05,9:06,9:54,9:52
소요산인천,신창청량리,소요산인천,인천의정부
9:09,9:09,-,9:56
광운대서동탄,인천소요산,-,신창광운대
09:13급,9:16,10:00,10:00급
동두천인천,인천동묘앞,광운대병점,천안청량리
9:21,9:20,10:07,10:05
광운대신창,신창광운대,의정부인천,인천소요산
9:26,09:25급첫,10:11,10:11
동두천인천,신창청량리,청량리천안,천안광운대
9:30,9:28,10:16,10:16
광운대병점,인천양주,연천인천,인천양주
9:34,9:32,10:23,10:22
동두천인천,서동탄광운대,광운대신창,서동탄광운대
09:38급,9:36,10:28,10:26
청량리천안,인천동묘앞,양주인천,인천동두천
9:42,9:43,10:31,10:31
의정부인천,인천연천,청량리서동탄,신창청량리
9:47,9:48,10:39,10:35
광운대서동탄,서동탄청량리,광운대신창,인천양주
9:53,9:52,10:43,10:39
소요산인천,인천의정부,동두천인천,천안광운대
9:57,9:57,10:48급,10:42
청량리신창,천안광운대,청량리천안,인천연천
10:03,10:02급,10:52,10:47
광운대서동탄,신창청량리,광운대인천,서동탄광운대
10:08,10:06,10:57,10:51
의정부인천,인천소요산,광운대서동탄,인천의정부
10:12,10:11,-,10:57
청량리천안,천안광운대,-,천안광운대
10:16,10:15,11:02,11:01급
연천인천,인천양주,소요산인천,천안청량리
10:26,10:24급,11:06,11:05
광운대신창,인천동두천,광운대구로,인천광운대
10:29,10:28,11:11,11:09
동두천인천,서동탄청량리,양주인천,병점광운대
10:35,10:32,11:14급,11:13
청량리서동탄,인천양주,청량리천안,신창청량리
10:39,10:37,11:18,11:16
동두천인천,신창광운대,광운대신창,인천양주
10:44,10:42,11:22,11:19
양주구로,인천연천,연천인천,서동탄광운대
10:47급,10:47,11:28,11:23급
청량리천안,서동탄광운대,광운대서동탄,천안청량리
10:52,10:53,11:31,11:28
의정부인천,인천의정부,동두천인천,인천동두천
10:58,10:56급,11:36,11:32
광운대서동탄,천안청량리,광운대신창,천안광운대
11:02,11:02,11:41,11:36
양주서울역,부평소요산,의정부인천,인천양주
11:07,11:07,11:44급,11:41
광운대신창,인천양주,청량리천안,서동탄광운대
11:12,11:13,11:48,11:46급
연천인천,신창광운대,광운대천안,천안청량리
11:16급,11:17,11:53,11:51
청량리신창,구로의정부,양주인천,인천연천
11:20,11:22급,11:56,11:57
청량리서동탄,신창청량리,청량리서동탄,신창광운대
11:25,11:25,12:01,12:01
동두천인천,인천양주,소요산인천,인천소요산
11:31급,11:29,12:05급,12:06
동두천인천,서동탄광운대,청량리천안,서동탄광운대
11:37,11:34,12:09,12:10
광운대병점,천안청량리,광운대신창,인천양주
11:41,11:37급,12:14,12:15
의정부인천,인천동두천,연천인천,천안광운대
11:44급,11:41,12:18,12:18
청량리신창,서동탄광운대,광운대서동탄,인천의정부
11:49,11:45,12:22,12:22급
광운대신창,인천연천,양주인천,천안청량리
11:52,11:49급,12:27,12:30
양주인천,천안청량리,광운대천안,인천동두천
11:56,11:54,12:30,12:35
광운대서동탄,인천의정부,동두천인천,천안광운대
-,11:58,12:35급,12:39
-,천안광운대,청량리천안,인천양주
12:01,12:02,12:41,12:43
소요산인천,인천소요산,의정부인천,서동탄광운대
12:04급,12:07,12:45,12:47
청량리천안,서동탄광운대,광운대신창,인천연천
12:10,12:11,12:51,12:51
연천인천,인천양주,양주인천,신창광운대
12:18,12:15,12:56,12:55급
청량리서동탄,신창광운대,광운대서동탄,천안청량리
12:22,12:18,13:00,13:02
양주인천,인천의정부,소요산인천,인천소요산
12:28,12:24급,13:06,13:07
광운대천안,신창청량리,광운대신창,천안광운대
12:32급,12:29급,13:11,13:13
동두천인천,인천동두천,연천인천,인천양주
12:37급,12:33,13:15급,13:18
청량리천안,천안광운대,청량리천안,서동탄광운대
12:43,12:39,13:19,13:22
의정부인천,인천양주,광운대서동탄,인천의정부
12:47,12:44,13:23,13:26급
광운대천안,서동탄광운대,양주인천,천안청량리
12:51,12:51,13:28,13:32
양주인천,인천연천,광운대천안,인천동두천
12:55,12:56,13:32,13:36
광운대서동탄,서동탄광운대,동두천인천,신창광운대
13:00,13:02,13:38급,13:41
소요산인천,인천양주,청량리천안,인천양주
13:06,13:07,13:43,13:45
광운대천안,신창청량리,광운대병점,서동탄광운대
13:11,13:11,13:47,13:52급
양주인천,인천소요산,양주인천,천안청량리
13:15급,13:18,13:50,13:56
청량리신창,서동탄광운대,광운대서동탄,인천의정부
13:19,13:23급,13:55,-
광운대서동탄,천안청량리,소요산인천,-
13:23,13:27,13:59,-
의정부인천,인천양주,광운대신창,-
13:27,13:32,14:07,14:03
광운대천안,신창광운대,의정부인천,신창광운대
13:30급,13:39급막,14:10급,14:06
동두천인천,인천동두천,청량리천안,인천소요산
13:36,13:44,14:15,14:13
양주인천,서동탄광운대,연천인천,서동탄광운대
13:42,13:48,14:19,14:17
광운대병점,인천연천,광운대서동탄,인천양주
13:46,13:52급,14:25,14:23
의정부인천,천안청량리,양주인천,인천동두천
13:50,13:56,14:32,14:27
광운대서동탄,인천의정부,광운대서동탄,신창청량리
13:54,-,14:36,14:33
소요산인천,-,동두천인천,인천양주
13:58,-,14:40급,14:37
청량리천안,-,청량리천안,천안광운대
14:07,14:01,14:46,14:44
의정부인천,신창청량리,양주인천,인천연천
14:12,14:05,14:50,14:48
광운대서동탄,인천소요산,광운대천안,서동탄광운대
14:16,14:10,14:56,14:52급
연천인천,서동탄광운대,소요산인천,천안청량리
14:21급,14:16,-,14:56
청량리신창,인천양주,-,인천의정부
14:25,14:22,15:01,15:00
양주인천,인천의정부,광운대서동탄,신창광운대
14:29,14:27,15:07,15:04
광운대서동탄,신창청량리,광운대천안,인천소요산
14:33급,14:32,15:12,15:10
동두천인천,인천광운대,의정부인천,서동탄동묘앞
14:38급,14:37,15:15급,15:15
청량리천안,천안광운대,청량리신창,인천양주
14:44,14:41,15:21,15:20
광운대신창,인천연천,연천인천,천안광운대
14:48,14:46급,15:25,15:25급
양주인천,천안청량리,광운대서동탄,천안청량리
14:52,14:50,15:30,15:30
광운대서동탄,인천양주,양주인천,인천의정부
14:58,14:54,15:35급,15:34
소요산인천,서동탄광운대,청량리천안,신창광운대
15:04,15:00,15:40,15:41
청량리천안,신창광운대,동두천인천,인천연천
15:10,15:06,15:45,15:44
양주인천,인천소요산,광운대신창,서동탄광운대
15:14급,15:11,15:49,15:48급
청량리천안,서동탄청량리,의정부인천,천안청량리
15:19,15:15,15:53,15:52
광운대서동탄,인천양주,소요산구로,인천의정부
15:23,15:19,15:57,15:57
연천인천,신창광운대,광운대서동탄,신창광운대
15:31,15:24급,16:02,16:02
양주인천,신창청량리,양주인천,인천소요산
15:35급,15:27,16:08급,16:07
청량리천안,인천의정부,청량리천안,서동탄광운대
15:44,15:33,16:12,16:10
광운대신창,천안광운대,광운대신창,인천양주
15:48,15:38,16:17,16:14
의정부인천,인천연천,연천인천,천안광운대
15:57,15:45급,16:21,16:17
청량리서동탄,신창청량리,광운대병점,인천의정부
-,15:48,16:24,16:21급
-,인천동묘앞,양주인천,천안청량리
-,15:53,16:28,16:25
-,인천의정부,광운대서동탄,인천동두천
-,15:57,16:31,16:29
-,천안광운대,동두천인천,신창광운대
16:04,16:00,16:34급,16:36
소요산인천,인천소요산,청량리천안,서동탄광운대
16:08,16:07,16:39,16:39
광운대천안,서동탄광운대,광운대천안,인천양주
16:12,16:11,16:43,16:44급
의정부인천,인천의정부,양주인천,천안청량리
16:16급,16:15,16:48,16:48
청량리천안,천안광운대,광운대서동탄,인천연천
16:20,16:18,16:52,16:52
광운대서동탄,인천동두천,의정부인천,신창청량리
16:24,16:22급,16:57,16:56
연천인천,천안청량리,광운대병점,인천의정부
16:29,16:26,17:01,17:05
양주인천,인천양주,소요산인천,서동탄광운대
16:32급,16:30,17:05,17:10
청량리신창,신창광운대,광운대천안,구로의정부
16:37급막,16:36,17:09,17:13
동두천인천,서동탄광운대,동두천구로,신창광운대
16:45,16:40,17:12,17:17
의정부인천,인천연천,동묘앞인천,인천동묘앞
16:49,16:44급,17:15급,17:21급
광운대서동탄,천안청량리,청량리신창,천안청량리
16:54,16:48,17:20,17:25
양주인천,인천양주,광운대서동탄,구로동두천
16:57,16:52,17:23,17:29
동묘앞서동탄,신창광운대,의정부인천,서동탄광운대
-,16:55,17:27,17:32
-,인천의정부,청량리천안,인천의정부
17:01,17:00,17:32,17:36
소요산인천,천안청량리,양주서울역,천안광운대
17:05,17:04,17:36,17:42
광운대천안,부평소요산,광운대서동탄,인천양주
17:09,17:07,17:42,17:47
동묘앞인천,서동탄광운대,의정부인천,서동탄광운대
17:13급,17:10,17:46,17:51급
청량리신창,인천양주,광운대신창,천안청량리
17:18,17:14,17:51,17:56
광운대서동탄,신창광운대,청량리천안,인천양주
17:21,17:18,17:56,-
연천인천,인천동묘앞,소요산인천,-
17:26,17:21급,18:06,18:01
광운대천안,천안청량리,의정부인천,신창광운대
17:30,17:25,18:10,18:05
양주인천,부평동두천,광운대서동탄,인천소요산
17:33급,17:29,18:14,18:11
청량리신창,서동탄동묘앞,연천인천,서동탄광운대
17:38,17:32,18:18,18:15급
광운대서동탄,인천양주,청량리천안,천안청량리
17:44,17:36,18:24,18:20
의정부인천,신창광운대,광운대서동탄,인천동두천
17:47,17:40,18:29,18:24
광운대신창,인천연천,양주인천,신창광운대
17:51,17:43급,18:33급,18:28
양주인천,천안청량리,청량리신창,구로양주
17:54,17:47,18:38,18:32
청량리서동탄,인천동두천,광운대서동탄,인천광운대
-,17:51,18:42,18:36
-,서동탄광운대,양주인천,병점광운대
-,17:54,18:45,18:40
-,인천의정부,광운대천안,인천동묘앞
-,17:59,18:49,18:45
-,천안광운대,의정부인천,서동탄광운대
18:00,18:03,18:54,18:49
소요산인천,인천양주,소요산인천,인천의정부
18:06,18:07급,18:57,18:54급
광운대천안,천안청량리,광운대서동탄,천안청량리
18:09,18:14,-,18:58
의정부인천,서동탄광운대,-,인천동묘앞
18:13,18:18,19:02,19:03
청량리서동탄,인천양주,의정부인천,구로소요산
18:16,18:22,19:05급막,19:06
연천인천,신창광운대,청량리신창,신창광운대
18:22,18:27,19:11,19:09
광운대신창,인천동두천,광운대신창,인천의정부
18:26,18:31,19:16,19:14
의정부인천,병점광운대,연천인천,인천양주
18:30,18:35,19:23,19:19
청량리서동탄,인천양주,광운대서동탄,서동탄광운대
18:35,18:38급,19:28,19:24급
양주인천,천안청량리,동두천인천,천안청량리
18:40,18:43,19:33,19:29
광운대신창,인천연천,광운대신창,인천양주
18:45,18:47,19:36,19:32
의정부인천,천안광운대,의정부인천,신창광운대
18:48,18:50,19:40,19:36
광운대천안,부평동두천,청량리구로,인천연천
18:53,18:54,19:46,19:40
소요산인천,서동탄청량리,양주인천,서동탄광운대
18:57,18:57,19:50,19:44
광운대서동탄,인천의정부,광운대천안,인천광운대
19:01,19:01,19:59,19:49
양주인천,인천동묘앞,소요산인천,천안청량리
19:04급,19:05,-,19:54
청량리천안,신창광운대,-,인천동두천
19:08,19:09,-,19:59
광운대신창,인천양주,-,신창광운대
19:11,19:13,20:03,20:03
연천인천,서동탄광운대,광운대신창,인천소요산
19:16,19:17,20:08,20:07
광운대신창,인천소요산,양주인천,서동탄동묘앞
19:20,19:21,20:11,20:13
양주인천,신창광운대,청량리서동탄,인천양주
19:23,19:25,20:17,20:17
광운대서동탄,인천동묘앞,연천인천,천안광운대
19:26,19:29,20:21,20:22급
동두천인천,천안청량리,동두천인천,천안청량리
19:31급,19:32,20:26,20:26
청량리천안,인천동두천,광운대신창,인천의정부
19:35,19:36,20:31,20:30
광운대서동탄,서동탄광운대,양주인천,서동탄광운대
19:39,19:40,20:34,20:35
양주인천,인천양주,청량리구로,인천동두천
19:43,19:44,20:38,20:39
광운대천안,천안광운대,광운대서동탄,신창청량리
19:48,19:49,20:43,20:43
의정부인천,서동탄광운대,의정부인천,인천양주
19:52,19:53,20:48,20:49
청량리서동탄,인천연천,광운대천안,구로연천
19:56,19:59,20:53,20:53
소요산인천,신창광운대,광운대서동탄,병점광운대
20:03,20:03,20:57,20:58
광운대천안,인천의정부,소요산인천,신창청량리
20:07,20:07,21:02,21:02
양주인천,서동탄광운대,의정부구로,인천의정부
20:11,20:14,21:07,21:06
광운대서동탄,인천소요산,청량리신창,서동탄광운대
20:14,20:18,21:11,21:11
연천인천,천안광운대,연천인천,인천소요산
20:18급막,20:22급,21:16,21:14
청량리신창,신창청량리,광운대병점,천안광운대
20:22,20:26,21:20,21:20
양주인천,인천양주,양주인천,인천양주
20:27,20:33,21:24막,21:24급막
광운대신창,인천동두천,청량리신창,천안청량리
20:32,20:37,21:29,21:28
동두천인천,천안광운대,동두천인천,인천의정부
20:37,20:41,21:36,21:33
광운대서동탄,인천양주,광운대서동탄,신창광운대
20:41,20:44,21:41,21:38
양주인천,서동탄광운대,양주인천,인천연천
20:47,20:48,21:46,21:42
광운대천안,인천연천,광운대서동탄,서동탄광운대
20:51,20:56,21:52,21:47
의정부인천,인천의정부,청량리천안,인천의정부
20:56,-,21:58,21:51
광운대서동탄,-,소요산인천,서동탄동묘앞
21:01,21:02,-,21:56
동두천인천,서동탄청량리,-,인천소요산
21:07,21:07,22:03,22:03
청량리신창,인천소요산,광운대서동탄,신창광운대
21:11,21:13,22:08,22:07
연천인천,천안광운대,청량리병점,인천양주
21:15,21:19급,22:13,22:12
광운대서동탄,천안청량리,연천인천,서동탄동묘앞
21:20,21:24,22:18막,22:16
동두천인천,인천양주,광운대천안,인천동두천
21:28,21:28,22:22,22:21
양주인천,신창광운대,양주인천,천안청량리
21:34,21:32,22:27,22:25
광운대신창,인천의정부,광운대병점,인천동묘앞
21:38,21:38,22:32,22:31
동두천인천,서동탄광운대,의정부인천,병점광운대
21:43,21:42,22:39,22:36막
광운대병점,인천연천,광운대병점,인천연천
21:47,21:47,22:42,22:42
양주인천,서동탄광운대,동두천인천,천안광운대
21:51,21:50,22:48,22:47
연천구로,인천양주,양주인천,인천의정부
21:55막,21:55급,22:54,22:52
청량리신창,신창청량리,광운대서동탄,병점광운대
-,21:58,23:00,23:02막
-,인천소요산,소요산인천,인천소요산
22:00,22:03,23:05막,23:06
의정부인천,천안광운대,청량리서동탄,신창광운대
22:06,22:09,23:11,23:16
광운대서동탄,인천의정부,연천인천,서동탄광운대
22:12,22:14,23:17막,23:26막
소요산인천,서동탄동묘앞,광운대병점,인천양주
22:17막,22:18,23:23막,23:31
청량리천안,인천동두천,의정부인천,서동탄광운대
22:21,22:23급막,23:30,23:37막
연천인천,천안청량리,양주구로,인천의정부
22:27,22:28,23:42,23:50
광운대서동탄,인천양주,동두천구로,인천광운대
22:34,22:32,23:53,-
동두천인천,서동탄광운대,의정부구로,-
22:39,22:38,00:05막,00:02막
광운대병점,인천의정부,소요산구로,인천광운대
22:43,22:45,-,00:15막
청량리구로,신창광운대,-,인천동묘앞
22:49,22:52막,-,-
의정부인천,인천연천,-,-
22:55,-,-,-
광운대서동탄,-,-,-
23:00,23:01,-,-
양주서울역,신창광운대,-,-
23:05,23:08,-,-
광운대구로,서동탄광운대,-,-
23:10,23:15막,-,-
소요산인천,인천소요산,-,-
23:15막,23:22막,-,-
광운대서동탄,인천양주,-,-
23:21,23:29,-,-
연천인천,서동탄광운대,-,-
23:25,23:35막,-,-
청량리구로,인천의정부,-,-
23:30막,23:44,-,-
의정부인천,서동탄동묘앞,-,-
23:40,23:55,-,-
양주구로,천안광운대,-,-
23:54,-,-,-
양주구로,-,-,-
0:02,00:02막,-,-
광운대구로,인천광운대,-,-
00:10막,00:12막,-,-
의정부구로,서동탄청량리,-,-
0:28,0:24,-,-
의정부서울역,인천동묘앞,-,-
00:58막,00:50막,-,-
청량리서울역,서울역동묘앞,-,-
