﻿동묘앞방면,제기동방면,동묘앞방면,제기동방면
평일,평일,주말,주말
05:15첫,05:35첫,05:15첫,05:35첫
광운대인천,구로동두천,광운대인천,구로동두천
5:22,5:39,5:27,5:39
창동인천,서울역의정부,광운대인천,서울역의정부
05:27첫,5:45,05:39첫,5:47
광운대서동탄,구로청량리,광운대서동탄,서울역양주
5:44,5:50,5:45,05:55첫
의정부인천,서울역양주,의정부인천,구로연천
5:50,5:55,5:55,-
양주인천,구로동두천,광운대서동탄,-
5:55,5:59,5:59,-
광운대서동탄,서울역의정부,양주인천,-
5:59,-,6:13,6:00
양주인천,-,광운대병점,구로청량리
06:04급첫,6:03,6:23,6:05
청량리신창,부평동두천,소요산인천,서울역광운대
6:12,6:10,6:28,6:09
광운대서동탄,구로청량리,광운대병점,부평소요산
6:23,6:14,06:37첫,6:23
소요산인천,서울역광운대,청량리신창,인천양주
06:29급첫,6:23,6:41,6:28
청량리천안,인천양주,양주인천,병점광운대
6:37,6:27,6:45,6:34
광운대병점,병점광운대,광운대서동탄,인천동두천
6:41,06:33급첫,6:49,6:40
양주인천,인천동두천,광운대천안,병점청량리
06:45첫,6:36,6:55,6:46
광운대신창,병점청량리,연천인천,인천연천
6:52,6:40,-,6:51
광운대서동탄,서울역양주,-,병점청량리
6:56,6:43,-,6:59
연천인천,인천동두천,-,인천양주
-,6:47,7:00,7:05
-,병점광운대,청량리천안,서동탄광운대
-,6:50,7:04,7:12
-,구로청량리,의정부인천,인천소요산
-,06:56첫,07:09급첫,7:16
-,인천연천,청량리천안,천안청량리
7:00,7:00,7:12,7:23
청량리천안,서울역양주,광운대병점,인천양주
7:04,7:03,7:16,7:29
의정부인천,인천동두천,광운대신창,서동탄광운대
07:08급,7:07,7:20,7:34
청량리천안,서동탄광운대,동두천인천,인천동두천
7:12,7:12,7:28,7:39
광운대병점,인천소요산,양주인천,신창광운대
7:16,7:16,7:37,7:44
동두천인천,천안청량리,소요산인천,인천양주
7:19,7:22,07:41급,7:48
광운대신창,인천동두천,청량리천안,서동탄청량리
7:24,7:26,7:45,7:52
의정부서동탄,서동탄광운대,광운대서동탄,인천연천
7:28,7:30,7:50,7:55
양주인천,인천동두천,동두천인천,천안광운대
7:32,7:34,7:56,-
광운대신창,병점청량리,연천구로,-
7:36,7:39,8:00,8:01
동두천인천,신창광운대,광운대신창,인천의정부
07:41급,7:43,08:09급,8:06
청량리천안,인천동두천,청량리천안,병점청량리
7:45,7:48,8:12,8:11
의정부서동탄,서동탄청량리,광운대서동탄,인천양주
07:49급첫,7:53,8:22,8:15
동두천인천,인천연천,광운대신창,서동탄광운대
7:52,7:56,8:27,8:19
청량리서동탄,천안광운대,동두천인천,신창광운대
7:55,-,08:31급,8:23
연천인천,-,청량리천안,인천소요산
7:59,-,8:36,8:27
광운대신창,-,광운대서동탄,병점청량리
8:03,8:02,8:43,8:30
양주부평,인천의정부,양주구로,인천의정부
08:07급,8:06,8:47,8:41
청량리천안,병점청량리,청량리천안,인천동두천
8:10,8:11,8:50,8:44
동두천인천,인천소요산,소요산인천,천안청량리
8:13,8:14,8:56,8:49
광운대서동탄,서동탄광운대,광운대서동탄,서동탄광운대
8:17,8:18,-,8:54
동두천구로,인천양주,-,인천연천
8:20,8:21,-,8:58
양주인천,신창광운대,-,서동탄광운대
8:23,8:24,9:00,9:03
광운대신창,인천동두천,연천인천,신창청량리
8:26,8:28,9:05,9:08
연천부평,서동탄청량리,청량리천안,인천양주
08:30급,8:31,9:08,9:14
청량리천안,인천의정부,양주인천,서동탄광운대
8:33,8:34,9:13,9:18
동두천인천,천안광운대,광운대병점,천안청량리
8:35,08:39급,9:18,9:22
광운대서동탄,인천동두천,동두천인천,인천소요산
8:40,8:43,09:22급첫,9:28
양주인천,서동탄광운대,청량리신창,인천광운대
8:45,8:46,9:28,9:31
동두천부평,인천양주,광운대서동탄,천안광운대
8:48,8:55,9:32,09:35급첫
청량리천안,인천연천,양주구로,신창청량리
8:52,8:58,9:36,9:39
소요산인천,천안청량리,청량리신창,인천동두천
8:56,-,9:41,9:50
광운대서동탄,-,소요산인천,천안청량리
09:01급,9:03,9:47,9:55
동두천인천,인천의정부,광운대병점,인천연천
9:08,9:06,9:54,-
광운대신창,병점광운대,의정부인천,-
9:14,9:11,9:59,-
동두천인천,인천양주,청량리천안,-
9:17,9:15,10:03,10:01
광운대병점,서동탄광운대,연천인천,서동탄광운대
9:22,9:19,10:10,10:05
동두천인천,신창청량리,광운대신창,인천의정부
09:26급,9:22,10:15,10:09
청량리천안,인천소요산,양주인천,신창광운대
9:29,9:33,10:19,10:13급
의정부인천,신창광운대,청량리서동탄,천안청량리
9:34,09:37급첫,10:26,10:18
광운대서동탄,신창청량리,광운대신창,인천소요산
9:41,9:41,10:31,10:23
소요산인천,인천양주,동두천인천,천안광운대
9:45,9:45,10:36급,10:29
청량리신창,서동탄광운대,청량리천안,인천양주
9:50,9:56,10:39,10:35
광운대서동탄,인천연천,광운대인천,서동탄광운대
9:55,-,10:44,10:39
의정부인천,-,광운대서동탄,인천동두천
10:00,10:01,10:49,10:44
청량리천안,서동탄청량리,소요산인천,신창청량리
10:04,10:05,10:53,10:48
연천인천,인천의정부,광운대구로,인천양주
10:13,10:09,10:58,10:51
광운대신창,천안광운대,양주인천,천안광운대
10:17,10:15급,-,10:55
동두천인천,신창청량리,-,인천연천
10:23,10:19,11:02급,11:00
청량리서동탄,인천소요산,청량리천안,서동탄광운대
10:27,10:23,11:05,11:04
동두천인천,천안광운대,광운대신창,인천의정부
10:31,10:28,11:09,11:09
양주구로,인천양주,연천인천,천안광운대
10:35급,10:37급,11:15,11:14급
청량리천안,인천동두천,광운대서동탄,천안청량리
10:39,10:41,11:19,11:18
의정부인천,서동탄청량리,동두천인천,인천광운대
10:45,10:45,11:23,11:22
광운대서동탄,인천양주,광운대신창,병점광운대
10:49,10:50,11:28,11:26
양주서울역,신창광운대,의정부인천,신창청량리
10:54,10:55,11:32급,11:29
광운대신창,인천연천,청량리천안,인천양주
11:00,11:00,11:35,11:32
연천인천,서동탄광운대,광운대천안,서동탄광운대
11:04급,11:06,11:40,11:36급
청량리신창,인천의정부,양주인천,천안청량리
11:08,11:09급,11:44,11:41
청량리서동탄,천안청량리,청량리서동탄,인천동두천
11:13,11:14,11:48,11:44
동두천인천,부평소요산,소요산인천,천안광운대
11:19급,11:20,11:53급,11:49
동두천인천,인천양주,청량리천안,인천양주
11:24,11:26,11:56,11:54
광운대병점,신창광운대,광운대신창,서동탄광운대
11:28,11:29,-,11:59급
의정부인천,구로의정부,-,천안청량리
11:32급,11:34급,12:01,12:04
청량리신창,신창청량리,연천인천,인천연천
11:36,11:38,12:05,12:10
광운대신창,인천양주,광운대서동탄,신창광운대
11:39,11:42,12:09,12:14
양주인천,서동탄광운대,양주인천,인천소요산
11:43,11:46,12:14,12:19
광운대서동탄,천안청량리,광운대천안,서동탄광운대
11:49,11:50급,12:18,12:23
소요산인천,인천동두천,동두천인천,인천양주
11:52급,11:54,12:23급,12:27
청량리천안,서동탄광운대,청량리천안,천안광운대
11:58,11:58,12:28,12:31
연천인천,인천연천,의정부인천,인천의정부
12:06,12:02급,12:32,12:35급
청량리서동탄,천안청량리,광운대신창,천안청량리
12:09,12:07,12:38,12:43
양주인천,인천의정부,양주인천,인천동두천
12:15,12:11,12:43,12:47
광운대천안,천안광운대,광운대서동탄,천안광운대
12:20급,12:15,12:47,12:52
동두천인천,인천소요산,소요산인천,인천양주
12:25급,12:20,12:53,12:56
청량리천안,서동탄광운대,광운대신창,서동탄광운대
12:30,12:24,12:58,-
의정부인천,인천양주,연천인천,-
12:34,12:28,13:03급,13:00
광운대천안,신창광운대,청량리천안,인천연천
12:38,12:31,13:06,13:03
양주인천,인천의정부,광운대서동탄,신창광운대
12:42,12:37급,13:10,13:08급
광운대서동탄,신창청량리,양주인천,천안청량리
12:48,12:42급,13:15,13:15
소요산인천,인천동두천,광운대천안,인천소요산
12:53,12:46,13:20,13:19
광운대천안,천안광운대,동두천인천,천안광운대
12:58,12:52,13:26급,13:26
양주인천,인천양주,청량리천안,인천양주
-,12:57,13:30,13:31
-,서동탄광운대,광운대병점,서동탄광운대
13:03급,13:04,13:34,13:35
청량리신창,인천연천,양주인천,인천의정부
13:06,13:09,13:37,13:39급
광운대서동탄,서동탄광운대,광운대서동탄,천안청량리
13:10,13:15,13:42,13:45
의정부인천,인천양주,소요산인천,인천동두천
13:14,13:20,13:46,13:48
광운대천안,신창청량리,광운대신창,신창광운대
13:18급,13:24,13:54,13:54
동두천인천,인천소요산,의정부인천,인천양주
13:24,13:31,13:58급,13:58
양주인천,서동탄광운대,청량리천안,서동탄광운대
13:29,13:36급,14:02,14:05급
광운대병점,천안청량리,연천인천,천안청량리
13:33,13:40,14:06,14:09
의정부인천,인천양주,광운대서동탄,인천의정부
13:37,13:45,14:12,14:15
광운대서동탄,신창광운대,양주인천,신창광운대
13:42,13:52급막,14:19,14:19
소요산인천,인천동두천,광운대서동탄,인천소요산
13:46,13:57,14:24,14:26
청량리천안,서동탄광운대,동두천인천,서동탄광운대
13:54,-,14:28급,14:30
의정부인천,-,청량리천안,인천양주
13:59,-,14:33,14:36
광운대서동탄,-,양주인천,인천동두천
14:04,14:01,14:37,14:40
연천인천,인천연천,광운대천안,신창청량리
14:09급,14:05급,14:43,14:46
청량리신창,천안청량리,소요산인천,인천양주
14:12,14:09,14:48,14:49
양주인천,인천의정부,광운대서동탄,천안광운대
14:16,14:14,14:54,14:56
광운대서동탄,신창청량리,광운대천안,인천연천
14:21급,14:18,14:59,-
동두천인천,인천소요산,의정부인천,-
14:26급,14:23,15:03급,15:01
청량리천안,서동탄광운대,청량리신창,서동탄광운대
14:31,14:29,15:08,15:05급
광운대신창,인천양주,연천인천,천안청량리
14:35,14:35,15:12,15:09
양주인천,인천의정부,광운대서동탄,인천의정부
14:39,14:40,15:17,15:13
광운대서동탄,신창청량리,양주인천,신창광운대
14:46,14:45,15:23급,15:17
소요산인천,인천광운대,청량리천안,인천소요산
14:52,14:49,15:28,15:28
청량리천안,천안광운대,동두천인천,인천양주
14:57,14:54,15:32,15:32
양주인천,인천연천,광운대신창,천안광운대
-,14:58급,15:36,15:38급
-,천안청량리,의정부인천,천안청량리
15:02급,15:03,15:40,15:43
청량리천안,인천양주,소요산구로,인천의정부
15:06,15:06,15:44,15:46
광운대서동탄,서동탄광운대,광운대서동탄,신창광운대
15:11,15:12,15:49,15:54
연천인천,신창광운대,양주인천,인천연천
15:18,15:19,15:56급,15:57
양주인천,인천소요산,청량리천안,서동탄광운대
15:23급,15:24,15:59,-
청량리천안,서동탄청량리,광운대신창,-
15:31,15:28,16:04,16:01급
광운대신창,인천양주,연천인천,천안청량리
15:35,15:32,16:08,16:05
의정부인천,신창광운대,광운대병점,인천의정부
15:45,15:37급,16:11,16:10
청량리서동탄,신창청량리,양주인천,신창광운대
15:52,15:40,16:15,16:15
소요산인천,인천의정부,광운대서동탄,인천소요산
15:55,15:46,16:19,16:20
광운대천안,천안광운대,동두천인천,서동탄광운대
15:59,15:51,16:22급,16:23
의정부인천,인천연천,청량리천안,인천양주
-,15:57급,16:26,16:26
-,신창청량리,광운대천안,천안광운대
16:04급,16:06,16:30,16:30
청량리천안,인천의정부,양주인천,인천의정부
16:07,16:09,16:35,16:34급
광운대서동탄,천안광운대,광운대서동탄,천안청량리
16:12,16:13,16:39,16:38
연천인천,인천소요산,의정부인천,인천동두천
16:16,16:20,16:44,16:42
양주인천,서동탄광운대,광운대병점,신창광운대
16:20급,16:24,16:48,16:48
청량리신창,인천의정부,소요산인천,서동탄광운대
16:25급막,16:27,16:52,16:52
동두천인천,천안광운대,광운대천안,인천양주
16:32,16:31,16:57,16:57급
의정부인천,인천동두천,동두천구로,천안청량리
16:36,16:35급,17:03급,17:01
광운대서동탄,천안청량리,청량리신창,인천연천
16:41,16:39,17:07,17:05
양주인천,인천양주,광운대서동탄,신창청량리
16:49,16:43,17:11,17:09
소요산인천,신창광운대,의정부인천,인천의정부
16:52,16:49,17:15,17:18
광운대천안,서동탄광운대,청량리천안,서동탄광운대
-,16:53,17:19,17:22
-,인천연천,양주서울역,구로의정부
-,16:57급,17:23,17:26
-,천안청량리,광운대서동탄,신창광운대
17:01급,17:01,17:29,17:34급
청량리신창,인천양주,의정부인천,천안청량리
17:05,17:05,17:33,17:37
광운대서동탄,신창광운대,광운대신창,구로동두천
17:09,17:08,17:39,17:42
연천인천,인천의정부,청량리천안,서동탄광운대
17:13,17:13,17:43,17:45
광운대천안,천안청량리,소요산인천,인천의정부
17:17,17:16,17:53,17:49
양주인천,부평소요산,의정부인천,천안광운대
17:21급,17:20,17:57,17:55
청량리신창,서동탄광운대,광운대서동탄,인천양주
17:25,17:23,18:01,18:00
광운대서동탄,인천양주,연천인천,서동탄광운대
17:31,17:27,18:06,18:03급
의정부인천,신창광운대,청량리천안,천안청량리
17:34,17:34급,18:11,18:09
광운대신창,천안청량리,광운대서동탄,인천양주
17:38,17:37,18:16,18:13
양주인천,부평동두천,양주인천,신창광운대
17:42,17:45,18:21급,18:18
청량리서동탄,인천양주,청량리신창,인천소요산
17:48,17:48,18:25,18:24
소요산인천,신창광운대,광운대서동탄,서동탄광운대
17:53,17:53,18:29,18:28급
광운대천안,인천연천,양주인천,천안청량리
17:56,17:56급,18:32,18:33
의정부인천,천안청량리,광운대천안,인천동두천
18:01,18:00,18:36,18:36
청량리서동탄,인천동두천,의정부인천,신창광운대
18:04,18:03,18:41,18:40
연천인천,서동탄광운대,소요산인천,구로양주
18:09,18:07,18:44,18:45
광운대신창,인천의정부,광운대서동탄,인천광운대
18:13,18:12,18:49,18:49
의정부인천,천안광운대,의정부인천,병점광운대
18:18,18:16,18:53급막,18:58
청량리서동탄,인천양주,청량리신창,서동탄광운대
18:22,18:19급,18:58,-
양주인천,천안청량리,광운대신창,-
18:27,18:26,19:03,19:02
광운대신창,서동탄광운대,연천인천,인천의정부
18:32,18:31,19:10,19:07급
의정부인천,인천양주,광운대서동탄,천안청량리
18:35,18:34,19:16,19:15
광운대천안,신창광운대,동두천인천,구로소요산
18:41,18:40,19:20,19:19
소요산인천,인천동두천,광운대신창,신창광운대
18:44,18:44,19:23,19:22
광운대서동탄,병점광운대,의정부인천,인천의정부
18:48,18:48,19:28,19:27
양주인천,인천양주,청량리구로,인천양주
18:52급,18:51급,19:33,19:32
청량리천안,천안청량리,양주인천,서동탄광운대
18:55,18:56,19:37,19:37급
광운대신창,인천연천,광운대천안,천안청량리
18:59,18:59,19:46,19:42
연천인천,천안광운대,소요산인천,인천양주
19:03,19:02,19:50,19:45
광운대신창,부평동두천,광운대신창,신창광운대
19:07,19:07,19:55,19:48
양주인천,서동탄청량리,양주인천,인천연천
19:10,19:10,19:59,19:53
광운대서동탄,인천의정부,청량리서동탄,서동탄광운대
19:14,19:18,-,19:57
동두천인천,신창광운대,-,인천광운대
19:19급,19:22,20:04,20:01
청량리천안,인천양주,연천인천,천안청량리
19:22,19:26,20:09,20:07
광운대서동탄,서동탄광운대,동두천인천,인천동두천
19:26,19:30,20:13,20:12
양주인천,인천소요산,광운대신창,신창광운대
19:30,19:34,20:18,20:16
광운대천안,신창광운대,양주인천,인천소요산
19:35,19:41,20:22,20:26
의정부인천,천안청량리,청량리구로,인천양주
19:40,19:45,20:25,20:29
청량리서동탄,인천동두천,광운대서동탄,천안광운대
19:44,19:49,20:30,20:35급
소요산인천,서동탄광운대,의정부인천,천안청량리
19:50,19:53,20:35,20:39
광운대천안,인천양주,광운대천안,인천의정부
19:54,19:56,20:40,20:43
양주인천,천안광운대,광운대서동탄,서동탄광운대
19:58,-,20:44,20:48
광운대서동탄,-,소요산인천,인천동두천
20:02,20:02,20:49,20:51
연천인천,서동탄광운대,의정부구로,신창청량리
20:06급막,20:06,20:55,20:56
청량리신창,인천연천,청량리신창,인천양주
20:09,20:12,20:58,-
양주인천,신창광운대,연천인천,-
20:14,20:16,21:03,21:01
광운대신창,인천의정부,광운대병점,구로연천
20:20,20:20,21:07,21:06
동두천인천,서동탄광운대,양주인천,병점광운대
20:24,20:27,21:12막,21:11
광운대서동탄,인천소요산,청량리신창,신창청량리
20:29,20:30,21:17,21:15
양주인천,천안광운대,동두천인천,인천의정부
20:34,20:34급,21:23,21:19
광운대천안,신창청량리,광운대서동탄,서동탄광운대
20:38,20:39,21:28,21:24
의정부인천,인천양주,양주인천,인천소요산
20:43,20:46,21:33,21:27
광운대서동탄,인천동두천,광운대서동탄,천안광운대
20:49,20:50,21:40,21:33
동두천인천,천안광운대,청량리천안,인천양주
20:55,20:54,21:45,21:37급막
청량리신창,인천양주,소요산인천,천안청량리
20:58,20:57,21:50,21:41
연천인천,서동탄광운대,광운대서동탄,인천의정부
21:02,21:01,21:56,21:46
광운대서동탄,인천연천,청량리병점,신창광운대
21:07,21:09,-,21:51
동두천인천,인천의정부,-,인천연천
21:15,21:15,-,21:55
양주인천,서동탄청량리,-,서동탄광운대
21:21,21:20,22:00,22:00
광운대신창,인천소요산,연천인천,인천의정부
21:26,21:25,22:05막,22:09
동두천인천,천안광운대,광운대천안,인천소요산
21:30,21:32급,22:09,22:16
광운대병점,천안청량리,양주인천,신창광운대
21:34,21:37,22:14,22:20
양주인천,인천양주,광운대병점,인천양주
21:39,21:41,22:19,22:29
연천구로,신창광운대,의정부인천,인천동두천
21:43막,21:45,22:26,22:33
청량리신창,인천의정부,광운대병점,천안청량리
21:47,21:51,22:30,22:44
의정부인천,서동탄광운대,동두천인천,병점광운대
21:53,21:55,22:35,22:49막
광운대서동탄,인천연천,양주인천,인천연천
21:59,-,22:41,22:54
소요산인천,-,광운대서동탄,천안광운대
22:05막,22:00,22:47,-
청량리천안,서동탄광운대,소요산인천,-
22:09,22:03,22:53막,-
연천인천,인천양주,청량리서동탄,-
22:14,22:07급,22:58,-
광운대서동탄,신창청량리,연천인천,-
22:22,22:11,23:04막,23:00
동두천인천,인천소요산,광운대병점,인천의정부
22:26,22:16,23:11막,23:05
광운대병점,천안광운대,의정부인천,병점광운대
22:31,22:22,23:17,23:15막
청량리구로,인천의정부,양주구로,인천소요산
22:36,22:31,23:30,23:19
의정부인천,인천동두천,동두천구로,신창광운대
22:42,22:36급막,23:40,23:29
광운대서동탄,천안청량리,의정부구로,서동탄광운대
22:47,22:41,23:52막,23:39막
양주서울역,인천양주,소요산구로,인천양주
22:52,22:45,-,23:44
광운대구로,서동탄광운대,-,서동탄광운대
22:57,22:51,-,23:50막
소요산인천,인천의정부,-,인천의정부
-,22:58,-,0:03
-,신창광운대,-,인천광운대
23:02막,23:05막,-,00:15막
광운대서동탄,인천연천,-,인천광운대
23:09,23:14,-,-
연천인천,신창광운대,-,-
23:13,23:21,-,-
청량리구로,서동탄광운대,-,-
23:17막,23:28막,-,-
의정부인천,인천소요산,-,-
23:27,23:35막,-,-
양주구로,인천양주,-,-
23:41,23:41,-,-
양주구로,서동탄광운대,-,-
23:49,23:48막,-,-
광운대구로,인천의정부,-,-
23:57막,-,-,-
의정부구로,-,-,-
0:15,0:07,-,-
의정부서울역,천안광운대,-,-
00:46막,00:15막,-,-
청량리서울역,인천광운대,-,-
-,00:24막,-,-
-,서동탄청량리,-,-
