﻿서울역방면,용산방면,서울역방면,용산방면
평일,평일,주말,주말
05:17첫,05:23첫,05:17첫,05:23첫
구로동두천,서울역서동탄,구로동두천,서울역서동탄
5:27,05:33첫,05:37첫,05:33첫
구로청량리,광운대인천,구로연천,광운대인천
5:37,5:40,5:42,5:40
구로동두천,창동인천,구로청량리,동묘앞서동탄
5:45,5:45,5:51,5:45
부평동두천,광운대서동탄,부평소요산,광운대인천
5:52,5:52,,5:52
구로청량리,동묘앞인천,,동묘앞인천
,5:57,,5:57
,동묘앞서동탄,,광운대서동탄
6:05,6:02,6:05,6:03
인천양주,의정부인천,인천양주,의정부인천
6:09,6:08,6:10,6:13
병점광운대,양주인천,병점광운대,광운대서동탄
06:15급첫,6:13,6:16,6:17
인천동두천,광운대서동탄,인천동두천,양주인천
6:18,6:17,6:22,6:28
병점청량리,양주인천,병점청량리,동묘앞인천
6:25,06:22급첫,6:28,6:31
인천동두천,청량리신창,인천연천,광운대병점
6:29,6:26,6:33,6:38
병점광운대,동묘앞인천,병점청량리,동묘앞서동탄
6:32,6:30,6:41,6:41
구로청량리,광운대서동탄,인천양주,소요산인천
06:38첫,6:35,6:47,6:46
인천연천,동묘앞인천,서동탄광운대,광운대병점
6:45,6:41,6:54,6:50
인천동두천,소요산인천,인천소요산,동묘앞인천
6:49,06:47급첫,6:58,06:55첫
서동탄광운대,청량리천안,천안청량리,청량리신창
6:54,6:51,,6:59
인천소요산,동묘앞인천,,양주인천
6:58,6:55,7:05,7:03
천안청량리,광운대병점,인천양주,광운대서동탄
,6:59,7:11,7:07
,양주인천,서동탄광운대,광운대천안
7:04,07:03첫,7:16,7:13
인천동두천,광운대신창,인천동두천,연천인천
7:08,7:07,7:21,7:18
서동탄광운대,동묘앞인천,신창광운대,청량리천안
7:12,7:10,7:26,7:22
인천동두천,광운대서동탄,인천양주,의정부인천
7:16,7:14,7:30,07:27급첫
병점청량리,연천인천,서동탄청량리,청량리천안
7:21,7:18,7:34,7:30
신창광운대,청량리천안,인천연천,광운대병점
7:25,7:22,7:37,7:34
인천동두천,의정부인천,천안광운대,광운대신창
7:30,07:26급,7:43,7:38
서동탄청량리,청량리천안,인천의정부,동두천인천
7:35,7:30,7:48,7:42
인천연천,광운대병점,병점청량리,동묘앞서동탄
7:38,7:34,7:53,7:46
천안광운대,동두천인천,인천양주,양주인천
7:44,7:37,7:57,7:55
인천의정부,광운대신창,서동탄광운대,소요산인천
7:48,7:42,,07:59급
병점청량리,의정부서동탄,,청량리천안
7:53,7:46,8:01,8:03
인천소요산,양주인천,신창광운대,광운대서동탄
7:56,7:50,8:05,8:08
서동탄광운대,광운대신창,인천소요산,동두천인천
,7:54,8:09,8:14
,동두천인천,병점청량리,연천구로
,07:59급,8:12,8:18
,청량리천안,인천의정부,광운대신창
8:00,8:03,8:16,8:23
인천양주,의정부서동탄,서동탄동묘앞,동묘앞인천
8:03,08:07급첫,8:23,08:27급
신창광운대,동두천인천,인천동두천,청량리천안
8:06,8:10,8:26,8:30
인천동두천,청량리서동탄,천안청량리,광운대서동탄
8:10,8:13,8:31,8:36
서동탄청량리,연천인천,서동탄광운대,동묘앞인천
8:13,8:17,8:36,8:40
인천의정부,광운대신창,인천연천,광운대신창
8:16,8:21,8:40,8:45
천안광운대,양주부평,서동탄광운대,동두천인천
08:21급,08:25급,8:45,08:49급
인천동두천,청량리천안,신창청량리,청량리천안
8:25,8:28,8:50,8:54
서동탄광운대,동두천인천,인천양주,광운대서동탄
8:28,8:31,8:56,
인천양주,광운대서동탄,서동탄광운대,
8:32,8:35,9:00,9:01
서동탄동묘앞,동두천구로,천안청량리,양주구로
8:37,8:38,9:04,9:05
인천연천,양주인천,인천소요산,청량리천안
8:40,8:41,9:10,9:08
천안청량리,광운대신창,인천광운대,소요산인천
8:45,8:44,9:13,9:14
인천의정부,연천부평,천안광운대,광운대서동탄
8:48,08:48급,09:17급첫,9:18
병점광운대,청량리천안,신창청량리,연천인천
8:53,8:51,9:21,9:23
인천양주,동두천인천,인천동두천,청량리천안
8:57,8:53,9:26,9:26
서동탄광운대,광운대서동탄,서동탄동묘앞,양주인천
,8:58,9:32,9:31
,양주인천,천안청량리,광운대병점
9:01,9:03,9:37,9:36
신창청량리,동두천부평,인천연천,동두천인천
9:04,9:06,9:43,09:40급첫
인천소요산,청량리천안,서동탄광운대,청량리신창
9:11,9:10,9:47,9:46
인천동묘앞,소요산인천,인천의정부,광운대서동탄
9:15,9:14,9:51,9:50
신창광운대,광운대서동탄,신창광운대,양주구로
09:19급첫,09:19급,09:55급,9:54
신창청량리,동두천인천,천안청량리,청량리신창
9:23,9:26,,9:59
인천양주,광운대신창,,소요산인천
9:27,9:32,10:00,10:05
서동탄광운대,동두천인천,인천소요산,광운대병점
9:31,9:35,10:05,10:12
인천동묘앞,광운대병점,천안광운대,의정부인천
9:38,9:40,10:11,10:17
인천연천,동두천인천,인천양주,청량리천안
9:43,09:44급,10:17,10:21
서동탄청량리,청량리천안,서동탄광운대,연천인천
9:47,9:47,10:21,10:28
인천의정부,의정부인천,인천동두천,광운대신창
9:51,9:52,10:26,10:33
천안광운대,광운대서동탄,신창청량리,양주인천
09:57급,9:59,10:30,10:37
신창청량리,소요산인천,인천양주,청량리서동탄
10:01,10:03,10:33,10:44
인천소요산,청량리신창,천안광운대,광운대신창
10:05,10:08,10:37,10:49
천안광운대,광운대서동탄,인천연천,동두천인천
10:10,10:13,10:42,10:54급
인천양주,의정부인천,서동탄광운대,청량리천안
10:19급,10:18,10:46,10:57
인천동두천,청량리천안,인천의정부,광운대인천
10:23,10:22,10:51,
서동탄청량리,연천인천,천안광운대,
10:27,10:31,10:56급,
인천양주,광운대신창,천안청량리,
10:32,10:35,11:00,11:02
신창광운대,동두천인천,인천광운대,광운대서동탄
10:37,10:41,11:04,11:07
인천연천,청량리서동탄,병점광운대,소요산인천
10:42,10:45,11:08,11:11
서동탄광운대,동두천인천,신창청량리,광운대구로
10:48,10:49,11:11,11:16
인천의정부,양주구로,인천양주,양주인천
10:51급,10:53급,11:14,11:20급
천안청량리,청량리천안,서동탄광운대,청량리천안
10:56,10:57,11:18급,11:23
부평소요산,의정부인천,천안청량리,광운대신창
11:02,11:03,11:23,11:27
인천양주,광운대서동탄,인천동두천,연천인천
11:08,11:12,11:26,11:33
신창광운대,광운대신창,천안광운대,광운대서동탄
11:11,11:18,11:31,11:37
구로의정부,연천인천,인천양주,동두천인천
11:16급,11:22급,11:36,11:41
신창청량리,청량리신창,서동탄광운대,광운대신창
11:20,11:26,11:41급,11:46
인천양주,청량리서동탄,천안청량리,의정부인천
11:24,11:31,11:46,11:50급
서동탄광운대,동두천인천,인천연천,청량리천안
11:28,11:37급,11:52,11:53
천안청량리,동두천인천,신창광운대,광운대천안
11:32급,11:42,11:56,11:58
인천동두천,광운대병점,인천소요산,양주인천
11:36,11:46,12:01,12:02
서동탄광운대,의정부인천,서동탄광운대,청량리서동탄
11:40,11:50급,12:05,12:06
인천연천,청량리신창,인천양주,소요산인천
11:44급,11:54,12:09,12:11급
천안청량리,광운대신창,천안광운대,청량리천안
11:49,11:57,12:13,12:14
인천의정부,양주인천,인천의정부,광운대신창
11:53,,12:17급,12:19
천안광운대,,천안청량리,연천인천
11:57,,12:25,12:23
인천소요산,,인천동두천,광운대서동탄
12:02,12:01,12:29,12:27
서동탄광운대,광운대서동탄,천안광운대,양주인천
12:06,12:07,12:34,12:32
인천양주,소요산인천,인천양주,광운대천안
12:10,12:10급,12:38,12:36
신창광운대,청량리천안,서동탄광운대,동두천인천
12:13,12:16,12:42,12:41급
인천의정부,연천인천,인천연천,청량리천안
12:19급,12:24,12:45,12:46
신창청량리,청량리서동탄,신창광운대,의정부인천
12:24급,12:27,12:50급,12:50
인천동두천,양주인천,천안청량리,광운대신창
12:28,12:33,12:57,12:56
천안광운대,광운대천안,인천소요산,양주인천
12:34,12:38급,13:01,13:01
인천양주,동두천인천,천안광운대,광운대서동탄
12:39,12:43급,13:08,13:05
서동탄광운대,청량리천안,인천양주,소요산인천
12:46,12:48,13:13,13:11
인천연천,의정부인천,서동탄광운대,광운대신창
12:51,12:52,13:17,13:16
서동탄광운대,광운대천안,인천의정부,연천인천
12:57,12:56,13:21급,13:21급
인천양주,양주인천,천안청량리,청량리천안
13:02,13:00,13:27,13:24
신창청량리,광운대서동탄,인천동두천,광운대서동탄
13:06,13:06,13:30,13:28
인천소요산,소요산인천,신창광운대,양주인천
13:13,13:11,13:36,13:33
서동탄광운대,광운대천안,인천양주,광운대천안
13:18급,13:16,13:40,13:38
천안청량리,양주인천,서동탄광운대,동두천인천
13:22,13:21급,13:47급,13:44급
인천양주,청량리신창,천안청량리,청량리천안
13:27,13:24,13:51,13:48
신창광운대,광운대서동탄,인천의정부,광운대병점
13:34급막,13:28,13:57,13:52
인천동두천,의정부인천,신창광운대,양주인천
13:39,13:32,,13:55
서동탄광운대,광운대천안,,광운대서동탄
13:43,13:36급,14:01,14:00
인천연천,동두천인천,인천소요산,소요산인천
13:47급,13:42,14:08,14:04
천안청량리,양주인천,서동탄광운대,광운대신창
13:51,13:47,14:12,14:12
인천의정부,광운대병점,인천양주,의정부인천
13:56,13:51,14:18,14:16급
신창청량리,의정부인천,인천동두천,청량리천안
,13:55,14:22,14:20
,광운대서동탄,신창청량리,연천인천
14:00,14:00,14:28,14:24
인천소요산,소요산인천,인천양주,광운대서동탄
14:05,14:04,14:31,14:30
서동탄광운대,청량리천안,천안광운대,양주인천
14:11,14:12,14:38,14:37
인천양주,의정부인천,인천연천,광운대서동탄
14:17,14:17,14:43,14:42
인천의정부,광운대서동탄,서동탄광운대,동두천인천
14:22,14:22,14:47급,14:46급
신창청량리,연천인천,천안청량리,청량리천안
14:27,14:27급,14:51,14:51
인천광운대,청량리신창,인천의정부,양주인천
14:31,14:30,14:55,14:55
천안광운대,양주인천,신창광운대,광운대천안
14:36,14:34,14:59,
인천연천,광운대서동탄,인천소요산,
14:40급,14:39급,15:05,15:01
천안청량리,동두천인천,서동탄동묘앞,소요산인천
14:45,14:44급,15:10,15:06
인천양주,청량리천안,인천양주,광운대서동탄
14:48,14:49,15:14,15:12
서동탄광운대,광운대신창,천안광운대,광운대천안
14:54,14:53,15:20급,15:17
신창광운대,양주인천,천안청량리,의정부인천
,14:57,15:25,15:21급
,광운대서동탄,인천의정부,청량리신창
15:01,15:04,15:28,15:26
인천소요산,소요산인천,신창광운대,연천인천
15:06,15:10,15:36,15:30
서동탄청량리,청량리천안,인천연천,광운대서동탄
15:10,15:15,15:39,15:35
인천양주,양주인천,서동탄광운대,양주인천
15:14,15:20급,15:43급,15:41급
신창광운대,청량리천안,천안청량리,청량리천안
15:19급,15:24,15:47,15:46
신창청량리,광운대서동탄,인천의정부,동두천인천
15:22,15:29,15:52,15:50
인천의정부,연천인천,신창광운대,광운대신창
15:28,15:36,15:57,15:54
천안광운대,양주인천,인천소요산,의정부인천
15:33,15:41급,,15:58
인천연천,청량리천안,,소요산구로
15:39급,15:49,16:02,16:02
신창청량리,광운대신창,서동탄광운대,광운대서동탄
15:43,15:53,16:05,16:07
인천동묘앞,의정부인천,인천양주,양주인천
15:48,,16:08,16:14급
인천의정부,,천안광운대,청량리천안
15:51,,16:12,16:17
천안광운대,,인천의정부,광운대신창
15:55,,16:16급,16:22
인천소요산,,천안청량리,연천인천
16:02,16:03,16:20,16:26
서동탄광운대,청량리서동탄,인천동두천,광운대병점
16:06,16:10,16:24,16:29
인천의정부,소요산인천,신창광운대,양주인천
16:09,16:13,16:30,16:33
천안광운대,광운대천안,서동탄광운대,광운대서동탄
16:13,16:17,16:34,16:37
인천동두천,의정부인천,인천양주,동두천인천
16:17급,16:22급,16:39급,16:40급
천안청량리,청량리천안,천안청량리,청량리천안
16:21,16:25,16:43,16:44
인천양주,광운대서동탄,인천연천,광운대천안
16:25,16:30,16:47,16:48
신창광운대,연천인천,신창청량리,양주인천
16:31,16:34,16:51,16:53
서동탄광운대,양주인천,인천의정부,광운대서동탄
16:35,16:38급,,16:57
인천연천,청량리신창,,의정부인천
16:39급,16:43급막,17:00,17:02
천안청량리,동두천인천,서동탄광운대,광운대병점
16:43,16:50,17:04,17:06
인천양주,의정부인천,구로의정부,소요산인천
16:47,16:54,17:08,17:10
신창광운대,광운대서동탄,신창광운대,광운대천안
16:50,16:59,17:12,17:15
인천의정부,양주인천,인천동묘앞,동두천구로
16:55,,17:16급,17:18
천안청량리,,천안청량리,동묘앞인천
16:58,,17:19,17:21급
부평소요산,,구로동두천,청량리신창
17:02,17:03,17:24,17:25
서동탄광운대,동묘앞서동탄,서동탄광운대,광운대서동탄
17:05,17:07,17:27,17:29
인천양주,소요산인천,인천의정부,의정부인천
17:09,17:10,17:31,17:33
신창광운대,광운대천안,천안광운대,청량리천안
17:13,17:15,17:37,17:41
인천동묘앞,동묘앞인천,인천양주,광운대서동탄
17:16급,17:19급,17:42,17:47
천안청량리,청량리신창,서동탄광운대,의정부인천
17:19,17:23,17:45급,17:51
부평동두천,광운대서동탄,천안청량리,광운대신창
17:23,17:27,17:51,17:57
서동탄동묘앞,연천인천,인천양주,청량리천안
17:27,17:31,17:55,
인천양주,광운대천안,신창광운대,
17:30,17:35,18:00,18:01
신창광운대,양주인천,인천소요산,소요산인천
17:35,17:39급,18:06,18:11
인천연천,청량리신창,서동탄광운대,의정부인천
17:38급,17:43,18:10급,18:15
천안청량리,광운대서동탄,천안청량리,광운대서동탄
17:42,17:49,18:15,18:19
인천동두천,의정부인천,인천동두천,연천인천
17:45,17:52,18:18,18:24
서동탄광운대,광운대신창,신창광운대,청량리천안
17:49,17:56,18:22,18:29
인천의정부,양주인천,구로양주,광운대서동탄
17:54,,18:27,18:34
천안광운대,,인천광운대,양주인천
17:58,,18:31,18:39급
인천양주,,병점광운대,청량리신창
18:01급,18:00,18:35,18:43
천안청량리,청량리서동탄,인천동묘앞,광운대서동탄
18:08,18:06,18:40,18:47
서동탄광운대,소요산인천,서동탄광운대,양주인천
18:13,18:11,18:44,18:50
인천양주,광운대천안,인천의정부,광운대천안
18:16,18:14,18:49급,18:54
신창광운대,의정부인천,천안청량리,의정부인천
18:22,18:19,18:53,18:59
인천동두천,청량리서동탄,인천동묘앞,소요산인천
18:26,18:22,18:57,
병점광운대,연천인천,구로소요산,
18:30,18:27,19:01,19:02
인천양주,광운대신창,신창광운대,광운대서동탄
18:33급,18:31,19:04,19:07
천안청량리,의정부인천,인천의정부,의정부인천
18:38,18:36,19:09,19:11급막
인천연천,청량리서동탄,인천양주,청량리신창
18:41,18:40,19:14,19:16
천안광운대,양주인천,서동탄광운대,광운대신창
18:44,18:45,19:19급,19:21
부평동두천,광운대신창,천안청량리,연천인천
18:49,18:50,19:24,19:28
서동탄청량리,의정부인천,인천양주,광운대서동탄
18:52,18:53,19:27,19:34
인천의정부,광운대천안,신창광운대,동두천인천
18:56,18:59,19:30,19:38
인천동묘앞,소요산인천,인천연천,광운대신창
19:00,19:02,19:35,19:41
신창광운대,광운대서동탄,서동탄광운대,의정부인천
19:04,19:06,19:39,19:46
인천양주,양주인천,인천광운대,청량리구로
19:08,19:10급,19:43,19:51
서동탄광운대,청량리천안,천안청량리,양주인천
19:12,19:13,19:49,19:55
인천소요산,광운대신창,인천동두천,광운대천안
19:16,19:17,19:54,
신창광운대,연천인천,신창광운대,
19:20,19:21,19:58,
인천동묘앞,광운대신창,인천소요산,
19:23,19:25,20:02,20:04
천안청량리,양주인천,서동탄동묘앞,소요산인천
19:27,19:28,20:08,20:08
인천동두천,광운대서동탄,인천양주,광운대신창
19:31,19:32,20:11,20:13
서동탄광운대,동두천인천,천안광운대,양주인천
19:35,19:37급,20:17급,20:17
인천양주,청량리천안,천안청량리,청량리서동탄
19:38,19:40,20:21,20:22
천안광운대,광운대서동탄,인천의정부,연천인천
19:44,19:44,20:25,20:27
서동탄광운대,양주인천,서동탄광운대,동두천인천
19:48,19:48,20:30,20:31
인천연천,광운대천안,인천동두천,광운대신창
19:54,19:53,20:33,20:36
신창광운대,의정부인천,신창청량리,양주인천
19:58,19:58,20:38,20:40
인천의정부,청량리서동탄,인천양주,청량리구로
20:02,20:02,20:43,20:43
서동탄광운대,소요산인천,구로연천,광운대서동탄
20:09,20:08,20:48,20:48
인천소요산,광운대천안,병점광운대,의정부인천
20:12,20:12,20:53,20:53
천안광운대,양주인천,신창청량리,광운대천안
20:16급,20:16,20:57,20:58
신창청량리,광운대서동탄,인천의정부,광운대서동탄
20:21,20:20,21:01,21:02
인천양주,연천인천,서동탄광운대,소요산인천
20:28,20:24급막,21:06,21:07
인천동두천,청량리신창,인천소요산,의정부구로
20:32,20:27,21:09,21:13
천안광운대,양주인천,천안광운대,청량리신창
20:36,20:32,21:15,21:16
인천양주,광운대신창,인천양주,연천인천
20:39,20:38,21:19급막,21:21
서동탄광운대,동두천인천,천안청량리,광운대병점
20:43,20:42,21:23,21:25
인천연천,광운대서동탄,인천의정부,양주인천
20:51,20:47,21:28,21:30막
인천의정부,양주인천,신창광운대,청량리신창
20:57,20:52,21:33,21:35
서동탄청량리,광운대천안,인천연천,동두천인천
,20:56,21:37,21:41
,의정부인천,서동탄광운대,광운대서동탄
21:02,21:01,21:42,21:46
인천소요산,광운대서동탄,인천의정부,양주인천
21:07,21:07,21:46,21:51
천안광운대,동두천인천,서동탄동묘앞,광운대서동탄
21:14급,21:13,21:51,21:58
천안청량리,청량리신창,인천소요산,청량리천안
21:19,21:16,21:58,
인천양주,연천인천,신창광운대,
21:23,21:20,22:02,22:03
신창광운대,광운대서동탄,인천양주,소요산인천
21:27,21:25,22:07,22:08
인천의정부,동두천인천,서동탄동묘앞,광운대서동탄
21:33,21:33,22:11,22:14
서동탄광운대,양주인천,인천동두천,청량리병점
21:37,21:39,22:15,22:18
인천연천,광운대신창,천안청량리,연천인천
21:42,21:44,22:20,22:23막
서동탄광운대,동두천인천,인천동묘앞,광운대천안
21:45,21:48,22:26,22:27
인천양주,광운대병점,병점광운대,양주인천
21:49급,21:52,22:31막,22:32
신창청량리,양주인천,인천연천,광운대병점
21:53,21:57,22:36,22:37
인천소요산,연천구로,천안광운대,의정부인천
21:58,,22:42,22:44
천안광운대,,인천의정부,광운대병점
22:04,22:01막,22:47,22:48
인천의정부,청량리신창,병점광운대,동두천인천
22:09,22:05,22:57막,22:53
서동탄동묘앞,의정부인천,인천소요산,양주인천
22:13,22:11,,22:59
인천동두천,광운대서동탄,,광운대서동탄
22:18급막,22:17,23:01,23:05
천안청량리,소요산인천,신창광운대,소요산인천
22:23,22:23막,23:11,23:11막
인천양주,청량리천안,서동탄광운대,청량리서동탄
22:27,22:27,23:21막,23:16
서동탄광운대,연천인천,인천양주,연천인천
22:33,22:32,23:26,23:22막
인천의정부,광운대서동탄,서동탄광운대,광운대병점
22:40,22:40,23:32막,23:29막
신창광운대,동두천인천,인천의정부,의정부인천
22:47막,22:44,23:39,23:35
인천연천,광운대병점,서동탄서울역,양주구로
22:56,22:49,23:45,23:48
신창광운대,청량리구로,인천광운대,동두천구로
,22:54,23:57막,23:58
,의정부인천,인천광운대,의정부구로
23:03,23:00,00:10막,00:10막
서동탄광운대,광운대서동탄,인천동묘앞,소요산구로
23:10막,23:10,,
인천소요산,광운대구로,,
23:17막,23:15,,
인천양주,소요산인천,,
23:23,23:20막,,
서동탄광운대,광운대서동탄,,
23:30막,23:27,,
인천의정부,연천인천,,
23:39,23:31,,
서동탄동묘앞,청량리구로,,
23:49,23:35막,,
천안광운대,의정부인천,,
23:57막,23:45,,
인천광운대,양주구로,,
,23:59,,
,양주구로,,
00:07막,0:07,,
서동탄청량리,광운대구로,,
00:19막,00:15막,,
인천동묘앞,의정부구로,,
