﻿신이문방면,회기방면,신이문방면,회기방면
평일,평일,주말,주말
05:44첫,05:06첫,05:44첫,05:06첫
구로동두천,광운대인천,구로동두천,광운대인천
5:48,5:13,5:48,5:18
서울역의정부,창동인천,서울역의정부,광운대인천
5:59,05:18첫,5:56,05:30첫
서울역양주,광운대서동탄,서울역양주,광운대서동탄
,5:35,,5:36
,의정부인천,,의정부인천
,5:41,,5:46
,양주인천,,광운대서동탄
,5:46,,5:50
,광운대서동탄,,양주인천
,5:50,06:04첫,6:04
,양주인천,구로연천,광운대병점
6:04,6:03,6:14,6:14
구로동두천,광운대서동탄,서울역광운대,소요산인천
6:08,6:14,6:18,6:19
서울역의정부,소요산인천,부평소요산,광운대병점
6:12,6:28,6:32,6:32
부평동두천,광운대병점,인천양주,양주인천
6:23,6:32,6:37,6:36
서울역광운대,양주인천,병점광운대,광운대서동탄
6:32,06:36첫,6:43,06:40첫
인천양주,광운대신창,인천동두천,광운대천안
6:36,6:43,6:55,6:46
병점광운대,광운대서동탄,인천연천,연천인천
06:42급첫,6:47,,6:55
인천동두천,연천인천,,의정부인천
6:49,6:55,7:08,7:03
서울역양주,의정부인천,인천양주,광운대병점
6:52,,7:14,07:07첫
인천동두천,,서동탄광운대,광운대신창
6:56,,7:21,7:11
병점광운대,,인천소요산,동두천인천
07:05첫,7:03,7:32,7:19
인천연천,광운대병점,인천양주,양주인천
7:09,7:07,7:38,7:28
서울역양주,동두천인천,서동탄광운대,소요산인천
7:12,7:10,7:43,7:36
인천동두천,광운대신창,인천동두천,광운대서동탄
7:16,7:15,7:48,7:41
서동탄광운대,의정부서동탄,신창광운대,동두천인천
7:21,7:19,7:53,7:47
인천소요산,양주인천,인천양주,연천구로
7:31,7:23,,7:51
인천동두천,광운대신창,,광운대신창
7:35,7:27,8:01,8:03
서동탄광운대,동두천인천,인천연천,광운대서동탄
7:39,7:36,8:04,8:13
인천동두천,의정부서동탄,천안광운대,광운대신창
7:48,07:40급첫,8:10,8:18
신창광운대,동두천인천,인천의정부,동두천인천
7:52,7:46,8:20,8:27
인천동두천,연천인천,인천양주,광운대서동탄
,7:50,8:24,8:34
,광운대신창,서동탄광운대,양주구로
,7:54,8:28,8:41
,양주부평,신창광운대,소요산인천
8:02,8:01,8:32,8:47
인천연천,동두천인천,인천소요산,광운대서동탄
8:05,8:04,8:39,8:51
천안광운대,광운대서동탄,인천의정부,연천인천
8:11,8:08,8:50,8:59
인천의정부,동두천구로,인천동두천,양주인천
8:20,8:11,8:58,
인천소요산,양주인천,서동탄광운대,
8:23,8:14,9:03,9:04
서동탄광운대,광운대신창,인천연천,광운대병점
8:27,8:17,9:07,9:09
인천양주,연천부평,서동탄광운대,동두천인천
8:30,8:24,9:17,9:19
신창광운대,동두천인천,인천양주,광운대서동탄
8:33,8:26,9:23,9:23
인천동두천,광운대서동탄,서동탄광운대,양주구로
8:40,8:31,9:31,9:32
인천의정부,양주인천,인천소요산,소요산인천
8:43,8:36,9:37,9:38
천안광운대,동두천부평,인천광운대,광운대병점
08:48급,8:43,9:40,9:45
인천동두천,소요산인천,천안광운대,의정부인천
8:52,8:47,9:48,9:54
서동탄광운대,광운대서동탄,인천동두천,연천인천
8:55,08:52급,10:04,10:01
인천양주,동두천인천,인천연천,광운대신창
,8:59,10:10,10:06
,광운대신창,서동탄광운대,양주인천
9:04,9:05,10:14,10:17
인천연천,동두천인천,인천의정부,광운대신창
9:12,9:08,10:18,10:22
인천의정부,광운대병점,신창광운대,동두천인천
9:15,9:13,10:27,10:30
병점광운대,동두천인천,인천소요산,광운대인천
9:20,9:20,10:32,10:35
인천양주,의정부인천,천안광운대,광운대서동탄
9:24,9:25,10:38,10:40
서동탄광운대,광운대서동탄,인천양주,소요산인천
9:31,9:32,10:44,10:44
인천소요산,소요산인천,서동탄광운대,광운대구로
9:42,9:41,10:48,10:49
신창광운대,광운대서동탄,인천동두천,양주인천
9:50,9:46,10:57,10:56
인천양주,의정부인천,인천양주,광운대신창
9:54,9:55,11:00,11:00
서동탄광운대,연천인천,천안광운대,연천인천
10:05,10:04,11:04,11:06
인천연천,광운대신창,인천연천,광운대서동탄
10:14,10:08,11:09,11:10
인천의정부,동두천인천,서동탄광운대,동두천인천
10:18,10:18,11:13,11:14
천안광운대,동두천인천,인천의정부,광운대신창
10:28,10:22,11:18,11:19
인천소요산,양주구로,천안광운대,의정부인천
10:32,10:30,11:27,11:26
천안광운대,의정부인천,인천광운대,광운대천안
10:37,10:36,11:31,11:31
인천양주,광운대서동탄,병점광운대,양주인천
10:46급,10:40,11:38,11:39
인천동두천,양주서울역,인천양주,소요산인천
10:54,10:45,11:41,11:47
인천양주,광운대신창,서동탄광운대,광운대신창
10:59,10:51,11:50,11:52
신창광운대,연천인천,인천동두천,연천인천
11:04,11:04,11:53,11:56
인천연천,동두천인천,천안광운대,광운대서동탄
11:09,11:10급,11:58,
서동탄광운대,동두천인천,인천양주,
11:15,11:15,12:03,12:00
인천의정부,광운대병점,서동탄광운대,양주인천
11:23,11:19,12:13,12:05
부평소요산,의정부인천,인천연천,광운대천안
11:29,11:27,12:19,12:09
인천양주,광운대신창,신창광운대,동두천인천
11:35,11:30,12:23,12:19
신창광운대,양주인천,인천소요산,의정부인천
11:38,11:34,12:28,12:23
구로의정부,광운대서동탄,서동탄광운대,광운대신창
11:47,11:40,12:32,12:29
인천양주,소요산인천,인천양주,양주인천
11:51,11:49,12:36,12:34
서동탄광운대,연천인천,천안광운대,광운대서동탄
11:59급,,12:40,12:38
인천동두천,,인천의정부,소요산인천
12:03,12:00,12:52,12:44
서동탄광운대,양주인천,인천동두천,광운대신창
12:07,12:06,12:56,12:49
인천연천,광운대천안,천안광운대,연천인천
12:16,12:11급,,12:57
인천의정부,동두천인천,,광운대서동탄
12:20,12:21,13:01,13:01
천안광운대,의정부인천,인천양주,양주인천
12:24,12:25,13:05,13:06
인천소요산,광운대천안,서동탄광운대,광운대천안
12:29,12:29,13:09,13:11
서동탄광운대,양주인천,인천연천,동두천인천
12:33,12:33,13:12,13:21
인천양주,광운대서동탄,신창광운대,광운대병점
12:37,12:39,13:24,13:25
신창광운대,소요산인천,인천소요산,양주인천
12:40,12:44,13:28,13:28
인천의정부,광운대천안,천안광운대,광운대서동탄
12:51급,12:49,13:35,13:33
인천동두천,양주인천,인천양주,소요산인천
12:55,12:57,13:40,13:37
천안광운대,광운대서동탄,서동탄광운대,광운대신창
13:01,13:01,13:44,13:45
인천양주,의정부인천,인천의정부,의정부인천
13:06,13:05,13:54,13:53
서동탄광운대,광운대천안,인천동두천,연천인천
13:13,13:09급,13:57,13:57
인천연천,동두천인천,신창광운대,광운대서동탄
13:18,13:15,14:03,14:03
서동탄광운대,양주인천,인천양주,양주인천
13:24,13:20,14:07,14:10
인천양주,광운대병점,서동탄광운대,광운대서동탄
13:33,13:24,14:18,14:15
인천소요산,의정부인천,인천의정부,동두천인천
13:40,13:28,14:24,14:24
서동탄광운대,광운대서동탄,신창광운대,양주인천
13:49,13:33,14:28,14:28
인천양주,소요산인천,인천소요산,광운대천안
13:54,13:45,14:35,14:34
신창광운대,의정부인천,서동탄광운대,소요산인천
,13:50,14:39,14:39
,광운대서동탄,인천양주,광운대서동탄
,13:55,14:45,14:45
,연천인천,인천동두천,광운대천안
14:01급막,14:03,14:55,14:50
인천동두천,양주인천,인천양주,의정부인천
14:06,14:07,14:58,14:59
서동탄광운대,광운대서동탄,천안광운대,연천인천
14:10,14:12급,15:05,15:03
인천연천,동두천인천,인천연천,광운대서동탄
14:18,14:22,15:10,15:08
인천의정부,광운대신창,서동탄광운대,양주인천
14:27,14:26,15:18,15:19
인천소요산,양주인천,인천의정부,동두천인천
14:32,14:30,15:22,15:23
서동탄광운대,광운대서동탄,신창광운대,광운대신창
14:38,14:37,15:26,15:27
인천양주,소요산인천,인천소요산,의정부인천
14:44,14:48,15:37,15:31
인천의정부,양주인천,인천양주,소요산구로
14:54,14:57,15:41,15:35
인천광운대,광운대서동탄,천안광운대,광운대서동탄
14:58,,15:52,15:40
천안광운대,,인천의정부,양주인천
15:03,15:02,15:55,15:50
인천연천,연천인천,신창광운대,광운대신창
15:12,15:09,,15:55
인천양주,양주인천,,연천인천
15:15,15:22,,15:59
서동탄광운대,광운대신창,,광운대병점
15:21,15:26,16:03,16:02
신창광운대,의정부인천,인천연천,양주인천
15:28,15:43,16:06,16:06
인천소요산,소요산인천,서동탄광운대,광운대서동탄
15:37,15:46,16:14,16:10
인천양주,광운대천안,인천의정부,동두천인천
15:41,15:50,16:19,16:17
신창광운대,의정부인천,신창광운대,광운대천안
15:49,15:58,16:24,16:21
인천의정부,광운대서동탄,인천소요산,양주인천
15:55,,16:29,16:26
천안광운대,,서동탄광운대,광운대서동탄
16:00,16:03,16:32,16:30
인천연천,연천인천,인천양주,의정부인천
16:15,16:07,16:35,16:35
인천의정부,양주인천,천안광운대,광운대병점
16:18,16:16급막,16:39,16:39
천안광운대,동두천인천,인천의정부,소요산인천
16:22,16:23,16:47,16:43
인천소요산,의정부인천,인천동두천,광운대천안
16:29,16:27,16:51,16:48
서동탄광운대,광운대서동탄,신창광운대,동두천구로
16:33,16:32,16:57,16:58
인천의정부,양주인천,서동탄광운대,광운대서동탄
16:36,16:40,17:01,17:02
천안광운대,소요산인천,인천양주,의정부인천
16:40,16:43,17:10,17:10
인천동두천,광운대천안,인천연천,양주서울역
16:48,16:56,17:18,17:14
인천양주,광운대서동탄,인천의정부,광운대서동탄
16:52,,17:27,17:20
신창광운대,,서동탄광운대,의정부인천
16:58,,17:31,17:24
서동탄광운대,,구로의정부,광운대신창
17:02,17:00,17:35,17:34
인천연천,연천인천,신창광운대,소요산인천
17:10,17:04,17:46,17:44
인천양주,광운대천안,구로동두천,의정부인천
17:14,17:08,17:51,17:48
신창광운대,양주인천,서동탄광운대,광운대서동탄
17:17,17:16,17:54,17:52
인천의정부,광운대서동탄,인천의정부,연천인천
17:25,17:22,17:58,
부평소요산,의정부인천,천안광운대,
17:29,17:25,18:04,18:02
서동탄광운대,광운대신창,인천양주,광운대서동탄
17:32,17:29,18:09,18:07
인천양주,양주인천,서동탄광운대,양주인천
17:36,17:39,18:18,18:16
신창광운대,소요산인천,인천양주,광운대서동탄
17:46,17:44,18:22,18:20
부평동두천,광운대천안,신창광운대,양주인천
17:54,17:47,18:27,18:23
인천양주,의정부인천,인천소요산,광운대천안
17:57,17:55,18:33,18:27
신창광운대,연천인천,서동탄광운대,의정부인천
18:02,18:00,18:42,18:32
인천연천,광운대신창,인천동두천,소요산인천
18:09,18:04,18:45,18:35
인천동두천,의정부인천,신창광운대,광운대서동탄
18:12,18:13,18:49,18:40
서동탄광운대,양주인천,구로양주,의정부인천
18:16,18:18,18:54,18:49
인천의정부,광운대신창,인천광운대,광운대신창
18:21,18:23,18:58,18:54
천안광운대,의정부인천,병점광운대,연천인천
18:25,18:26,19:07,19:01
인천양주,광운대천안,서동탄광운대,광운대서동탄
18:35,18:32,19:11,19:07
서동탄광운대,소요산인천,인천의정부,동두천인천
18:40,18:35,19:24,19:11
인천양주,광운대서동탄,구로소요산,광운대신창
18:43,18:39,19:28,19:14
신창광운대,양주인천,신창광운대,의정부인천
18:49,18:46,19:31,19:24
인천동두천,광운대신창,인천의정부,양주인천
18:53,18:50,19:36,19:28
병점광운대,연천인천,인천양주,광운대천안
18:57,18:54,19:41,19:37
인천양주,광운대신창,서동탄광운대,소요산인천
,18:58,19:51,19:41
,양주인천,인천양주,광운대신창
19:05,19:01,19:54,19:46
인천연천,광운대서동탄,신창광운대,양주인천
19:08,19:05,19:57,19:55
천안광운대,동두천인천,인천연천,연천인천
19:11,19:13,20:02,20:00
부평동두천,광운대서동탄,서동탄광운대,동두천인천
19:19,19:17,20:06,20:04막
인천의정부,양주인천,인천광운대,광운대신창
19:27,19:21,20:16,20:09
신창광운대,광운대천안,인천동두천,양주인천
19:31,19:26,20:21,20:16
인천양주,의정부인천,신창광운대,광운대서동탄
19:35,19:35,20:25,20:21
서동탄광운대,소요산인천,인천소요산,의정부인천
19:39,19:41,20:35,20:26
인천소요산,광운대천안,인천양주,광운대천안
19:43,19:45,20:38,20:31
신창광운대,양주인천,천안광운대,광운대서동탄
19:54,19:49,20:48,20:35
인천동두천,광운대서동탄,인천의정부,소요산인천
19:58,19:53,20:52,20:40
서동탄광운대,연천인천,서동탄광운대,의정부구로
20:02,20:00,20:57,20:49
인천양주,양주인천,인천동두천,연천인천
20:05,20:05,,20:54
천안광운대,광운대신창,,광운대병점
20:11,20:11,,20:58
서동탄광운대,동두천인천,,양주인천
20:15,20:15,21:05,21:08
인천연천,광운대서동탄,인천양주,동두천인천
20:21,20:20,21:10,21:14
신창광운대,양주인천,구로연천,광운대서동탄
20:25,20:25,21:15,21:19
인천의정부,광운대천안,병점광운대,양주인천
20:29,20:29,21:24,21:24
서동탄광운대,의정부인천,인천의정부,광운대서동탄
20:36,20:34,21:28,21:36
인천소요산,광운대서동탄,서동탄광운대,소요산인천
20:39,20:40,21:33,21:41
천안광운대,동두천인천,인천소요산,광운대서동탄
20:48,20:49,21:36,21:51
인천양주,연천인천,천안광운대,연천인천
20:55,20:53,21:42,21:56막
인천동두천,광운대서동탄,인천양주,광운대천안
20:59,20:58,21:50,
천안광운대,동두천인천,인천의정부,
21:03,21:06,21:55,
인천양주,양주인천,신창광운대,
21:06,21:12막,22:00,22:00
서동탄광운대,광운대신창,인천연천,양주인천
21:10,21:17,22:04,22:05
인천연천,동두천인천,서동탄광운대,광운대병점
21:18,21:21,22:09,22:10
인천의정부,광운대병점,인천의정부,의정부인천
21:29,21:25,22:18,22:17
인천소요산,양주인천,인천소요산,광운대병점
21:34,21:30,22:25,22:21
천안광운대,연천구로,신창광운대,동두천인천
21:46,21:38,22:29,22:26
인천양주,의정부인천,인천양주,양주인천
21:50,21:44,22:38,22:32막
신창광운대,광운대서동탄,인천동두천,광운대서동탄
21:54,21:50,22:53,22:38
인천의정부,소요산인천,병점광운대,소요산인천
22:00,22:00,22:58막,22:49
서동탄광운대,연천인천,인천연천,연천인천
22:04,22:05,,22:55막
인천연천,광운대서동탄,,광운대병점
22:09,22:13,23:03,23:02막
서동탄광운대,동두천인천,천안광운대,의정부인천
22:12,22:17,23:09,23:08
인천양주,광운대병점,인천의정부,양주구로
22:20,22:27,23:14,23:21
인천소요산,의정부인천,병점광운대,동두천구로
22:25,22:33,23:24막,23:31
천안광운대,광운대서동탄,인천소요산,의정부구로
22:31,22:38,23:28,23:43막
인천의정부,양주서울역,신창광운대,소요산구로
22:40,22:43,23:38,
인천동두천,광운대구로,서동탄광운대,
22:50,22:48,23:48막,
인천양주,소요산인천,인천양주,
22:54,22:53막,23:53,
서동탄광운대,광운대서동탄,서동탄광운대,
23:00,23:00,23:59막,
인천의정부,연천인천,인천의정부,
23:07,23:08막,0:12,
신창광운대,의정부인천,인천광운대,
23:14막,23:18,00:24막,
인천연천,양주구로,인천광운대,
23:23,23:32,,
신창광운대,양주구로,,
23:30,23:40,,
서동탄광운대,광운대구로,,
23:37막,23:48막,,
인천소요산,의정부구로,,
23:44막,,,
인천양주,,,
23:50,,,
서동탄광운대,,,
23:57막,,,
인천의정부,,,
0:16,00:06막,,
천안광운대,의정부서울역,,
00:24막,,,
인천광운대,,,
