﻿청량리방면,신설동방면,청량리방면,신설동방면
평일,평일,주말,주말
05:37첫,05:13첫,05:37첫,05:13첫
구로동두천,광운대인천,구로동두천,광운대인천
5:41,5:20,5:41,5:25
서울역의정부,창동인천,서울역의정부,광운대인천
5:47,05:25첫,5:49,05:37첫
구로청량리,광운대서동탄,서울역양주,광운대서동탄
5:52,5:42,05:57첫,5:43
서울역양주,의정부인천,구로연천,의정부인천
5:57,5:48,,5:53
구로동두천,양주인천,,광운대서동탄
,5:53,,5:57
,광운대서동탄,,양주인천
,5:57,6:02,6:11
,양주인천,구로청량리,광운대병점
6:01,06:02급첫,6:07,6:21
서울역의정부,청량리신창,서울역광운대,소요산인천
6:05,6:10,6:11,6:26
부평동두천,광운대서동탄,부평소요산,광운대병점
6:12,6:21,6:25,06:35첫
구로청량리,소요산인천,인천양주,청량리신창
6:16,06:27급첫,6:30,6:39
서울역광운대,청량리천안,병점광운대,양주인천
6:25,6:35,6:36,6:43
인천양주,광운대병점,인천동두천,광운대서동탄
6:29,6:39,6:42,6:47
병점광운대,양주인천,병점청량리,광운대천안
06:35급첫,06:43첫,6:48,6:53
인천동두천,광운대신창,인천연천,연천인천
6:38,6:50,6:53,6:58
병점청량리,광운대서동탄,병점청량리,청량리천안
6:42,6:54,7:01,7:02
서울역양주,연천인천,인천양주,의정부인천
6:45,6:58,7:07,07:07급첫
인천동두천,청량리천안,서동탄광운대,청량리천안
6:49,,7:14,7:10
병점광운대,,인천소요산,광운대병점
6:52,,7:18,7:14
구로청량리,,천안청량리,광운대신창
06:58첫,,7:25,7:18
인천연천,,인천양주,동두천인천
7:02,7:02,7:31,7:26
서울역양주,의정부인천,서동탄광운대,양주인천
7:05,07:06급,7:36,7:35
인천동두천,청량리천안,인천동두천,소요산인천
7:09,7:10,7:41,07:39급
서동탄광운대,광운대병점,신창광운대,청량리천안
7:14,7:14,7:46,7:43
인천소요산,동두천인천,인천양주,광운대서동탄
7:18,7:17,7:50,7:48
천안청량리,광운대신창,서동탄청량리,동두천인천
7:24,7:22,7:54,7:54
인천동두천,의정부서동탄,인천연천,연천구로
7:28,7:26,7:57,7:58
서동탄광운대,양주인천,천안광운대,광운대신창
7:32,7:30,8:03,08:07급
인천동두천,광운대신창,인천의정부,청량리천안
7:36,7:34,8:08,8:10
병점청량리,동두천인천,병점청량리,광운대서동탄
7:41,07:39급,8:13,8:20
신창광운대,청량리천안,인천양주,광운대신창
7:45,7:43,8:17,8:25
인천동두천,의정부서동탄,서동탄광운대,동두천인천
7:50,07:47급첫,8:21,08:29급
서동탄청량리,동두천인천,신창광운대,청량리천안
7:55,7:50,8:25,8:34
인천연천,청량리서동탄,인천소요산,광운대서동탄
7:58,7:53,8:29,8:41
천안광운대,연천인천,병점청량리,양주구로
,7:57,8:32,8:45
,광운대신창,인천의정부,청량리천안
8:04,8:01,8:43,8:48
인천의정부,양주부평,인천동두천,소요산인천
8:08,08:05급,8:46,8:54
병점청량리,청량리천안,천안청량리,광운대서동탄
8:13,8:08,8:51,8:58
인천소요산,동두천인천,서동탄광운대,연천인천
8:16,8:11,8:56,
서동탄광운대,광운대서동탄,인천연천,
8:20,8:15,9:00,9:03
인천양주,동두천구로,서동탄광운대,청량리천안
8:23,8:18,9:05,9:06
신창광운대,양주인천,신창청량리,양주인천
8:26,8:21,9:10,9:11
인천동두천,광운대신창,인천양주,광운대병점
8:30,8:24,9:16,9:16
서동탄청량리,연천부평,서동탄광운대,동두천인천
8:33,08:28급,9:20,09:20급첫
인천의정부,청량리천안,천안청량리,청량리신창
8:36,8:31,9:24,9:26
천안광운대,동두천인천,인천소요산,광운대서동탄
08:41급,8:33,9:30,9:30
인천동두천,광운대서동탄,인천광운대,양주구로
8:45,8:38,9:33,9:34
서동탄광운대,양주인천,천안광운대,청량리신창
8:48,8:43,09:37급첫,9:39
인천양주,동두천부평,신창청량리,소요산인천
8:57,8:46,9:41,9:45
인천연천,청량리천안,인천동두천,광운대병점
,8:50,9:52,9:52
,소요산인천,천안청량리,의정부인천
,8:54,9:57,9:57
,광운대서동탄,인천연천,청량리천안
,08:59급,10:03,10:01
,동두천인천,서동탄광운대,연천인천
9:00,9:06,10:07,10:08
천안청량리,광운대신창,인천의정부,광운대신창
9:05,9:12,10:11,10:13
인천의정부,동두천인천,신창광운대,양주인천
9:08,9:15,10:15급,10:17
병점광운대,광운대병점,천안청량리,청량리서동탄
9:13,9:20,10:20,10:24
인천양주,동두천인천,인천소요산,광운대신창
9:17,09:24급,10:25,10:29
서동탄광운대,청량리천안,천안광운대,동두천인천
9:21,9:27,10:31,10:34급
신창청량리,의정부인천,인천양주,청량리천안
9:24,9:32,10:37,10:37
인천소요산,광운대서동탄,서동탄광운대,광운대인천
9:35,9:39,10:41,10:42
신창광운대,소요산인천,인천동두천,광운대서동탄
09:39급첫,9:43,10:46,10:47
신창청량리,청량리신창,신창청량리,소요산인천
9:43,9:48,10:50,10:51
인천양주,광운대서동탄,인천양주,광운대구로
9:47,9:53,10:53,10:56
서동탄광운대,의정부인천,천안광운대,양주인천
9:58,9:58,10:57,
인천연천,청량리천안,인천연천,
10:03,10:02,11:02,11:00급
서동탄청량리,연천인천,서동탄광운대,청량리천안
10:07,10:11,11:06,11:03
인천의정부,광운대신창,인천의정부,광운대신창
10:11,10:15,11:11,11:07
천안광운대,동두천인천,천안광운대,연천인천
10:17급,10:21,11:16급,11:13
신창청량리,청량리서동탄,천안청량리,광운대서동탄
10:21,10:25,11:20,11:17
인천소요산,동두천인천,인천광운대,동두천인천
10:25,10:29,11:24,11:21
천안광운대,양주구로,병점광운대,광운대신창
10:30,10:33급,11:28,11:26
인천양주,청량리천안,신창청량리,의정부인천
10:39급,10:37,11:31,11:30급
인천동두천,의정부인천,인천양주,청량리천안
10:43,10:43,11:34,11:33
서동탄청량리,광운대서동탄,서동탄광운대,광운대천안
10:47,10:47,11:38급,11:38
인천양주,양주서울역,천안청량리,양주인천
10:52,10:52,11:43,11:42
신창광운대,광운대신창,인천동두천,청량리서동탄
10:57,10:58,11:46,11:46
인천연천,연천인천,천안광운대,소요산인천
11:02,11:02급,11:51,11:51급
서동탄광운대,청량리신창,인천양주,청량리천안
11:08,11:06,11:56,11:54
인천의정부,청량리서동탄,서동탄광운대,광운대신창
11:11급,11:11,,11:59
천안청량리,동두천인천,,연천인천
11:16,11:17급,12:01급,12:03
부평소요산,동두천인천,천안청량리,광운대서동탄
11:22,11:22,12:06,12:07
인천양주,광운대병점,인천연천,양주인천
11:28,11:26,12:12,12:12
신창광운대,의정부인천,신창광운대,광운대천안
11:31,11:30급,12:16,12:16
구로의정부,청량리신창,인천소요산,동두천인천
11:36급,11:34,12:21,12:21급
신창청량리,광운대신창,서동탄광운대,청량리천안
11:40,11:37,12:25,12:26
인천양주,양주인천,인천양주,의정부인천
11:44,11:41,12:29,12:30
서동탄광운대,광운대서동탄,천안광운대,광운대신창
11:48,11:47,12:33,12:36
천안청량리,소요산인천,인천의정부,양주인천
11:52급,11:50급,12:37급,12:41
인천동두천,청량리천안,천안청량리,광운대서동탄
11:56,11:56,12:45,12:45
서동탄광운대,연천인천,인천동두천,소요산인천
12:00,12:04,12:49,12:51
인천연천,청량리서동탄,천안광운대,광운대신창
12:04급,12:07,12:54,12:56
천안청량리,양주인천,인천양주,연천인천
12:09,12:13,12:58,
인천의정부,광운대천안,서동탄광운대,
12:13,12:18급,13:02,13:01급
천안광운대,동두천인천,인천연천,청량리천안
12:17,12:23급,13:05,13:04
인천소요산,청량리천안,신창광운대,광운대서동탄
12:22,12:28,13:10급,13:08
서동탄광운대,의정부인천,천안청량리,양주인천
12:26,12:32,13:17,13:13
인천양주,광운대천안,인천소요산,광운대천안
12:30,12:36,13:21,13:18
신창광운대,양주인천,천안광운대,동두천인천
12:33,12:40,13:28,13:24급
인천의정부,광운대서동탄,인천양주,청량리천안
12:39급,12:46,13:33,13:28
신창청량리,소요산인천,서동탄광운대,광운대병점
12:44급,12:51,13:37,13:32
인천동두천,광운대천안,인천의정부,양주인천
12:48,12:56,13:41급,13:35
천안광운대,양주인천,천안청량리,광운대서동탄
12:54,,13:47,13:40
인천양주,,인천동두천,소요산인천
12:59,,13:50,13:44
서동탄광운대,,신창광운대,광운대신창
13:06,13:01급,13:56,13:52
인천연천,청량리신창,인천양주,의정부인천
13:11,13:04,,13:56급
서동탄광운대,광운대서동탄,,청량리천안
13:17,13:08,14:00,14:00
인천양주,의정부인천,서동탄광운대,연천인천
13:22,13:12,14:07급,14:04
신창청량리,광운대천안,천안청량리,광운대서동탄
13:26,13:16급,14:11,14:10
인천소요산,동두천인천,인천의정부,양주인천
13:33,13:22,14:17,14:17
서동탄광운대,양주인천,신창광운대,광운대서동탄
13:38급,13:27,14:21,14:22
천안청량리,광운대병점,인천소요산,동두천인천
13:42,13:31,14:28,14:26급
인천양주,의정부인천,서동탄광운대,청량리천안
13:47,13:35,14:32,14:31
신창광운대,광운대서동탄,인천양주,양주인천
13:54급막,13:40,14:38,14:35
인천동두천,소요산인천,인천동두천,광운대천안
13:59,13:44,14:42,14:41
서동탄광운대,청량리천안,신창청량리,소요산인천
,13:52,14:48,14:46
,의정부인천,인천양주,광운대서동탄
,13:57,14:51,14:52
,광운대서동탄,천안광운대,광운대천안
14:03,14:02,14:58,14:57
인천연천,연천인천,인천연천,의정부인천
14:07급,14:07급,15:03,15:01급
천안청량리,청량리신창,서동탄광운대,청량리신창
14:11,14:10,15:07급,15:06
인천의정부,양주인천,천안청량리,연천인천
14:16,14:14,15:11,15:10
신창청량리,광운대서동탄,인천의정부,광운대서동탄
14:20,14:19급,15:15,15:15
인천소요산,동두천인천,신창광운대,양주인천
14:25,14:24급,15:19,15:21급
서동탄광운대,청량리천안,인천소요산,청량리천안
14:31,14:29,15:30,15:26
인천양주,광운대신창,인천양주,동두천인천
14:37,14:33,15:34,15:30
인천의정부,양주인천,천안광운대,광운대신창
14:42,14:37,15:40급,15:34
신창청량리,광운대서동탄,천안청량리,의정부인천
14:47,14:44,15:45,15:38
인천광운대,소요산인천,인천의정부,소요산구로
14:51,14:50,15:48,15:42
천안광운대,청량리천안,신창광운대,광운대서동탄
14:56,14:55,15:56,15:47
인천연천,양주인천,인천연천,양주인천
15:00급,15:00급,15:59,15:54급
천안청량리,청량리천안,서동탄광운대,청량리천안
15:05,15:04,,15:57
인천양주,광운대서동탄,,광운대신창
15:08,15:09,16:03급,16:02
서동탄광운대,연천인천,천안청량리,연천인천
15:14,15:16,16:07,16:06
신창광운대,양주인천,인천의정부,광운대병점
15:21,15:21급,16:12,16:09
인천소요산,청량리천안,신창광운대,양주인천
15:26,15:29,16:17,16:13
서동탄청량리,광운대신창,인천소요산,광운대서동탄
15:30,15:33,16:22,16:17
인천양주,의정부인천,서동탄광운대,동두천인천
15:34,15:43,16:25,16:20급
신창광운대,청량리서동탄,인천양주,청량리천안
15:39급,15:50,16:28,16:24
신창청량리,소요산인천,천안광운대,광운대천안
15:42,15:53,16:32,16:28
인천의정부,광운대천안,인천의정부,양주인천
15:48,15:57,16:36급,16:33
천안광운대,의정부인천,천안청량리,광운대서동탄
15:53,,16:40,16:37
인천연천,,인천동두천,의정부인천
15:59급,,16:44,16:42
신창청량리,,신창광운대,광운대병점
16:08,16:02급,16:50,16:46
인천의정부,청량리천안,서동탄광운대,소요산인천
16:11,16:05,16:54,16:50
천안광운대,광운대서동탄,인천양주,광운대천안
16:15,16:10,16:59급,16:55
인천소요산,연천인천,천안청량리,동두천구로
16:22,16:14,17:03,17:01급
서동탄광운대,양주인천,인천연천,청량리신창
16:26,16:18급,17:07,17:05
인천의정부,청량리신창,신창청량리,광운대서동탄
16:29,16:23급막,17:11,17:09
천안광운대,동두천인천,인천의정부,의정부인천
16:33,16:30,17:20,17:13
인천동두천,의정부인천,서동탄광운대,청량리천안
16:37급,16:34,17:24,17:17
천안청량리,광운대서동탄,구로의정부,양주서울역
16:41,16:39,17:28,17:21
인천양주,양주인천,신창광운대,광운대서동탄
16:45,16:47,17:36급,17:27
신창광운대,소요산인천,천안청량리,의정부인천
16:51,16:50,17:39,17:31
서동탄광운대,광운대천안,구로동두천,광운대신창
16:55,16:59급,17:44,17:37
인천연천,청량리신창,서동탄광운대,청량리천안
16:59급,,17:47,17:41
천안청량리,,인천의정부,소요산인천
17:03,17:03,17:51,17:51
인천양주,광운대서동탄,천안광운대,의정부인천
17:07,17:07,17:57,17:55
신창광운대,연천인천,인천양주,광운대서동탄
17:10,17:11,,17:59
인천의정부,광운대천안,,연천인천
17:15,17:15,18:02,18:04
천안청량리,양주인천,서동탄광운대,청량리천안
17:18,17:19급,18:05급,18:09
부평소요산,청량리신창,천안청량리,광운대서동탄
17:22,17:23,18:11,18:14
서동탄광운대,광운대서동탄,인천양주,양주인천
17:25,17:29,18:15,18:19급
인천양주,의정부인천,신창광운대,청량리신창
17:29,17:32,18:20,18:23
신창광운대,광운대신창,인천소요산,광운대서동탄
17:36급,17:36,18:26,18:27
천안청량리,양주인천,서동탄광운대,양주인천
17:39,17:40,18:30급,18:30
부평동두천,청량리서동탄,천안청량리,광운대천안
17:47,17:46,18:35,18:34
인천양주,소요산인천,인천동두천,의정부인천
17:50,17:51,18:38,18:39
신창광운대,광운대천안,신창광운대,소요산인천
17:55,17:54,18:42,18:42
인천연천,의정부인천,구로양주,광운대서동탄
17:58급,17:59,18:47,18:47
천안청량리,청량리서동탄,인천광운대,의정부인천
18:02,18:02,18:51,18:51급막
인천동두천,연천인천,병점광운대,청량리신창
18:05,18:07,,18:56
서동탄광운대,광운대신창,,광운대신창
18:09,18:11,19:00,19:01
인천의정부,의정부인천,서동탄광운대,연천인천
18:14,18:16,19:04,19:08
천안광운대,청량리서동탄,인천의정부,광운대서동탄
18:18,18:20,19:09급,19:14
인천양주,양주인천,천안청량리,동두천인천
18:21급,18:25,19:17,19:18
천안청량리,광운대신창,구로소요산,광운대신창
18:28,18:30,19:21,19:21
서동탄광운대,의정부인천,신창광운대,의정부인천
18:33,18:33,19:24,19:26
인천양주,광운대천안,인천의정부,청량리구로
18:36,18:39,19:29,19:31
신창광운대,소요산인천,인천양주,양주인천
18:42,18:42,19:34,19:35
인천동두천,광운대서동탄,서동탄광운대,광운대천안
18:46,18:46,19:39급,19:44
병점광운대,양주인천,천안청량리,소요산인천
18:50,18:50급,19:44,19:48
인천양주,청량리천안,인천양주,광운대신창
18:53급,18:53,19:47,19:53
천안청량리,광운대신창,신창광운대,양주인천
18:58,18:57,19:50,19:57
인천연천,연천인천,인천연천,청량리서동탄
19:01,19:01,19:55,
천안광운대,광운대신창,서동탄광운대,
19:04,19:05,19:59,
부평동두천,양주인천,인천광운대,
19:09,19:08,20:03,20:02
서동탄청량리,광운대서동탄,천안청량리,연천인천
19:12,19:12,20:09,20:07
인천의정부,동두천인천,인천동두천,동두천인천
19:20,19:17급,20:14,20:11
신창광운대,청량리천안,신창광운대,광운대신창
19:24,19:20,20:18,20:16
인천양주,광운대서동탄,인천소요산,양주인천
19:28,19:24,20:28,20:20
서동탄광운대,양주인천,인천양주,청량리구로
19:32,19:28,20:31,20:23
인천소요산,광운대천안,천안광운대,광운대서동탄
19:36,19:33,20:37급,20:28
신창광운대,의정부인천,천안청량리,의정부인천
19:43,19:38,20:41,20:33
천안청량리,청량리서동탄,인천의정부,광운대천안
19:47,19:42,20:45,20:38
인천동두천,소요산인천,서동탄광운대,광운대서동탄
19:51,19:48,20:50,20:42
서동탄광운대,광운대천안,인천동두천,소요산인천
19:55,19:52,20:53,20:47
인천양주,양주인천,신창청량리,의정부구로
19:58,19:56,20:58,20:53
천안광운대,광운대서동탄,인천양주,청량리신창
20:04,20:00,,20:56
서동탄광운대,연천인천,,연천인천
20:08,20:04급막,21:03,21:01
인천연천,청량리신창,구로연천,광운대병점
20:14,20:07,21:08,21:05
신창광운대,양주인천,병점광운대,양주인천
20:18,20:12,21:13,21:10막
인천의정부,광운대신창,신창청량리,청량리신창
20:22,20:18,21:17,21:15
서동탄광운대,동두천인천,인천의정부,동두천인천
20:29,20:22,21:21,21:21
인천소요산,광운대서동탄,서동탄광운대,광운대서동탄
20:32,20:27,21:26,21:26
천안광운대,양주인천,인천소요산,양주인천
20:36급,20:32,21:29,21:31
신창청량리,광운대천안,천안광운대,광운대서동탄
20:41,20:36,21:35,21:38
인천양주,의정부인천,인천양주,청량리천안
20:48,20:41,21:39급막,21:43
인천동두천,광운대서동탄,천안청량리,소요산인천
20:52,20:47,21:43,21:48
천안광운대,동두천인천,인천의정부,광운대서동탄
20:56,20:53,21:48,21:54
인천양주,청량리신창,신창광운대,청량리병점
20:59,20:56,21:53,21:58
서동탄광운대,연천인천,인천연천,연천인천
21:03,21:00,21:57,
인천연천,광운대서동탄,서동탄광운대,
21:11,21:05,22:02,22:03막
인천의정부,동두천인천,인천의정부,광운대천안
21:17,21:13,22:11,22:07
서동탄청량리,양주인천,인천소요산,양주인천
21:22,21:19,22:18,22:12
인천소요산,광운대신창,신창광운대,광운대병점
21:27,21:24,22:22,22:17
천안광운대,동두천인천,인천양주,의정부인천
21:34급,21:28,22:31,22:24
천안청량리,광운대병점,인천동두천,광운대병점
21:39,21:32,22:35,22:28
인천양주,양주인천,천안청량리,동두천인천
21:43,21:37,22:46,22:33
신창광운대,연천구로,병점광운대,양주인천
21:47,21:41막,22:51막,22:39
인천의정부,청량리신창,인천연천,광운대서동탄
21:53,21:45,22:56,22:45
서동탄광운대,의정부인천,천안광운대,소요산인천
21:57,21:51,,22:51막
인천연천,광운대서동탄,,청량리서동탄
,21:57,,22:56
,소요산인천,,연천인천
22:02,22:03막,23:02,23:02막
서동탄광운대,청량리천안,인천의정부,광운대병점
22:05,22:07,23:07,23:09막
인천양주,연천인천,병점광운대,의정부인천
22:09급,22:12,23:17막,23:15
신창청량리,광운대서동탄,인천소요산,양주구로
22:13,22:20,23:21,23:28
인천소요산,동두천인천,신창광운대,동두천구로
22:18,22:24,23:31,23:38
천안광운대,광운대병점,서동탄광운대,의정부구로
22:24,22:29,23:41막,23:50막
인천의정부,청량리구로,인천양주,소요산구로
22:33,22:34,23:46,
인천동두천,의정부인천,서동탄광운대,
22:38급막,22:40,23:52막,
천안청량리,광운대서동탄,인천의정부,
22:43,22:45,0:05,
인천양주,양주서울역,인천광운대,
22:47,22:50,00:17막,
서동탄광운대,광운대구로,인천광운대,
22:53,22:55,,
인천의정부,소요산인천,,
23:00,23:00막,,
신창광운대,광운대서동탄,,
23:07막,23:07,,
인천연천,연천인천,,
23:16,23:11,,
신창광운대,청량리구로,,
23:23,23:15막,,
서동탄광운대,의정부인천,,
23:30막,23:25,,
인천소요산,양주구로,,
23:37막,23:39,,
인천양주,양주구로,,
23:43,23:47,,
서동탄광운대,광운대구로,,
23:50막,23:55막,,
인천의정부,의정부구로,,
0:09,0:13,,
천안광운대,의정부서울역,,
00:17막,00:44막,,
인천광운대,청량리서울역,,
00:26막,,,
서동탄청량리,,,
