﻿종로5가방면,종각방면,종로5가방면,종각방면
평일,평일,주말,주말
05:27첫,05:23첫,05:27첫,05:23첫
구로동두천,광운대인천,구로동두천,광운대인천
5:31,5:30,5:31,05:30첫
서울역의정부,창동인천,서울역의정부,동묘앞서동탄
5:37,05:35첫,5:39,5:35
구로청량리,광운대서동탄,서울역양주,광운대인천
5:42,5:42,05:47첫,5:42
서울역양주,동묘앞인천,구로연천,동묘앞인천
5:47,5:47,5:52,5:47
구로동두천,동묘앞서동탄,구로청량리,광운대서동탄
5:51,5:52,5:57,5:53
서울역의정부,의정부인천,서울역광운대,의정부인천
5:55,5:58,6:01,6:03
부평동두천,양주인천,부평소요산,광운대서동탄
6:02,6:03,6:15,6:07
구로청량리,광운대서동탄,인천양주,양주인천
6:06,6:07,6:20,6:18
서울역광운대,양주인천,병점광운대,동묘앞인천
6:15,06:12급첫,6:26,6:21
인천양주,청량리신창,인천동두천,광운대병점
6:19,6:16,6:32,6:28
병점광운대,동묘앞인천,병점청량리,동묘앞서동탄
06:25급첫,6:20,6:38,6:31
인천동두천,광운대서동탄,인천연천,소요산인천
6:28,6:25,6:43,6:36
병점청량리,동묘앞인천,병점청량리,광운대병점
6:32,6:31,6:51,6:40
서울역양주,소요산인천,인천양주,동묘앞인천
6:35,06:37급첫,6:57,06:45첫
인천동두천,청량리천안,서동탄광운대,청량리신창
6:39,6:41,,6:49
병점광운대,동묘앞인천,,양주인천
6:42,6:45,,6:53
구로청량리,광운대병점,,광운대서동탄
06:48첫,6:49,,6:57
인천연천,양주인천,,광운대천안
6:52,06:53첫,7:04,7:03
서울역양주,광운대신창,인천소요산,연천인천
6:55,6:57,7:08,7:08
인천동두천,동묘앞인천,천안청량리,청량리천안
6:59,,7:15,7:12
서동탄광운대,,인천양주,의정부인천
7:04,7:00,7:21,07:17급첫
인천소요산,광운대서동탄,서동탄광운대,청량리천안
7:08,7:04,7:26,7:20
천안청량리,연천인천,인천동두천,광운대병점
7:14,7:08,7:31,7:24
인천동두천,청량리천안,신창광운대,광운대신창
7:18,7:12,7:36,7:28
서동탄광운대,의정부인천,인천양주,동두천인천
7:22,07:16급,7:40,7:32
인천동두천,청량리천안,서동탄청량리,동묘앞서동탄
7:26,7:20,7:44,7:36
병점청량리,광운대병점,인천연천,양주인천
7:31,7:24,7:47,7:45
신창광운대,동두천인천,천안광운대,소요산인천
7:35,7:27,7:53,07:49급
인천동두천,광운대신창,인천의정부,청량리천안
7:40,7:32,7:58,7:53
서동탄청량리,의정부서동탄,병점청량리,광운대서동탄
7:45,7:36,,7:58
인천연천,양주인천,,동두천인천
7:48,7:40,8:03,8:04
천안광운대,광운대신창,인천양주,연천구로
7:54,7:44,8:07,8:08
인천의정부,동두천인천,서동탄광운대,광운대신창
7:58,07:49급,8:11,8:13
병점청량리,청량리천안,신창광운대,동묘앞인천
,7:53,8:15,08:17급
,의정부서동탄,인천소요산,청량리천안
,07:57급첫,8:19,8:20
,동두천인천,병점청량리,광운대서동탄
8:03,8:00,8:22,8:26
인천소요산,청량리서동탄,인천의정부,동묘앞인천
8:06,8:03,8:26,8:30
서동탄광운대,연천인천,서동탄동묘앞,광운대신창
8:10,8:07,8:33,8:35
인천양주,광운대신창,인천동두천,동두천인천
8:13,8:11,8:36,08:39급
신창광운대,양주부평,천안청량리,청량리천안
8:16,08:15급,8:41,8:44
인천동두천,청량리천안,서동탄광운대,광운대서동탄
8:20,8:18,8:46,8:51
서동탄청량리,동두천인천,인천연천,양주구로
8:23,8:21,8:50,8:55
인천의정부,광운대서동탄,서동탄광운대,청량리천안
8:26,8:25,8:55,8:58
천안광운대,동두천구로,신창청량리,소요산인천
08:31급,8:28,9:00,9:04
인천동두천,양주인천,인천양주,광운대서동탄
8:35,8:31,9:06,9:08
서동탄광운대,광운대신창,서동탄광운대,연천인천
8:38,8:34,9:10,9:13
인천양주,연천부평,천안청량리,청량리천안
8:42,08:38급,9:14,9:16
서동탄동묘앞,청량리천안,인천소요산,양주인천
8:47,8:41,9:20,9:21
인천연천,동두천인천,인천광운대,광운대병점
8:50,8:43,9:23,9:26
천안청량리,광운대서동탄,천안광운대,동두천인천
8:55,8:48,09:27급첫,09:30급첫
인천의정부,양주인천,신창청량리,청량리신창
8:58,8:53,9:31,9:36
병점광운대,동두천부평,인천동두천,광운대서동탄
,8:56,9:36,9:40
,청량리천안,서동탄동묘앞,양주구로
9:03,9:00,9:42,9:44
인천양주,소요산인천,천안청량리,청량리신창
9:07,9:04,9:47,9:49
서동탄광운대,광운대서동탄,인천연천,소요산인천
9:11,09:09급,9:53,9:55
신창청량리,동두천인천,서동탄광운대,광운대병점
9:14,9:16,9:57,
인천소요산,광운대신창,인천의정부,
9:21,9:22,10:01,10:02
인천동묘앞,동두천인천,신창광운대,의정부인천
9:25,9:25,10:05급,10:07
신창광운대,광운대병점,천안청량리,청량리천안
09:29급첫,9:30,10:10,10:11
신창청량리,동두천인천,인천소요산,연천인천
9:33,09:34급,10:15,10:18
인천양주,청량리천안,천안광운대,광운대신창
9:37,9:37,10:21,10:23
서동탄광운대,의정부인천,인천양주,양주인천
9:41,9:42,10:27,10:27
인천동묘앞,광운대서동탄,서동탄광운대,청량리서동탄
9:48,9:49,10:31,10:34
인천연천,소요산인천,인천동두천,광운대신창
9:53,9:53,10:36,10:39
서동탄청량리,청량리신창,신창청량리,동두천인천
9:57,9:58,10:40,10:44급
인천의정부,광운대서동탄,인천양주,청량리천안
10:01,10:03,10:43,10:47
천안광운대,의정부인천,천안광운대,광운대인천
10:07급,10:08,10:47,10:52
신창청량리,청량리천안,인천연천,광운대서동탄
10:11,10:12,10:52,10:57
인천소요산,연천인천,서동탄광운대,소요산인천
10:15,10:21,10:56,
천안광운대,광운대신창,인천의정부,
10:20,10:25,11:01,11:01
인천양주,동두천인천,천안광운대,광운대구로
10:29급,10:31,11:06급,11:06
인천동두천,청량리서동탄,천안청량리,양주인천
10:33,10:35,11:10,11:10급
서동탄청량리,동두천인천,인천광운대,청량리천안
10:37,10:39,11:14,11:13
인천양주,양주구로,병점광운대,광운대신창
10:42,10:43급,11:18,11:17
신창광운대,청량리천안,신창청량리,연천인천
10:47,10:47,11:21,11:23
인천연천,의정부인천,인천양주,광운대서동탄
10:52,10:53,11:24,11:27
서동탄광운대,광운대서동탄,서동탄광운대,동두천인천
10:58,10:57,11:28급,11:31
인천의정부,양주서울역,천안청량리,광운대신창
11:01급,11:02,11:33,11:36
천안청량리,광운대신창,인천동두천,의정부인천
11:06,11:08,11:36,11:40급
부평소요산,연천인천,천안광운대,청량리천안
11:12,11:12급,11:41,11:43
인천양주,청량리신창,인천양주,광운대천안
11:18,11:16,11:46,11:48
신창광운대,청량리서동탄,서동탄광운대,양주인천
11:21,11:21,11:51급,11:52
구로의정부,동두천인천,천안청량리,청량리서동탄
11:26급,11:27급,11:56,11:56
신창청량리,동두천인천,인천연천,소요산인천
11:30,11:32,12:02,12:01급
인천양주,광운대병점,신창광운대,청량리천안
11:34,11:36,12:06,12:04
서동탄광운대,의정부인천,인천소요산,광운대신창
11:38,11:40급,12:11,12:09
천안청량리,청량리신창,서동탄광운대,연천인천
11:42급,11:44,12:15,12:13
인천동두천,광운대신창,인천양주,광운대서동탄
11:46,11:47,12:19,12:17
서동탄광운대,양주인천,천안광운대,양주인천
11:50,11:51,12:23,12:22
인천연천,광운대서동탄,인천의정부,광운대천안
11:54급,11:57,12:27급,12:26
천안청량리,소요산인천,천안청량리,동두천인천
11:59,,12:35,12:31급
인천의정부,,인천동두천,청량리천안
12:03,12:00급,12:39,12:36
천안광운대,청량리천안,천안광운대,의정부인천
12:07,12:06,12:44,12:40
인천소요산,연천인천,인천양주,광운대신창
12:12,12:14,12:48,12:46
서동탄광운대,청량리서동탄,서동탄광운대,양주인천
12:16,12:17,12:52,12:51
인천양주,양주인천,인천연천,광운대서동탄
12:20,12:23,12:55,12:55
신창광운대,광운대천안,신창광운대,소요산인천
12:23,12:28급,13:00급,13:01
인천의정부,동두천인천,천안청량리,광운대신창
12:29급,12:33급,13:07,13:06
신창청량리,청량리천안,인천소요산,연천인천
12:34급,12:38,13:11,13:11급
인천동두천,의정부인천,천안광운대,청량리천안
12:38,12:42,13:18,13:14
천안광운대,광운대천안,인천양주,광운대서동탄
12:44,12:46,13:23,13:18
인천양주,양주인천,서동탄광운대,양주인천
12:49,12:50,13:27,13:23
서동탄광운대,광운대서동탄,인천의정부,광운대천안
12:56,12:56,13:31급,13:28
인천연천,소요산인천,천안청량리,동두천인천
13:01,13:01,13:37,13:34급
서동탄광운대,광운대천안,인천동두천,청량리천안
13:07,13:06,13:40,13:38
인천양주,양주인천,신창광운대,광운대병점
13:12,13:11급,13:46,13:42
신창청량리,청량리신창,인천양주,양주인천
13:16,13:14,13:50,13:45
인천소요산,광운대서동탄,서동탄광운대,광운대서동탄
13:23,13:18,13:57급,13:50
서동탄광운대,의정부인천,천안청량리,소요산인천
13:28급,13:22,,13:54
천안청량리,광운대천안,,광운대신창
13:32,13:26급,14:01,14:02
인천양주,동두천인천,인천의정부,의정부인천
13:37,13:32,14:07,14:06급
신창광운대,양주인천,신창광운대,청량리천안
13:44급막,13:37,14:11,14:10
인천동두천,광운대병점,인천소요산,연천인천
13:49,13:41,14:18,14:14
서동탄광운대,의정부인천,서동탄광운대,광운대서동탄
13:53,13:45,14:22,14:20
인천연천,광운대서동탄,인천양주,양주인천
13:57급,13:50,14:28,14:27
천안청량리,소요산인천,인천동두천,광운대서동탄
,13:54,14:32,14:32
,청량리천안,신창청량리,동두천인천
14:01,14:02,14:38,14:36급
인천의정부,의정부인천,인천양주,청량리천안
14:06,14:07,14:41,14:41
신창청량리,광운대서동탄,천안광운대,양주인천
14:10,14:12,14:48,14:45
인천소요산,연천인천,인천연천,광운대천안
14:15,14:17급,14:53,14:51
서동탄광운대,청량리신창,서동탄광운대,소요산인천
14:21,14:20,14:57급,14:56
인천양주,양주인천,천안청량리,광운대서동탄
14:27,14:24,15:01,15:02
인천의정부,광운대서동탄,인천의정부,광운대천안
14:32,14:29급,15:05,15:07
신창청량리,동두천인천,신창광운대,의정부인천
14:37,14:34급,15:09,15:11급
인천광운대,청량리천안,인천소요산,청량리신창
14:41,14:39,15:15,15:16
천안광운대,광운대신창,서동탄동묘앞,연천인천
14:46,14:43,15:20,15:20
인천연천,양주인천,인천양주,광운대서동탄
14:50급,14:47,15:24,15:25
천안청량리,광운대서동탄,천안광운대,양주인천
14:55,14:54,15:30급,15:31급
인천양주,소요산인천,천안청량리,청량리천안
14:58,,15:35,15:36
서동탄광운대,,인천의정부,동두천인천
15:04,15:00,15:38,15:40
신창광운대,청량리천안,신창광운대,광운대신창
15:11,15:05,15:46,15:44
인천소요산,양주인천,인천연천,의정부인천
15:16,15:10급,15:49,15:48
서동탄청량리,청량리천안,서동탄광운대,소요산구로
15:20,15:14,15:53급,15:52
인천양주,광운대서동탄,천안청량리,광운대서동탄
15:24,15:19,15:57,15:57
신창광운대,연천인천,인천의정부,양주인천
15:29급,15:26,16:02,16:04급
신창청량리,양주인천,신창광운대,청량리천안
15:32,15:31급,16:07,16:07
인천의정부,청량리천안,인천소요산,광운대신창
15:38,15:39,16:12,16:12
천안광운대,광운대신창,서동탄광운대,연천인천
15:43,15:43,16:15,16:16
인천연천,의정부인천,인천양주,광운대병점
15:49급,15:53,16:18,16:19
신창청량리,청량리서동탄,천안광운대,양주인천
15:53,,16:22,16:23
인천동묘앞,,인천의정부,광운대서동탄
15:58,,16:26급,16:27
인천의정부,,천안청량리,동두천인천
16:01,16:00,16:30,16:30급
천안광운대,소요산인천,인천동두천,청량리천안
16:05,16:03,16:34,16:34
인천소요산,광운대천안,신창광운대,광운대천안
16:12,16:07,16:40,16:38
서동탄광운대,의정부인천,서동탄광운대,양주인천
16:16,16:12급,16:44,16:43
인천의정부,청량리천안,인천양주,광운대서동탄
16:19,16:15,16:49급,16:47
천안광운대,광운대서동탄,천안청량리,의정부인천
16:23,16:20,16:53,16:52
인천동두천,연천인천,인천연천,광운대병점
16:27급,16:24,16:57,16:56
천안청량리,양주인천,신창청량리,소요산인천
16:31,16:28급,17:01,17:00
인천양주,청량리신창,인천의정부,광운대천안
16:35,16:33급막,17:10,17:05
신창광운대,동두천인천,서동탄광운대,동두천구로
16:41,16:40,17:14,17:08
서동탄광운대,의정부인천,구로의정부,동묘앞인천
16:45,16:44,17:18,17:11급
인천연천,광운대서동탄,신창광운대,청량리신창
16:49급,16:49,17:22,17:15
천안청량리,양주인천,인천동묘앞,광운대서동탄
16:53,16:53,17:26급,17:19
인천양주,동묘앞서동탄,천안청량리,의정부인천
16:57,16:57,17:29,17:23
신창광운대,소요산인천,구로동두천,청량리천안
17:00,17:00,17:34,17:27
인천의정부,광운대천안,서동탄광운대,양주서울역
17:05,17:05,17:37,17:31
천안청량리,동묘앞인천,인천의정부,광운대서동탄
17:08,17:09급,17:41,17:37
부평소요산,청량리신창,천안광운대,의정부인천
17:12,17:13,17:47,17:41
서동탄광운대,광운대서동탄,인천양주,광운대신창
17:15,17:17,17:52,17:47
인천양주,연천인천,서동탄광운대,청량리천안
17:19,17:21,17:55급,17:51
신창광운대,광운대천안,천안청량리,소요산인천
17:23,17:25,18:01,18:01
인천동묘앞,양주인천,인천양주,의정부인천
17:26급,17:29급,18:05,18:05
천안청량리,청량리신창,신창광운대,광운대서동탄
17:29,17:33,18:10,18:09
부평동두천,광운대서동탄,인천소요산,연천인천
17:33,17:39,18:16,18:14
서동탄동묘앞,의정부인천,서동탄광운대,청량리천안
17:37,17:42,18:20급,18:19
인천양주,광운대신창,천안청량리,광운대서동탄
17:40,17:46,18:25,18:24
신창광운대,양주인천,인천동두천,양주인천
17:45,17:50,18:28,18:29급
인천연천,청량리서동탄,신창광운대,청량리신창
17:48급,17:56,18:32,18:33
천안청량리,소요산인천,구로양주,광운대서동탄
17:52,,18:37,18:37
인천동두천,,인천광운대,양주인천
17:55,,18:41,18:40
서동탄광운대,,병점광운대,광운대천안
17:59,,18:45,18:44
인천의정부,,인천동묘앞,의정부인천
18:04,18:01,18:50,18:49
천안광운대,광운대천안,서동탄광운대,소요산인천
18:08,18:04,18:54,18:52
인천양주,의정부인천,인천의정부,광운대서동탄
18:11급,18:09,18:59급,18:57
천안청량리,청량리서동탄,천안청량리,의정부인천
18:18,18:12,19:03,19:01급막
서동탄광운대,연천인천,인천동묘앞,청량리신창
18:23,18:17,19:07,19:06
인천양주,광운대신창,구로소요산,광운대신창
18:26,18:21,19:11,19:11
신창광운대,의정부인천,신창광운대,연천인천
18:32,18:26,19:14,19:18
인천동두천,청량리서동탄,인천의정부,광운대서동탄
18:36,18:30,19:19,19:24
병점광운대,양주인천,인천양주,동두천인천
18:40,18:35,19:24,19:28
인천양주,광운대신창,서동탄광운대,광운대신창
18:43급,18:40,19:29급,19:31
천안청량리,의정부인천,천안청량리,의정부인천
18:48,18:43,19:34,19:36
인천연천,광운대천안,인천양주,청량리구로
18:51,18:49,19:37,19:41
천안광운대,소요산인천,신창광운대,양주인천
18:54,18:52,19:40,19:45
부평동두천,광운대서동탄,인천연천,광운대천안
18:59,18:56,19:45,19:54
서동탄청량리,양주인천,서동탄광운대,소요산인천
19:02,19:00급,19:49,19:58
인천의정부,청량리천안,인천광운대,광운대신창
19:06,19:03,19:53,
인천동묘앞,광운대신창,천안청량리,
19:10,19:07,19:59,
신창광운대,연천인천,인천동두천,
19:14,19:11,20:04,20:03
인천양주,광운대신창,신창광운대,양주인천
19:18,19:15,20:08,20:07
서동탄광운대,양주인천,인천소요산,청량리서동탄
19:22,19:18,20:12,20:12
인천소요산,광운대서동탄,서동탄동묘앞,연천인천
19:26,19:22,20:18,20:17
신창광운대,동두천인천,인천양주,동두천인천
19:30,19:27급,20:21,20:21
인천동묘앞,청량리천안,천안광운대,광운대신창
19:33,19:30,20:27급,20:26
천안청량리,광운대서동탄,천안청량리,양주인천
19:37,19:34,20:31,20:30
인천동두천,양주인천,인천의정부,청량리구로
19:41,19:38,20:35,20:33
서동탄광운대,광운대천안,서동탄광운대,광운대서동탄
19:45,19:43,20:40,20:38
인천양주,의정부인천,인천동두천,의정부인천
19:48,19:48,20:43,20:43
천안광운대,청량리서동탄,신창청량리,광운대천안
19:54,19:52,20:48,20:48
서동탄광운대,소요산인천,인천양주,광운대서동탄
19:58,19:58,20:53,20:52
인천연천,광운대천안,구로연천,소요산인천
20:04,20:02,20:58,20:57
신창광운대,양주인천,병점광운대,의정부구로
20:08,20:06,21:03,21:03
인천의정부,광운대서동탄,신창청량리,청량리신창
20:12,20:10,21:07,21:06
서동탄광운대,연천인천,인천의정부,연천인천
20:19,20:14급막,21:11,21:11
인천소요산,청량리신창,서동탄광운대,광운대병점
20:22,20:17,21:16,21:15
천안광운대,양주인천,인천소요산,양주인천
20:26급,20:22,21:19,21:20막
신창청량리,광운대신창,천안광운대,청량리신창
20:31,20:28,21:25,21:25
인천양주,동두천인천,인천양주,동두천인천
20:38,20:32,21:29급막,21:31
인천동두천,광운대서동탄,천안청량리,광운대서동탄
20:42,20:37,21:33,21:36
천안광운대,양주인천,인천의정부,양주인천
20:46,20:42,21:38,21:41
인천양주,광운대천안,신창광운대,광운대서동탄
20:49,20:46,21:43,21:48
서동탄광운대,의정부인천,인천연천,청량리천안
20:53,20:51,21:47,21:53
인천연천,광운대서동탄,서동탄광운대,소요산인천
,20:57,21:52,21:58
,동두천인천,인천의정부,광운대서동탄
21:01,21:03,21:56,
인천의정부,청량리신창,서동탄동묘앞,
21:07,21:06,22:01,22:04
서동탄청량리,연천인천,인천소요산,청량리병점
21:12,21:10,22:08,22:08
인천소요산,광운대서동탄,신창광운대,연천인천
21:17,21:15,22:12,22:13막
천안광운대,동두천인천,인천양주,광운대천안
21:24급,21:23,22:17,22:17
천안청량리,양주인천,서동탄동묘앞,양주인천
21:29,21:29,22:21,22:22
인천양주,광운대신창,인천동두천,광운대병점
21:33,21:34,22:25,22:27
신창광운대,동두천인천,천안청량리,의정부인천
21:37,21:38,22:30,22:34
인천의정부,광운대병점,인천동묘앞,광운대병점
21:43,21:42,22:36,22:38
서동탄광운대,양주인천,병점광운대,동두천인천
21:47,21:47,22:41막,22:43
인천연천,연천구로,인천연천,양주인천
21:52,21:51막,22:46,22:49
서동탄광운대,청량리신창,천안광운대,광운대서동탄
21:55,21:55,22:52,22:55
인천양주,의정부인천,인천의정부,소요산인천
21:59급,,22:57,
신창청량리,,병점광운대,
22:03,22:01,23:07막,23:01막
인천소요산,광운대서동탄,인천소요산,청량리서동탄
22:08,22:07,23:11,23:06
천안광운대,소요산인천,신창광운대,연천인천
22:14,22:13막,23:21,23:12막
인천의정부,청량리천안,서동탄광운대,광운대병점
22:19,22:17,23:31막,23:19막
서동탄동묘앞,연천인천,인천양주,의정부인천
22:23,22:22,23:36,23:25
인천동두천,광운대서동탄,서동탄광운대,양주구로
22:28급막,22:30,23:42막,23:38
천안청량리,동두천인천,인천의정부,동두천구로
22:33,22:34,23:55,23:48
인천양주,광운대병점,인천광운대,의정부구로
22:37,22:39,00:07막,00:00막
서동탄광운대,청량리구로,인천광운대,소요산구로
22:43,22:44,00:20막,
인천의정부,의정부인천,인천동묘앞,
22:50,22:50,,
신창광운대,광운대서동탄,,
22:57막,22:55,,
인천연천,양주서울역,,
23:06,23:00,,
신창광운대,광운대구로,,
23:13,23:05,,
서동탄광운대,소요산인천,,
23:20막,23:10막,,
인천소요산,광운대서동탄,,
23:27막,23:17,,
인천양주,연천인천,,
23:33,23:21,,
서동탄광운대,청량리구로,,
23:40막,23:25막,,
인천의정부,의정부인천,,
23:49,23:35,,
서동탄동묘앞,양주구로,,
23:59,23:49,,
천안광운대,양주구로,,
,23:57,,
,광운대구로,,
00:07막,00:05막,,
인천광운대,의정부구로,,
00:17막,0:23,,
서동탄청량리,의정부서울역,,
0:29,00:54막,,
인천동묘앞,청량리서울역,,
00:55막,,,
서울역동묘앞,,,
