﻿종로3가방면,시청방면,종로3가방면,시청방면
평일,평일,주말,주말
05:25첫,05:25첫,05:25첫,05:25첫
구로동두천,광운대인천,구로동두천,광운대인천
5:29,5:32,5:29,05:32첫
서울역의정부,창동인천,서울역의정부,동묘앞서동탄
5:35,05:37첫,5:37,5:37
구로청량리,광운대서동탄,서울역양주,광운대인천
5:40,5:44,05:45첫,5:44
서울역양주,동묘앞인천,구로연천,동묘앞인천
5:45,5:49,5:50,5:49
구로동두천,동묘앞서동탄,구로청량리,광운대서동탄
5:49,5:54,5:55,5:55
서울역의정부,의정부인천,서울역광운대,의정부인천
5:53,,5:59,
부평동두천,,부평소요산,
6:00,6:00,6:13,6:05
구로청량리,양주인천,인천양주,광운대서동탄
6:04,6:05,6:18,6:09
서울역광운대,광운대서동탄,병점광운대,양주인천
6:13,6:09,6:24,6:20
인천양주,양주인천,인천동두천,동묘앞인천
6:17,06:14급첫,6:30,6:23
병점광운대,청량리신창,병점청량리,광운대병점
06:23급첫,6:18,6:36,6:30
인천동두천,동묘앞인천,인천연천,동묘앞서동탄
6:26,6:22,6:41,6:33
병점청량리,광운대서동탄,병점청량리,소요산인천
6:30,6:27,6:49,6:38
서울역양주,동묘앞인천,인천양주,광운대병점
6:33,6:33,6:55,6:42
인천동두천,소요산인천,서동탄광운대,동묘앞인천
6:37,06:39급첫,,06:47첫
병점광운대,청량리천안,,청량리신창
6:40,6:43,,6:51
구로청량리,동묘앞인천,,양주인천
06:46첫,6:47,,6:55
인천연천,광운대병점,,광운대서동탄
6:50,6:51,,6:59
서울역양주,양주인천,,광운대천안
6:53,06:55첫,7:02,7:05
인천동두천,광운대신창,인천소요산,연천인천
6:57,6:59,7:06,7:10
서동탄광운대,동묘앞인천,천안청량리,청량리천안
7:02,7:02,7:13,7:14
인천소요산,광운대서동탄,인천양주,의정부인천
7:06,7:06,7:19,07:19급첫
천안청량리,연천인천,서동탄광운대,청량리천안
7:12,7:10,7:24,7:22
인천동두천,청량리천안,인천동두천,광운대병점
7:16,7:14,7:29,7:26
서동탄광운대,의정부인천,신창광운대,광운대신창
7:20,07:18급,7:34,7:30
인천동두천,청량리천안,인천양주,동두천인천
7:24,7:22,7:38,7:34
병점청량리,광운대병점,서동탄청량리,동묘앞서동탄
7:29,7:26,7:42,7:38
신창광운대,동두천인천,인천연천,양주인천
7:33,7:29,7:45,7:47
인천동두천,광운대신창,천안광운대,소요산인천
7:38,7:34,7:51,07:51급
서동탄청량리,의정부서동탄,인천의정부,청량리천안
7:43,7:38,7:56,7:55
인천연천,양주인천,병점청량리,광운대서동탄
7:46,7:42,8:01,8:00
천안광운대,광운대신창,인천양주,동두천인천
7:52,7:46,8:05,8:06
인천의정부,동두천인천,서동탄광운대,연천구로
7:56,07:51급,8:09,8:10
병점청량리,청량리천안,신창광운대,광운대신창
,7:55,8:13,8:15
,의정부서동탄,인천소요산,동묘앞인천
,07:59급첫,8:17,08:19급
,동두천인천,병점청량리,청량리천안
8:01,8:02,8:20,8:22
인천소요산,청량리서동탄,인천의정부,광운대서동탄
8:04,8:05,8:24,8:28
서동탄광운대,연천인천,서동탄동묘앞,동묘앞인천
8:08,8:09,8:31,8:32
인천양주,광운대신창,인천동두천,광운대신창
8:11,8:13,8:34,8:37
신창광운대,양주부평,천안청량리,동두천인천
8:14,08:17급,8:39,08:41급
인천동두천,청량리천안,서동탄광운대,청량리천안
8:18,8:20,8:44,8:46
서동탄청량리,동두천인천,인천연천,광운대서동탄
8:21,8:23,8:48,8:53
인천의정부,광운대서동탄,서동탄광운대,양주구로
8:24,8:27,8:53,8:57
천안광운대,동두천구로,신창청량리,청량리천안
08:29급,8:30,8:58,
인천동두천,양주인천,인천양주,
8:33,8:33,9:04,9:00
서동탄광운대,광운대신창,서동탄광운대,소요산인천
8:36,8:36,9:08,9:06
인천양주,연천부평,천안청량리,광운대서동탄
8:40,08:40급,9:12,9:10
서동탄동묘앞,청량리천안,인천소요산,연천인천
8:45,8:43,9:18,9:15
인천연천,동두천인천,인천광운대,청량리천안
8:48,8:45,9:21,9:18
천안청량리,광운대서동탄,천안광운대,양주인천
8:53,8:50,09:25급첫,9:23
인천의정부,양주인천,신창청량리,광운대병점
8:56,8:55,9:29,9:28
병점광운대,동두천부평,인천동두천,동두천인천
,8:58,9:34,09:32급첫
,청량리천안,서동탄동묘앞,청량리신창
9:01,9:02,9:40,9:38
인천양주,소요산인천,천안청량리,광운대서동탄
9:05,9:06,9:45,9:42
서동탄광운대,광운대서동탄,인천연천,양주구로
9:09,09:11급,9:51,9:46
신창청량리,동두천인천,서동탄광운대,청량리신창
9:12,9:18,9:55,9:51
인천소요산,광운대신창,인천의정부,소요산인천
9:19,9:24,9:59,9:57
인천동묘앞,동두천인천,신창광운대,광운대병점
9:23,9:27,10:03급,10:04
신창광운대,광운대병점,천안청량리,의정부인천
09:27급첫,9:32,10:08,10:09
신창청량리,동두천인천,인천소요산,청량리천안
9:31,09:36급,10:13,10:13
인천양주,청량리천안,천안광운대,연천인천
9:35,9:39,10:19,10:20
서동탄광운대,의정부인천,인천양주,광운대신창
9:39,9:44,10:25,10:25
인천동묘앞,광운대서동탄,서동탄광운대,양주인천
9:46,9:51,10:29,10:29
인천연천,소요산인천,인천동두천,청량리서동탄
9:51,9:55,10:34,10:36
서동탄청량리,청량리신창,신창청량리,광운대신창
9:55,,10:38,10:41
인천의정부,,인천양주,동두천인천
9:59,,10:41,10:46급
천안광운대,,천안광운대,청량리천안
10:05급,10:00,10:45,10:49
신창청량리,광운대서동탄,인천연천,광운대인천
10:09,10:05,10:50,10:54
인천소요산,의정부인천,서동탄광운대,광운대서동탄
10:13,10:10,10:54,10:59
천안광운대,청량리천안,인천의정부,소요산인천
10:18,10:14,10:59,
인천양주,연천인천,천안광운대,
10:27급,10:23,11:04급,11:03
인천동두천,광운대신창,천안청량리,광운대구로
10:31,10:27,11:08,11:08
서동탄청량리,동두천인천,인천광운대,양주인천
10:35,10:33,11:12,11:12급
인천양주,청량리서동탄,병점광운대,청량리천안
10:40,10:37,11:16,11:15
신창광운대,동두천인천,신창청량리,광운대신창
10:45,10:41,11:19,11:19
인천연천,양주구로,인천양주,연천인천
10:50,10:45급,11:22,11:25
서동탄광운대,청량리천안,서동탄광운대,광운대서동탄
10:56,10:49,11:26급,11:29
인천의정부,의정부인천,천안청량리,동두천인천
10:59급,10:55,11:31,11:33
천안청량리,광운대서동탄,인천동두천,광운대신창
,10:59,11:34,11:38
,양주서울역,천안광운대,의정부인천
11:04,11:04,11:39,11:42급
부평소요산,광운대신창,인천양주,청량리천안
11:10,11:10,11:44,11:45
인천양주,연천인천,서동탄광운대,광운대천안
11:16,11:14급,11:49급,11:50
신창광운대,청량리신창,천안청량리,양주인천
11:19,11:18,11:54,11:54
구로의정부,청량리서동탄,인천연천,청량리서동탄
11:24급,11:23,,11:58
신창청량리,동두천인천,,소요산인천
11:28,11:29급,12:00,12:03급
인천양주,동두천인천,신창광운대,청량리천안
11:32,11:34,12:04,12:06
서동탄광운대,광운대병점,인천소요산,광운대신창
11:36,11:38,12:09,12:11
천안청량리,의정부인천,서동탄광운대,연천인천
11:40급,11:42급,12:13,12:15
인천동두천,청량리신창,인천양주,광운대서동탄
11:44,11:46,12:17,12:19
서동탄광운대,광운대신창,천안광운대,양주인천
11:48,11:49,12:21,12:24
인천연천,양주인천,인천의정부,광운대천안
11:52급,11:53,12:25급,12:28
천안청량리,광운대서동탄,천안청량리,동두천인천
11:57,11:59,12:33,12:33급
인천의정부,소요산인천,인천동두천,청량리천안
12:01,12:02급,12:37,12:38
천안광운대,청량리천안,천안광운대,의정부인천
12:05,12:08,12:42,12:42
인천소요산,연천인천,인천양주,광운대신창
12:10,12:16,12:46,12:48
서동탄광운대,청량리서동탄,서동탄광운대,양주인천
12:14,12:19,12:50,12:53
인천양주,양주인천,인천연천,광운대서동탄
12:18,12:25,12:53,12:57
신창광운대,광운대천안,신창광운대,소요산인천
12:21,12:30급,12:58급,
인천의정부,동두천인천,천안청량리,
12:27급,12:35급,13:05,13:03
신창청량리,청량리천안,인천소요산,광운대신창
12:32급,12:40,13:09,13:08
인천동두천,의정부인천,천안광운대,연천인천
12:36,12:44,13:16,13:13급
천안광운대,광운대천안,인천양주,청량리천안
12:42,12:48,13:21,13:16
인천양주,양주인천,서동탄광운대,광운대서동탄
12:47,12:52,13:25,13:20
서동탄광운대,광운대서동탄,인천의정부,양주인천
12:54,12:58,13:29급,13:25
인천연천,소요산인천,천안청량리,광운대천안
12:59,,13:35,13:30
서동탄광운대,,인천동두천,동두천인천
13:05,13:03,13:38,13:36급
인천양주,광운대천안,신창광운대,청량리천안
13:10,13:08,13:44,13:40
신창청량리,양주인천,인천양주,광운대병점
13:14,13:13급,13:48,13:44
인천소요산,청량리신창,서동탄광운대,양주인천
13:21,13:16,13:55급,13:47
서동탄광운대,광운대서동탄,천안청량리,광운대서동탄
13:26급,13:20,13:59,13:52
천안청량리,의정부인천,인천의정부,소요산인천
13:30,13:24,,13:56
인천양주,광운대천안,,광운대신창
13:35,13:28급,14:05,14:04
신창광운대,동두천인천,신창광운대,의정부인천
13:42급막,13:34,14:09,14:08급
인천동두천,양주인천,인천소요산,청량리천안
13:47,13:39,14:16,14:12
서동탄광운대,광운대병점,서동탄광운대,연천인천
13:51,13:43,14:20,14:16
인천연천,의정부인천,인천양주,광운대서동탄
13:55급,13:47,14:26,14:22
천안청량리,광운대서동탄,인천동두천,양주인천
13:59,13:52,14:30,14:29
인천의정부,소요산인천,신창청량리,광운대서동탄
,13:56,14:36,14:34
,청량리천안,인천양주,동두천인천
14:04,14:04,14:39,14:38급
신창청량리,의정부인천,천안광운대,청량리천안
14:08,14:09,14:46,14:43
인천소요산,광운대서동탄,인천연천,양주인천
14:13,14:14,14:51,14:47
서동탄광운대,연천인천,서동탄광운대,광운대천안
14:19,14:19급,14:55급,14:53
인천양주,청량리신창,천안청량리,소요산인천
14:25,14:22,14:59,14:58
인천의정부,양주인천,인천의정부,광운대서동탄
14:30,14:26,15:03,15:04
신창청량리,광운대서동탄,신창광운대,광운대천안
14:35,14:31급,15:07,15:09
인천광운대,동두천인천,인천소요산,의정부인천
14:39,14:36급,15:13,15:13급
천안광운대,청량리천안,서동탄동묘앞,청량리신창
14:44,14:41,15:18,15:18
인천연천,광운대신창,인천양주,연천인천
14:48급,14:45,15:22,15:22
천안청량리,양주인천,천안광운대,광운대서동탄
14:53,14:49,15:28급,15:27
인천양주,광운대서동탄,천안청량리,양주인천
14:56,14:56,15:33,15:33급
서동탄광운대,소요산인천,인천의정부,청량리천안
15:02,15:02,15:36,15:38
신창광운대,청량리천안,신창광운대,동두천인천
15:09,15:07,15:44,15:42
인천소요산,양주인천,인천연천,광운대신창
15:14,15:12급,15:47,15:46
서동탄청량리,청량리천안,서동탄광운대,의정부인천
15:18,15:16,15:51급,15:50
인천양주,광운대서동탄,천안청량리,소요산구로
15:22,15:21,15:55,15:54
신창광운대,연천인천,인천의정부,광운대서동탄
15:27급,15:28,,15:59
신창청량리,양주인천,,양주인천
15:30,15:33급,16:00,16:06급
인천의정부,청량리천안,신창광운대,청량리천안
15:36,15:41,16:05,16:09
천안광운대,광운대신창,인천소요산,광운대신창
15:41,15:45,16:10,16:14
인천연천,의정부인천,서동탄광운대,연천인천
15:47급,15:55,16:13,16:18
신창청량리,청량리서동탄,인천양주,광운대병점
15:51,,16:16,16:21
인천동묘앞,,천안광운대,양주인천
15:56,,16:20,16:25
인천의정부,,인천의정부,광운대서동탄
15:59,,16:24급,16:29
천안광운대,,천안청량리,동두천인천
16:03,16:02,16:28,16:32급
인천소요산,소요산인천,인천동두천,청량리천안
16:10,16:05,16:32,16:36
서동탄광운대,광운대천안,신창광운대,광운대천안
16:14,16:09,16:38,16:40
인천의정부,의정부인천,서동탄광운대,양주인천
16:17,16:14급,16:42,16:45
천안광운대,청량리천안,인천양주,광운대서동탄
16:21,16:17,16:47급,16:49
인천동두천,광운대서동탄,천안청량리,의정부인천
16:25급,16:22,16:51,16:54
천안청량리,연천인천,인천연천,광운대병점
16:29,16:26,16:55,16:58
인천양주,양주인천,신창청량리,소요산인천
16:33,16:30급,16:59,
신창광운대,청량리신창,인천의정부,
16:39,16:35급막,17:08,17:02
서동탄광운대,동두천인천,서동탄광운대,광운대천안
16:43,16:42,17:12,17:07
인천연천,의정부인천,구로의정부,동두천구로
16:47급,16:46,17:16,17:10
천안청량리,광운대서동탄,신창광운대,동묘앞인천
16:51,16:51,17:20,17:13급
인천양주,양주인천,인천동묘앞,청량리신창
16:55,16:55,17:24급,17:17
신창광운대,동묘앞서동탄,천안청량리,광운대서동탄
16:58,16:59,17:27,17:21
인천의정부,소요산인천,구로동두천,의정부인천
17:03,17:02,17:32,17:25
천안청량리,광운대천안,서동탄광운대,청량리천안
17:06,17:07,17:35,17:29
부평소요산,동묘앞인천,인천의정부,양주서울역
17:10,17:11급,17:39,17:33
서동탄광운대,청량리신창,천안광운대,광운대서동탄
17:13,17:15,17:45,17:39
인천양주,광운대서동탄,인천양주,의정부인천
17:17,17:19,17:50,17:43
신창광운대,연천인천,서동탄광운대,광운대신창
17:21,17:23,17:53급,17:49
인천동묘앞,광운대천안,천안청량리,청량리천안
17:24급,17:27,17:59,17:53
천안청량리,양주인천,인천양주,소요산인천
17:27,17:31급,18:03,18:03
부평동두천,청량리신창,신창광운대,의정부인천
17:31,17:35,18:08,18:07
서동탄동묘앞,광운대서동탄,인천소요산,광운대서동탄
17:35,17:41,18:14,18:11
인천양주,의정부인천,서동탄광운대,연천인천
17:38,17:44,18:18급,18:16
신창광운대,광운대신창,천안청량리,청량리천안
17:43,17:48,18:23,18:21
인천연천,양주인천,인천동두천,광운대서동탄
17:46급,17:52,18:26,18:26
천안청량리,청량리서동탄,신창광운대,양주인천
17:50,17:58,18:30,18:31급
인천동두천,소요산인천,구로양주,청량리신창
17:53,,18:35,18:35
서동탄광운대,,인천광운대,광운대서동탄
17:57,,18:39,18:39
인천의정부,,병점광운대,양주인천
18:02,18:03,18:43,18:42
천안광운대,광운대천안,인천동묘앞,광운대천안
18:06,18:06,18:48,18:46
인천양주,의정부인천,서동탄광운대,의정부인천
18:09급,18:11,18:52,18:51
천안청량리,청량리서동탄,인천의정부,소요산인천
18:16,18:14,18:57급,18:54
서동탄광운대,연천인천,천안청량리,광운대서동탄
18:21,18:19,,18:59
인천양주,광운대신창,,의정부인천
18:24,18:23,19:01,19:03급막
신창광운대,의정부인천,인천동묘앞,청량리신창
18:30,18:28,19:05,19:08
인천동두천,청량리서동탄,구로소요산,광운대신창
18:34,18:32,19:09,19:13
병점광운대,양주인천,신창광운대,연천인천
18:38,18:37,19:12,19:20
인천양주,광운대신창,인천의정부,광운대서동탄
18:41급,18:42,19:17,19:26
천안청량리,의정부인천,인천양주,동두천인천
18:46,18:45,19:22,19:30
인천연천,광운대천안,서동탄광운대,광운대신창
18:49,18:51,19:27급,19:33
천안광운대,소요산인천,천안청량리,의정부인천
18:52,18:54,19:32,19:38
부평동두천,광운대서동탄,인천양주,청량리구로
18:57,18:58,19:35,19:43
서동탄청량리,양주인천,신창광운대,양주인천
19:00,19:02급,19:38,19:47
인천의정부,청량리천안,인천연천,광운대천안
19:04,19:05,19:43,19:56
인천동묘앞,광운대신창,서동탄광운대,소요산인천
19:08,19:09,19:47,
신창광운대,연천인천,인천광운대,
19:12,19:13,19:51,
인천양주,광운대신창,천안청량리,
19:16,19:17,19:57,
서동탄광운대,양주인천,인천동두천,
19:20,19:20,20:02,20:00
인천소요산,광운대서동탄,신창광운대,광운대신창
19:24,19:24,20:06,20:05
신창광운대,동두천인천,인천소요산,양주인천
19:28,19:29급,20:10,20:09
인천동묘앞,청량리천안,서동탄동묘앞,청량리서동탄
19:31,19:32,20:16,20:14
천안청량리,광운대서동탄,인천양주,연천인천
19:35,19:36,20:19,20:19
인천동두천,양주인천,천안광운대,동두천인천
19:39,19:40,20:25급,20:23
서동탄광운대,광운대천안,천안청량리,광운대신창
19:43,19:45,20:29,20:28
인천양주,의정부인천,인천의정부,양주인천
19:46,19:50,20:33,20:32
천안광운대,청량리서동탄,서동탄광운대,청량리구로
19:52,19:54,20:38,20:35
서동탄광운대,소요산인천,인천동두천,광운대서동탄
19:56,,20:41,20:40
인천연천,,신창청량리,의정부인천
20:02,20:00,20:46,20:45
신창광운대,광운대천안,인천양주,광운대천안
20:06,20:04,20:51,20:50
인천의정부,양주인천,구로연천,광운대서동탄
20:10,20:08,20:56,20:54
서동탄광운대,광운대서동탄,병점광운대,소요산인천
20:17,20:12,,20:59
인천소요산,연천인천,,의정부구로
20:20,20:16급막,21:01,21:05
천안광운대,청량리신창,신창청량리,청량리신창
20:24급,20:19,21:05,21:08
신창청량리,양주인천,인천의정부,연천인천
20:29,20:24,21:09,21:13
인천양주,광운대신창,서동탄광운대,광운대병점
20:36,20:30,21:14,21:17
인천동두천,동두천인천,인천소요산,양주인천
20:40,20:34,21:17,21:22막
천안광운대,광운대서동탄,천안광운대,청량리신창
20:44,20:39,21:23,21:27
인천양주,양주인천,인천양주,동두천인천
20:47,20:44,21:27급막,21:33
서동탄광운대,광운대천안,천안청량리,광운대서동탄
20:51,20:48,21:31,21:38
인천연천,의정부인천,인천의정부,양주인천
20:59,20:53,21:36,21:43
인천의정부,광운대서동탄,신창광운대,광운대서동탄
,20:59,21:41,21:50
,동두천인천,인천연천,청량리천안
21:05,21:05,21:45,21:55
서동탄청량리,청량리신창,서동탄광운대,소요산인천
21:10,21:08,21:50,
인천소요산,연천인천,인천의정부,
21:15,21:12,21:54,
천안광운대,광운대서동탄,서동탄동묘앞,
21:22급,21:17,21:59,
천안청량리,동두천인천,인천소요산,
21:27,21:25,22:06,22:00
인천양주,양주인천,신창광운대,광운대서동탄
21:31,21:31,22:10,22:06
신창광운대,광운대신창,인천양주,청량리병점
21:35,21:36,22:15,22:10
인천의정부,동두천인천,서동탄동묘앞,연천인천
21:41,21:40,22:19,22:15막
서동탄광운대,광운대병점,인천동두천,광운대천안
21:45,21:44,22:23,22:19
인천연천,양주인천,천안청량리,양주인천
21:50,21:49,22:28,22:24
서동탄광운대,연천구로,인천동묘앞,광운대병점
21:53,21:53막,22:34,22:29
인천양주,청량리신창,병점광운대,의정부인천
21:57급,21:57,22:39막,22:36
신창청량리,의정부인천,인천연천,광운대병점
22:01,22:03,22:44,22:40
인천소요산,광운대서동탄,천안광운대,동두천인천
22:06,22:09,22:50,22:45
천안광운대,소요산인천,인천의정부,양주인천
22:12,22:15막,22:55,22:51
인천의정부,청량리천안,병점광운대,광운대서동탄
22:17,22:19,,22:57
서동탄동묘앞,연천인천,,소요산인천
22:21,22:24,23:05막,23:03막
인천동두천,광운대서동탄,인천소요산,청량리서동탄
22:26급막,22:32,23:09,23:08
천안청량리,동두천인천,신창광운대,연천인천
22:31,22:36,23:19,23:14막
인천양주,광운대병점,서동탄광운대,광운대병점
22:35,22:41,23:29막,23:21막
서동탄광운대,청량리구로,인천양주,의정부인천
22:41,22:46,23:34,23:27
인천의정부,의정부인천,서동탄광운대,양주구로
22:48,22:52,23:40막,23:40
신창광운대,광운대서동탄,인천의정부,동두천구로
22:55막,22:57,23:53,23:50
인천연천,양주서울역,인천광운대,의정부구로
23:04,23:02,00:05막,00:02막
신창광운대,광운대구로,인천광운대,소요산구로
23:11,23:07,00:18막,
서동탄광운대,소요산인천,인천동묘앞,
23:18막,23:12막,,
인천소요산,광운대서동탄,,
23:25막,23:19,,
인천양주,연천인천,,
23:31,23:23,,
서동탄광운대,청량리구로,,
23:38막,23:27막,,
인천의정부,의정부인천,,
23:47,23:37,,
서동탄동묘앞,양주구로,,
23:57,23:51,,
천안광운대,양주구로,,
,23:59,,
,광운대구로,,
00:05막,00:07막,,
인천광운대,의정부구로,,
00:15막,0:25,,
서동탄청량리,의정부서울역,,
0:27,00:56막,,
인천동묘앞,청량리서울역,,
00:53막,,,
서울역동묘앞,,,
