﻿외대앞방면,청량리방면,외대앞방면,청량리방면
평일,평일,주말,주말
05:42첫,05:08첫,05:42첫,05:08첫
구로동두천,광운대인천,구로동두천,광운대인천
5:46,5:15,5:46,5:20
서울역의정부,창동인천,서울역의정부,광운대인천
5:57,05:20첫,5:54,05:32첫
서울역양주,광운대서동탄,서울역양주,광운대서동탄
,5:37,,5:38
,의정부인천,,의정부인천
,5:43,,5:48
,양주인천,,광운대서동탄
,5:48,,5:52
,광운대서동탄,,양주인천
,5:52,06:02첫,6:06
,양주인천,구로연천,광운대병점
6:02,6:05,6:12,6:16
구로동두천,광운대서동탄,서울역광운대,소요산인천
6:06,6:16,6:16,6:21
서울역의정부,소요산인천,부평소요산,광운대병점
6:10,6:30,6:30,6:34
부평동두천,광운대병점,인천양주,양주인천
6:21,6:34,6:35,6:38
서울역광운대,양주인천,병점광운대,광운대서동탄
6:30,06:38첫,6:41,06:42첫
인천양주,광운대신창,인천동두천,광운대천안
6:34,6:45,6:53,6:48
병점광운대,광운대서동탄,인천연천,연천인천
06:40급첫,6:49,,6:57
인천동두천,연천인천,,의정부인천
6:47,6:57,7:06,7:05
서울역양주,의정부인천,인천양주,광운대병점
6:50,,7:12,07:09첫
인천동두천,,서동탄광운대,광운대신창
6:54,,7:19,7:13
병점광운대,,인천소요산,동두천인천
07:03첫,7:05,7:30,7:21
인천연천,광운대병점,인천양주,양주인천
7:07,7:09,7:36,7:30
서울역양주,동두천인천,서동탄광운대,소요산인천
7:10,7:12,7:41,7:38
인천동두천,광운대신창,인천동두천,광운대서동탄
7:14,7:17,7:46,7:43
서동탄광운대,의정부서동탄,신창광운대,동두천인천
7:19,7:21,7:51,7:49
인천소요산,양주인천,인천양주,연천구로
7:29,7:25,7:59,7:53
인천동두천,광운대신창,인천연천,광운대신창
7:33,7:29,8:02,8:05
서동탄광운대,동두천인천,천안광운대,광운대서동탄
7:37,7:38,8:08,8:15
인천동두천,의정부서동탄,인천의정부,광운대신창
7:46,07:42급첫,8:18,8:20
신창광운대,동두천인천,인천양주,동두천인천
7:50,7:48,8:22,8:29
인천동두천,연천인천,서동탄광운대,광운대서동탄
,7:52,8:26,8:36
,광운대신창,신창광운대,양주구로
,7:56,8:30,8:43
,양주부평,인천소요산,소요산인천
8:00,8:03,8:37,8:49
인천연천,동두천인천,인천의정부,광운대서동탄
8:03,8:06,8:48,8:53
천안광운대,광운대서동탄,인천동두천,연천인천
8:09,8:10,8:56,
인천의정부,동두천구로,서동탄광운대,
8:18,8:13,9:01,9:01
인천소요산,양주인천,인천연천,양주인천
8:21,8:16,9:05,9:06
서동탄광운대,광운대신창,서동탄광운대,광운대병점
8:25,8:19,9:15,9:11
인천양주,연천부평,인천양주,동두천인천
8:28,8:26,9:21,9:21
신창광운대,동두천인천,서동탄광운대,광운대서동탄
8:31,8:28,9:29,9:25
인천동두천,광운대서동탄,인천소요산,양주구로
8:38,8:33,9:35,9:34
인천의정부,양주인천,인천광운대,소요산인천
8:41,8:38,9:38,9:40
천안광운대,동두천부평,천안광운대,광운대병점
08:46급,8:45,9:46,9:47
인천동두천,소요산인천,인천동두천,의정부인천
8:50,8:49,,9:56
서동탄광운대,광운대서동탄,,연천인천
8:53,08:54급,10:02,10:03
인천양주,동두천인천,인천연천,광운대신창
9:02,9:01,10:08,10:08
인천연천,광운대신창,서동탄광운대,양주인천
9:10,9:07,10:12,10:19
인천의정부,동두천인천,인천의정부,광운대신창
9:13,9:10,10:16,10:24
병점광운대,광운대병점,신창광운대,동두천인천
9:18,9:15,10:25,10:32
인천양주,동두천인천,인천소요산,광운대인천
9:22,9:22,10:30,10:37
서동탄광운대,의정부인천,천안광운대,광운대서동탄
9:29,9:27,10:36,10:42
인천소요산,광운대서동탄,인천양주,소요산인천
9:40,9:34,10:42,10:46
신창광운대,소요산인천,서동탄광운대,광운대구로
9:48,9:43,10:46,10:51
인천양주,광운대서동탄,인천동두천,양주인천
9:52,9:48,10:55,10:58
서동탄광운대,의정부인천,인천양주,광운대신창
,9:57,10:58,
,연천인천,천안광운대,
10:03,10:06,11:02,11:02
인천연천,광운대신창,인천연천,연천인천
10:12,10:10,11:07,11:08
인천의정부,동두천인천,서동탄광운대,광운대서동탄
10:16,10:20,11:11,11:12
천안광운대,동두천인천,인천의정부,동두천인천
10:26,10:24,11:16,11:16
인천소요산,양주구로,천안광운대,광운대신창
10:30,10:32,11:25,11:21
천안광운대,의정부인천,인천광운대,의정부인천
10:35,10:38,11:29,11:28
인천양주,광운대서동탄,병점광운대,광운대천안
10:44급,10:42,11:36,11:33
인천동두천,양주서울역,인천양주,양주인천
10:52,10:47,11:39,11:41
인천양주,광운대신창,서동탄광운대,소요산인천
10:57,10:53,11:48,11:49
신창광운대,연천인천,인천동두천,광운대신창
11:02,11:06,11:51,11:54
인천연천,동두천인천,천안광운대,연천인천
11:07,11:12급,11:56,11:58
서동탄광운대,동두천인천,인천양주,광운대서동탄
11:13,11:17,12:01,12:02
인천의정부,광운대병점,서동탄광운대,양주인천
11:21,11:21,12:11,12:07
부평소요산,의정부인천,인천연천,광운대천안
11:27,11:29,12:17,12:11
인천양주,광운대신창,신창광운대,동두천인천
11:33,11:32,12:21,12:21
신창광운대,양주인천,인천소요산,의정부인천
11:36,11:36,12:26,12:25
구로의정부,광운대서동탄,서동탄광운대,광운대신창
11:45,11:42,12:30,12:31
인천양주,소요산인천,인천양주,양주인천
11:49,11:51,12:34,12:36
서동탄광운대,연천인천,천안광운대,광운대서동탄
11:57급,,12:38,12:40
인천동두천,,인천의정부,소요산인천
12:01,12:02,12:50,12:46
서동탄광운대,양주인천,인천동두천,광운대신창
12:05,12:08,12:54,12:51
인천연천,광운대천안,천안광운대,연천인천
12:14,12:13급,12:59,12:59
인천의정부,동두천인천,인천양주,광운대서동탄
12:18,12:23,13:03,13:03
천안광운대,의정부인천,서동탄광운대,양주인천
12:22,12:27,13:07,13:08
인천소요산,광운대천안,인천연천,광운대천안
12:27,12:31,13:10,13:13
서동탄광운대,양주인천,신창광운대,동두천인천
12:31,12:35,13:22,13:23
인천양주,광운대서동탄,인천소요산,광운대병점
12:35,12:41,13:26,13:27
신창광운대,소요산인천,천안광운대,양주인천
12:38,12:46,13:33,13:30
인천의정부,광운대천안,인천양주,광운대서동탄
12:49급,12:51,13:38,13:35
인천동두천,양주인천,서동탄광운대,소요산인천
12:53,12:59,13:42,13:39
천안광운대,광운대서동탄,인천의정부,광운대신창
12:59,,13:52,13:47
인천양주,,인천동두천,의정부인천
13:04,13:03,13:55,13:55
서동탄광운대,의정부인천,신창광운대,연천인천
13:11,13:07,,13:59
인천연천,광운대천안,,광운대서동탄
13:16,13:11급,14:01,14:05
서동탄광운대,동두천인천,인천양주,양주인천
13:22,13:17,14:05,14:12
인천양주,양주인천,서동탄광운대,광운대서동탄
13:31,13:22,14:16,14:17
인천소요산,광운대병점,인천의정부,동두천인천
13:38,13:26,14:22,14:26
서동탄광운대,의정부인천,신창광운대,양주인천
13:47,13:30,14:26,14:30
인천양주,광운대서동탄,인천소요산,광운대천안
13:52,13:35,14:33,14:36
신창광운대,소요산인천,서동탄광운대,소요산인천
13:59급막,13:47,14:37,14:41
인천동두천,의정부인천,인천양주,광운대서동탄
,13:52,14:43,14:47
,광운대서동탄,인천동두천,광운대천안
,13:57,14:53,14:52
,연천인천,인천양주,의정부인천
14:04,14:05,14:56,
서동탄광운대,양주인천,천안광운대,
14:08,14:09,15:03,15:01
인천연천,광운대서동탄,인천연천,연천인천
14:16,14:14급,15:08,15:05
인천의정부,동두천인천,서동탄광운대,광운대서동탄
14:25,14:24,15:16,15:10
인천소요산,광운대신창,인천의정부,양주인천
14:30,14:28,15:20,15:21
서동탄광운대,양주인천,신창광운대,동두천인천
14:36,14:32,15:24,15:25
인천양주,광운대서동탄,인천소요산,광운대신창
14:42,14:39,15:35,15:29
인천의정부,소요산인천,인천양주,의정부인천
14:52,14:50,15:39,15:33
인천광운대,양주인천,천안광운대,소요산구로
14:56,14:59,15:50,15:37
천안광운대,광운대서동탄,인천의정부,광운대서동탄
15:01,15:04,15:53,15:42
인천연천,연천인천,신창광운대,양주인천
15:10,15:11,,15:52
인천양주,양주인천,,광운대신창
15:13,15:24,,15:57
서동탄광운대,광운대신창,,연천인천
15:19,15:28,16:01,16:01
신창광운대,의정부인천,인천연천,광운대병점
15:26,15:45,16:04,16:04
인천소요산,소요산인천,서동탄광운대,양주인천
15:35,15:48,16:12,16:08
인천양주,광운대천안,인천의정부,광운대서동탄
15:39,15:52,16:17,16:12
신창광운대,의정부인천,신창광운대,동두천인천
15:47,,16:22,16:19
인천의정부,,인천소요산,광운대천안
15:53,,16:27,16:23
천안광운대,,서동탄광운대,양주인천
15:58,,16:30,16:28
인천연천,,인천양주,광운대서동탄
16:13,16:00,16:33,16:32
인천의정부,광운대서동탄,천안광운대,의정부인천
16:16,16:05,16:37,16:37
천안광운대,연천인천,인천의정부,광운대병점
16:20,16:09,16:45,16:41
인천소요산,양주인천,인천동두천,소요산인천
16:27,16:18급막,16:49,16:45
서동탄광운대,동두천인천,신창광운대,광운대천안
16:31,16:25,16:55,16:50
인천의정부,의정부인천,서동탄광운대,동두천구로
16:34,16:29,16:59,
천안광운대,광운대서동탄,인천양주,
16:38,16:34,17:08,17:00
인천동두천,양주인천,인천연천,광운대서동탄
16:46,16:42,17:16,17:04
인천양주,소요산인천,인천의정부,의정부인천
16:50,16:45,17:25,17:12
신창광운대,광운대천안,서동탄광운대,양주서울역
16:56,16:58,17:29,17:16
서동탄광운대,광운대서동탄,구로의정부,광운대서동탄
17:00,17:02,17:33,17:22
인천연천,연천인천,신창광운대,의정부인천
17:08,17:06,17:44,17:26
인천양주,광운대천안,구로동두천,광운대신창
17:12,17:10,17:49,17:36
신창광운대,양주인천,서동탄광운대,소요산인천
17:15,17:18,17:52,17:46
인천의정부,광운대서동탄,인천의정부,의정부인천
17:23,17:24,17:56,17:50
부평소요산,의정부인천,천안광운대,광운대서동탄
17:27,17:27,,17:54
서동탄광운대,광운대신창,,연천인천
17:30,17:31,18:02,18:04
인천양주,양주인천,인천양주,광운대서동탄
17:34,17:41,18:07,18:09
신창광운대,소요산인천,서동탄광운대,양주인천
17:44,17:46,18:16,18:18
부평동두천,광운대천안,인천양주,광운대서동탄
17:52,17:49,18:20,18:22
인천양주,의정부인천,신창광운대,양주인천
17:55,17:57,18:25,18:25
신창광운대,연천인천,인천소요산,광운대천안
18:00,18:02,18:31,18:29
인천연천,광운대신창,서동탄광운대,의정부인천
18:07,18:06,18:40,18:34
인천동두천,의정부인천,인천동두천,소요산인천
18:10,18:15,18:43,18:37
서동탄광운대,양주인천,신창광운대,광운대서동탄
18:14,18:20,18:47,18:42
인천의정부,광운대신창,구로양주,의정부인천
18:19,18:25,18:52,18:51
천안광운대,의정부인천,인천광운대,광운대신창
18:23,18:28,18:56,18:56
인천양주,광운대천안,병점광운대,연천인천
18:33,18:34,19:05,19:03
서동탄광운대,소요산인천,서동탄광운대,광운대서동탄
18:38,18:37,19:09,19:09
인천양주,광운대서동탄,인천의정부,동두천인천
18:41,18:41,19:22,19:13
신창광운대,양주인천,구로소요산,광운대신창
18:47,18:48,19:26,19:16
인천동두천,광운대신창,신창광운대,의정부인천
18:51,18:52,19:29,19:26
병점광운대,연천인천,인천의정부,양주인천
18:55,18:56,19:34,19:30
인천양주,광운대신창,인천양주,광운대천안
19:03,19:00,19:39,19:39
인천연천,양주인천,서동탄광운대,소요산인천
19:06,19:03,19:49,19:43
천안광운대,광운대서동탄,인천양주,광운대신창
19:09,19:07,19:52,19:48
부평동두천,동두천인천,신창광운대,양주인천
19:17,19:15,19:55,19:57
인천의정부,광운대서동탄,인천연천,연천인천
19:25,19:19,20:00,20:02
신창광운대,양주인천,서동탄광운대,동두천인천
19:29,19:23,20:04,20:06막
인천양주,광운대천안,인천광운대,광운대신창
19:33,19:28,20:14,20:11
서동탄광운대,의정부인천,인천동두천,양주인천
19:37,19:37,20:19,20:18
인천소요산,소요산인천,신창광운대,광운대서동탄
19:41,19:43,20:23,20:23
신창광운대,광운대천안,인천소요산,의정부인천
19:52,19:47,20:33,20:28
인천동두천,양주인천,인천양주,광운대천안
19:56,19:51,20:36,20:33
서동탄광운대,광운대서동탄,천안광운대,광운대서동탄
,19:55,20:46,20:37
,연천인천,인천의정부,소요산인천
20:00,20:02,20:50,20:42
인천양주,양주인천,서동탄광운대,의정부구로
20:03,20:07,20:55,20:51
천안광운대,광운대신창,인천동두천,연천인천
20:09,20:13,,20:56
서동탄광운대,동두천인천,,광운대병점
20:13,20:17,21:03,21:00
인천연천,광운대서동탄,인천양주,양주인천
20:19,20:22,21:08,21:10
신창광운대,양주인천,구로연천,동두천인천
20:23,20:27,21:13,21:16
인천의정부,광운대천안,병점광운대,광운대서동탄
20:27,20:31,21:22,21:21
서동탄광운대,의정부인천,인천의정부,양주인천
20:34,20:36,21:26,21:26
인천소요산,광운대서동탄,서동탄광운대,광운대서동탄
20:37,20:42,21:31,21:38
천안광운대,동두천인천,인천소요산,소요산인천
20:46,20:51,21:34,21:43
인천양주,연천인천,천안광운대,광운대서동탄
20:53,20:55,21:40,21:53
인천동두천,광운대서동탄,인천양주,연천인천
20:57,,21:48,21:58막
천안광운대,,인천의정부,광운대천안
21:01,21:00,21:53,
인천양주,동두천인천,신창광운대,
21:04,21:08,21:58,
서동탄광운대,양주인천,인천연천,
21:08,21:14막,22:02,22:02
인천연천,광운대신창,서동탄광운대,양주인천
21:16,21:19,22:07,22:07
인천의정부,동두천인천,인천의정부,광운대병점
21:27,21:23,22:16,22:12
인천소요산,광운대병점,인천소요산,의정부인천
21:32,21:27,22:23,22:19
천안광운대,양주인천,신창광운대,광운대병점
21:44,21:32,22:27,22:23
인천양주,연천구로,인천양주,동두천인천
21:48,21:40,22:36,22:28
신창광운대,의정부인천,인천동두천,양주인천
21:52,21:46,22:51,22:34막
인천의정부,광운대서동탄,병점광운대,광운대서동탄
21:58,21:52,22:56막,22:40
서동탄광운대,소요산인천,인천연천,소요산인천
22:02,22:02,,22:51
인천연천,연천인천,,연천인천
22:07,22:07,,22:57막
서동탄광운대,광운대서동탄,,광운대병점
22:10,22:15,23:01,23:04막
인천양주,동두천인천,천안광운대,의정부인천
22:18,22:19,23:07,23:10
인천소요산,광운대병점,인천의정부,양주구로
22:23,22:29,23:12,23:23
천안광운대,의정부인천,병점광운대,동두천구로
22:29,22:35,23:22막,23:33
인천의정부,광운대서동탄,인천소요산,의정부구로
22:38,22:40,23:26,23:45막
인천동두천,양주서울역,신창광운대,소요산구로
22:48,22:45,23:36,
인천양주,광운대구로,서동탄광운대,
22:52,22:50,23:46막,
서동탄광운대,소요산인천,인천양주,
22:58,22:55막,23:51,
인천의정부,광운대서동탄,서동탄광운대,
23:05,23:02,23:57막,
신창광운대,연천인천,인천의정부,
23:12막,23:10막,0:10,
인천연천,의정부인천,인천광운대,
23:21,23:20,00:22막,
신창광운대,양주구로,인천광운대,
23:28,23:34,,
서동탄광운대,양주구로,,
23:35막,23:42,,
인천소요산,광운대구로,,
23:42막,23:50막,,
인천양주,의정부구로,,
23:48,,,
서동탄광운대,,,
23:55막,,,
인천의정부,,,
0:14,00:08막,,
천안광운대,의정부서울역,,
00:22막,,,
인천광운대,,,
