﻿종각방면,서울역방면,종각방면,서울역방면
평일,평일,주말,주말
05:23첫,05:28첫,05:23첫,05:28첫
구로동두천,광운대인천,구로동두천,광운대인천
5:26,5:35,5:26,05:34첫
서울역의정부,창동인천,서울역의정부,동묘앞서동탄
5:33,05:40첫,5:34,5:40
구로청량리,광운대서동탄,서울역양주,광운대인천
5:37,5:46,05:43첫,5:46
서울역양주,동묘앞인천,구로연천,동묘앞인천
5:43,5:51,5:48,5:52
구로동두천,동묘앞서동탄,구로청량리,광운대서동탄
5:46,5:57,5:52,5:58
서울역의정부,의정부인천,서울역광운대,의정부인천
5:51,,5:57,
부평동두천,,부평소요산,
5:58,,6:10,6:08
구로청량리,,인천양주,광운대서동탄
6:01,6:03,6:15,6:12
서울역광운대,양주인천,병점광운대,양주인천
6:10,6:08,6:21,6:22
인천양주,광운대서동탄,인천동두천,동묘앞인천
6:14,6:12,6:27,6:26
병점광운대,양주인천,병점청량리,광운대병점
06:20급첫,06:16급첫,6:33,6:32
인천동두천,청량리신창,인천연천,동묘앞서동탄
6:23,6:20,6:38,6:36
병점청량리,동묘앞인천,병점청량리,소요산인천
6:27,6:25,6:46,6:41
서울역양주,광운대서동탄,인천양주,광운대병점
6:30,6:29,6:52,6:44
인천동두천,동묘앞인천,서동탄광운대,동묘앞인천
6:34,6:36,6:59,06:49첫
병점광운대,소요산인천,인천소요산,청량리신창
6:38,06:41급첫,,6:54
구로청량리,청량리천안,,양주인천
06:43첫,6:45,,6:58
인천연천,동묘앞인천,,광운대서동탄
6:47,6:50,7:04,7:02
서울역양주,광운대병점,천안청량리,광운대천안
6:50,6:54,7:10,7:08
인천동두천,양주인천,인천양주,연천인천
6:54,06:58첫,7:16,7:12
서동탄광운대,광운대신창,서동탄광운대,청량리천안
6:59,,7:21,7:17
인천소요산,,인천동두천,의정부인천
7:04,7:01,7:26,07:21급첫
천안청량리,동묘앞인천,신창광운대,청량리천안
7:09,7:05,7:31,7:25
인천동두천,광운대서동탄,인천양주,광운대병점
7:13,7:09,7:35,7:29
서동탄광운대,연천인천,서동탄청량리,광운대신창
7:17,7:12,7:39,7:32
인천동두천,청량리천안,인천연천,동두천인천
7:21,7:17,7:43,7:36
병점청량리,의정부인천,천안광운대,동묘앞서동탄
7:26,07:20급,7:48,7:41
신창광운대,청량리천안,인천의정부,양주인천
7:30,7:25,7:53,7:50
인천동두천,광운대병점,병점청량리,소요산인천
7:35,7:29,7:58,07:53급
서동탄청량리,동두천인천,인천양주,청량리천안
7:40,7:32,,7:58
인천연천,광운대신창,,광운대서동탄
7:43,7:37,8:02,8:02
천안광운대,의정부서동탄,서동탄광운대,동두천인천
7:49,7:41,8:06,8:09
인천의정부,양주인천,신창광운대,연천구로
7:53,7:45,8:10,8:13
병점청량리,광운대신창,인천소요산,광운대신창
7:58,7:48,8:14,8:17
인천소요산,동두천인천,병점청량리,동묘앞인천
,07:53급,8:17,08:21급
,청량리천안,인천의정부,청량리천안
,7:58,8:21,8:25
,의정부서동탄,서동탄동묘앞,광운대서동탄
8:02,08:01급첫,8:28,8:30
서동탄광운대,동두천인천,인천동두천,동묘앞인천
8:05,8:04,8:32,8:35
인천양주,청량리서동탄,천안청량리,광운대신창
8:08,8:08,8:36,8:39
신창광운대,연천인천,서동탄광운대,동두천인천
8:11,8:12,8:41,08:43급
인천동두천,광운대신창,인천연천,청량리천안
8:16,8:16,8:45,8:49
서동탄청량리,양주부평,서동탄광운대,광운대서동탄
8:18,08:19급,8:50,8:56
인천의정부,청량리천안,신창청량리,양주구로
8:22,8:22,8:55,8:59
천안광운대,동두천인천,인천양주,청량리천안
08:26급,8:26,9:01,9:03
인천동두천,광운대서동탄,서동탄광운대,소요산인천
8:30,8:29,9:06,9:09
서동탄광운대,동두천구로,천안청량리,광운대서동탄
8:33,8:33,9:09,9:13
인천양주,양주인천,인천소요산,연천인천
8:37,8:36,9:15,9:17
서동탄동묘앞,광운대신창,인천광운대,청량리천안
8:42,8:39,9:19,9:21
인천연천,연천부평,천안광운대,양주인천
8:46,08:42급,09:23급첫,9:26
천안청량리,청량리천안,신창청량리,광운대병점
8:50,8:45,9:26,9:30
인천의정부,동두천인천,인천동두천,동두천인천
8:53,8:48,9:31,09:34급첫
병점광운대,광운대서동탄,서동탄동묘앞,청량리신창
8:58,8:53,9:37,9:41
인천양주,양주인천,천안청량리,광운대서동탄
,8:57,9:42,9:45
,동두천부평,인천연천,양주구로
9:02,9:00,9:48,9:48
서동탄광운대,청량리천안,서동탄광운대,청량리신창
9:06,9:05,9:52,9:54
신창청량리,소요산인천,인천의정부,소요산인천
9:09,9:09,9:56,
인천소요산,광운대서동탄,신창광운대,
9:16,09:13급,10:00급,10:00
인천동묘앞,동두천인천,천안청량리,광운대병점
9:20,9:21,10:05,10:07
신창광운대,광운대신창,인천소요산,의정부인천
09:25급첫,9:26,10:11,10:11
신창청량리,동두천인천,천안광운대,청량리천안
9:28,9:30,10:16,10:16
인천양주,광운대병점,인천양주,연천인천
9:32,9:34,10:22,10:23
서동탄광운대,동두천인천,서동탄광운대,광운대신창
9:36,09:38급,10:26,10:28
인천동묘앞,청량리천안,인천동두천,양주인천
9:43,9:42,10:31,10:31
인천연천,의정부인천,신창청량리,청량리서동탄
9:48,9:47,10:35,10:39
서동탄청량리,광운대서동탄,인천양주,광운대신창
9:52,9:53,10:39,10:43
인천의정부,소요산인천,천안광운대,동두천인천
9:57,9:57,10:42,10:48급
천안광운대,청량리신창,인천연천,청량리천안
10:02급,10:03,10:47,10:52
신창청량리,광운대서동탄,서동탄광운대,광운대인천
10:06,10:08,10:51,10:57
인천소요산,의정부인천,인천의정부,광운대서동탄
10:11,10:12,10:57,
천안광운대,청량리천안,천안광운대,
10:15,10:16,11:01급,11:02
인천양주,연천인천,천안청량리,소요산인천
10:24급,10:26,11:05,11:06
인천동두천,광운대신창,인천광운대,광운대구로
10:28,10:29,11:09,11:11
서동탄청량리,동두천인천,병점광운대,양주인천
10:32,10:35,11:13,11:14급
인천양주,청량리서동탄,신창청량리,청량리천안
10:37,10:39,11:16,11:18
신창광운대,동두천인천,인천양주,광운대신창
10:42,10:44,11:19,11:22
인천연천,양주구로,서동탄광운대,연천인천
10:47,10:47급,11:23급,11:28
서동탄광운대,청량리천안,천안청량리,광운대서동탄
10:53,10:52,11:28,11:31
인천의정부,의정부인천,인천동두천,동두천인천
10:56급,10:58,11:32,11:36
천안청량리,광운대서동탄,천안광운대,광운대신창
11:02,11:02,11:36,11:41
부평소요산,양주서울역,인천양주,의정부인천
11:07,11:07,11:41,11:44급
인천양주,광운대신창,서동탄광운대,청량리천안
11:13,11:12,11:46급,11:48
신창광운대,연천인천,천안청량리,광운대천안
11:17,11:16급,11:51,11:53
구로의정부,청량리신창,인천연천,양주인천
11:22급,11:20,11:57,11:56
신창청량리,청량리서동탄,신창광운대,청량리서동탄
11:25,11:25,12:01,12:01
인천양주,동두천인천,인천소요산,소요산인천
11:29,11:31급,12:06,12:05급
서동탄광운대,동두천인천,서동탄광운대,청량리천안
11:34,11:37,12:10,12:09
천안청량리,광운대병점,인천양주,광운대신창
11:37급,11:41,12:15,12:14
인천동두천,의정부인천,천안광운대,연천인천
11:41,11:44급,12:18,12:18
서동탄광운대,청량리신창,인천의정부,광운대서동탄
11:45,11:49,12:22급,12:22
인천연천,광운대신창,천안청량리,양주인천
11:49급,11:52,12:30,12:27
천안청량리,양주인천,인천동두천,광운대천안
11:54,11:56,12:35,12:30
인천의정부,광운대서동탄,천안광운대,동두천인천
11:58,,12:39,12:35급
천안광운대,,인천양주,청량리천안
12:02,12:01,12:43,12:41
인천소요산,소요산인천,서동탄광운대,의정부인천
12:07,12:04급,12:47,12:45
서동탄광운대,청량리천안,인천연천,광운대신창
12:11,12:10,12:51,12:51
인천양주,연천인천,신창광운대,양주인천
12:15,12:18,12:55급,12:56
신창광운대,청량리서동탄,천안청량리,광운대서동탄
12:18,12:22,13:02,13:00
인천의정부,양주인천,인천소요산,소요산인천
12:24급,12:28,13:07,13:06
신창청량리,광운대천안,천안광운대,광운대신창
12:29급,12:32급,13:13,13:11
인천동두천,동두천인천,인천양주,연천인천
12:33,12:37급,13:18,13:15급
천안광운대,청량리천안,서동탄광운대,청량리천안
12:39,12:43,13:22,13:19
인천양주,의정부인천,인천의정부,광운대서동탄
12:44,12:47,13:26급,13:23
서동탄광운대,광운대천안,천안청량리,양주인천
12:51,12:51,13:32,13:28
인천연천,양주인천,인천동두천,광운대천안
12:56,12:55,13:36,13:32
서동탄광운대,광운대서동탄,신창광운대,동두천인천
13:02,13:00,13:41,13:38급
인천양주,소요산인천,인천양주,청량리천안
13:07,13:06,13:45,13:43
신창청량리,광운대천안,서동탄광운대,광운대병점
13:11,13:11,13:52급,13:47
인천소요산,양주인천,천안청량리,양주인천
13:18,13:15급,13:56,13:50
서동탄광운대,청량리신창,인천의정부,광운대서동탄
13:23급,13:19,,13:55
천안청량리,광운대서동탄,,소요산인천
13:27,13:23,,13:59
인천양주,의정부인천,,광운대신창
13:32,13:27,14:03,14:07
신창광운대,광운대천안,신창광운대,의정부인천
13:39급막,13:30급,14:06,14:10급
인천동두천,동두천인천,인천소요산,청량리천안
13:44,13:36,14:13,14:15
서동탄광운대,양주인천,서동탄광운대,연천인천
13:48,13:42,14:17,14:19
인천연천,광운대병점,인천양주,광운대서동탄
13:52급,13:46,14:23,14:25
천안청량리,의정부인천,인천동두천,양주인천
13:56,13:50,14:27,14:32
인천의정부,광운대서동탄,신창청량리,광운대서동탄
,13:54,14:33,14:36
,소요산인천,인천양주,동두천인천
,13:58,14:37,14:40급
,청량리천안,천안광운대,청량리천안
14:01,14:07,14:44,14:46
신창청량리,의정부인천,인천연천,양주인천
14:05,14:12,14:48,14:50
인천소요산,광운대서동탄,서동탄광운대,광운대천안
14:10,14:16,14:52급,14:56
서동탄광운대,연천인천,천안청량리,소요산인천
14:16,14:21급,14:56,
인천양주,청량리신창,인천의정부,
14:22,14:25,15:00,15:01
인천의정부,양주인천,신창광운대,광운대서동탄
14:27,14:29,15:04,15:07
신창청량리,광운대서동탄,인천소요산,광운대천안
14:32,14:33급,15:10,15:12
인천광운대,동두천인천,서동탄동묘앞,의정부인천
14:37,14:38급,15:15,15:15급
천안광운대,청량리천안,인천양주,청량리신창
14:41,14:44,15:20,15:21
인천연천,광운대신창,천안광운대,연천인천
14:46급,14:48,15:25급,15:25
천안청량리,양주인천,천안청량리,광운대서동탄
14:50,14:52,15:30,15:30
인천양주,광운대서동탄,인천의정부,양주인천
14:54,14:58,15:34,15:35급
서동탄광운대,소요산인천,신창광운대,청량리천안
15:00,15:04,15:41,15:40
신창광운대,청량리천안,인천연천,동두천인천
15:06,15:10,15:44,15:45
인천소요산,양주인천,서동탄광운대,광운대신창
15:11,15:14급,15:48급,15:49
서동탄청량리,청량리천안,천안청량리,의정부인천
15:15,15:19,15:52,15:53
인천양주,광운대서동탄,인천의정부,소요산구로
15:19,15:23,15:57,15:57
신창광운대,연천인천,신창광운대,광운대서동탄
15:24급,15:31,16:02,16:02
신창청량리,양주인천,인천소요산,양주인천
15:27,15:35급,16:07,16:08급
인천의정부,청량리천안,서동탄광운대,청량리천안
15:33,15:44,16:10,16:12
천안광운대,광운대신창,인천양주,광운대신창
15:38,15:48,16:14,16:17
인천연천,의정부인천,천안광운대,연천인천
15:45급,15:57,16:17,16:21
신창청량리,청량리서동탄,인천의정부,광운대병점
15:48,,16:21급,16:24
인천동묘앞,,천안청량리,양주인천
15:53,,16:25,16:28
인천의정부,,인천동두천,광운대서동탄
15:57,,16:29,16:31
천안광운대,,신창광운대,동두천인천
16:00,16:04,16:36,16:34급
인천소요산,소요산인천,서동탄광운대,청량리천안
16:07,16:08,16:39,16:39
서동탄광운대,광운대천안,인천양주,광운대천안
16:11,16:12,16:44급,16:43
인천의정부,의정부인천,천안청량리,양주인천
16:15,16:16급,16:48,16:48
천안광운대,청량리천안,인천연천,광운대서동탄
16:18,16:20,16:52,16:52
인천동두천,광운대서동탄,신창청량리,의정부인천
16:22급,16:24,16:56,16:57
천안청량리,연천인천,인천의정부,광운대병점
16:26,16:29,17:05,17:01
인천양주,양주인천,서동탄광운대,소요산인천
16:30,16:32급,17:10,17:05
신창광운대,청량리신창,구로의정부,광운대천안
16:36,16:37급막,17:13,17:09
서동탄광운대,동두천인천,신창광운대,동두천구로
16:40,16:45,17:17,17:12
인천연천,의정부인천,인천동묘앞,동묘앞인천
16:44급,16:49,17:21급,17:15급
천안청량리,광운대서동탄,천안청량리,청량리신창
16:48,16:54,17:25,17:20
인천양주,양주인천,구로동두천,광운대서동탄
16:52,16:57,17:29,17:23
신창광운대,동묘앞서동탄,서동탄광운대,의정부인천
16:55,,17:32,17:27
인천의정부,,인천의정부,청량리천안
17:00,17:01,17:36,17:32
천안청량리,소요산인천,천안광운대,양주서울역
17:04,17:05,17:42,17:36
부평소요산,광운대천안,인천양주,광운대서동탄
17:07,17:09,17:47,17:42
서동탄광운대,동묘앞인천,서동탄광운대,의정부인천
17:10,17:13급,17:51급,17:46
인천양주,청량리신창,천안청량리,광운대신창
17:14,17:18,17:56,17:51
신창광운대,광운대서동탄,인천양주,청량리천안
17:18,17:21,,17:56
인천동묘앞,연천인천,,소요산인천
17:21급,17:26,18:01,18:06
천안청량리,광운대천안,신창광운대,의정부인천
17:25,17:30,18:05,18:10
부평동두천,양주인천,인천소요산,광운대서동탄
17:29,17:33급,18:11,18:14
서동탄동묘앞,청량리신창,서동탄광운대,연천인천
17:32,17:38,18:15급,18:18
인천양주,광운대서동탄,천안청량리,청량리천안
17:36,17:44,18:20,18:24
신창광운대,의정부인천,인천동두천,광운대서동탄
17:40,17:47,18:24,18:29
인천연천,광운대신창,신창광운대,양주인천
17:43급,17:51,18:28,18:33급
천안청량리,양주인천,구로양주,청량리신창
17:47,17:54,18:32,18:38
인천동두천,청량리서동탄,인천광운대,광운대서동탄
17:51,,18:36,18:42
서동탄광운대,,병점광운대,양주인천
17:54,,18:40,18:45
인천의정부,,인천동묘앞,광운대천안
17:59,,18:45,18:49
천안광운대,,서동탄광운대,의정부인천
18:03,18:00,18:49,18:54
인천양주,소요산인천,인천의정부,소요산인천
18:07급,18:06,18:54급,18:57
천안청량리,광운대천안,천안청량리,광운대서동탄
18:14,18:09,18:58,
서동탄광운대,의정부인천,인천동묘앞,
18:18,18:13,19:03,19:02
인천양주,청량리서동탄,구로소요산,의정부인천
18:22,18:16,19:06,19:05급막
신창광운대,연천인천,신창광운대,청량리신창
18:27,18:22,19:09,19:11
인천동두천,광운대신창,인천의정부,광운대신창
18:31,18:26,19:14,19:16
병점광운대,의정부인천,인천양주,연천인천
18:35,18:30,19:19,19:23
인천양주,청량리서동탄,서동탄광운대,광운대서동탄
18:38급,18:35,19:24급,19:28
천안청량리,양주인천,천안청량리,동두천인천
18:43,18:40,19:29,19:33
인천연천,광운대신창,인천양주,광운대신창
18:47,18:45,19:32,19:36
천안광운대,의정부인천,신창광운대,의정부인천
18:50,18:48,19:36,19:40
부평동두천,광운대천안,인천연천,청량리구로
18:54,18:53,19:40,19:46
서동탄청량리,소요산인천,서동탄광운대,양주인천
18:57,18:57,19:44,19:50
인천의정부,광운대서동탄,인천광운대,광운대천안
19:01,19:01,19:49,19:59
인천동묘앞,양주인천,천안청량리,소요산인천
19:05,19:04급,19:54,
신창광운대,청량리천안,인천동두천,
19:09,19:08,19:59,
인천양주,광운대신창,신창광운대,
19:13,19:11,20:03,20:03
서동탄광운대,연천인천,인천소요산,광운대신창
19:17,19:16,20:07,20:08
인천소요산,광운대신창,서동탄동묘앞,양주인천
19:21,19:20,20:13,20:11
신창광운대,양주인천,인천양주,청량리서동탄
19:25,19:23,20:17,20:17
인천동묘앞,광운대서동탄,천안광운대,연천인천
19:29,19:26,20:22급,20:21
천안청량리,동두천인천,천안청량리,동두천인천
19:32,19:31급,20:26,20:26
인천동두천,청량리천안,인천의정부,광운대신창
19:36,19:35,20:30,20:31
서동탄광운대,광운대서동탄,서동탄광운대,양주인천
19:40,19:39,20:35,20:34
인천양주,양주인천,인천동두천,청량리구로
19:44,19:43,20:39,20:38
천안광운대,광운대천안,신창청량리,광운대서동탄
19:49,19:48,20:43,20:43
서동탄광운대,의정부인천,인천양주,의정부인천
19:53,19:52,20:49,20:48
인천연천,청량리서동탄,구로연천,광운대천안
19:59,19:56,20:53,20:53
신창광운대,소요산인천,병점광운대,광운대서동탄
20:03,20:03,20:58,20:57
인천의정부,광운대천안,신창청량리,소요산인천
20:07,20:07,21:02,21:02
서동탄광운대,양주인천,인천의정부,의정부구로
20:14,20:11,21:06,21:07
인천소요산,광운대서동탄,서동탄광운대,청량리신창
20:18,20:14,21:11,21:11
천안광운대,연천인천,인천소요산,연천인천
20:22급,20:18급막,21:14,21:16
신창청량리,청량리신창,천안광운대,광운대병점
20:26,20:22,21:20,21:20
인천양주,양주인천,인천양주,양주인천
20:33,20:27,21:24급막,21:24막
인천동두천,광운대신창,천안청량리,청량리신창
20:37,20:32,21:28,21:29
천안광운대,동두천인천,인천의정부,동두천인천
20:41,20:37,21:33,21:36
인천양주,광운대서동탄,신창광운대,광운대서동탄
20:44,20:41,21:38,21:41
서동탄광운대,양주인천,인천연천,양주인천
20:48,20:47,21:42,21:46
인천연천,광운대천안,서동탄광운대,광운대서동탄
20:56,20:51,21:47,21:52
인천의정부,의정부인천,인천의정부,청량리천안
,20:56,21:51,21:58
,광운대서동탄,서동탄동묘앞,소요산인천
21:02,21:01,21:56,
서동탄청량리,동두천인천,인천소요산,
21:07,21:07,22:03,22:03
인천소요산,청량리신창,신창광운대,광운대서동탄
21:13,21:11,22:07,22:08
천안광운대,연천인천,인천양주,청량리병점
21:19급,21:15,22:12,22:13
천안청량리,광운대서동탄,서동탄동묘앞,연천인천
21:24,21:20,22:16,22:18막
인천양주,동두천인천,인천동두천,광운대천안
21:28,21:28,22:21,22:22
신창광운대,양주인천,천안청량리,양주인천
21:32,21:34,22:25,22:27
인천의정부,광운대신창,인천동묘앞,광운대병점
21:38,21:38,22:31,22:32
서동탄광운대,동두천인천,병점광운대,의정부인천
21:42,21:43,22:36막,22:39
인천연천,광운대병점,인천연천,광운대병점
21:47,21:47,22:42,22:42
서동탄광운대,양주인천,천안광운대,동두천인천
21:50,21:51,22:47,22:48
인천양주,연천구로,인천의정부,양주인천
21:55급,21:55막,22:52,22:54
신창청량리,청량리신창,병점광운대,광운대서동탄
21:58,,23:02막,23:00
인천소요산,,인천소요산,소요산인천
22:03,22:00,23:06,23:05막
천안광운대,의정부인천,신창광운대,청량리서동탄
22:09,22:06,23:16,23:11
인천의정부,광운대서동탄,서동탄광운대,연천인천
22:14,22:12,23:26막,23:17막
서동탄동묘앞,소요산인천,인천양주,광운대병점
22:18,22:17막,23:31,23:23막
인천동두천,청량리천안,서동탄광운대,의정부인천
22:23급막,22:21,23:37막,23:30
천안청량리,연천인천,인천의정부,양주구로
22:28,22:27,23:50,23:42
인천양주,광운대서동탄,인천광운대,동두천구로
22:32,22:34,,23:53
서동탄광운대,동두천인천,,의정부구로
22:38,22:39,00:02막,00:05막
인천의정부,광운대병점,인천광운대,소요산구로
22:45,22:43,00:15막,
신창광운대,청량리구로,인천동묘앞,
22:52막,22:49,,
인천연천,의정부인천,,
,22:55,,
,광운대서동탄,,
23:01,23:00,,
신창광운대,양주서울역,,
23:08,23:05,,
서동탄광운대,광운대구로,,
23:15막,23:10,,
인천소요산,소요산인천,,
23:22막,23:15막,,
인천양주,광운대서동탄,,
23:29,23:21,,
서동탄광운대,연천인천,,
23:35막,23:25,,
인천의정부,청량리구로,,
23:44,23:30막,,
서동탄동묘앞,의정부인천,,
23:55,23:40,,
천안광운대,양주구로,,
,23:54,,
,양주구로,,
00:02막,0:02,,
인천광운대,광운대구로,,
00:12막,00:10막,,
서동탄청량리,의정부구로,,
0:24,0:28,,
인천동묘앞,의정부서울역,,
00:50막,00:58막,,
서울역동묘앞,청량리서울역,,
