﻿시청방면,남영방면,시청방면,남영방면
평일,평일,주말,주말
05:20첫,05:20첫,05:20첫,05:20첫
구로동두천,서울역서동탄,구로동두천,서울역서동탄
5:24,05:30첫,5:24,05:30첫
서울역의정부,광운대인천,서울역의정부,광운대인천
5:30,5:37,5:32,5:37
구로청량리,창동인천,서울역양주,동묘앞서동탄
5:35,5:42,05:40첫,5:42
서울역양주,광운대서동탄,구로연천,광운대인천
5:40,5:49,5:45,5:49
구로동두천,동묘앞인천,구로청량리,동묘앞인천
5:44,5:54,5:50,5:54
서울역의정부,동묘앞서동탄,서울역광운대,광운대서동탄
5:48,5:59,5:54,
부평동두천,의정부인천,부평소요산,
5:55,,6:08,6:00
구로청량리,,인천양주,의정부인천
5:59,,6:13,6:10
서울역광운대,,병점광운대,광운대서동탄
6:08,6:05,6:19,6:14
인천양주,양주인천,인천동두천,양주인천
6:12,6:10,6:25,6:25
병점광운대,광운대서동탄,병점청량리,동묘앞인천
06:18급첫,6:14,6:31,6:28
인천동두천,양주인천,인천연천,광운대병점
6:21,06:19급첫,6:36,6:35
병점청량리,청량리신창,병점청량리,동묘앞서동탄
6:25,6:23,6:44,6:38
서울역양주,동묘앞인천,인천양주,소요산인천
6:28,6:27,6:50,6:43
인천동두천,광운대서동탄,서동탄광운대,광운대병점
6:32,6:32,6:57,6:47
병점광운대,동묘앞인천,인천소요산,동묘앞인천
6:35,6:38,,06:52첫
구로청량리,소요산인천,,청량리신창
06:41첫,06:44급첫,,6:56
인천연천,청량리천안,,양주인천
6:45,6:48,7:01,7:00
서울역양주,동묘앞인천,천안청량리,광운대서동탄
6:48,6:52,7:08,7:04
인천동두천,광운대병점,인천양주,광운대천안
6:52,6:56,7:14,7:10
서동탄광운대,양주인천,서동탄광운대,연천인천
6:57,,7:19,7:15
인천소요산,,인천동두천,청량리천안
7:01,07:00첫,7:24,7:19
천안청량리,광운대신창,신창광운대,의정부인천
7:07,7:04,7:29,07:24급첫
인천동두천,동묘앞인천,인천양주,청량리천안
7:11,7:07,7:33,7:27
서동탄광운대,광운대서동탄,서동탄청량리,광운대병점
7:15,7:11,7:37,7:31
인천동두천,연천인천,인천연천,광운대신창
7:19,7:15,7:40,7:35
병점청량리,청량리천안,천안광운대,동두천인천
7:24,7:19,7:46,7:39
신창광운대,의정부인천,인천의정부,동묘앞서동탄
7:28,07:23급,7:51,7:43
인천동두천,청량리천안,병점청량리,양주인천
7:33,7:27,7:56,7:52
서동탄청량리,광운대병점,인천양주,소요산인천
7:38,7:31,,07:56급
인천연천,동두천인천,,청량리천안
7:41,7:34,8:00,8:00
천안광운대,광운대신창,서동탄광운대,광운대서동탄
7:47,7:39,8:04,8:05
인천의정부,의정부서동탄,신창광운대,동두천인천
7:51,7:43,8:08,8:11
병점청량리,양주인천,인천소요산,연천구로
7:56,7:47,8:12,8:15
인천소요산,광운대신창,병점청량리,광운대신창
7:59,7:51,8:15,8:20
서동탄광운대,동두천인천,인천의정부,동묘앞인천
,07:56급,8:19,08:24급
,청량리천안,서동탄동묘앞,청량리천안
8:03,8:00,8:26,8:27
인천양주,의정부서동탄,인천동두천,광운대서동탄
8:06,08:04급첫,8:29,8:33
신창광운대,동두천인천,천안청량리,동묘앞인천
8:09,8:07,8:34,8:37
인천동두천,청량리서동탄,서동탄광운대,광운대신창
8:13,8:10,8:39,8:42
서동탄청량리,연천인천,인천연천,동두천인천
8:16,8:14,8:43,08:46급
인천의정부,광운대신창,서동탄광운대,청량리천안
8:19,8:18,8:48,8:51
천안광운대,양주부평,신창청량리,광운대서동탄
08:24급,08:22급,8:53,8:58
인천동두천,청량리천안,인천양주,양주구로
8:28,8:25,8:59,
서동탄광운대,동두천인천,서동탄광운대,
8:31,8:28,9:03,9:02
인천양주,광운대서동탄,천안청량리,청량리천안
8:35,8:32,9:07,9:05
서동탄동묘앞,동두천구로,인천소요산,소요산인천
8:40,8:35,9:13,9:11
인천연천,양주인천,인천광운대,광운대서동탄
8:43,8:38,9:16,9:15
천안청량리,광운대신창,천안광운대,연천인천
8:48,8:41,09:20급첫,9:20
인천의정부,연천부평,신창청량리,청량리천안
8:51,08:45급,9:24,9:23
병점광운대,청량리천안,인천동두천,양주인천
8:56,8:48,9:29,9:28
인천양주,동두천인천,서동탄동묘앞,광운대병점
,8:50,9:35,9:33
,광운대서동탄,천안청량리,동두천인천
,8:55,9:40,09:37급첫
,양주인천,인천연천,청량리신창
9:00,9:00,9:46,9:43
서동탄광운대,동두천부평,서동탄광운대,광운대서동탄
9:04,9:03,9:50,9:47
신창청량리,청량리천안,인천의정부,양주구로
9:07,9:07,9:54,9:51
인천소요산,소요산인천,신창광운대,청량리신창
9:14,9:11,09:58급,9:56
인천동묘앞,광운대서동탄,천안청량리,소요산인천
9:18,09:16급,10:03,10:02
신창광운대,동두천인천,인천소요산,광운대병점
09:22급첫,9:23,10:08,10:09
신창청량리,광운대신창,천안광운대,의정부인천
9:26,9:29,10:14,10:14
인천양주,동두천인천,인천양주,청량리천안
9:30,9:32,10:20,10:18
서동탄광운대,광운대병점,서동탄광운대,연천인천
9:34,9:37,10:24,10:25
인천동묘앞,동두천인천,인천동두천,광운대신창
9:41,09:41급,10:29,10:30
인천연천,청량리천안,신창청량리,양주인천
9:46,9:44,10:33,10:34
서동탄청량리,의정부인천,인천양주,청량리서동탄
9:50,9:49,10:36,10:41
인천의정부,광운대서동탄,천안광운대,광운대신창
9:54,9:56,10:40,10:46
천안광운대,소요산인천,인천연천,동두천인천
10:00급,10:00,10:45,10:51급
신창청량리,청량리신창,서동탄광운대,청량리천안
10:04,10:05,10:49,10:54
인천소요산,광운대서동탄,인천의정부,광운대인천
10:08,10:10,10:54,10:59
천안광운대,의정부인천,천안광운대,광운대서동탄
10:13,10:15,10:59급,
인천양주,청량리천안,천안청량리,
10:22급,10:19,11:03,11:04
인천동두천,연천인천,인천광운대,소요산인천
10:26,10:28,11:07,11:08
서동탄청량리,광운대신창,병점광운대,광운대구로
10:30,10:32,11:11,11:13
인천양주,동두천인천,신창청량리,양주인천
10:35,10:38,11:14,11:17급
신창광운대,청량리서동탄,인천양주,청량리천안
10:40,10:42,11:17,11:20
인천연천,동두천인천,서동탄광운대,광운대신창
10:45,10:46,11:21급,11:24
서동탄광운대,양주구로,천안청량리,연천인천
10:51,10:50급,11:26,11:30
인천의정부,청량리천안,인천동두천,광운대서동탄
10:54급,10:54,11:29,11:34
천안청량리,의정부인천,천안광운대,동두천인천
10:59,,11:34,11:38
부평소요산,,인천양주,광운대신창
11:05,11:00,11:39,11:43
인천양주,광운대서동탄,서동탄광운대,의정부인천
11:11,11:09,11:44급,11:47급
신창광운대,광운대신창,천안청량리,청량리천안
11:14,11:15,11:49,11:50
구로의정부,연천인천,인천연천,광운대천안
11:19급,11:19급,11:55,11:55
신창청량리,청량리신창,신창광운대,양주인천
11:23,11:23,11:59,11:59
인천양주,청량리서동탄,인천소요산,청량리서동탄
11:27,11:28,12:04,12:03
서동탄광운대,동두천인천,서동탄광운대,소요산인천
11:31,11:34급,12:08,12:08급
천안청량리,동두천인천,인천양주,청량리천안
11:35급,11:39,12:12,12:11
인천동두천,광운대병점,천안광운대,광운대신창
11:39,11:43,12:16,12:16
서동탄광운대,의정부인천,인천의정부,연천인천
11:43,11:47급,12:20급,12:20
인천연천,청량리신창,천안청량리,광운대서동탄
11:47급,11:51,12:28,12:24
천안청량리,광운대신창,인천동두천,양주인천
11:52,11:54,12:32,12:29
인천의정부,양주인천,천안광운대,광운대천안
11:56,11:58,12:37,12:33
천안광운대,광운대서동탄,인천양주,동두천인천
12:00,12:04,12:41,12:38급
인천소요산,소요산인천,서동탄광운대,청량리천안
12:05,12:07급,12:45,12:43
서동탄광운대,청량리천안,인천연천,의정부인천
12:09,12:13,12:48,12:47
인천양주,연천인천,신창광운대,광운대신창
12:13,12:21,12:53급,12:53
신창광운대,청량리서동탄,천안청량리,양주인천
12:16,12:24,,12:58
인천의정부,양주인천,,광운대서동탄
12:22급,12:30,13:00,13:02
신창청량리,광운대천안,인천소요산,소요산인천
12:27급,12:35급,13:04,13:08
인천동두천,동두천인천,천안광운대,광운대신창
12:31,12:40급,13:11,13:13
천안광운대,청량리천안,인천양주,연천인천
12:37,12:45,13:16,13:18급
인천양주,의정부인천,서동탄광운대,청량리천안
12:42,12:49,13:20,13:21
서동탄광운대,광운대천안,인천의정부,광운대서동탄
12:49,12:53,13:24급,13:25
인천연천,양주인천,천안청량리,양주인천
12:54,12:57,13:30,13:30
서동탄광운대,광운대서동탄,인천동두천,광운대천안
13:00,13:03,13:33,13:35
인천양주,소요산인천,신창광운대,동두천인천
13:05,13:08,13:39,13:41급
신창청량리,광운대천안,인천양주,청량리천안
13:09,13:13,13:43,13:45
인천소요산,양주인천,서동탄광운대,광운대병점
13:16,13:18급,13:50급,13:49
서동탄광운대,청량리신창,천안청량리,양주인천
13:21급,13:21,13:54,13:52
천안청량리,광운대서동탄,인천의정부,광운대서동탄
13:25,13:25,,13:57
인천양주,의정부인천,,소요산인천
13:30,13:29,14:00,14:01
신창광운대,광운대천안,신창광운대,광운대신창
13:37급막,13:33급,14:04,14:09
인천동두천,동두천인천,인천소요산,의정부인천
13:42,13:39,14:11,14:13급
서동탄광운대,양주인천,서동탄광운대,청량리천안
13:46,13:44,14:15,14:17
인천연천,광운대병점,인천양주,연천인천
13:50급,13:48,14:21,14:21
천안청량리,의정부인천,인천동두천,광운대서동탄
13:54,13:52,14:25,14:27
인천의정부,광운대서동탄,신창청량리,양주인천
13:59,13:57,14:31,14:34
신창청량리,소요산인천,인천양주,광운대서동탄
14:03,14:01,14:34,14:39
인천소요산,청량리천안,천안광운대,동두천인천
14:08,14:09,14:41,14:43급
서동탄광운대,의정부인천,인천연천,청량리천안
14:14,14:14,14:46,14:48
인천양주,광운대서동탄,서동탄광운대,양주인천
14:20,14:19,14:50급,14:52
인천의정부,연천인천,천안청량리,광운대천안
14:25,14:24급,14:54,14:58
신창청량리,청량리신창,인천의정부,소요산인천
14:30,14:27,14:58,
인천광운대,양주인천,신창광운대,
14:34,14:31,15:02,15:03
천안광운대,광운대서동탄,인천소요산,광운대서동탄
14:39,14:36급,15:08,15:09
인천연천,동두천인천,서동탄동묘앞,광운대천안
14:43급,14:41급,15:13,15:14
천안청량리,청량리천안,인천양주,의정부인천
14:48,14:46,15:17,15:18급
인천양주,광운대신창,천안광운대,청량리신창
14:51,14:50,15:23급,15:23
서동탄광운대,양주인천,천안청량리,연천인천
14:57,14:54,15:28,15:27
신창광운대,광운대서동탄,인천의정부,광운대서동탄
15:04,15:01,15:31,15:32
인천소요산,소요산인천,신창광운대,양주인천
15:09,15:07,15:39,15:38급
서동탄청량리,청량리천안,인천연천,청량리천안
15:13,15:12,15:42,15:43
인천양주,양주인천,서동탄광운대,동두천인천
15:17,15:17급,15:46급,15:47
신창광운대,청량리천안,천안청량리,광운대신창
15:22급,15:21,15:50,15:51
신창청량리,광운대서동탄,인천의정부,의정부인천
15:25,15:26,15:55,15:55
인천의정부,연천인천,신창광운대,소요산구로
15:31,15:33,,15:59
천안광운대,양주인천,,광운대서동탄
15:36,15:38급,16:00,16:04
인천연천,청량리천안,인천소요산,양주인천
15:42급,15:46,16:05,16:11급
신창청량리,광운대신창,서동탄광운대,청량리천안
15:46,15:50,16:08,16:14
인천동묘앞,의정부인천,인천양주,광운대신창
15:51,,16:11,16:19
인천의정부,,천안광운대,연천인천
15:54,,16:15,16:23
천안광운대,,인천의정부,광운대병점
15:58,,16:19급,16:26
인천소요산,,천안청량리,양주인천
16:05,16:00,16:23,16:30
서동탄광운대,청량리서동탄,인천동두천,광운대서동탄
16:09,16:07,16:27,16:34
인천의정부,소요산인천,신창광운대,동두천인천
16:12,16:10,16:33,16:37급
천안광운대,광운대천안,서동탄광운대,청량리천안
16:16,16:14,16:37,16:41
인천동두천,의정부인천,인천양주,광운대천안
16:20급,16:19급,16:42급,16:45
천안청량리,청량리천안,천안청량리,양주인천
16:24,16:22,16:46,16:50
인천양주,광운대서동탄,인천연천,광운대서동탄
16:28,16:27,16:50,16:54
신창광운대,연천인천,신창청량리,의정부인천
16:34,16:31,16:54,16:59
서동탄광운대,양주인천,인천의정부,광운대병점
16:38,16:35급,17:03,17:03
인천연천,청량리신창,서동탄광운대,소요산인천
16:42급,16:40급막,17:07,17:07
천안청량리,동두천인천,구로의정부,광운대천안
16:46,16:47,17:11,17:12
인천양주,의정부인천,신창광운대,동두천구로
16:50,16:51,17:15,17:15
신창광운대,광운대서동탄,인천동묘앞,동묘앞인천
16:53,16:56,17:19급,17:18급
인천의정부,양주인천,천안청량리,청량리신창
16:58,,17:22,17:22
천안청량리,,구로동두천,광운대서동탄
17:01,17:00,17:27,17:26
부평소요산,동묘앞서동탄,서동탄광운대,의정부인천
17:05,17:04,17:30,17:30
서동탄광운대,소요산인천,인천의정부,청량리천안
17:08,17:07,17:34,17:38
인천양주,광운대천안,천안광운대,광운대서동탄
17:12,17:12,17:40,17:44
신창광운대,동묘앞인천,인천양주,의정부인천
17:16,17:16급,17:45,17:48
인천동묘앞,청량리신창,서동탄광운대,광운대신창
17:19급,17:20,17:48급,17:54
천안청량리,광운대서동탄,천안청량리,청량리천안
17:22,17:24,17:54,17:58
부평동두천,연천인천,인천양주,소요산인천
17:26,17:28,17:58,
서동탄동묘앞,광운대천안,신창광운대,
17:30,17:32,18:03,18:08
인천양주,양주인천,인천소요산,의정부인천
17:33,17:36급,18:09,18:12
신창광운대,청량리신창,서동탄광운대,광운대서동탄
17:38,17:40,18:13급,18:16
인천연천,광운대서동탄,천안청량리,연천인천
17:41급,17:46,18:18,18:21
천안청량리,의정부인천,인천동두천,청량리천안
17:45,17:49,18:21,18:26
인천동두천,광운대신창,신창광운대,광운대서동탄
17:48,17:53,18:25,18:31
서동탄광운대,양주인천,구로양주,양주인천
17:52,17:57,18:30,18:36급
인천의정부,청량리서동탄,인천광운대,청량리신창
17:57,,18:34,18:40
천안광운대,,병점광운대,광운대서동탄
18:01,18:03,18:38,18:44
인천양주,소요산인천,인천동묘앞,양주인천
18:04급,18:08,18:43,18:47
천안청량리,광운대천안,서동탄광운대,광운대천안
18:11,18:11,18:47,18:51
서동탄광운대,의정부인천,인천의정부,의정부인천
18:16,18:16,18:52급,18:56
인천양주,청량리서동탄,천안청량리,소요산인천
18:19,18:19,18:56,18:59
신창광운대,연천인천,인천동묘앞,광운대서동탄
18:25,18:24,19:00,19:04
인천동두천,광운대신창,구로소요산,의정부인천
18:29,18:26급,19:04,19:08급막
병점광운대,서울역천안,신창광운대,청량리신창
18:33,18:28,19:07,19:13
인천양주,의정부인천,인천의정부,광운대신창
18:36급,18:33,19:12,19:18
천안청량리,청량리서동탄,인천양주,연천인천
18:41,18:37,19:17,19:25
인천연천,양주인천,서동탄광운대,광운대서동탄
18:44,18:42,19:22급,19:31
천안광운대,광운대신창,천안청량리,동두천인천
18:47,18:47,19:27,19:35
부평동두천,의정부인천,인천양주,광운대신창
18:52,18:50,19:30,19:38
서동탄청량리,광운대천안,신창광운대,의정부인천
18:55,18:56,19:33,19:43
인천의정부,소요산인천,인천연천,청량리구로
18:59,18:59,19:38,19:48
인천동묘앞,광운대서동탄,서동탄광운대,양주인천
19:03,19:03,19:42,19:52
신창광운대,양주인천,인천광운대,광운대천안
19:07,19:07급,19:46,
인천양주,청량리천안,천안청량리,
19:11,19:10,19:52,
서동탄광운대,광운대신창,인천동두천,
19:15,19:14,19:57,
인천소요산,연천인천,신창광운대,
19:19,19:18,20:01,20:01
신창광운대,광운대신창,인천소요산,소요산인천
19:23,19:22,20:05,20:05
인천동묘앞,양주인천,서동탄동묘앞,광운대신창
19:26,19:25,20:11,20:10
천안청량리,광운대서동탄,인천양주,양주인천
19:30,19:29,20:14,20:14
인천동두천,동두천인천,천안광운대,청량리서동탄
19:34,19:34급,20:20급,20:19
서동탄광운대,청량리천안,천안청량리,연천인천
19:38,19:37,20:24,20:24
인천양주,광운대서동탄,인천의정부,동두천인천
19:41,19:41,20:28,20:28
천안광운대,양주인천,서동탄광운대,광운대신창
19:47,19:45,20:33,20:33
서동탄광운대,광운대천안,인천동두천,양주인천
19:51,19:50,20:36,20:37
인천연천,의정부인천,신창청량리,청량리구로
19:57,19:55,20:41,20:40
신창광운대,청량리서동탄,인천양주,광운대서동탄
,19:59,20:46,20:45
,소요산인천,구로연천,의정부인천
20:01,20:05,20:51,20:50
인천의정부,광운대천안,병점광운대,광운대천안
20:05,20:09,20:56,20:55
서동탄광운대,양주인천,신창청량리,광운대서동탄
20:12,20:13,,20:59
인천소요산,광운대서동탄,,소요산인천
20:15,20:17,21:00,21:04
천안광운대,연천인천,인천의정부,의정부구로
20:19급,20:21급막,21:04,21:10
신창청량리,청량리신창,서동탄광운대,청량리신창
20:24,20:24,21:09,21:13
인천양주,양주인천,인천소요산,연천인천
20:31,20:29,21:12,21:18
인천동두천,광운대신창,천안광운대,광운대병점
20:35,20:35,21:18,21:22
천안광운대,동두천인천,인천양주,양주인천
20:39,20:39,21:22급막,21:27막
인천양주,광운대서동탄,천안청량리,청량리신창
20:42,20:44,21:26,21:32
서동탄광운대,양주인천,인천의정부,동두천인천
20:46,20:49,21:31,21:38
인천연천,광운대천안,신창광운대,광운대서동탄
20:54,20:53,21:36,21:43
인천의정부,의정부인천,인천연천,양주인천
,20:58,21:40,21:48
,광운대서동탄,서동탄광운대,광운대서동탄
21:00,21:04,21:45,21:55
서동탄청량리,동두천인천,인천의정부,청량리천안
21:05,21:10,21:49,
인천소요산,청량리신창,서동탄동묘앞,
21:10,21:13,21:54,
천안광운대,연천인천,인천소요산,
21:17급,21:17,22:01,22:00
천안청량리,광운대서동탄,신창광운대,소요산인천
21:22,21:22,22:05,22:05
인천양주,동두천인천,인천양주,광운대서동탄
21:26,21:30,22:10,22:11
신창광운대,양주인천,서동탄동묘앞,청량리병점
21:30,21:36,22:14,22:15
인천의정부,광운대신창,인천동두천,연천인천
21:36,21:41,22:18,22:20막
서동탄광운대,동두천인천,천안청량리,광운대천안
21:40,21:45,22:23,22:24
인천연천,광운대병점,인천동묘앞,양주인천
21:45,21:49,22:29,22:29
서동탄광운대,양주인천,병점광운대,광운대병점
21:48,21:54,22:34막,22:34
인천양주,연천구로,인천연천,의정부인천
21:52급,21:58막,22:39,22:41
신창청량리,청량리신창,천안광운대,광운대병점
21:56,,22:45,22:45
인천소요산,,인천의정부,동두천인천
22:01,22:02,22:50,22:50
천안광운대,의정부인천,병점광운대,양주인천
22:07,22:08,,22:56
인천의정부,광운대서동탄,,광운대서동탄
22:12,22:14,23:00막,23:02
서동탄동묘앞,소요산인천,인천소요산,소요산인천
22:16,22:20막,23:04,23:08막
인천동두천,청량리천안,신창광운대,청량리서동탄
22:21급막,22:24,23:14,23:13
천안청량리,연천인천,서동탄광운대,연천인천
22:26,22:29,23:24막,23:19막
인천양주,광운대서동탄,인천양주,광운대병점
22:30,22:37,23:29,23:26막
서동탄광운대,동두천인천,서동탄광운대,의정부인천
22:36,22:41,23:35막,23:32
인천의정부,광운대병점,인천의정부,양주구로
22:43,22:46,23:48,23:45
신창광운대,청량리구로,인천광운대,동두천구로
22:50막,22:51,,23:55
인천연천,의정부인천,,의정부구로
22:59,22:57,00:00막,00:07막
신창광운대,광운대서동탄,인천광운대,소요산구로
23:06,23:07,00:13막,
서동탄광운대,광운대구로,인천동묘앞,
23:13막,23:12,,
인천소요산,소요산인천,,
23:20막,23:17막,,
인천양주,광운대서동탄,,
23:26,23:24,,
서동탄광운대,연천인천,,
23:33막,23:28,,
인천의정부,청량리구로,,
23:42,23:32막,,
서동탄동묘앞,의정부인천,,
23:52,23:42,,
천안광운대,양주구로,,
,23:56,,
,양주구로,,
00:00막,0:04,,
인천광운대,광운대구로,,
00:10막,00:12막,,
서동탄청량리,의정부구로,,
0:22,,,
인천동묘앞,,,
00:48막,,,
서울역동묘앞,,,
