﻿구로방면,독산방면,구로방면,독산방면
평일,평일,주말,주말
05:46첫,05:04첫,05:47첫,05:04첫
병점광운대,구로천안,병점광운대,구로천안
5:55,05:22첫,5:59,05:21첫
병점청량리,구로신창,병점청량리,구로신창
,5:36,,5:36
,구로천안,,구로천안
,05:41첫,,05:41첫
,영등포광명,,영등포광명
,05:45첫,,05:45첫
,서울역서동탄,,서울역서동탄
,5:51,,5:52
,구로신창,,구로신창
6:06,6:00,6:10,6:02
병점광운대,구로서동탄,병점청량리,동묘앞서동탄
6:26,6:08,6:24,6:11
서동탄광운대,광운대서동탄,서동탄광운대,구로서동탄
6:36,6:19,6:36,6:20
천안청량리,동묘앞서동탄,천안청량리,광운대서동탄
6:40,6:25,6:40,6:25
광명영등포,구로천안,광명영등포,구로신창
6:45,6:31,6:48,6:31
서동탄광운대,영등포광명,서동탄광운대,영등포광명
6:53,6:36,6:58,6:36
병점청량리,광운대서동탄,신창광운대,광운대서동탄
6:58,06:44급첫,,6:45
신창광운대,청량리신창,,구로천안
,6:47,,6:54
,구로신창,,광운대병점
,6:53,7:07,7:00
,광운대서동탄,서동탄청량리,동묘앞서동탄
7:07,7:00,7:15,7:09
서동탄청량리,구로서동탄,천안광운대,광운대병점
7:15,07:09급첫,7:25,7:17
천안광운대,청량리천안,병점청량리,청량리신창
7:25,7:13,7:34,7:22
병점청량리,구로천안,서동탄광운대,영등포광명
7:34,7:18,7:38,7:26
서동탄광운대,광운대병점,신창광운대,광운대서동탄
7:40,7:22,7:46,7:30
신창광운대,영등포광명,병점청량리,광운대천안
7:48,7:26,7:53,7:40
서동탄청량리,광운대신창,서동탄동묘앞,청량리천안
7:54,7:32,7:57,07:49급첫
천안광운대,광운대서동탄,광명영등포,청량리천안
7:57,7:40,,7:53
광명영등포,청량리천안,,광운대병점
,07:48급,,7:57
,청량리천안,,광운대신창
,7:53,8:04,8:04
,광운대병점,천안청량리,동묘앞서동탄
8:02,8:00,8:08,8:11
서동탄광운대,광운대신창,서동탄광운대,구로천안
8:10,8:05,8:17,08:21급
서동탄동묘앞,의정부서동탄,서동탄광운대,청량리천안
8:18,8:13,8:22,8:26
천안청량리,광운대신창,신창청량리,광운대서동탄
8:25,08:21급,8:29,8:37
병점광운대,청량리천안,광명영등포,영등포광명
8:29,8:26,8:33,8:41
광명영등포,의정부서동탄,서동탄광운대,광운대신창
8:34,8:32,8:38,08:49급
서동탄광운대,청량리서동탄,천안청량리,청량리천안
8:38,8:37,8:51,8:53
신창청량리,영등포광명,천안광운대,광운대서동탄
8:46,8:41,08:55급첫,
서동탄구로,광운대신창,신창청량리,
8:52,08:48급,9:03,9:03
신창광운대,청량리천안,서동탄동묘앞,광운대신창
08:57급첫,8:54,9:09,09:11급
신창청량리,광운대서동탄,천안청량리,청량리천안
9:04,9:04,9:20,9:17
서동탄광운대,광운대신창,서동탄광운대,광운대서동탄
9:10,09:11급,9:28,9:21
천안구로,청량리천안,신창광운대,영등포광명
9:21,9:16,09:32급,9:27
서동탄청량리,광운대서동탄,천안청량리,청량리천안
9:29,9:21,9:43,9:37
천안광운대,영등포광명,천안광운대,광운대서동탄
09:34급,9:28,9:49,9:45
신창청량리,청량리천안,광명영등포,청량리천안
9:43,9:37,9:54,9:54
천안광운대,광운대서동탄,서동탄광운대,광운대병점
9:49,9:49,10:03,10:02급첫
광명영등포,광운대신창,신창청량리,청량리신창
9:53,9:58,10:11,10:09
천안구로,광운대병점,천안광운대,광운대서동탄
10:00,10:06급,10:19,10:16
서동탄청량리,청량리천안,서동탄광운대,청량리신창
10:09,10:15,10:23,10:20
신창광운대,광운대서동탄,광명영등포,영등포광명
10:19,10:20,10:29,10:28
서동탄광운대,영등포광명,천안광운대,광운대병점
10:23,10:25,10:33급,10:39
광명영등포,청량리신창,천안청량리,청량리천안
10:28급,10:31,10:41,10:51
천안청량리,광운대서동탄,병점광운대,광운대신창
10:36,10:40,10:45,10:59
서동탄구로,청량리천안,신창청량리,청량리서동탄
10:45,10:47,10:51,
신창광운대,구로병점,서동탄광운대,
10:54급,10:54,10:55급,
신창청량리,광운대신창,천안청량리,
11:01,11:03,11:04,11:07
서동탄광운대,청량리서동탄,천안광운대,광운대신창
11:06,11:11,11:13,11:11
천안청량리,영등포광명,서동탄광운대,영등포광명
11:13,11:15급,11:18급,11:16급
서동탄광운대,청량리천안,천안청량리,청량리천안
11:21급,11:19,11:25,11:25
천안청량리,구로천안,광명영등포,광운대서동탄
11:25,11:26,11:29,11:42급
광명영등포,광운대서동탄,신창광운대,청량리천안
11:30,11:35,11:38,11:46
천안광운대,광운대신창,서동탄광운대,광운대신창
11:39,11:44급,11:47,11:55
서동탄광운대,청량리신창,천안광운대,광운대서동탄
11:47,11:48,11:54급,
신창광운대,청량리서동탄,천안청량리,
11:56급,11:55,12:00,12:01
신창청량리,구로천안,광명영등포,영등포광명
12:00,12:01,12:07,12:04
광명영등포,영등포광명,천안광운대,광운대신창
12:05,12:05,12:15,12:12급
천안광운대,광운대병점,서동탄광운대,청량리천안
12:16,12:12급,12:23,12:16
서동탄광운대,청량리신창,신창광운대,광운대천안
12:28,12:17,12:27급,12:24
서동탄광운대,광운대신창,천안청량리,청량리서동탄
12:33급첫,12:24,12:38,12:33급
천안구로,광운대서동탄,천안광운대,청량리천안
12:39,12:32급,12:50,12:37
신창청량리,청량리천안,서동탄광운대,광운대신창
12:51,12:36,12:58급,12:41
서동탄광운대,구로신창,천안청량리,영등포광명
12:55급,12:41,,12:46
천안청량리,영등포광명,,광운대서동탄
,12:46,,12:55
,청량리서동탄,,광운대천안
,12:56,13:06,13:03급
,광운대천안,신창광운대,청량리천안
13:03,13:05급,13:10,13:13
신창광운대,청량리천안,광명영등포,광운대신창
13:10,13:15,13:17,13:24
광명영등포,광운대천안,서동탄광운대,광운대서동탄
13:16,13:23,13:24급,13:34
서동탄광운대,광운대서동탄,천안청량리,광운대신창
13:24급,13:34,13:35,13:43급
천안청량리,광운대천안,신창광운대,청량리천안
13:32,13:43급,13:45,13:47
신창청량리,청량리신창,서동탄광운대,광운대서동탄
13:42,13:47,13:49,13:52
서동탄광운대,광운대서동탄,광명영등포,영등포광명
13:49,13:52,13:59,13:56
광명영등포,영등포광명,신창청량리,광운대천안
13:58,13:56,14:09,14:06급
신창청량리,광운대천안,천안광운대,청량리천안
14:09,14:04급,14:20,14:11
천안광운대,구로천안,서동탄광운대,광운대병점
14:18급,14:10,14:24급,14:18
천안청량리,광운대병점,천안청량리,광운대서동탄
14:26,14:18,14:32,14:27
서동탄광운대,광운대서동탄,신창광운대,광운대신창
14:32,14:26,14:38,14:31
신창광운대,청량리천안,광명영등포,영등포광명
14:38,14:31,14:42,14:38급
광명영등포,영등포광명,서동탄동묘앞,청량리천안
14:43,14:40,14:52,14:47
서동탄청량리,광운대서동탄,천안광운대,광운대서동탄
14:51,14:49급,14:57급,
신창광운대,청량리신창,천안청량리,
14:56급,14:57,15:06,15:00
신창청량리,광운대서동탄,신창광운대,광운대서동탄
15:05,15:06급,15:16,15:08급
천안광운대,청량리천안,서동탄광운대,청량리천안
15:13,15:12,15:20급,15:18
서동탄구로,광운대신창,천안청량리,광운대천안
15:17급,15:20,15:29,15:25
신창청량리,광운대서동탄,신창광운대,영등포광명
15:29,15:25,15:35,15:29
천안광운대,영등포광명,광명영등포,광운대서동탄
15:35,15:32,15:39,15:35
광명영등포,청량리천안,서동탄광운대,광운대천안
15:39,15:42급,15:46,15:43급
서동탄광운대,청량리천안,천안광운대,청량리신창
15:47,15:47,15:53급,15:53
천안광운대,광운대서동탄,천안청량리,광운대서동탄
15:54급,15:54,16:01,16:03급
천안청량리,구로신창,신창광운대,청량리천안
16:02,16:03급,16:08,16:08
신창광운대,청량리천안,서동탄광운대,구로병점
16:08,16:12,16:16급,16:13
서동탄광운대,광운대신창,천안청량리,광운대신창
16:16급,16:19,16:24,16:19
천안청량리,영등포광명,신창청량리,영등포광명
16:24,16:25,16:28,16:25
신창광운대,청량리서동탄,광명영등포,광운대서동탄
16:28,16:36,16:37,16:36급
광명영등포,광운대천안,서동탄광운대,청량리천안
16:32,16:44급,16:45,16:40
천안청량리,청량리천안,신창광운대,광운대신창
16:39,16:49,16:53급,16:49
서동탄광운대,광운대서동탄,천안청량리,광운대병점
16:46,,,16:56
신창광운대,,,광운대서동탄
16:53급,,17:01,17:03급
천안청량리,,서동탄광운대,청량리천안
17:01,17:01급,17:08,17:07
서동탄동묘앞,청량리신창,천안광운대,광운대천안
17:08,17:07,17:19,17:12
신창광운대,구로신창,서동탄광운대,영등포광명
17:15급,17:12,17:23급,17:16
천안청량리,영등포광명,천안청량리,광운대서동탄
17:23,17:17,17:27,17:25
서동탄광운대,광운대서동탄,광명영등포,광운대병점
17:27,17:25,17:33,17:33
광명영등포,동묘앞서동탄,신창광운대,광운대천안
17:31,17:33,17:43,17:43급
천안광운대,광운대천안,서동탄광운대,청량리신창
17:39급,17:41급,17:47급,17:48
천안청량리,청량리신창,천안청량리,광운대서동탄
17:46,17:46,17:56,17:55
서동탄광운대,광운대서동탄,신창광운대,청량리천안
17:54,17:54,18:08,18:04
신창광운대,광운대천안,병점광운대,광운대서동탄
18:03,18:01급,18:17,18:14
병점광운대,청량리신창,서동탄광운대,광운대신창
18:10급,18:06,18:26급,18:19
천안청량리,광운대서동탄,천안청량리,청량리천안
18:19,18:15,18:32,18:28
천안광운대,광운대신창,광명영등포,영등포광명
18:26,18:22,18:38,18:38
서동탄청량리,청량리서동탄,신창광운대,광운대서동탄
18:32,18:28,18:51,18:46
광명영등포,영등포광명,서동탄광운대,청량리천안
18:37,18:34,18:56급,18:52
신창광운대,광운대천안,천안청량리,광운대서동탄
18:45,18:41,19:04,19:01급
서동탄광운대,청량리서동탄,신창광운대,청량리신창
18:53,18:50,19:12,19:06
신창광운대,광운대신창,서동탄광운대,광운대서동탄
,18:58,19:21,19:13
,청량리서동탄,천안청량리,광운대천안
19:01,19:08,19:31,19:20
천안청량리,광운대신창,신창광운대,영등포광명
19:08,19:16,19:39,19:25
서동탄광운대,광운대천안,서동탄동묘앞,광운대서동탄
19:16,19:20,19:44,19:33급막
천안광운대,영등포광명,광명영등포,청량리신창
19:21,19:25,19:49,19:39
서동탄광운대,광운대서동탄,천안광운대,광운대신창
19:31,19:32급,19:54급,19:51
신창광운대,청량리천안,천안청량리,광운대서동탄
19:39,19:36,20:02,20:01
서동탄광운대,광운대신창,서동탄광운대,광운대신창
19:44,19:44,20:11,20:18
광명영등포,광운대신창,신창청량리,광운대천안
19:50,19:51,20:20,20:27
천안광운대,광운대서동탄,광명영등포,영등포광명
19:54급,19:59급,20:25,20:31
신창청량리,청량리천안,병점광운대,광운대신창
20:01,20:03,20:30,20:39
서동탄구로,광운대서동탄,신창청량리,청량리서동탄
20:09,20:11,20:38,20:54
천안광운대,광운대천안,서동탄광운대,광운대신창
20:16,20:20,20:45,
서동탄광운대,청량리서동탄,천안광운대,
20:20,20:27,20:49,
광명영등포,영등포광명,서동탄구로,
20:25,20:31,20:56급막,
신창구로,광운대천안,천안청량리,
20:34,20:39,21:05,21:06
서동탄청량리,광운대서동탄,신창광운대,광운대서동탄
20:45,20:47급막,21:14,21:10
천안광운대,청량리신창,서동탄광운대,영등포광명
20:51급,20:55,21:23,21:16
천안청량리,광운대신창,서동탄동묘앞,광운대천안
20:59,,21:30,21:21
신창광운대,,광명영등포,광운대서동탄
21:10,21:05,21:35,21:35
서동탄광운대,광운대서동탄,신창광운대,청량리신창
21:19,21:10,21:44,21:44
서동탄광운대,영등포광명,서동탄동묘앞,광운대병점
21:26급,21:15,21:53,21:52막
신창청량리,광운대천안,천안청량리,청량리신창
21:30,21:24,,21:59
광명영등포,광운대서동탄,,영등포광명
21:34,21:35,22:03,22:04
천안광운대,청량리신창,병점광운대,광운대서동탄
21:46,21:43,22:08,22:14
서동탄동묘앞,광운대서동탄,광명영등포,광운대서동탄
21:52,21:51,22:14,22:20
천안구로,구로서동탄,천안광운대,청량리천안
21:55급막,21:59,22:24,22:31
천안청량리,영등포광명,병점광운대,광운대서동탄
22:03,22:03,22:38,22:36
서동탄광운대,광운대신창,신창광운대,청량리병점
22:08,22:11,22:48,22:41막
광명영등포,광운대병점,서동탄광운대,영등포광명
22:17,22:23막,22:56,22:46막
신창광운대,청량리신창,천안구로,광운대천안
22:24,22:34,,22:55
서동탄구로,광운대서동탄,,광운대병점
22:33,22:41막,23:03막,23:07
신창광운대,영등포광명,서동탄광운대,광운대병점
22:40,22:45막,23:08,23:22
서동탄광운대,청량리천안,광명영등포,광운대서동탄
22:51,22:55,23:16막,23:33막
천안구로,광운대서동탄,서동탄서울역,청량리서동탄
23:00,23:07,23:36,23:45막
서동탄광운대,광운대병점,신창구로,광운대병점
23:08,23:23,23:49막,
광명영등포,광운대서동탄,광명영등포,
23:16,23:43막,23:55,
서동탄동묘앞,광운대서동탄,서동탄구로,
23:27막,,0:02,
천안광운대,,신창구로,
23:44막,,0:12,
서동탄청량리,,신창구로,
23:49막,,00:25막,
광명영등포,,서동탄구로,
23:54,,,
서동탄구로,,,
0:01,,,
신창구로,,,
0:12,,,
신창구로,,,
00:25막,,,
서동탄구로,,,
