﻿신도림방면,구일/가산디지털단지방면,신도림방면,구일/가산디지털단지방면
평일,평일,주말,주말
05:00첫,05:00첫,05:00첫,05:00첫
구로동두천,구로인천,구로동두천,구로인천
5:10,05:00첫,05:20첫,05:00첫
구로청량리,구로천안,구로연천,구로천안
5:20,5:10,5:25,5:14
구로동두천,영등포인천,구로청량리,영등포인천
5:28,05:18첫,5:34,05:17첫
부평동두천,구로신창,부평소요산,구로신창
5:35,5:20,05:44급첫,5:32
구로청량리,구로인천,부천용산,구로천안
05:44급첫,05:30급첫,5:47,5:35
부천용산,구로동인천,인천양주,구로인천
5:47,5:31,5:52,05:36첫
인천양주,영등포인천,병점광운대,영등포광명
5:51,5:32,5:58,05:41첫
병점광운대,구로천안,인천동두천,서울역서동탄
05:57급첫,05:36첫,,5:48
인천동두천,영등포광명,,구로신창
,05:40급,,05:50급첫
,구로동인천,,구로동인천
,05:40첫,,5:51
,서울역서동탄,,광운대인천
,5:42,,5:58
,구로인천,,동묘앞서동탄
,5:47,06:03급,6:03
,구로신창,동인천용산,광운대인천
,05:50급,6:04,6:07
,용산동인천,병점청량리,구로서동탄
,5:51,6:10,06:07급
,광운대인천,인천연천,용산동인천
,5:56,6:15,6:10
,구로서동탄,병점청량리,동묘앞인천
,5:58,06:16급,6:15
,창동인천,동인천용산,광운대서동탄
06:00급,06:00급,6:23,6:21
동인천용산,구로동인천,인천양주,구로신창
6:00,6:03,6:29,6:21
병점청량리,광운대서동탄,서동탄광운대,의정부인천
6:07,06:09급,06:34급,06:23급
인천동두천,구로동인천,동인천용산,용산동인천
06:11급,6:10,6:36,6:26
동인천용산,동묘앞인천,인천소요산,영등포광명
6:11,6:15,6:41,6:31
병점광운대,동묘앞서동탄,천안청량리,광운대서동탄
6:15,06:18급,6:45,6:35
구로청량리,구로동인천,광명영등포,양주인천
06:20첫,6:20,6:47,6:41
인천연천,의정부인천,인천양주,구로천안
06:21급,6:21,06:51급,06:42급
동인천용산,구로천안,동인천용산,용산동인천
06:27급,06:23급,6:53,6:46
구로용산,용산부평,서동탄광운대,동묘앞인천
6:27,6:26,6:58,6:49
인천동두천,양주인천,인천동두천,광운대병점
6:31,6:26,,6:56
서동탄광운대,영등포광명,,동묘앞서동탄
06:35급,06:29급,,06:58급
동인천용산,구로동인천,,용산동인천
6:36,6:31,,6:59
인천소요산,광운대서동탄,,소요산인천
06:40급,6:35,7:03,7:04
구로용산,양주인천,신창광운대,광운대병점
6:41,06:38급,07:07급,7:08
천안청량리,용산동인천,동인천용산,동묘앞인천
6:45,06:40급첫,7:08,7:13
광명영등포,청량리신창,인천양주,청량리신창
6:46,6:43,7:12,07:13급
인천동두천,구로신창,서동탄청량리,용산동인천
06:49급,6:44,7:16,7:17
동인천용산,동묘앞인천,인천연천,양주인천
6:50,06:44급,7:20,7:17
서동탄광운대,구로동인천,천안광운대,영등포광명
6:54,6:48,07:25급,7:21
인천동두천,광운대서동탄,동인천용산,광운대서동탄
06:57급,06:50급,7:25,7:25
동인천용산,용산동인천,인천의정부,광운대천안
6:58,6:53,7:30,7:31
병점청량리,동묘앞인천,병점청량리,연천인천
,06:55급,7:35,07:31급
,구로부평,인천양주,용산동인천
,6:56,7:39,7:36
,구로서동탄,서동탄광운대,청량리천안
,6:59,07:41급,7:40
,소요산인천,동인천용산,의정부인천
,06:59급,7:43,07:45급첫
,용산동인천,신창광운대,청량리천안
7:03,07:05급첫,7:47,7:48
신창광운대,청량리천안,인천소요산,광운대병점
07:06급,07:05급,7:51,07:49급
동인천용산,용산동인천,병점청량리,용산동인천
7:07,7:09,7:54,7:52
인천동두천,동묘앞인천,인천의정부,광운대신창
7:12,7:09,07:57급,7:56
서동탄청량리,구로천안,동인천용산,동두천인천
07:15급,07:10급,7:58,
부평용산,구로동인천,서동탄동묘앞,
7:17,7:13,8:02,8:00
인천연천,광운대병점,광명영등포,동묘앞서동탄
7:20,07:14급,8:05,8:04
천안광운대,용산부평,인천동두천,양주인천
07:22급,7:17,08:06급,08:06급
동인천용산,양주인천,구로용산,용산동인천
7:26,7:17,8:09,8:07
인천의정부,영등포광명,천안청량리,구로천안
07:28급,7:21,08:13급,8:13
동인천용산,광운대신창,동인천용산,소요산인천
7:30,07:21급,8:13,08:17급
병점청량리,용산동인천,서동탄광운대,청량리천안
7:35,7:25,8:18,8:21
인천소요산,동묘앞인천,인천연천,광운대서동탄
07:36급,7:28,8:22,08:24급
동인천용산,광운대서동탄,서동탄광운대,용산동인천
7:39,07:28급,8:27,8:26
서동탄광운대,용산동인천,신창청량리,동두천인천
7:42,7:32,08:30급,8:32
인천양주,연천인천,동인천용산,영등포광명
07:43급,07:35급,8:32,8:34
동인천용산,용산동인천,인천양주,구로인천
7:45,7:36,8:34,8:36
신창광운대,청량리천안,광명영등포,광운대신창
07:48급,7:40,8:38,8:41
부평용산,의정부인천,서동탄광운대,동묘앞인천
7:48,07:41급,8:43,08:45급
인천동두천,구로동인천,천안청량리,청량리천안
7:53,07:44급,08:46급,08:45급
서동탄청량리,청량리천안,동인천용산,용산동인천
07:53급,07:46급,8:46,8:48
동인천용산,용산부평,인천소요산,광운대서동탄
7:55,7:48,8:52,8:54
인천의정부,광운대병점,인천광운대,동묘앞인천
7:59,7:52,8:56,08:57급
천안광운대,동두천인천,천안광운대,용산동인천
07:59급,7:55,,8:58
동인천용산,광운대신창,,광운대신창
,07:55급,09:00급첫,9:03
,용산동인천,신창청량리,동두천인천
8:02,8:00,9:03,09:07급
광명영등포,의정부서동탄,인천동두천,청량리천안
08:03급,08:02급,09:06급,09:10급
인천동두천,용산동인천,동인천용산,용산동인천
08:06특첫,8:04,9:08,9:12
동인천용산,양주인천,서동탄동묘앞,광운대서동탄
8:07,08:07급,9:14,9:16
서동탄광운대,용산부평,천안청량리,영등포광명
8:10,8:08,9:19,9:18
인천양주,광운대신창,인천연천,구로인천
08:11급,8:12,09:24급,9:23
부평용산,동두천인천,동인천용산,청량리천안
8:14,08:16급,9:25,09:25급
서동탄동묘앞,용산동인천,서동탄광운대,용산동인천
08:16급,08:17급,9:29,9:26
동인천용산,청량리천안,인천의정부,소요산인천
8:19,8:21,9:33,9:32
인천연천,의정부서동탄,신창광운대,광운대서동탄
08:21특,08:22급,09:37급,9:36
동인천용산,용산동인천,천안청량리,연천인천
8:23,08:25급첫,09:42급,09:38급
천안청량리,동두천인천,동인천용산,구로동인천
8:27,08:27급,9:42,9:41
인천의정부,용산동인천,인천소요산,청량리천안
08:30급,8:28,9:48,9:44
동인천용산,청량리서동탄,천안광운대,양주인천
8:30,8:31,9:53,9:49
병점광운대,연천인천,인천양주,광운대병점
8:34,8:32,9:54,9:54
광명영등포,영등포광명,광명영등포,동두천인천
8:35,8:36,09:58특첫,09:55특첫
인천양주,광운대신창,동인천용산,용산동인천
08:38급,08:37급,9:59,09:58급첫
동인천용산,용산동인천,서동탄광운대,청량리신창
8:39,8:39,10:03,10:04
서동탄광운대,양주부평,인천동두천,구로인천
08:42급,08:43급,10:08,10:04
부평용산,청량리천안,신창청량리,광운대서동탄
8:43,8:46,10:12급,10:08급
신창청량리,동두천인천,동인천용산,용산동인천
8:46,8:49,10:12,10:12
인천소요산,광운대서동탄,인천양주,청량리신창
08:47급,08:49급,10:16,10:15
동인천용산,용산동인천,천안광운대,영등포광명
08:53급,8:56,10:19,10:17
동인천용산,양주인천,인천연천,소요산인천
8:53,08:58급,10:24,10:21급
인천동묘앞,용산동인천,서동탄광운대,용산동인천
8:57,8:59,10:25급,10:23
신창광운대,광운대신창,동인천용산,광운대병점
08:59급,,10:28,10:30
동인천용산,,인천의정부,의정부인천
09:02급첫,9:02,10:28,10:34급
신창청량리,연천부평,광명영등포,용산동인천
09:05급,09:07급,10:34,10:35
부평용산,청량리천안,천안광운대,청량리천안
9:05,09:08급,10:38급,10:39
인천양주,용산동인천,천안청량리,연천인천
9:09,9:09,10:40급,10:46
서동탄광운대,동두천인천,동인천용산,광운대신창
09:12급,9:12,10:42,10:49특
동인천용산,광운대서동탄,인천광운대,용산동인천
9:13,9:16,10:46,10:51
인천동묘앞,양주인천,병점광운대,양주인천
9:20,9:16,10:50,10:55
인천연천,영등포광명,신창청량리,청량리서동탄
09:22급,9:21,10:53급,10:59급
동인천용산,동두천부평,동인천용산,용산동인천
9:25,09:21급,10:53,
서동탄청량리,용산동인천,인천양주,
9:29,9:24,10:56,
인천의정부,청량리천안,서동탄광운대,
09:30특,9:28,11:00급,11:02
동인천용산,소요산인천,천안청량리,광운대신창
9:34,9:32,11:05,11:06
천안광운대,광운대서동탄,인천동두천,영등포광명
09:38급,09:35특첫,11:06특,11:07
동인천용산,용산동인천,동인천용산,동두천인천
09:39급,09:37급,11:09,11:11급
신창청량리,동두천인천,천안광운대,용산동인천
9:43,9:41,11:13,11:12급
인천소요산,구로인천,인천양주,청량리천안
09:46급,09:43급,11:18,11:15
동인천용산,용산동인천,서동탄광운대,광운대인천
9:48,9:44,11:22급,11:20
천안광운대,광운대신창,동인천용산,광운대서동탄
9:52,9:50,11:23급,11:23급
인천양주,동두천인천,천안청량리,용산동인천
9:54,9:53,11:28,11:25
광명영등포,광운대병점,인천연천,소요산인천
,09:53급,11:30,11:34
,용산동인천,광명영등포,양주인천
,9:58,11:34,11:34급
,동두천인천,신창광운대,용산동인천
10:01급,10:02급,11:37급,11:38급
인천동두천,청량리천안,동인천용산,청량리천안
10:04특,10:05,11:38,11:41
동인천용산,의정부인천,인천소요산,광운대신창
10:05,10:10,11:43,11:45
서동탄청량리,광운대서동탄,서동탄광운대,연천인천
10:09,10:10급,11:47,11:50특
인천양주,용산동인천,인천양주,용산동인천
10:14,10:15,11:51급,11:51
신창광운대,영등포광명,동인천용산,광운대서동탄
10:19,10:17,11:52,11:55
인천연천,소요산인천,천안광운대,동두천인천
10:23급,10:21,11:55,11:56
동인천용산,청량리신창,인천의정부,영등포광명
10:24,10:24급,11:59급,11:59
서동탄광운대,용산동인천,천안청량리,광운대신창
10:28,10:26,12:02특,12:01급
광명영등포,광운대서동탄,동인천용산,용산동인천
10:30,10:31,12:05,12:04
인천의정부,의정부인천,광명영등포,의정부인천
10:33급,10:36,12:07,12:08급
천안청량리,청량리천안,인천동두천,청량리천안
10:39,10:40,12:12,12:11
부평소요산,연천인천,천안광운대,광운대천안
10:43특,10:42특,12:15급,12:16
동인천용산,용산동인천,동인천용산,양주인천
10:44,10:43,12:16,12:16급
인천양주,구로병점,인천양주,용산동인천
10:50,10:49,12:20,12:20
신창광운대,광운대신창,서동탄광운대,청량리서동탄
10:54,10:53,12:24,12:24
구로의정부,동두천인천,인천연천,소요산인천
10:59급,10:58,12:26급,12:29급
신창청량리,청량리서동탄,동인천용산,청량리천안
11:02,11:01급,12:28,12:30급
인천양주,용산동인천,신창광운대,용산동인천
11:06,11:03,12:32급,12:32
서동탄광운대,동두천인천,천안청량리,광운대신창
11:07급,11:06,12:39,12:36
동인천용산,영등포광명,인천소요산,영등포광명
11:11,11:11급,12:41급,12:37
천안청량리,청량리천안,동인천용산,연천인천
11:14급,11:15,12:44,12:41
인천동두천,구로천안,천안광운대,광운대서동탄
11:18,11:15,12:50,12:43특
서동탄광운대,의정부인천,인천양주,용산동인천
11:22,11:18특,12:54급,12:45
인천연천,용산동인천,동인천용산,양주인천
11:24급,11:21,12:55,12:50
동인천용산,광운대서동탄,서동탄광운대,광운대천안
11:26급,11:25,12:59,12:53급
천안청량리,구로인천,인천의정부,용산동인천
11:30,11:30,,12:54
광명영등포,광운대신창,,동두천인천
11:31,11:36,,12:59급
인천의정부,연천인천,,청량리천안
11:35,11:40급,13:03급,13:04
천안광운대,청량리신창,천안청량리,의정부인천
11:38급,11:44,13:05특,13:06급
동인천용산,청량리서동탄,동인천용산,구로동인천
11:39,11:46급,13:09,13:08
인천소요산,용산동인천,인천동두천,광운대신창
11:44,11:49,13:13,13:14
서동탄광운대,동두천인천,신창광운대,양주인천
11:48,11:51,13:15,13:19
인천양주,구로천안,광명영등포,광운대서동탄
11:52,11:55급,13:18,13:20급
신창광운대,동두천인천,인천양주,용산동인천
11:53특,11:56,13:20급,13:23
동인천용산,영등포광명,동인천용산,소요산인천
11:55,,13:22,13:29
인천의정부,,서동탄광운대,광운대신창
12:01급,12:00,13:29급,13:32급
신창청량리,광운대병점,천안청량리,용산동인천
12:05,12:04,13:33급,13:34
광명영등포,의정부인천,동인천용산,연천인천
12:06급,12:08급,13:33,13:39급
인천동두천,청량리신창,인천의정부,청량리천안
12:10,12:12,13:40,13:42
천안광운대,광운대신창,신창광운대,광운대서동탄
12:15급,12:15,13:43,13:43급
동인천용산,양주인천,인천소요산,용산동인천
12:16,12:16급,13:47급,13:46
인천양주,용산동인천,동인천용산,양주인천
12:21,12:19,13:50,13:47
서동탄광운대,광운대서동탄,서동탄광운대,영등포광명
12:28,12:25,13:54,13:51
인천연천,소요산인천,인천양주,광운대천안
12:31급,12:28급,13:54,13:56
동인천용산,청량리천안,광명영등포,동두천인천
12:33,12:32,13:58특,
서동탄광운대,구로신창,동인천용산,
12:39,12:32급,14:00,14:02급
인천양주,용산동인천,인천동두천,청량리천안
12:44,12:34,14:04,14:03
신창청량리,연천인천,신창청량리,구로인천
12:48,12:36,14:09급,14:06
인천소요산,영등포광명,동인천용산,광운대병점
12:55,12:42,14:10,14:10
서동탄광운대,청량리서동탄,인천양주,양주인천
,12:45,14:14,14:13
,양주인천,천안광운대,광운대서동탄
,12:51,14:21,14:17급
,광운대천안,인천연천,용산동인천
,12:56급,14:22급,14:18
,동두천인천,동인천용산,소요산인천
13:00급,13:01급,14:25,14:22
천안청량리,청량리천안,서동탄광운대,광운대신창
13:01급,13:06,14:29급,14:27
동인천용산,의정부인천,천안청량리,영등포광명
13:04,13:09급,14:33,14:30
인천양주,용산동인천,인천의정부,의정부인천
13:09,13:10,14:34급,14:31급
신창광운대,광운대천안,동인천용산,용산동인천
13:15,13:14,14:37,14:34급
광명영등포,양주인천,신창광운대,청량리천안
13:16급막,13:18,14:41,14:38
인천동두천,광운대서동탄,인천소요산,연천인천
13:21,13:24,14:43,14:42
서동탄광운대,소요산인천,광명영등포,광운대서동탄
13:25,13:29,14:47급,14:44특
인천연천,광운대천안,동인천용산,용산동인천
13:29급,13:34,14:47,14:48
천안청량리,양주인천,서동탄동묘앞,양주인천
13:30급,13:39급,14:52,14:54급
동인천용산,청량리신창,인천양주,용산동인천
13:33,13:42,14:57,14:55
인천의정부,광운대서동탄,천안광운대,광운대서동탄
13:38,13:46,14:58급,
신창청량리,의정부인천,동인천용산,
13:42,13:47,15:02급,15:00
인천소요산,영등포광명,천안청량리,동두천인천
13:47,13:52,15:07,15:04급
서동탄광운대,광운대천안,인천의정부,청량리천안
13:48급,13:54급,15:11,15:05급
동인천용산,동두천인천,신창광운대,용산동인천
13:53,,15:15급,15:09
인천양주,,구로용산,양주인천
13:54,,15:18,15:13
광명영등포,,인천연천,광운대천안
13:59,,15:21,15:17급
인천의정부,,서동탄광운대,구로동인천
14:04,14:00,15:25급,15:19
신창청량리,양주인천,천안청량리,소요산인천
14:09,14:00급,15:29,15:20
인천광운대,구로천안,인천의정부,영등포광명
14:14,14:05,15:33급,15:24
천안광운대,광운대병점,동인천용산,광운대서동탄
14:18,14:09,15:34,15:30
인천연천,의정부인천,신창광운대,광운대천안
14:23급,14:09급,15:39,15:30급
동인천용산,용산동인천,인천소요산,용산동인천
14:23급,14:13,15:40,15:35
천안청량리,광운대서동탄,광명영등포,의정부인천
14:27,14:18,15:44,15:39급
인천양주,소요산인천,서동탄광운대,청량리신창
14:31,14:22,15:46급,15:44
서동탄광운대,청량리천안,동인천용산,연천인천
14:37,14:27,15:47,15:44특
신창광운대,영등포광명,인천양주,용산동인천
14:43,14:30,15:51,15:48
인천소요산,의정부인천,천안광운대,광운대서동탄
14:43,14:30급,15:54,15:53
광명영등포,용산동인천,인천의정부,양주인천
14:48,14:35,15:55특,15:55급
서동탄청량리,광운대서동탄,동인천용산,용산동인천
14:52,14:40,15:58급,15:59급
인천양주,연천인천,천안청량리,청량리천안
14:56,14:45급,16:02,16:04
신창광운대,청량리신창,인천동두천,동두천인천
,14:48,16:06,16:04
,양주인천,신창광운대,구로병점
,14:52,16:09급,16:08
,광운대서동탄,동인천용산,광운대신창
,14:53급,16:13,16:11급
,구로동인천,서동탄광운대,용산동인천
,14:57급,16:16,16:12
,동두천인천,인천양주,의정부인천
15:01급,15:02급,16:20급,16:14
신창청량리,청량리천안,동인천용산,영등포광명
15:04,15:07,16:21급,16:20
인천의정부,광운대신창,천안청량리,광운대서동탄
15:10,15:10급,16:25,16:24급
천안광운대,용산동인천,인천연천,용산동인천
15:15,15:11,16:29,16:25
인천연천,양주인천,신창청량리,양주인천
15:22급,15:15,16:30급,16:32급
신창청량리,광운대서동탄,동인천용산,청량리천안
15:23급,15:20,16:33,16:35
동인천용산,영등포광명,인천의정부,광운대신창
15:25,15:22,16:33,16:39특
인천동묘앞,소요산인천,광명영등포,용산동인천
15:30,15:22급,16:42,16:40
인천의정부,구로동인천,서동탄광운대,연천인천
15:34,15:28,16:46급,16:44
천안광운대,청량리천안,동인천용산,광운대병점
15:37,15:33,16:47,16:47
인천소요산,양주인천,구로의정부,양주인천
15:40,15:38급,16:50,16:47급
광명영등포,구로동인천,신창광운대,용산동인천
15:44급,15:38급,16:54,16:51
동인천용산,청량리천안,인천동묘앞,광운대서동탄
15:44,15:40,16:56특,16:55
서동탄광운대,구로인천,동인천용산,동두천인천
15:48,15:42,16:58급,16:58급
인천의정부,광운대서동탄,천안청량리,청량리천안
15:52,15:47,17:02,17:00급
천안광운대,연천인천,구로동두천,용산동인천
15:55,15:50,17:06,17:02
인천동두천,구로신창,서동탄광운대,광운대천안
15:59급,15:54,17:09,17:06
천안청량리,양주인천,인천의정부,양주인천
,15:59급,17:11급,17:07
,청량리천안,동인천용산,영등포광명
16:03,16:01급,17:13,17:11
인천양주,용산동인천,천안광운대,광운대서동탄
16:07,16:07,17:19,17:13급
신창광운대,광운대신창,인천양주,용산동인천
16:09급,16:11,17:24,17:15
동인천용산,의정부인천,서동탄광운대,의정부인천
16:13,16:14,17:25급,17:20
서동탄광운대,영등포광명,동인천용산,광운대병점
16:17,16:18특,17:28급,17:24
인천연천,용산동인천,천안청량리,소요산인천
16:21급,16:20,17:32,17:26급
천안청량리,구로인천,광명영등포,용산동인천
16:22특막,16:21,17:33,17:28
동인천용산,청량리서동탄,인천양주,광운대천안
16:25,16:28,17:38,17:36
인천양주,소요산인천,신창광운대,동묘앞인천
16:29,16:28급,17:38급,17:39급
신창광운대,용산동인천,동인천용산,청량리신창
16:32,16:31,17:42,17:43특막
인천의정부,광운대천안,인천소요산,용산동인천
16:33,16:35,17:48,17:43
광명영등포,의정부인천,서동탄광운대,광운대서동탄
16:37급,16:39급,17:49특막,17:47
동인천용산,구로동인천,동인천용산,의정부인천
16:37,16:40급,17:52급,17:50급
천안청량리,청량리천안,천안청량리,용산동인천
16:41,16:44,17:57,17:51
부평소요산,광운대서동탄,인천동두천,청량리천안
16:44,16:47급,,17:55
서동탄광운대,용산동인천,,구로인천
16:45급,16:48,,17:59
구로용산,연천인천,,광운대서동탄
16:47,16:52,18:01,18:05
인천양주,양주인천,신창광운대,의정부인천
16:51,16:55급,18:01급,18:05급
신창광운대,구로동인천,동인천용산,용산동인천
16:55급,16:56급,18:05,18:09
동인천용산,청량리신창,구로양주,광운대신창
16:55,,18:09,18:15
인천동묘앞,,인천광운대,청량리천안
16:58급,,18:13,18:18급
천안청량리,,병점광운대,용산동인천
17:02,17:01급막,18:17,18:19
부평동두천,동두천인천,인천동묘앞,소요산인천
17:05급,17:03,18:18급,18:23
구로용산,구로신창,동인천용산,영등포광명
17:06,17:03급,18:22,18:29
서동탄동묘앞,용산동인천,서동탄광운대,의정부인천
17:09,17:07,18:26,18:32급
인천양주,영등포광명,인천의정부,용산동인천
17:13,17:08,18:29급,18:33
신창광운대,의정부인천,동인천용산,광운대서동탄
17:15급,17:12,18:31급,18:37
동인천용산,광운대서동탄,천안청량리,연천인천
17:17,17:15급,18:35,18:42
인천연천,용산동인천,인천동묘앞,청량리천안
17:20급,17:17,18:37,18:47
천안청량리,양주인천,광명영등포,광운대서동탄
17:22급,17:21,18:40,18:48급
구로용산,동묘앞서동탄,구로소요산,용산동인천
17:24,17:23급,18:42급,18:52
인천동두천,구로동인천,동인천용산,양주인천
17:28,17:25,18:43,18:57급
서동탄광운대,소요산인천,신창광운대,청량리신창
17:29급,17:28,18:46,18:59급
동인천용산,광운대천안,인천의정부,용산동인천
17:31,17:30급,18:51,
인천의정부,용산동인천,인천양주,
17:32,17:33,18:54급,
광명영등포,동묘앞인천,동인천용산,
17:36,17:37급,18:56,
천안광운대,청량리신창,서동탄광운대,
17:40,17:37급,19:01급,19:01
인천양주,용산동인천,천안청량리,광운대서동탄
17:42급,17:41,19:05급,19:05
동인천용산,광운대서동탄,동인천용산,양주인천
17:44급,17:45,19:06,19:08
천안청량리,연천인천,인천양주,광운대천안
17:48급,17:46급,19:09,19:11급
구로용산,용산동인천,신창광운대,용산동인천
17:51,17:49,19:13,19:12
서동탄광운대,광운대천안,인천연천,의정부인천
17:53급,17:53,19:17,19:15
동인천용산,양주인천,서동탄광운대,영등포광명
17:55,17:53급,19:21급,19:17
인천양주,용산동인천,동인천용산,소요산인천
17:59,17:57급,19:21,19:20
신창광운대,청량리신창,인천광운대,광운대서동탄
18:01급,18:01,19:26,19:21급
동인천용산,광운대서동탄,천안청량리,용산동인천
18:04,18:01급,19:31,19:25
인천동두천,용산동인천,인천동두천,의정부인천
18:05급,18:07,19:36급,19:29급막
구로용산,의정부인천,동인천용산,청량리신창
18:08,18:09급,19:36,19:32
병점광운대,용산동인천,신창광운대,구로인천
18:09급,18:10,19:40,19:34
동인천용산,광운대신창,인천소요산,광운대신창
18:12,18:14,19:44,19:37급
인천양주,양주인천,서동탄동묘앞,용산동인천
18:14급,18:18,19:49,19:39
구로용산,청량리서동탄,광명영등포,연천인천
18:15급,18:20급,19:50,19:46
천안청량리,용산동인천,인천양주,광운대서동탄
18:20,18:23,19:53급,19:47급
인천연천,영등포광명,동인천용산,용산동인천
18:21급,18:24,19:54,19:52
동인천용산,소요산인천,천안광운대,동두천인천
18:24,18:27급,19:59급,19:56
천안광운대,용산동인천,천안청량리,광운대신창
18:27,18:29,,19:59
부평동두천,광운대천안,,의정부인천
18:31급,18:32,20:03,20:03급
동인천용산,의정부인천,인천의정부,용산동인천
18:31,18:32급,20:05급,20:09
서동탄청량리,용산부평,동인천용산,양주인천
18:34,18:37,20:07,20:13
인천의정부,청량리서동탄,서동탄광운대,광운대천안
18:37,18:39급,20:12,20:19급
광명영등포,용산동인천,인천동두천,용산동인천
18:38,18:40,20:16,20:22
인천동묘앞,연천인천,신창청량리,소요산인천
18:40급,18:45,20:17급,20:22
동인천용산,광운대신창,동인천용산,영등포광명
18:42,18:47특,20:20,20:26
신창광운대,용산동인천,인천양주,광운대신창
18:46,18:49,20:25,20:31
인천양주,의정부인천,광명영등포,양주인천
18:47급,18:53급,20:26,20:35
동인천용산,용산동인천,구로연천,청량리서동탄
18:50,18:54,20:29급,20:38급
서동탄광운대,청량리서동탄,동인천용산,용산동인천
18:54급,18:58,20:30,20:40
동인천용산,양주인천,병점광운대,연천인천
18:54,18:58급,20:35,20:45
인천소요산,용산동인천,신창청량리,동두천인천
18:58,,20:39,20:49
신창광운대,,인천의정부,광운대신창
19:01급,19:03,20:43급,20:54
동인천용산,광운대신창,동인천용산,양주인천
19:02,19:03급,20:43,20:55급
인천동묘앞,용산동인천,서동탄광운대,용산동인천
19:06,19:08,20:48,
천안청량리,의정부인천,인천소요산,
19:09,19:11,20:51,
인천동두천,광운대천안,천안광운대,
19:10급,19:11특,20:57,
동인천용산,용산동인천,인천양주,
19:13,19:15,21:00급,21:01
서동탄광운대,영등포광명,동인천용산,광운대서동탄
19:16급,19:17,21:01급막,21:05
동인천용산,소요산인천,천안청량리,영등포광명
19:17,19:19급,21:05,21:06
인천양주,용산동인천,인천의정부,의정부인천
19:21,19:21,21:10,21:10급
천안광운대,광운대서동탄,신창광운대,용산동인천
19:23급,19:24,21:15,21:11
동인천용산,양주인천,인천연천,광운대천안
19:26,19:25급,21:19,21:16
서동탄광운대,용산동인천,서동탄광운대,광운대서동탄
19:29급,19:28급,21:22급,21:20
부평용산,청량리천안,동인천용산,소요산인천
19:30,19:32,21:24,21:28
인천연천,광운대신창,인천의정부,구로인천
19:35급,19:32특,21:28,21:30급
동인천용산,용산동인천,서동탄동묘앞,용산동인천
19:36,19:35,21:33,21:31
신창광운대,연천인천,인천소요산,청량리신창
19:40,19:39,21:35,21:34
인천의정부,광운대신창,광명영등포,연천인천
19:41급,19:39급,21:39급,21:39
동인천용산,용산동인천,동인천용산,광운대병점
19:44,19:43,21:40,21:43
서동탄광운대,양주인천,신창광운대,양주인천
19:49,19:46,21:44,21:46급
광명영등포,광운대서동탄,인천양주,용산동인천
19:51,19:47특막,21:49,21:48막
인천소요산,용산동인천,서동탄동묘앞,청량리신창
19:53급,19:50,21:53,21:53
동인천용산,동두천인천,인천동두천,동두천인천
19:55,19:54급,21:54급,21:54
천안광운대,용산동인천,동인천용산,영등포광명
19:59급,19:55급,21:58,21:59
동인천용산,청량리천안,천안청량리,광운대서동탄
19:59급,19:58,22:02,22:01급
신창청량리,광운대서동탄,인천동묘앞,용산동인천
20:03,20:01급,22:08,22:04
인천양주,용산동인천,병점광운대,양주인천
20:10,20:02,22:10급,22:09
인천동두천,양주인천,동인천용산,광운대서동탄
20:12급,20:06,22:13막,22:16
동인천용산,광운대천안,인천연천,청량리천안
20:14,20:07급,22:14,22:18급
천안광운대,용산부평,광명영등포,용산동인천
20:17급,20:11,22:19,22:21
동인천용산,의정부인천,천안광운대,소요산인천
20:18,20:13급,22:24,22:26
인천양주,용산동인천,인천의정부,광운대서동탄
20:21,20:16,22:25급,22:32
서동탄광운대,청량리서동탄,동인천용산,청량리병점
20:22급,20:19급,22:29,22:33급
동인천용산,용산동인천,병점광운대,용산동인천
20:25,20:20,22:39막,22:36
인천연천,소요산인천,인천소요산,연천인천
20:25,20:22,22:43,22:36막
광명영등포,영등포광명,신창광운대,영등포광명
20:33,20:26,22:44급,22:41막
인천의정부,광운대천안,동인천용산,광운대천안
20:39급,20:30,22:53,22:45
동인천용산,양주인천,서동탄광운대,양주인천
20:39,20:31급,,22:50
서동탄청량리,용산동인천,,광운대병점
20:44,20:34,,22:50급
인천소요산,광운대서동탄,,용산동인천
20:45급,20:38,,22:55
동인천용산,연천인천,,의정부인천
20:50,20:40급,23:01급,23:02
천안광운대,용산동인천,동인천용산,광운대병점
20:53급,20:42급막,23:03막,23:06
동인천용산,청량리신창,인천양주,동두천인천
20:56급,20:45,23:08,23:08급막
천안청량리,양주인천,서동탄광운대,용산동인천
,20:50,23:13,23:11
,광운대신창,광명영등포,양주인천
,20:50급,23:14막,23:17
,용산동인천,인천의정부,광운대서동탄
,20:56,23:21,23:23
,동두천인천,서동탄서울역,소요산인천
,20:57급,23:24급막,23:25급막
,용산동인천,동인천용산,용산부평
21:01,21:00,23:27,23:29막
인천양주,광운대서동탄,인천광운대,청량리서동탄
21:03급,21:05,23:39막,23:34
동인천용산,양주인천,인천광운대,연천인천
21:05,21:05,23:52막,23:40막
신창광운대,영등포광명,인천동묘앞,광운대병점
21:09,21:10,23:54막,23:47막
인천의정부,광운대천안,광명영등포,의정부인천
21:15,21:10급,,
서동탄광운대,용산동인천,,
21:19,21:14,,
인천연천,의정부인천,,
21:22급,21:18급,,
동인천용산,용산동인천,,
21:24,21:19,,
서동탄광운대,광운대서동탄,,
21:27,21:25,,
인천양주,동두천인천,,
21:32급,21:31,,
신창청량리,청량리신창,,
21:35,21:31급,,
인천소요산,용산동인천,,
21:35,21:34,,
광명영등포,연천인천,,
21:39급,21:38,,
동인천용산,광운대서동탄,,
21:40,21:41급,,
천안광운대,용산동인천,,
21:46,21:43,,
인천의정부,동두천인천,,
21:51,21:46,,
서동탄동묘앞,구로서동탄,,
21:54급,21:51,,
동인천용산,양주인천,,
21:55,21:54,,
인천동두천,영등포광명,,
,21:58,,
,광운대신창,,
22:00급막,22:02,,
천안청량리,동두천인천,,
22:05,22:04급,,
인천양주,용산동인천,,
22:09,22:06,,
서동탄광운대,광운대병점,,
22:11급,22:10,,
동인천용산,양주인천,,
22:14,22:18급,,
광명영등포,용산동인천,,
22:15,22:19막,,
인천의정부,청량리신창,,
22:22,22:23,,
신창광운대,의정부인천,,
22:24급,22:29,,
동인천용산,광운대서동탄,,
22:29막,22:32급,,
인천연천,용산동인천,,
22:34급,22:35,,
동인천용산,소요산인천,,
22:38,22:36막,,
신창광운대,영등포광명,,
22:45급막,22:41막,,
동인천용산,청량리천안,,
22:45,22:45,,
서동탄광운대,연천인천,,
22:52막,22:50,,
인천소요산,광운대서동탄,,
22:59막,22:50급,,
인천양주,용산동인천,,
,22:58,,
,동두천인천,,
23:06,23:02,,
서동탄광운대,광운대병점,,
23:12막,23:08급막,,
인천의정부,용산동인천,,
23:13,23:12,,
광명영등포,의정부인천,,
23:21,23:18,,
서동탄동묘앞,광운대서동탄,,
23:32,23:24급막,,
천안광운대,용산부평,,
23:39막,23:33,,
인천광운대,소요산인천,,
23:49막,23:38막,,
서동탄청량리,광운대서동탄,,
23:54,23:45,,
광명영등포,연천인천,,
,23:53막,,
,의정부인천,,
00:01막,,,
인천동묘앞,,,
