장지방면,남위례방면,장지방면,남위례방면
평일,평일,주말,주말
05:44첫,05:31첫,05:44첫,05:31첫
모란암사,가락시장모란,모란암사,가락시장모란
5:54,5:49,5:54,5:49
모란암사,암사모란,모란암사,암사모란
-,5:59,-,5:59
-,암사모란,-,암사모란
6:04,6:09,6:04,6:09
모란암사,암사모란,모란암사,암사모란
6:14,6:19,6:13,6:19
모란암사,암사모란,모란암사,암사모란
6:24,6:29,6:22,6:29
모란암사,암사모란,모란암사,암사모란
6:33,6:39,6:31,6:39
모란암사,암사모란,모란암사,암사모란
6:42,6:49,6:40,6:49
모란암사,암사모란,모란암사,암사모란
6:49,6:59,6:49,6:58
모란암사,암사모란,모란암사,암사모란
6:56,-,6:58,-
모란암사,-,모란암사,-
7:02,7:08,7:07,7:07
모란암사,암사모란,모란암사,암사모란
7:08,7:17,7:15,7:16
모란암사,암사모란,모란암사,암사모란
7:14,7:26,7:24,7:25
모란암사,암사모란,모란암사,암사모란
7:19,7:33,7:33,7:34
모란암사,암사모란,모란암사,암사모란
7:24,7:40,7:42,7:43
모란암사,암사모란,모란암사,암사모란
7:29,7:46,7:51,7:52
모란암사,암사모란,모란암사,암사모란
7:34,7:52,8:00,8:01
모란암사,암사모란,모란암사,암사모란
7:39,7:58,8:09,8:10
모란암사,암사모란,모란암사,암사모란
7:44,-,8:18,8:19
모란암사,-,모란암사,암사모란
7:49,-,8:27,8:28
모란암사,-,모란암사,암사모란
7:54,-,8:36,8:37
모란암사,-,모란암사,암사모란
7:58,-,8:45,8:46
모란암사,-,모란암사,암사모란
8:03,8:04,8:54,8:55
모란암사,암사모란,모란암사,암사모란
8:07,8:09,9:03,9:04
모란암사,암사모란,모란암사,암사모란
8:12,8:14,9:12,9:13
모란암사,암사모란,모란암사,암사모란
8:16,8:19,9:21,9:22
모란암사,암사모란,모란암사,암사모란
8:21,8:24,9:30,9:31
모란암사,암사모란,모란암사,암사모란
8:26,8:29,9:39,9:40
모란암사,암사모란,모란암사,암사모란
8:32,8:34,9:48,9:49
모란암사,암사모란,모란암사,암사모란
8:38,8:39,9:57,9:58
모란암사,암사모란,모란암사,암사모란
8:44,8:43,10:06,10:07
모란암사,암사모란,모란암사,암사모란
8:51,8:48,10:15,10:16
모란암사,암사모란,모란암사,암사모란
8:59,8:52,10:24,10:25
모란암사,암사모란,모란암사,암사모란
-,8:57,10:33,10:34
-,암사모란,모란암사,암사모란
9:06,9:02,10:42,10:43
모란암사,암사모란,모란암사,암사모란
9:14,9:07,10:51,10:52
모란암사,암사모란,모란암사,암사모란
9:22,9:13,11:00,11:01
모란암사,암사모란,모란암사,암사모란
9:30,9:19,11:09,11:10
모란암사,암사모란,모란암사,암사모란
9:38,9:25,11:18,11:19
모란암사,암사모란,모란암사,암사모란
9:46,9:31,11:27,11:28
모란암사,암사모란,모란암사,암사모란
9:54,9:37,11:36,11:37
모란암사,암사모란,모란암사,암사모란
-,9:44,11:45,11:46
-,암사모란,모란암사,암사모란
-,9:51,11:54,11:55
-,암사모란,모란암사,암사모란
-,9:59,12:03,12:04
-,암사모란,모란암사,암사모란
10:03,10:07,12:12,12:13
모란암사,암사모란,모란암사,암사모란
10:11,10:15,12:21,12:22
모란암사,암사모란,모란암사,암사모란
10:20,10:23,12:30,12:31
모란암사,암사모란,모란암사,암사모란
10:28,10:31,12:39,12:40
모란암사,암사모란,모란암사,암사모란
10:37,10:40,12:48,12:49
모란암사,암사모란,모란암사,암사모란
10:45,10:48,12:57,12:58
모란암사,암사모란,모란암사,암사모란
10:54,10:57,13:06,13:07
모란암사,암사모란,모란암사,암사모란
11:02,11:05,13:15,13:16
모란암사,암사모란,모란암사,암사모란
11:11,11:14,13:24,13:25
모란암사,암사모란,모란암사,암사모란
11:19,11:22,13:33,13:34
모란암사,암사모란,모란암사,암사모란
11:28,11:31,13:42,13:43
모란암사,암사모란,모란암사,암사모란
11:36,11:39,13:51,13:52
모란암사,암사모란,모란암사,암사모란
11:45,11:48,14:00,14:01
모란암사,암사모란,모란암사,암사모란
11:53,11:56,14:09,14:10
모란암사,암사모란,모란암사,암사모란
12:02,12:05,14:18,14:19
모란암사,암사모란,모란암사,암사모란
12:10,12:13,14:27,14:28
모란암사,암사모란,모란암사,암사모란
12:19,12:22,14:36,14:37
모란암사,암사모란,모란암사,암사모란
12:27,12:30,14:45,14:46
모란암사,암사모란,모란암사,암사모란
12:36,12:39,14:54,14:55
모란암사,암사모란,모란암사,암사모란
12:44,12:47,15:03,15:04
모란암사,암사모란,모란암사,암사모란
12:53,12:56,15:12,15:13
모란암사,암사모란,모란암사,암사모란
13:01,13:04,15:21,15:22
모란암사,암사모란,모란암사,암사모란
13:10,13:13,15:30,15:31
모란암사,암사모란,모란암사,암사모란
13:18,13:21,15:39,15:40
모란암사,암사모란,모란암사,암사모란
13:27,13:30,15:48,15:49
모란암사,암사모란,모란암사,암사모란
13:35,13:38,15:57,15:58
모란암사,암사모란,모란암사,암사모란
13:44,13:47,16:06,16:07
모란암사,암사모란,모란암사,암사모란
13:52,13:55,16:15,16:16
모란암사,암사모란,모란암사,암사모란
14:01,14:04,16:24,16:25
모란암사,암사모란,모란암사,암사모란
14:09,14:12,16:33,16:34
모란암사,암사모란,모란암사,암사모란
14:18,14:21,16:42,16:43
모란암사,암사모란,모란암사,암사모란
14:26,14:29,16:51,16:52
모란암사,암사모란,모란암사,암사모란
14:35,14:38,17:00,17:01
모란암사,암사모란,모란암사,암사모란
14:43,14:46,17:09,17:10
모란암사,암사모란,모란암사,암사모란
14:52,14:55,17:18,17:19
모란암사,암사모란,모란암사,암사모란
15:00,15:03,17:27,17:28
모란암사,암사모란,모란암사,암사모란
15:09,15:12,17:36,17:37
모란암사,암사모란,모란암사,암사모란
15:17,15:20,17:45,17:46
모란암사,암사모란,모란암사,암사모란
15:26,15:29,17:54,17:55
모란암사,암사모란,모란암사,암사모란
15:34,15:37,18:03,18:04
모란암사,암사모란,모란암사,암사모란
15:43,15:46,18:12,18:13
모란암사,암사모란,모란암사,암사모란
15:51,15:54,18:21,18:22
모란암사,암사모란,모란암사,암사모란
16:00,16:03,18:30,18:31
모란암사,암사모란,모란암사,암사모란
16:08,16:11,18:39,18:40
모란암사,암사모란,모란암사,암사모란
16:17,16:20,18:48,18:49
모란암사,암사모란,모란암사,암사모란
16:25,16:28,18:57,18:58
모란암사,암사모란,모란암사,암사모란
16:34,16:37,19:06,19:07
모란암사,암사모란,모란암사,암사모란
16:42,16:45,19:15,19:16
모란암사,암사모란,모란암사,암사모란
16:51,16:54,19:24,19:25
모란암사,암사모란,모란암사,암사모란
16:59,-,19:33,19:34
모란암사,-,모란암사,암사모란
17:08,17:02,19:42,19:43
모란암사,암사모란,모란암사,암사모란
17:16,17:11,19:51,19:52
모란암사,암사모란,모란암사,암사모란
17:24,17:19,20:00,20:01
모란암사,암사모란,모란암사,암사모란
17:31,17:28,20:10,20:10
모란암사,암사모란,모란암사,암사모란
17:38,17:36,20:19,20:19
모란암사,암사모란,모란암사,암사모란
17:44,17:45,20:28,20:28
모란암사,암사모란,모란암사,암사모란
17:49,17:53,20:37,20:37
모란암사,암사모란,모란암사,암사모란
17:54,-,20:46,20:46
모란암사,-,모란암사,암사모란
17:59,-,20:55,20:55
모란암사,-,모란암사,암사모란
18:04,18:02,21:04,21:04
모란암사,암사모란,모란암사,암사모란
18:10,18:09,21:13,21:13
모란암사,암사모란,모란암사,암사모란
18:16,18:16,21:22,21:22
모란암사,암사모란,모란암사,암사모란
18:22,18:23,21:32,21:31
모란암사,암사모란,모란암사,암사모란
18:28,18:29,21:42,21:40
모란암사,암사모란,모란암사,암사모란
18:34,18:34,21:52,21:49
모란암사,암사모란,모란암사,암사모란
18:40,18:39,-,21:58
모란암사,암사모란,-,암사모란
18:46,18:44,22:02,22:07
모란암사,암사모란,모란암사,암사모란
18:52,18:49,22:12,22:17
모란암사,암사모란,모란암사,암사모란
18:58,18:55,22:23,22:27
모란암사,암사모란,모란암사,암사모란
19:04,19:01,22:34,22:37
모란암사,암사모란,모란암사,암사모란
19:10,19:07,22:45,22:47
모란암사,암사모란,모란암사,암사모란
19:17,19:13,22:57,22:57
모란암사,암사모란,모란암사,암사모란
19:24,19:19,23:09,23:08
모란암사,암사모란,모란암사,암사모란
19:31,19:25,23:21,23:19
모란암사,암사모란,모란암사,암사모란
19:38,19:31,23:33,23:30
모란암사,암사모란,모란암사,암사모란
19:45,19:37,23:46막,23:42
모란암사,암사모란,모란암사,암사모란
19:52,19:43,23:57막,23:54막
모란암사,암사모란,모란잠실,암사모란
19:59,19:49,-,-
모란암사,암사모란,-,-
-,19:55,-,-
-,암사모란,-,-
20:06,20:02,-,-
모란암사,암사모란,-,-
20:14,20:09,-,-
모란암사,암사모란,-,-
20:22,20:16,-,-
모란암사,암사모란,-,-
20:30,20:23,-,-
모란암사,암사모란,-,-
20:38,20:30,-,-
모란암사,암사모란,-,-
20:47,20:37,-,-
모란암사,암사모란,-,-
20:56,20:44,-,-
모란암사,암사모란,-,-
-,20:51,-,-
-,암사모란,-,-
-,20:59,-,-
-,암사모란,-,-
21:05,21:07,-,-
모란암사,암사모란,-,-
21:14,21:15,-,-
모란암사,암사모란,-,-
21:23,21:24,-,-
모란암사,암사모란,-,-
21:32,21:33,-,-
모란암사,암사모란,-,-
21:41,21:42,-,-
모란암사,암사모란,-,-
21:50,21:51,-,-
모란암사,암사모란,-,-
21:59,-,-,-
모란암사,-,-,-
22:09,22:00,-,-
모란암사,암사모란,-,-
22:19,22:09,-,-
모란암사,암사모란,-,-
22:29,22:19,-,-
모란암사,암사모란,-,-
22:39,22:29,-,-
모란암사,암사모란,-,-
22:51,22:39,-,-
모란암사,암사모란,-,-
-,22:49,-,-
-,암사모란,-,-
-,22:59,-,-
-,암사모란,-,-
23:06,23:09,-,-
모란암사,암사모란,-,-
23:21,23:19,-,-
모란암사,암사모란,-,-
23:36,23:29,-,-
모란암사,암사모란,-,-
23:51,23:44,-,-
모란암사,암사모란,-,-
-,23:59,-,-
-,암사모란,-,-
0:07,0:14,-,-
모란암사,암사모란,-,-
0:23,0:31,-,-
모란암사,암사모란,-,-
00:42막,00:49막,-,-
모란암사,암사모란,-,-
00:49막,-,-,-
모란잠실,-,-,-
