천호방면,몽촌토성방면,천호방면,몽촌토성방면
평일,평일,주말,주말
05:34첫,05:34첫,05:34첫,05:34첫
잠실암사,암사모란,잠실암사,암사모란
5:47,5:44,5:47,5:44
가락시장암사,암사모란,가락시장암사,암사모란
5:58,5:54,5:59,5:54
모란암사,암사모란,모란암사,암사모란
6:08,6:04,6:09,6:04
모란암사,암사모란,모란암사,암사모란
6:18,6:14,6:19,6:14
모란암사,암사모란,모란암사,암사모란
6:28,6:24,6:28,6:24
모란암사,암사모란,모란암사,암사모란
6:38,6:34,6:37,6:34
모란암사,암사모란,모란암사,암사모란
6:47,6:44,6:46,6:43
모란암사,암사모란,모란암사,암사모란
6:56,6:53,6:55,6:52
모란암사,암사모란,모란암사,암사모란
7:03,7:02,7:04,7:01
모란암사,암사모란,모란암사,암사모란
7:10,7:11,7:13,7:10
모란암사,암사모란,모란암사,암사모란
7:16,7:18,7:22,7:19
모란암사,암사모란,모란암사,암사모란
7:22,7:25,7:31,7:28
모란암사,암사모란,모란암사,암사모란
7:28,7:31,7:40,7:37
모란암사,암사모란,모란암사,암사모란
7:33,7:37,7:49,7:46
모란암사,암사모란,모란암사,암사모란
7:38,7:43,7:58,7:55
모란암사,암사모란,모란암사,암사모란
7:43,7:48,8:07,8:04
모란암사,암사모란,모란암사,암사모란
7:48,7:53,8:16,8:13
모란암사,암사모란,모란암사,암사모란
7:53,7:58,8:25,8:22
모란암사,암사모란,모란암사,암사모란
7:58,-,8:34,8:31
모란암사,-,모란암사,암사모란
8:04,8:03,8:43,8:40
모란암사,암사모란,모란암사,암사모란
8:09,8:08,8:52,8:49
모란암사,암사모란,모란암사,암사모란
8:13,8:13,-,8:58
모란암사,암사모란,-,암사모란
8:18,8:18,9:01,9:07
모란암사,암사모란,모란암사,암사모란
8:22,8:23,9:10,9:16
모란암사,암사모란,모란암사,암사모란
8:27,8:28,9:19,9:25
모란암사,암사모란,모란암사,암사모란
8:31,8:32,9:28,9:34
모란암사,암사모란,모란암사,암사모란
8:36,8:37,9:37,9:43
모란암사,암사모란,모란암사,암사모란
8:41,8:41,9:46,9:52
모란암사,암사모란,모란암사,암사모란
8:47,8:46,9:55,-
모란암사,암사모란,모란암사,-
8:53,8:51,10:04,10:01
모란암사,암사모란,모란암사,암사모란
8:59,8:57,10:13,10:10
모란암사,암사모란,모란암사,암사모란
9:06,9:03,10:22,10:19
모란암사,암사모란,모란암사,암사모란
9:14,9:09,10:31,10:28
모란암사,암사모란,모란암사,암사모란
9:21,9:15,10:40,10:37
모란암사,암사모란,모란암사,암사모란
9:29,9:22,10:49,10:46
모란암사,암사모란,모란암사,암사모란
9:37,9:29,10:58,10:55
모란암사,암사모란,모란암사,암사모란
9:45,9:36,11:07,11:04
모란암사,암사모란,모란암사,암사모란
9:53,9:44,11:16,11:13
모란암사,암사모란,모란암사,암사모란
-,9:52,11:25,11:22
-,암사모란,모란암사,암사모란
10:01,10:00,11:34,11:31
모란암사,암사모란,모란암사,암사모란
10:09,10:08,11:43,11:40
모란암사,암사모란,모란암사,암사모란
10:18,10:16,11:52,11:49
모란암사,암사모란,모란암사,암사모란
10:26,10:25,-,11:58
모란암사,암사모란,-,암사모란
10:35,10:33,12:01,12:07
모란암사,암사모란,모란암사,암사모란
10:43,10:42,12:10,12:16
모란암사,암사모란,모란암사,암사모란
10:52,10:50,12:19,12:25
모란암사,암사모란,모란암사,암사모란
-,10:59,12:28,12:34
-,암사모란,모란암사,암사모란
11:00,11:07,12:37,12:43
모란암사,암사모란,모란암사,암사모란
11:09,11:16,12:46,12:52
모란암사,암사모란,모란암사,암사모란
11:17,11:24,12:55,-
모란암사,암사모란,모란암사,-
11:26,11:33,13:04,13:01
모란암사,암사모란,모란암사,암사모란
11:34,11:41,13:13,13:10
모란암사,암사모란,모란암사,암사모란
11:43,11:50,13:22,13:19
모란암사,암사모란,모란암사,암사모란
11:51,11:58,13:31,13:28
모란암사,암사모란,모란암사,암사모란
12:00,12:07,13:40,13:37
모란암사,암사모란,모란암사,암사모란
12:08,12:15,13:49,13:46
모란암사,암사모란,모란암사,암사모란
12:17,12:24,13:58,13:55
모란암사,암사모란,모란암사,암사모란
12:25,12:32,14:07,14:04
모란암사,암사모란,모란암사,암사모란
12:34,12:41,14:16,14:13
모란암사,암사모란,모란암사,암사모란
12:42,12:49,14:25,14:22
모란암사,암사모란,모란암사,암사모란
12:51,12:58,14:34,14:31
모란암사,암사모란,모란암사,암사모란
12:59,-,14:43,14:40
모란암사,-,모란암사,암사모란
13:08,13:06,14:52,14:49
모란암사,암사모란,모란암사,암사모란
13:16,13:15,-,14:58
모란암사,암사모란,-,암사모란
13:25,13:23,15:01,15:07
모란암사,암사모란,모란암사,암사모란
13:33,13:32,15:10,15:16
모란암사,암사모란,모란암사,암사모란
13:42,13:40,15:19,15:25
모란암사,암사모란,모란암사,암사모란
13:50,13:49,15:28,15:34
모란암사,암사모란,모란암사,암사모란
13:59,13:57,15:37,15:43
모란암사,암사모란,모란암사,암사모란
14:07,14:06,15:46,15:52
모란암사,암사모란,모란암사,암사모란
14:16,14:14,15:55,-
모란암사,암사모란,모란암사,-
14:24,14:23,16:04,16:01
모란암사,암사모란,모란암사,암사모란
14:33,14:31,16:13,16:10
모란암사,암사모란,모란암사,암사모란
14:41,14:40,16:22,16:19
모란암사,암사모란,모란암사,암사모란
14:50,14:48,16:31,16:28
모란암사,암사모란,모란암사,암사모란
14:58,14:57,16:40,16:37
모란암사,암사모란,모란암사,암사모란
15:07,15:05,16:49,16:46
모란암사,암사모란,모란암사,암사모란
15:15,15:14,16:58,16:55
모란암사,암사모란,모란암사,암사모란
15:24,15:22,17:07,17:04
모란암사,암사모란,모란암사,암사모란
15:32,15:31,17:16,17:13
모란암사,암사모란,모란암사,암사모란
15:41,15:39,17:25,17:22
모란암사,암사모란,모란암사,암사모란
15:49,15:48,17:34,17:31
모란암사,암사모란,모란암사,암사모란
15:58,15:56,17:43,17:40
모란암사,암사모란,모란암사,암사모란
16:06,16:05,17:52,17:49
모란암사,암사모란,모란암사,암사모란
16:15,16:13,-,17:58
모란암사,암사모란,-,암사모란
16:23,16:22,18:01,18:07
모란암사,암사모란,모란암사,암사모란
16:32,16:30,18:10,18:16
모란암사,암사모란,모란암사,암사모란
16:40,16:39,18:19,18:25
모란암사,암사모란,모란암사,암사모란
16:49,16:47,18:28,18:34
모란암사,암사모란,모란암사,암사모란
16:57,16:56,18:37,18:43
모란암사,암사모란,모란암사,암사모란
17:06,17:04,18:46,18:52
모란암사,암사모란,모란암사,암사모란
17:14,17:13,18:55,-
모란암사,암사모란,모란암사,-
17:22,17:21,19:04,19:01
모란암사,암사모란,모란암사,암사모란
17:31,17:30,19:13,19:10
모란암사,암사모란,모란암사,암사모란
17:39,17:38,19:22,19:19
모란암사,암사모란,모란암사,암사모란
17:46,17:47,19:31,19:28
모란암사,암사모란,모란암사,암사모란
17:53,17:54,19:40,19:37
모란암사,암사모란,모란암사,암사모란
17:59,-,19:49,19:46
모란암사,-,모란암사,암사모란
18:04,18:01,19:58,19:55
모란암사,암사모란,모란암사,암사모란
18:09,18:08,20:07,20:04
모란암사,암사모란,모란암사,암사모란
18:14,18:14,20:16,20:13
모란암사,암사모란,모란암사,암사모란
18:19,18:19,20:25,20:22
모란암사,암사모란,모란암사,암사모란
18:25,18:24,20:34,20:31
모란암사,암사모란,모란암사,암사모란
18:31,18:29,20:43,20:40
모란암사,암사모란,모란암사,암사모란
18:37,18:34,20:52,20:49
모란암사,암사모란,모란암사,암사모란
18:43,18:40,-,20:58
모란암사,암사모란,-,암사모란
18:49,18:46,21:01,21:07
모란암사,암사모란,모란암사,암사모란
18:55,18:52,21:10,21:16
모란암사,암사모란,모란암사,암사모란
-,18:58,21:19,21:25
-,암사모란,모란암사,암사모란
19:01,19:04,21:28,21:34
모란암사,암사모란,모란암사,암사모란
19:07,19:10,21:37,21:43
모란암사,암사모란,모란암사,암사모란
19:13,19:16,21:47,21:52
모란암사,암사모란,모란암사,암사모란
19:19,19:22,21:57,-
모란암사,암사모란,모란암사,-
19:25,19:28,22:07,22:02
모란암사,암사모란,모란암사,암사모란
19:32,19:34,22:17,22:12
모란암사,암사모란,모란암사,암사모란
19:39,19:40,22:27,22:22
모란암사,암사모란,모란암사,암사모란
19:46,19:47,22:38,22:32
모란암사,암사모란,모란암사,암사모란
19:53,19:54,22:49,22:42
모란암사,암사모란,모란암사,암사모란
20:00,20:01,-,22:53
모란암사,암사모란,-,암사모란
20:07,20:08,23:00,23:04
모란암사,암사모란,모란암사,암사모란
20:14,20:15,23:12,23:15
모란암사,암사모란,모란암사,암사모란
20:21,20:22,23:24,23:27
모란암사,암사모란,모란암사,암사모란
20:28,20:29,23:36,23:39막
모란암사,암사모란,모란암사,암사모란
20:36,20:36,23:48,23:54막
모란암사,암사모란,모란암사,암사가락시장
20:44,20:44,00:01막,-
모란암사,암사모란,모란암사,-
20:52,20:52,-,-
모란암사,암사모란,-,-
21:01,21:00,-,-
모란암사,암사모란,-,-
21:10,21:09,-,-
모란암사,암사모란,-,-
21:19,21:18,-,-
모란암사,암사모란,-,-
21:28,21:27,-,-
모란암사,암사모란,-,-
21:37,21:36,-,-
모란암사,암사모란,-,-
21:46,21:45,-,-
모란암사,암사모란,-,-
21:55,21:54,-,-
모란암사,암사모란,-,-
22:04,22:04,-,-
모란암사,암사모란,-,-
22:13,22:14,-,-
모란암사,암사모란,-,-
22:23,22:24,-,-
모란암사,암사모란,-,-
22:33,22:34,-,-
모란암사,암사모란,-,-
22:43,22:44,-,-
모란암사,암사모란,-,-
22:53,22:54,-,-
모란암사,암사모란,-,-
23:05,23:04,-,-
모란암사,암사모란,-,-
23:21,23:14,-,-
모란암사,암사모란,-,-
23:36,23:29,-,-
모란암사,암사모란,-,-
23:51,23:44,-,-
모란암사,암사모란,-,-
-,23:59,-,-
-,암사모란,-,-
0:06,0:16,-,-
모란암사,암사모란,-,-
0:22,00:34막,-,-
모란암사,암사모란,-,-
0:38,00:52막,-,-
모란암사,암사가락시장,-,-
00:57막,-,-,-
모란암사,-,-,-
