﻿사당방면,선바위방면,사당방면,선바위방면
평일,평일,주말,주말
05:30첫,05:52첫,05:30첫,05:52첫
남태령진접,사당오이도,남태령진접,사당오이도
5:41,,5:54,
산본당고개,,산본당고개,
5:58,,6:10,6:09
안산당고개,,안산당고개,한성대입구오이도
6:12,6:08,6:17,6:26
오이도당고개,한성대입구오이도,안산당고개,당고개오이도
6:20,6:21,6:29,6:38
오이도당고개,노원오이도,오이도당고개,당고개오이도
6:31,6:32,6:41,6:50
오이도당고개,당고개오이도,오이도당고개,당고개오이도
6:38,6:41,6:53,
오이도당고개,당고개오이도,오이도당고개,
6:43,6:52,7:05,7:02
오이도당고개,당고개오이도,오이도당고개,당고개안산
6:52,,7:17,7:14
오이도당고개,,오이도당고개,당고개오이도
7:01,7:01,7:29,7:26
오이도당고개,당고개오이도,오이도당고개,당고개오이도
7:09,7:09,7:41,7:38
오이도당고개,당고개오이도,오이도당고개,당고개오이도
7:17,7:17,7:53,7:50
오이도당고개,당고개오이도,오이도당고개,당고개오이도
7:23,7:25,7:59,7:56
안산당고개,당고개안산,안산당고개,당고개오이도
7:29,7:33,8:05,8:08
오이도당고개,당고개오이도,오이도당고개,당고개오이도
07:35급첫,7:40,8:17,8:14
오이도당고개,당고개오이도,오이도당고개,당고개안산
7:42,7:46,8:23,8:25
안산당고개,당고개안산,오이도당고개,당고개오이도
7:47,7:53,8:35,8:32
오이도당고개,당고개오이도,오이도당고개,당고개오이도
07:53급,7:58,8:47,8:44
오이도당고개,당고개오이도,오이도당고개,당고개오이도
7:58,,8:59,8:56
오이도당고개,,오이도당고개,당고개오이도
8:04,8:04,9:09,9:08
안산당고개,당고개오이도,안산당고개,당고개오이도
8:10,8:11,9:14,9:20
오이도당고개,당고개오이도,오이도당고개,당고개오이도
8:18,8:17,9:24,9:32
오이도당고개,당고개안산,오이도당고개,당고개오이도
8:23,8:24,9:35,9:44
오이도당고개,당고개오이도,오이도당고개,당고개오이도
8:27,8:28,9:47,9:56
오이도당고개,당고개오이도,오이도당고개,당고개오이도
8:33,8:34,9:59,
오이도당고개,당고개안산,오이도당고개,
8:39,8:41,10:11,10:08
오이도당고개,당고개오이도,오이도당고개,당고개오이도
08:45급,8:46,10:23,10:20
오이도당고개,당고개오이도,오이도당고개,당고개안산
8:51,8:51,10:28,10:26
오이도당고개,창동오이도,오이도당고개,당고개오이도
08:57급막,8:54,10:40,10:38
오이도당고개,당고개안산,오이도당고개,당고개오이도
9:03,9:04,10:52,10:50
오이도당고개,당고개오이도,오이도당고개,당고개오이도
9:10,9:11,11:04,11:02
오이도당고개,당고개오이도,오이도당고개,당고개오이도
9:18,9:18,11:13,11:14
안산당고개,당고개오이도,오이도당고개,당고개오이도
9:25,9:24,11:20,11:26
오이도당고개,당고개오이도,오이도당고개,당고개오이도
9:34,9:31,11:29,11:38
안산당고개,당고개안산,오이도당고개,당고개오이도
9:41,9:35,11:39,11:50
오이도당고개,당고개오이도,오이도당고개,당고개오이도
9:51,9:43,11:44,
오이도당고개,당고개오이도,오이도당고개,
,9:49,11:54,
,당고개안산,오이도당고개,
,9:54,12:04,12:02
,당고개오이도,오이도당고개,당고개오이도
10:01,10:05,12:09,12:14
오이도당고개,당고개오이도,오이도당고개,당고개오이도
10:11,10:15,12:19,12:26
오이도당고개,당고개오이도,오이도당고개,당고개오이도
10:21,10:25,12:28,12:31
오이도당고개,당고개오이도,안산당고개,당고개오이도
10:31,10:29,12:34,12:39
오이도당고개,당고개안산,오이도당고개,당고개안산
10:41,10:38,12:42,12:47
오이도당고개,당고개오이도,안산당고개,당고개오이도
10:50,10:48,12:50,12:56
오이도당고개,당고개오이도,오이도당고개,당고개오이도
,10:58,12:59,
,당고개오이도,오이도당고개,
11:01,11:09,13:09,13:06
오이도당고개,당고개오이도,오이도당고개,당고개오이도
11:13,11:20,13:19,13:16
오이도당고개,당고개오이도,오이도당고개,당고개오이도
11:21,11:31,13:24,13:21
오이도당고개,당고개오이도,오이도당고개,당고개안산
11:24,11:42,13:34,13:31
오이도당고개,당고개오이도,오이도당고개,당고개오이도
11:34,11:53,13:42,13:39
오이도당고개,당고개오이도,안산당고개,당고개오이도
11:48,,13:50,13:47
오이도당고개,,오이도당고개,당고개오이도
11:58,,13:59,13:56
오이도당고개,,오이도당고개,당고개오이도
12:08,12:04,14:09,14:06
오이도당고개,당고개오이도,오이도당고개,당고개오이도
12:16,12:11,14:14,14:11
안산당고개,당고개오이도,오이도당고개,당고개오이도
12:26,12:23,14:24,14:21
오이도당고개,당고개오이도,오이도당고개,당고개오이도
12:36,12:35,14:34,14:31
오이도당고개,당고개오이도,오이도당고개,당고개안산
12:44,12:47,14:39,14:36
오이도당고개,당고개안산,오이도당고개,당고개오이도
12:54,12:54,14:47,14:44
오이도당고개,당고개오이도,안산당고개,당고개안산
13:05,13:05,14:55,14:52
오이도당고개,당고개오이도,오이도당고개,당고개오이도
13:19,13:16,15:04,15:01
오이도당고개,당고개오이도,오이도당고개,당고개오이도
13:30,13:27,15:14,15:11
오이도당고개,당고개오이도,오이도당고개,당고개오이도
13:39,13:37,15:24,15:21
오이도당고개,당고개오이도,오이도당고개,당고개안산
13:49,13:49,15:29,15:26
오이도당고개,당고개오이도,안산당고개,당고개오이도
14:01,14:00,15:39,15:36
오이도당고개,당고개오이도,오이도당고개,당고개오이도
14:13,14:10,15:47,15:44
오이도당고개,당고개오이도,오이도당고개,당고개오이도
14:19,14:18,15:55,15:52
오이도당고개,당고개오이도,오이도당고개,당고개안산
14:31,14:29,16:04,16:01
오이도당고개,당고개오이도,오이도당고개,당고개오이도
14:43,14:39,16:13,16:11
오이도당고개,당고개오이도,오이도당고개,당고개오이도
14:48,14:47,16:20,16:16
안산당고개,당고개오이도,오이도당고개,당고개안산
14:58,14:57,16:29,16:26
오이도당고개,당고개오이도,오이도당고개,당고개오이도
15:08,15:08,16:39,16:36
오이도당고개,당고개오이도,안산당고개,당고개안산
15:22,15:22,16:44,16:41
오이도당고개,당고개오이도,오이도당고개,당고개오이도
15:33,15:33,16:53,16:49
오이도당고개,당고개오이도,오이도당고개,당고개안산
15:41,15:42,,16:57
오이도당고개,당고개오이도,,당고개오이도
15:48,15:53,17:00,17:06
안산당고개,당고개오이도,안산당고개,당고개오이도
15:55,,17:09,17:16
오이도당고개,,오이도당고개,당고개오이도
16:07,16:04,17:19,17:26
오이도당고개,당고개오이도,오이도당고개,당고개오이도
16:18,16:16,17:28,17:31
오이도당고개,당고개오이도,안산당고개,당고개오이도
16:24,16:22,17:34,17:41
오이도당고개,당고개오이도,오이도당고개,당고개오이도
16:36,16:35,17:44,17:51
오이도당고개,당고개오이도,안산당고개,당고개오이도
16:47,16:46,17:49,17:56
오이도당고개,당고개오이도,오이도당고개,당고개오이도
16:54,16:51,18:00,18:06
오이도당고개,당고개오이도,오이도당고개,당고개오이도
17:03,17:01,18:11,18:16
오이도당고개,당고개오이도,오이도당고개,당고개오이도
17:14,17:11,18:21,18:21
오이도당고개,당고개오이도,오이도당고개,당고개오이도
17:24,17:25,18:26,18:32
안산당고개,당고개오이도,안산당고개,당고개오이도
17:28,17:34,18:36,18:44
오이도당고개,당고개오이도,오이도당고개,당고개오이도
17:37,17:43,18:48,18:56
오이도당고개,당고개오이도,오이도당고개,당고개오이도
17:45,17:50,19:00,19:03
안산당고개,당고개오이도,안산당고개,당고개오이도
17:52,17:57,19:06,19:14
오이도당고개,당고개오이도,오이도당고개,당고개오이도
18:00,18:04,19:18,19:25
안산당고개,창동오이도,오이도당고개,당고개오이도
18:07,18:11,19:30,19:35
오이도당고개,당고개오이도,오이도당고개,당고개오이도
18:14,18:19,19:42,19:40
오이도당고개,당고개오이도,오이도당고개,당고개오이도
18:21,18:26,19:54,19:50
안산당고개,당고개오이도,오이도당고개,당고개오이도
18:28,18:32,20:06,20:02
오이도당고개,당고개오이도,오이도당고개,당고개오이도
18:35,18:39,20:18,20:14
오이도당고개,당고개오이도,오이도당고개,당고개오이도
18:42,18:49,20:30,20:24
오이도당고개,당고개오이도,오이도당고개,당고개오이도
18:50,18:55,20:41,20:29
오이도당고개,당고개오이도,오이도당고개,당고개안산
18:57,,20:49,20:39
오이도당고개,,오이도당고개,당고개오이도
19:04,19:01,,20:49
오이도당고개,당고개오이도,,당고개오이도
19:10,19:08,,20:54
오이도당고개,당고개안산,,당고개오이도
19:18,19:15급첫,21:00,21:04
오이도당고개,당고개오이도,오이도당고개,당고개오이도
19:25,19:22,21:12,21:09
오이도당고개,창동오이도,오이도당고개,당고개오이도
19:32,19:29,21:24,21:20
오이도당고개,당고개오이도,오이도당고개,당고개오이도
19:40,19:33,21:36,21:32
오이도당고개,당고개안산,오이도당고개,당고개오이도
19:49,19:40,21:48,21:44
오이도당고개,당고개오이도,오이도당고개,당고개오이도
19:56,19:47,,21:56
오이도당고개,당고개오이도,,당고개오이도
,19:54,22:00,22:08
,당고개오이도,오이도당고개,당고개오이도
20:05,20:02,22:12,22:20
오이도당고개,당고개오이도,오이도당고개,당고개오이도
20:12,20:10,22:24,22:32
오이도당고개,당고개오이도,오이도당고개,당고개오이도
20:21,20:18,22:40,22:42
오이도당고개,당고개오이도,오이도당고개,당고개안산
20:30,20:26급,22:56막,22:49
오이도당고개,당고개오이도,오이도당고개,당고개오이도
20:38,20:36,23:12막,23:05막
안산당고개,당고개오이도,오이도노원,당고개오이도
20:47,20:44,23:28막,23:18
오이도당고개,당고개오이도,오이도한성대입구,당고개안산
20:53,20:53,23:58막,23:41막
오이도당고개,당고개오이도,오이도사당,당고개안산
21:03,21:00,,00:03막
오이도당고개,당고개오이도,,당고개산본
21:13,21:06,,
안산당고개,당고개안산,,
21:16,21:13급막,,
오이도당고개,당고개오이도,,
21:22,21:21,,
안산당고개,당고개오이도,,
21:27,21:30,,
오이도당고개,당고개오이도,,
21:40,21:40,,
오이도당고개,당고개오이도,,
21:54,21:45,,
오이도당고개,당고개안산,,
,21:52,,
,창동오이도,,
,21:59,,
,당고개오이도,,
22:02,22:08,,
오이도당고개,당고개안산,,
22:17,22:15,,
오이도당고개,당고개오이도,,
22:31,22:28,,
오이도당고개,당고개오이도,,
22:45,22:37,,
오이도당고개,당고개안산,,
22:57,22:45,,
오이도당고개,당고개오이도,,
,22:56,,
,당고개오이도,,
23:12,23:08,,
오이도당고개,당고개오이도,,
23:25,23:16,,
오이도당고개,당고개안산,,
23:38,23:32막,,
오이도당고개,당고개오이도,,
23:56막,23:47막,,
오이도당고개,당고개안산,,
00:28막,00:11막,,
오이도한성대입구,당고개금정,,
