﻿남태령방면,경마공원방면,남태령방면,경마공원방면
평일,평일,주말,주말
05:38첫,05:55첫,05:51첫,05:55첫
산본당고개,사당오이도,산본당고개,사당오이도
5:55,,6:07,6:12
안산당고개,,안산당고개,한성대입구오이도
6:09,6:11,6:14,6:29
오이도당고개,한성대입구오이도,안산당고개,당고개오이도
6:17,6:24,6:26,6:41
오이도당고개,노원오이도,오이도당고개,당고개오이도
6:28,6:35,6:38,6:53
오이도당고개,당고개오이도,오이도당고개,당고개오이도
6:35,6:44,6:50,
오이도당고개,당고개오이도,오이도당고개,
6:40,6:55,7:02,7:05
오이도당고개,당고개오이도,오이도당고개,당고개안산
6:49,,7:14,7:17
오이도당고개,,오이도당고개,당고개오이도
6:58,,7:26,7:29
오이도당고개,,오이도당고개,당고개오이도
7:06,7:04,7:38,7:41
오이도당고개,당고개오이도,오이도당고개,당고개오이도
7:14,7:12,7:50,7:53
오이도당고개,당고개오이도,오이도당고개,당고개오이도
7:20,7:20,7:56,7:59
안산당고개,당고개오이도,안산당고개,당고개오이도
7:26,7:28,8:02,8:11
오이도당고개,당고개안산,오이도당고개,당고개오이도
07:32급첫,7:36,8:14,8:17
오이도당고개,당고개오이도,오이도당고개,당고개안산
7:39,7:43,8:20,8:28
안산당고개,당고개오이도,오이도당고개,당고개오이도
7:44,7:49,8:32,8:35
오이도당고개,당고개안산,오이도당고개,당고개오이도
07:50급,7:56,8:44,8:47
오이도당고개,당고개오이도,오이도당고개,당고개오이도
7:55,,8:56,8:59
오이도당고개,,오이도당고개,당고개오이도
8:01,8:01,9:06,9:11
안산당고개,당고개오이도,안산당고개,당고개오이도
8:07,8:07,9:11,9:23
오이도당고개,당고개오이도,오이도당고개,당고개오이도
8:15,8:14,9:21,9:35
오이도당고개,당고개오이도,오이도당고개,당고개오이도
8:20,8:20,9:32,9:47
오이도당고개,당고개안산,오이도당고개,당고개오이도
8:24,8:27,9:44,9:59
오이도당고개,당고개오이도,오이도당고개,당고개오이도
8:30,8:31,9:56,
오이도당고개,당고개오이도,오이도당고개,
8:36,8:37,10:08,10:11
오이도당고개,당고개안산,오이도당고개,당고개오이도
08:42급,8:44,10:20,10:23
오이도당고개,당고개오이도,오이도당고개,당고개안산
8:48,8:49,10:25,10:29
오이도당고개,당고개오이도,오이도당고개,당고개오이도
08:54급막,8:54,10:37,10:41
오이도당고개,창동오이도,오이도당고개,당고개오이도
,8:57,10:49,10:53
,당고개안산,오이도당고개,당고개오이도
9:00,9:07,11:01,11:05
오이도당고개,당고개오이도,오이도당고개,당고개오이도
9:07,9:14,11:10,11:17
오이도당고개,당고개오이도,오이도당고개,당고개오이도
9:15,9:21,11:17,11:29
안산당고개,당고개오이도,오이도당고개,당고개오이도
9:22,9:27,11:26,11:41
오이도당고개,당고개오이도,오이도당고개,당고개오이도
9:31,9:34,11:36,11:53
안산당고개,당고개안산,오이도당고개,당고개오이도
9:38,9:38,11:41,
오이도당고개,당고개오이도,오이도당고개,
9:48,9:46,11:51,
오이도당고개,당고개오이도,오이도당고개,
9:58,9:52,12:01,12:05
오이도당고개,당고개안산,오이도당고개,당고개오이도
,9:57,12:06,12:17
,당고개오이도,오이도당고개,당고개오이도
10:08,10:08,12:16,12:29
오이도당고개,당고개오이도,오이도당고개,당고개오이도
10:18,10:18,12:25,12:34
오이도당고개,당고개오이도,안산당고개,당고개오이도
10:28,10:28,12:31,12:42
오이도당고개,당고개오이도,오이도당고개,당고개안산
10:38,10:32,12:39,12:50
오이도당고개,당고개안산,안산당고개,당고개오이도
10:47,10:41,12:47,12:59
오이도당고개,당고개오이도,오이도당고개,당고개오이도
10:58,10:51,12:56,
오이도당고개,당고개오이도,오이도당고개,
11:10,11:01,13:06,13:09
오이도당고개,당고개오이도,오이도당고개,당고개오이도
11:18,11:12,13:16,13:19
오이도당고개,당고개오이도,오이도당고개,당고개오이도
11:21,11:23,13:21,13:24
오이도당고개,당고개오이도,오이도당고개,당고개안산
11:31,11:34,13:31,13:34
오이도당고개,당고개오이도,오이도당고개,당고개오이도
11:45,11:45,13:39,13:42
오이도당고개,당고개오이도,안산당고개,당고개오이도
11:55,11:56,13:47,13:50
오이도당고개,당고개오이도,오이도당고개,당고개오이도
12:05,12:07,13:56,13:59
오이도당고개,당고개오이도,오이도당고개,당고개오이도
12:13,12:14,14:06,14:09
안산당고개,당고개오이도,오이도당고개,당고개오이도
12:23,12:26,14:11,14:14
오이도당고개,당고개오이도,오이도당고개,당고개오이도
12:33,12:38,14:21,14:24
오이도당고개,당고개오이도,오이도당고개,당고개오이도
12:41,12:50,14:31,14:34
오이도당고개,당고개안산,오이도당고개,당고개안산
12:51,12:57,14:36,14:39
오이도당고개,당고개오이도,오이도당고개,당고개오이도
13:02,13:08,14:44,14:47
오이도당고개,당고개오이도,안산당고개,당고개안산
13:16,13:19,14:52,14:55
오이도당고개,당고개오이도,오이도당고개,당고개오이도
13:27,13:30,15:01,15:04
오이도당고개,당고개오이도,오이도당고개,당고개오이도
13:36,13:40,15:11,15:14
오이도당고개,당고개오이도,오이도당고개,당고개오이도
13:46,13:52,15:21,15:24
오이도당고개,당고개오이도,오이도당고개,당고개안산
13:58,,15:26,15:29
오이도당고개,,안산당고개,당고개오이도
14:10,14:03,15:36,15:39
오이도당고개,당고개오이도,오이도당고개,당고개오이도
14:16,14:13,15:44,15:47
오이도당고개,당고개오이도,오이도당고개,당고개오이도
14:28,14:21,15:52,15:55
오이도당고개,당고개오이도,오이도당고개,당고개안산
14:40,14:32,16:01,16:04
오이도당고개,당고개오이도,오이도당고개,당고개오이도
14:45,14:42,16:10,16:14
안산당고개,당고개오이도,오이도당고개,당고개오이도
14:55,14:50,16:17,16:19
오이도당고개,당고개오이도,오이도당고개,당고개안산
15:05,15:00,16:26,16:29
오이도당고개,당고개오이도,오이도당고개,당고개오이도
15:19,15:11,16:36,16:39
오이도당고개,당고개오이도,안산당고개,당고개안산
15:30,15:25,16:41,16:44
오이도당고개,당고개오이도,오이도당고개,당고개오이도
15:38,15:36,16:50,16:52
오이도당고개,당고개오이도,오이도당고개,당고개안산
15:45,15:45,16:57,
안산당고개,당고개오이도,안산당고개,
15:52,15:56,17:06,17:00
오이도당고개,당고개오이도,오이도당고개,당고개오이도
16:04,16:07,17:16,17:09
오이도당고개,당고개오이도,오이도당고개,당고개오이도
16:15,16:19,17:25,17:19
오이도당고개,당고개오이도,안산당고개,당고개오이도
16:21,16:25,17:31,17:29
오이도당고개,당고개오이도,오이도당고개,당고개오이도
16:33,16:38,17:41,17:34
오이도당고개,당고개오이도,안산당고개,당고개오이도
16:44,16:49,17:46,17:44
오이도당고개,당고개오이도,오이도당고개,당고개오이도
16:51,16:54,17:57,17:54
오이도당고개,당고개오이도,오이도당고개,당고개오이도
17:00,17:04,,17:59
오이도당고개,당고개오이도,,당고개오이도
17:11,17:14,18:08,18:09
오이도당고개,당고개오이도,오이도당고개,당고개오이도
17:21,17:28,18:18,18:19
안산당고개,당고개오이도,오이도당고개,당고개오이도
17:25,17:37,18:23,18:24
오이도당고개,당고개오이도,안산당고개,당고개오이도
17:34,17:46,18:33,18:35
오이도당고개,당고개오이도,오이도당고개,당고개오이도
17:42,17:53,18:45,18:47
안산당고개,당고개오이도,오이도당고개,당고개오이도
17:49,,18:57,18:59
오이도당고개,,안산당고개,당고개오이도
17:57,,19:03,19:06
안산당고개,,오이도당고개,당고개오이도
18:04,18:00,19:15,19:17
오이도당고개,당고개오이도,오이도당고개,당고개오이도
18:11,18:07,19:27,19:28
오이도당고개,창동오이도,오이도당고개,당고개오이도
18:18,18:14,19:39,19:38
안산당고개,당고개오이도,오이도당고개,당고개오이도
18:25,18:22,19:51,19:43
오이도당고개,당고개오이도,오이도당고개,당고개오이도
18:32,18:29,,19:53
오이도당고개,당고개오이도,,당고개오이도
18:39,18:35,20:03,20:05
오이도당고개,당고개오이도,오이도당고개,당고개오이도
18:47,18:42,20:15,20:17
오이도당고개,당고개오이도,오이도당고개,당고개오이도
18:54,18:52,20:27,20:27
오이도당고개,당고개오이도,오이도당고개,당고개오이도
,18:58,20:38,20:32
,당고개오이도,오이도당고개,당고개안산
19:01,19:04,20:46,20:42
오이도당고개,당고개오이도,오이도당고개,당고개오이도
19:07,19:11,20:57,20:52
오이도당고개,당고개안산,오이도당고개,당고개오이도
19:15,19:18급첫,,20:57
오이도당고개,당고개오이도,,당고개오이도
19:22,19:25,21:09,21:07
오이도당고개,창동오이도,오이도당고개,당고개오이도
19:29,19:32,21:21,21:12
오이도당고개,당고개오이도,오이도당고개,당고개오이도
19:37,19:36,21:33,21:23
오이도당고개,당고개안산,오이도당고개,당고개오이도
19:46,19:43,21:45,21:35
오이도당고개,당고개오이도,오이도당고개,당고개오이도
19:53,19:50,21:57,21:47
오이도당고개,당고개오이도,오이도당고개,당고개오이도
,19:57,,21:59
,당고개오이도,,당고개오이도
20:02,20:05,22:09,22:11
오이도당고개,당고개오이도,오이도당고개,당고개오이도
20:09,20:13,22:21,22:23
오이도당고개,당고개오이도,오이도당고개,당고개오이도
20:18,20:21,22:37,22:35
오이도당고개,당고개오이도,오이도당고개,당고개오이도
20:27,20:29급,22:53막,22:45
오이도당고개,당고개오이도,오이도당고개,당고개안산
20:35,20:39,,22:52
안산당고개,당고개오이도,,당고개오이도
20:44,20:47,23:09막,23:08막
오이도당고개,당고개오이도,오이도노원,당고개오이도
20:50,20:56,23:25막,23:21
오이도당고개,당고개오이도,오이도한성대입구,당고개안산
21:00,21:03,23:55막,23:44막
오이도당고개,당고개오이도,오이도사당,당고개안산
21:10,21:09,,00:06막
안산당고개,당고개안산,,당고개산본
21:13,21:16급막,,
오이도당고개,당고개오이도,,
21:19,21:24,,
안산당고개,당고개오이도,,
21:24,21:33,,
오이도당고개,당고개오이도,,
21:37,21:43,,
오이도당고개,당고개오이도,,
21:51,21:48,,
오이도당고개,당고개안산,,
21:59,21:55,,
오이도당고개,창동오이도,,
22:14,22:02,,
오이도당고개,당고개오이도,,
22:28,22:11,,
오이도당고개,당고개안산,,
22:42,22:18,,
오이도당고개,당고개오이도,,
22:54,22:31,,
오이도당고개,당고개오이도,,
,22:40,,
,당고개안산,,
,22:48,,
,당고개오이도,,
,22:59,,
,당고개오이도,,
23:09,23:11,,
오이도당고개,당고개오이도,,
23:22,23:19,,
오이도당고개,당고개안산,,
23:35,23:35막,,
오이도당고개,당고개오이도,,
23:53막,23:50막,,
오이도당고개,당고개안산,,
00:25막,00:14막,,
오이도한성대입구,당고개금정,,
