﻿동대문방면,충무로방면,동대문방면,충무로방면
평일,평일,주말,주말
05:40첫,05:41첫,05:41첫,05:43첫
서울역진접,한성대입구오이도,서울역당고개,한성대입구오이도
5:56,5:54,05:56첫,5:54
남태령진접,노원오이도,남태령진접,노원사당
,5:59,,5:59
,당고개사당,,당고개오이도
6:07,6:05,6:09,6:05
산본당고개,당고개오이도,사당진접,당고개사당
6:16,6:09,6:20,6:11
사당당고개,진접사당,산본당고개,당고개오이도
6:24,6:14,6:29,6:17
안산당고개,당고개오이도,사당진접,진접사당
6:32,6:20,6:37,6:23
사당당고개,당고개사당,안산당고개,당고개오이도
6:39,6:25,6:44,6:29
오이도당고개,당고개오이도,안산당고개,진접사당
6:47,6:30,6:50,6:35
오이도당고개,진접사당,사당진접,당고개안산
6:54,6:34,6:56,6:41
사당진접,당고개오이도,오이도당고개,진접사당
6:58,6:38,,6:47
오이도당고개,창동사당,,당고개오이도
,6:42,,6:53
,당고개오이도,,당고개사당
,6:46,,6:59
,진접사당,,당고개오이도
,6:50,7:02,7:05
,당고개오이도,사당진접,진접사당
,6:53,7:08,7:11
,창동사당,오이도당고개,당고개오이도
,6:58,7:14,7:17
,당고개안산,사당당고개,당고개사당
7:02,7:02,7:20,7:23
사당진접,진접사당,오이도당고개,당고개오이도
7:05,7:06,7:26,7:29
오이도당고개,당고개오이도,사당진접,당고개오이도
7:10,7:10,7:32,7:35
오이도당고개,창동사당,오이도당고개,진접사당
7:14,7:13,7:38,7:41
사당진접,당고개오이도,사당진접,당고개오이도
7:19,7:16,7:44,7:47
오이도당고개,진접사당,오이도당고개,당고개안산
7:23,7:19,7:50,7:53
사당진접,당고개안산,사당당고개,진접사당
7:28,7:23,7:56,7:58
오이도당고개,당고개사당,오이도당고개,당고개오이도
7:32,7:26,8:02,8:05
사당진접,당고개오이도,사당진접,당고개오이도
7:36,7:31,8:08,8:11
오이도당고개,당고개오이도,오이도당고개,진접사당
7:40,7:34,8:14,8:17
사당진접,진접사당,사당당고개,당고개오이도
7:43,7:37,8:20,8:23
오이도당고개,당고개오이도,오이도당고개,당고개사당
7:49,7:41,8:25,8:29
안산당고개,당고개사당,안산당고개,당고개오이도
7:53,7:44,8:32,8:35
사당진접,당고개오이도,오이도당고개,진접사당
7:55,7:47,8:38,8:41
오이도당고개,창동사당,사당진접,당고개오이도
7:59,7:50,8:44,8:47
사당당고개,당고개안산,오이도당고개,진접사당
,7:54,8:50,8:53
,진접사당,오이도당고개,당고개오이도
,7:57,8:56,8:59
,당고개오이도,사당당고개,당고개사당
08:02급첫,8:01,9:02,9:05
오이도당고개,당고개오이도,오이도당고개,당고개오이도
8:05,8:04,9:08,9:11
사당진접,진접사당,사당당고개,진접사당
8:08,8:07,9:14,9:17
안산당고개,당고개안산,오이도당고개,당고개오이도
8:11,8:11,9:20,9:23
사당당고개,진접사당,사당당고개,진접사당
8:14,8:14,9:26,9:29
오이도당고개,당고개오이도,오이도당고개,당고개오이도
8:17,8:17,9:31,9:35
사당진접,창동사당,사당진접,당고개사당
08:20급,8:19,9:36,9:41
오이도당고개,당고개오이도,안산당고개,당고개오이도
8:25,8:22,9:41,9:47
오이도당고개,진접사당,오이도당고개,진접사당
8:28,8:25,9:46,9:53
사당진접,창동오이도,사당당고개,당고개안산
8:30,8:27,9:51,9:59
안산당고개,당고개안산,오이도당고개,당고개오이도
8:34,8:32,9:57,
사당당고개,진접사당,사당당고개,
8:37,8:37,10:02,10:05
오이도당고개,당고개오이도,오이도당고개,진접사당
8:41,8:41,10:08,10:11
사당진접,진접사당,사당진접,당고개오이도
8:44,8:44,10:14,10:17
오이도당고개,당고개오이도,오이도당고개,진접사당
8:47,8:49,10:20,10:23
사당진접,진접사당,사당진접,당고개오이도
8:50,8:51,10:26,10:29
오이도당고개,당고개오이도,오이도당고개,진접사당
8:54,8:57,10:32,10:35
오이도당고개,당고개오이도,사당당고개,당고개오이도
9:00,9:01,10:38,10:41
오이도당고개,진접사당,오이도당고개,당고개사당
9:03,9:04,10:44,10:47
사당진접,당고개안산,사당진접,당고개오이도
9:06,9:09,10:50,10:53
오이도당고개,당고개오이도,오이도당고개,진접사당
9:09,9:13,10:55,10:59
사당당고개,진접사당,오이도당고개,당고개오이도
09:12급,9:16,11:01,11:05
오이도당고개,당고개오이도,사당진접,당고개사당
9:14,9:19,11:07,11:11
사당당고개,진접사당,오이도당고개,당고개오이도
9:17,9:22,11:13,11:17
오이도당고개,당고개안산,사당당고개,진접사당
9:20,9:28,11:19,11:23
사당진접,당고개오이도,오이도당고개,당고개오이도
09:23급막,9:33,11:25,11:29
오이도당고개,진접사당,사당당고개,진접사당
9:27,9:38,11:31,11:35
사당당고개,당고개오이도,오이도당고개,당고개오이도
9:29,9:43,11:36,11:41
오이도당고개,진접사당,사당진접,당고개사당
9:37,9:48,11:40,11:47
오이도당고개,당고개오이도,오이도당고개,당고개오이도
9:41,9:53,11:47,11:53
사당진접,진접사당,오이도당고개,진접사당
9:45,9:58,11:51,11:59
안산당고개,당고개오이도,사당진접,당고개오이도
9:52,,11:56,
오이도당고개,,오이도당고개,
9:55,,12:01,12:04
사당진접,,사당당고개,당고개오이도
10:00,10:02,12:06,12:08
안산당고개,당고개안산,오이도당고개,진접사당
10:04,10:07,12:11,12:12
사당당고개,진접사당,오이도당고개,당고개안산
10:08,10:11,12:16,12:16
오이도당고개,당고개오이도,사당당고개,당고개사당
10:12,10:15,12:21,12:20
사당진접,당고개사당,오이도당고개,당고개오이도
10:18,10:19,12:26,12:24
오이도당고개,진접사당,사당진접,진접사당
10:23,10:21,12:31,12:29
사당당고개,당고개오이도,오이도당고개,당고개오이도
10:28,10:26,12:36,12:34
오이도당고개,진접사당,오이도당고개,당고개사당
10:33,10:31,12:41,12:39
사당진접,당고개오이도,사당진접,당고개오이도
10:38,10:37,12:46,12:44
오이도당고개,당고개사당,오이도당고개,진접사당
10:43,10:42,12:51,12:49
사당진접,당고개오이도,사당당고개,당고개오이도
10:48,10:49,12:54,12:54
오이도당고개,진접사당,안산당고개,당고개안산
10:53,10:53,,12:59
사당당고개,당고개오이도,,진접사당
10:58,10:59,13:01,13:04
오이도당고개,진접사당,오이도당고개,당고개오이도
11:04,11:04,13:05,13:08
사당당고개,당고개오이도,사당진접,당고개사당
11:08,11:10,13:09,13:12
오이도당고개,당고개사당,안산당고개,당고개오이도
11:13,11:15,13:13,13:16
사당당고개,당고개오이도,사당당고개,진접사당
11:17,11:20,13:17,13:20
오이도당고개,진접사당,오이도당고개,당고개오이도
11:20,11:26,13:21,13:24
사당진접,당고개오이도,사당진접,당고개사당
11:24,11:32,13:26,13:29
사당당고개,진접사당,오이도당고개,당고개오이도
11:28,11:37,13:31,13:34
오이도당고개,당고개오이도,사당당고개,진접사당
11:33,11:44,13:36,13:39
사당진접,당고개오이도,오이도당고개,당고개오이도
11:39,11:50,13:41,13:44
오이도당고개,진접사당,사당진접,당고개오이도
11:45,11:56,13:46,13:49
사당진접,당고개오이도,오이도당고개,진접사당
11:48,,13:51,13:54
오이도당고개,,오이도당고개,당고개오이도
11:51,,13:56,13:59
오이도당고개,,사당진접,당고개사당
11:56,,14:01,14:04
사당진접,,오이도당고개,당고개안산
12:01,12:02,14:05,14:09
오이도당고개,당고개사당,사당당고개,당고개오이도
12:07,12:08,14:09,14:13
사당진접,당고개오이도,안산당고개,진접사당
12:15,12:14,14:13,14:17
오이도당고개,진접사당,사당진접,당고개안산
12:20,12:20,14:17,14:21
사당진접,당고개안산,오이도당고개,당고개사당
12:25,12:24,14:21,14:25
오이도당고개,진접사당,사당당고개,당고개오이도
12:29,12:27,14:26,14:29
사당진접,당고개오이도,오이도당고개,진접사당
12:35,12:33,14:31,14:34
오이도당고개,당고개사당,사당진접,당고개오이도
12:42,12:38,14:36,14:39
안산당고개,당고개오이도,오이도당고개,당고개사당
12:47,12:44,14:41,14:44
사당진접,진접사당,오이도당고개,당고개오이도
12:53,12:49,14:46,14:49
오이도당고개,당고개오이도,사당진접,진접사당
12:58,,14:51,14:54
사당진접,,오이도당고개,당고개안산
13:03,13:00,14:56,14:59
오이도당고개,당고개오이도,사당당고개,당고개오이도
13:11,13:05,15:01,15:04
오이도당고개,진접사당,오이도당고개,진접사당
13:16,13:11,15:06,15:09
사당진접,당고개오이도,오이도당고개,당고개오이도
13:21,13:16,15:10,15:13
오이도당고개,진접사당,사당진접,당고개사당
13:26,13:22,15:14,15:17
사당진접,당고개오이도,안산당고개,당고개오이도
13:32,13:28,15:18,15:21
오이도당고개,진접사당,사당당고개,진접사당
13:38,13:33,15:22,15:25
사당당고개,당고개오이도,오이도당고개,당고개안산
13:46,13:38,15:26,15:29
오이도당고개,진접사당,사당진접,당고개사당
13:51,13:43,15:31,15:34
사당진접,당고개오이도,오이도당고개,당고개오이도
13:57,13:51,15:36,15:39
오이도당고개,당고개오이도,사당당고개,진접사당
,13:57,15:41,15:44
,진접사당,오이도당고개,당고개오이도
14:02,14:02,15:46,15:49
사당당고개,당고개오이도,사당진접,당고개안산
14:06,14:07,15:51,15:54
오이도당고개,진접사당,오이도당고개,진접사당
14:10,14:12,15:56,15:59
사당진접,당고개오이도,안산당고개,당고개오이도
14:16,14:17,16:01,16:04
오이도당고개,진접사당,사당진접,당고개사당
14:22,14:20,16:06,16:09
사당진접,당고개오이도,오이도당고개,당고개안산
14:28,14:25,16:10,16:14
오이도당고개,진접사당,사당당고개,당고개오이도
14:35,14:30,16:14,16:18
사당진접,당고개오이도,오이도당고개,진접사당
14:40,14:36,16:18,16:22
오이도당고개,진접사당,사당진접,당고개안산
14:46,14:41,16:22,16:26
오이도당고개,당고개오이도,오이도당고개,당고개사당
14:52,14:49,16:26,16:30
사당진접,당고개사당,사당당고개,당고개오이도
14:58,14:55,16:31,16:34
오이도당고개,당고개오이도,오이도당고개,진접사당
15:04,15:01,16:36,16:39
사당진접,진접사당,사당진접,당고개오이도
15:10,15:06,16:40,16:44
오이도당고개,당고개오이도,오이도당고개,당고개사당
15:14,15:11,16:47,16:49
안산당고개,당고개사당,오이도당고개,당고개오이도
15:20,15:15,16:51,16:54
사당진접,당고개오이도,사당당고개,진접사당
15:25,15:21,16:56,16:59
오이도당고개,진접사당,오이도당고개,당고개오이도
15:30,15:26,17:01,17:04
사당당고개,당고개오이도,사당진접,당고개오이도
15:35,15:32,17:06,17:09
오이도당고개,진접사당,안산당고개,진접사당
15:42,15:37,17:11,17:14
사당진접,당고개오이도,오이도당고개,당고개오이도
15:49,15:45,17:15,17:19
오이도당고개,진접사당,사당당고개,당고개사당
15:54,15:49,17:20,17:24
사당진접,당고개오이도,오이도당고개,당고개오이도
,15:55,17:23,17:29
,당고개오이도,사당진접,당고개오이도
16:00,16:02,17:27,17:34
오이도당고개,진접사당,안산당고개,진접사당
16:04,16:08,17:31,17:39
사당당고개,당고개오이도,사당당고개,당고개오이도
16:08,16:14,17:36,17:44
오이도당고개,진접사당,오이도당고개,진접사당
16:11,16:19,17:41,17:49
사당진접,당고개오이도,사당진접,당고개오이도
16:14,16:24,17:46,17:54
안산당고개,당고개오이도,오이도당고개,당고개오이도
16:18,16:30,17:51,17:59
사당당고개,진접사당,사당진접,진접사당
16:22,16:34,17:54,
오이도당고개,당고개오이도,안산당고개,
16:28,16:39,18:01,18:05
사당진접,당고개사당,오이도당고개,당고개오이도
16:34,16:44,18:06,18:11
오이도당고개,당고개오이도,사당진접,당고개사당
16:40,16:51,18:11,18:17
사당진접,진접사당,안산당고개,당고개오이도
16:45,16:58,18:16,18:23
오이도당고개,당고개오이도,오이도당고개,진접사당
16:51,,18:21,18:29
오이도당고개,,사당진접,당고개오이도
16:57,,18:27,18:36
사당진접,,오이도당고개,당고개오이도
17:03,17:03,18:33,18:41
오이도당고개,진접사당,사당당고개,진접사당
17:10,17:08,18:38,18:47
사당진접,당고개오이도,오이도당고개,당고개오이도
17:14,17:12,18:43,18:53
오이도당고개,당고개사당,사당진접,당고개사당
17:21,17:16,18:48,18:58
오이도당고개,당고개오이도,오이도당고개,당고개오이도
17:25,17:20,18:53,
사당진접,진접사당,안산당고개,
17:30,17:23,18:58,
오이도당고개,당고개오이도,사당진접,
17:35,17:27,19:03,19:03
사당진접,당고개사당,오이도당고개,진접사당
17:41,17:30,19:09,19:08
오이도당고개,당고개오이도,사당당고개,당고개오이도
17:46,17:34,19:15,19:13
사당진접,진접사당,오이도당고개,당고개오이도
17:50,17:38,19:21,19:18
안산당고개,창동오이도,사당진접,진접사당
17:55,17:41,19:27,19:23
오이도당고개,당고개사당,안산당고개,당고개오이도
,17:45,19:33,19:29
,당고개오이도,오이도당고개,진접사당
,17:48,19:39,19:35
,진접사당,사당진접,당고개오이도
,17:52,19:45,19:41
,당고개오이도,오이도당고개,당고개사당
,17:56,19:51,19:47
,당고개사당,사당당고개,당고개오이도
,17:59,19:57,19:52
,당고개오이도,오이도당고개,진접사당
18:00,18:03,,19:57
사당진접,창동사당,,당고개오이도
18:04,18:06,20:03,20:02
오이도당고개,당고개오이도,사당진접,당고개안산
18:08,18:09,20:09,20:07
사당당고개,진접사당,오이도당고개,진접사당
18:11,18:12,20:15,20:12
안산당고개,당고개오이도,사당당고개,당고개오이도
18:15,18:16,20:21,20:17
사당진접,당고개사당,오이도당고개,당고개사당
18:19,18:22,20:27,20:22
오이도당고개,당고개오이도,사당진접,당고개오이도
18:23,18:25,20:33,20:27
사당당고개,진접사당,오이도당고개,당고개오이도
18:26,18:28,20:39,20:32
안산당고개,당고개오이도,사당당고개,진접사당
18:30,18:31,20:45,20:37
사당진접,당고개사당,오이도당고개,당고개오이도
18:34,18:34,20:51,20:42
오이도당고개,당고개오이도,사당진접,당고개오이도
18:37,18:38,20:57,20:47
사당당고개,진접사당,오이도당고개,진접사당
18:41,18:41,,20:53
오이도당고개,당고개안산,,당고개오이도
18:44,18:45,,20:59
사당진접,진접사당,,진접사당
18:47,18:48급첫,21:03,21:05
안산당고개,당고개오이도,사당진접,당고개오이도
18:51,18:52,21:08,21:11
사당당고개,당고개사당,오이도당고개,당고개사당
18:55,18:56,21:16,21:17
오이도당고개,창동오이도,오이도당고개,당고개오이도
18:59,18:59,21:21,21:23
사당진접,진접사당,사당진접,진접사당
19:02,19:02,21:27,21:29
오이도당고개,당고개오이도,오이도당고개,당고개오이도
19:05,19:06,21:33,21:35
사당당고개,당고개안산,사당당고개,당고개사당
19:09,19:10,21:39,21:41
오이도당고개,진접사당,오이도당고개,당고개오이도
19:13,19:13,21:45,21:47
사당진접,당고개오이도,사당진접,진접사당
19:17,19:17,21:51,21:53
오이도당고개,당고개사당,오이도당고개,당고개오이도
19:21,19:20,21:57,21:59
사당당고개,당고개오이도,사당당고개,당고개사당
19:23,19:24,22:03,22:05
오이도당고개,진접사당,오이도당고개,당고개오이도
19:28,19:27,22:09,22:11
사당진접,당고개오이도,사당진접,진접사당
19:31,19:31,22:15,22:15
오이도당고개,당고개사당,오이도당고개,당고개안산
19:34,19:35,22:21,22:22
사당당고개,당고개오이도,사당당고개,당고개오이도
19:37,19:39,22:27,22:29
오이도당고개,진접사당,오이도당고개,진접사당
19:41,19:43,22:33,22:38막
사당진접,당고개오이도,사당진접,당고개오이도
19:45,19:47,22:39,22:44
오이도당고개,당고개사당,오이도당고개,진접사당
19:48,19:51,22:45,22:51
사당당고개,당고개오이도,사당당고개,당고개안산
19:51,19:55,22:51,
오이도당고개,진접사당,오이도당고개,
19:55,19:59급,22:59,
사당진접,당고개오이도,사당진접,
19:59,,23:07,23:04
오이도당고개,,오이도당고개,당고개사당
20:04,20:02,23:15막,23:14막
사당당고개,당고개사당,사당진접,당고개안산
20:07,20:06,23:23,23:25
오이도당고개,진접사당,오이도당고개,진접사당
20:11,20:10,23:31막,23:36막
사당진접,당고개오이도,사당당고개,당고개산본
20:16,20:14,23:39막,23:53막
오이도당고개,당고개사당,오이도노원,진접서울역
20:20,20:17,23:55막,
사당당고개,당고개오이도,오이도한성대입구,
20:23,20:21,,
오이도당고개,진접사당,,
20:27,20:26,,
사당진접,당고개오이도,,
20:32,20:33,,
오이도당고개,당고개오이도,,
20:36,20:36,,
사당당고개,진접사당,,
20:39,20:39,,
오이도당고개,당고개안산,,
20:43,20:43,,
사당진접,당고개사당,,
20:48,20:46급막,,
오이도당고개,당고개오이도,,
20:52,20:51,,
사당당고개,진접사당,,
20:57,20:54,,
오이도당고개,당고개오이도,,
,20:59,,
,당고개사당,,
21:01,21:03,,
사당진접,당고개오이도,,
21:04,21:08,,
안산당고개,진접사당,,
21:09,21:13,,
사당당고개,당고개오이도,,
21:14,21:18,,
오이도당고개,당고개안산,,
21:17,21:21,,
사당진접,진접사당,,
21:20,21:25,,
오이도당고개,창동오이도,,
21:25,21:32,,
사당당고개,당고개오이도,,
21:30,21:36,,
오이도당고개,진접사당,,
21:35,21:41,,
사당진접,당고개안산,,
21:39,21:48,,
안산당고개,당고개오이도,,
21:43,21:54,,
오이도당고개,진접사당,,
21:46,,,
사당당고개,,,
21:49,,,
안산당고개,,,
21:51,,,
사당진접,,,
21:54,,,
오이도당고개,,,
21:59,,,
사당당고개,,,
22:07,22:01,,
오이도당고개,당고개오이도,,
22:11,22:06,,
사당진접,진접사당,,
22:17,22:10,,
사당당고개,당고개안산,,
22:21,22:18,,
오이도당고개,당고개오이도,,
22:29,22:22,,
오이도당고개,진접사당,,
22:36,22:29,,
사당진접,당고개오이도,,
22:44,22:36,,
오이도당고개,진접사당,,
22:51,22:41,,
사당당고개,당고개오이도,,
22:58,22:49,,
오이도당고개,당고개안산,,
,22:54,,
,진접사당,,
23:05,23:05막,,
사당진접,당고개오이도,,
23:12,23:14,,
오이도당고개,진접사당,,
23:18,23:20막,,
사당진접,당고개안산,,
23:24,23:27,,
오이도당고개,진접사당,,
23:31,23:34,,
사당진접,당고개사당,,
23:39,23:44막,,
오이도당고개,당고개금정,,
23:52,23:57,,
오이도당고개,진접사당,,
23:59,,,
사당진접,,,
0:05,0:16,,
오이도당고개,진접사당,,
00:13막,00:38막,,
사당진접,진접사당,,
0:22,00:53막,,
오이도당고개,진접서울역,,
00:36막,,,
사당당고개,,,
00:55막,,,
오이도한성대입구,,,
