﻿상봉방면,사가정방면,상봉방면,사가정방면
평일,평일,주말,주말
05:40첫,05:39첫,05:40첫,05:39첫
건대입구장암,태릉입구석남,건대입구장암,태릉입구석남
5:54,5:51,5:54,5:51
청담장암,도봉산석남,청담장암,도봉산석남
6:05,6:01,6:07,6:01
내방장암,장암석남,내방장암,장암석남
6:18,6:09,6:18,6:11
신풍장암,도봉산석남,신풍장암,도봉산석남
6:30,6:16,6:30,6:21
온수장암,도봉산석남,온수도봉산,장암온수
6:40,6:23,6:40,6:30
온수장암,장암석남,온수장암,도봉산석남
6:52,6:30,6:51,6:38
석남장암,도봉산석남,석남도봉산,장암석남
6:59,6:36,6:58,6:45
온수도봉산,도봉산석남,온수도봉산,도봉산온수
,6:42,,6:52
,장암석남,,장암석남
,6:48,,6:59
,도봉산석남,,도봉산온수
,6:54,7:07,7:06
,장암석남,석남장암,장암석남
7:07,7:00,7:15,7:13
석남장암,도봉산석남,석남도봉산,도봉산온수
7:14,7:06,7:23,7:20
온수장암,장암석남,온수도봉산,도봉산석남
7:20,7:12,7:30,7:27
석남도봉산,도봉산석남,석남장암,장암온수
7:27,7:17,7:37,7:34
온수장암,도봉산석남,온수도봉산,도봉산석남
7:33,7:22,7:44,7:41
석남도봉산,장암석남,석남장암,도봉산온수
7:39,7:26,7:51,7:48
온수장암,도봉산석남,석남도봉산,도봉산석남
7:45,7:31,7:58,7:55
석남도봉산,장암온수,석남장암,장암온수
7:51,7:35,8:05,8:02
온수장암,도봉산석남,온수도봉산,도봉산석남
7:57,7:39,8:11,8:09
석남도봉산,장암온수,석남장암,도봉산온수
,7:43,8:18,8:15
,도봉산석남,온수도봉산,도봉산석남
,7:47,8:24,8:22
,도봉산온수,석남도봉산,장암온수
,7:51,8:31,8:29
,장암석남,온수장암,도봉산석남
,7:55,8:37,8:35
,도봉산온수,석남도봉산,장암온수
,7:58,8:44,8:42
,도봉산석남,온수장암,도봉산석남
8:03,8:01,8:50,8:48
온수장암,도봉산온수,석남도봉산,장암온수
8:08,8:03,8:57,8:55
석남도봉산,도봉산온수,온수장암,도봉산석남
8:13,8:06,9:03,9:01
온수장암,장암석남,석남도봉산,장암온수
8:18,8:09,9:10,9:08
석남도봉산,도봉산온수,온수장암,도봉산석남
8:23,8:12,9:16,9:14
석남장암,도봉산온수,석남도봉산,장암온수
8:27,8:15,9:23,9:21
온수도봉산,도봉산석남,온수장암,도봉산석남
8:31,8:18,9:29,9:27
석남도봉산,장암온수,석남도봉산,도봉산온수
8:36,8:21,9:36,9:34
석남장암,도봉산온수,온수장암,장암석남
8:40,8:23,9:42,9:40
석남도봉산,도봉산석남,석남도봉산,도봉산온수
8:44,8:26,9:49,9:47
석남도봉산,도봉산온수,온수장암,장암석남
8:48,8:28,9:55,9:53
석남장암,도봉산온수,석남도봉산,도봉산온수
8:52,8:31,10:02,10:00
석남도봉산,장암석남,온수장암,장암석남
8:56,8:34,10:08,10:06
석남도봉산,도봉산온수,석남도봉산,도봉산온수
,8:37,10:15,10:13
,도봉산온수,온수장암,장암석남
,8:40,10:21,10:19
,도봉산석남,석남도봉산,도봉산온수
,8:43,10:28,10:26
,장암온수,온수장암,장암석남
,8:46,10:35,10:32
,도봉산온수,석남도봉산,도봉산온수
,8:49,10:41,10:39
,도봉산석남,온수장암,장암석남
,8:53,10:48,10:45
,장암온수,석남도봉산,도봉산온수
,8:57,10:54,10:52
,도봉산온수,온수장암,장암석남
9:00,9:01,,10:58
온수장암,도봉산석남,,도봉산온수
9:04,9:05,11:01,11:05
석남도봉산,장암온수,석남도봉산,장암석남
9:08,9:10,11:07,11:11
석남도봉산,도봉산온수,온수장암,도봉산온수
9:11,9:15,11:14,11:18
석남수락산,장암석남,석남도봉산,장암석남
9:14,9:20,11:20,11:25
석남장암,도봉산온수,온수장암,도봉산온수
9:17,9:25,11:27,11:31
석남도봉산,장암온수,석남도봉산,장암석남
9:20,9:30,11:33,11:38
석남도봉산,도봉산석남,온수장암,도봉산온수
9:23,9:36,11:40,11:44
석남도봉산,장암온수,석남도봉산,장암석남
9:27,9:42,11:46,11:51
석남장암,도봉산석남,온수장암,도봉산온수
9:31,9:48,11:53,11:57
석남도봉산,장암온수,석남도봉산,장암석남
9:34,9:54,11:59,
석남도봉산,도봉산석남,온수장암,
9:38,,12:06,12:04
석남도봉산,,석남도봉산,도봉산온수
9:42,,12:12,12:10
석남장암,,온수장암,장암석남
9:46,,12:19,12:17
석남도봉산,,석남도봉산,도봉산온수
9:50,,12:25,12:23
석남도봉산,,온수장암,장암석남
9:54,,12:32,12:30
석남장암,,석남도봉산,도봉산온수
9:58,,12:38,12:36
온수도봉산,,온수장암,장암석남
10:02,10:00,12:45,12:43
석남도봉산,장암온수,석남도봉산,도봉산온수
10:06,10:06,12:51,12:49
석남도봉산,도봉산석남,온수장암,장암석남
10:10,10:12,12:58,12:56
석남장암,도봉산온수,석남도봉산,도봉산온수
10:16,10:18,13:04,13:02
석남도봉산,장암석남,온수장암,장암석남
10:21,10:24,13:11,13:09
온수장암,도봉산온수,석남도봉산,도봉산온수
10:25,10:30,13:17,13:15
석남도봉산,장암석남,온수장암,장암석남
10:30,10:36,13:24,13:22
온수도봉산,도봉산온수,석남도봉산,도봉산온수
10:35,10:42,13:30,13:28
석남장암,장암석남,온수장암,장암석남
10:41,10:48,13:37,13:35
석남도봉산,도봉산온수,석남도봉산,도봉산온수
10:45,10:54,13:44,13:41
석남장암,도봉산석남,온수장암,장암석남
10:51,,13:50,13:48
석남도봉산,,석남도봉산,도봉산온수
10:57,,13:57,13:54
석남장암,,온수장암,장암석남
11:03,11:00,14:03,14:01
석남도봉산,장암온수,석남도봉산,도봉산온수
11:09,11:06,14:10,14:07
온수장암,도봉산석남,온수장암,장암석남
11:15,11:12,14:16,14:14
석남도봉산,장암온수,석남도봉산,도봉산온수
11:21,11:18,14:23,14:21
석남장암,도봉산석남,온수장암,장암석남
11:27,11:24,14:29,14:27
온수도봉산,장암온수,석남도봉산,도봉산온수
11:33,11:30,14:36,14:34
석남장암,도봉산석남,온수장암,장암석남
11:39,11:36,14:42,14:40
석남도봉산,장암온수,석남도봉산,도봉산온수
11:45,11:42,14:49,14:47
온수장암,도봉산석남,온수장암,장암석남
11:51,11:48,14:55,14:53
석남도봉산,장암온수,석남도봉산,도봉산온수
11:57,11:54,15:02,15:00
온수장암,도봉산석남,온수장암,장암석남
12:03,12:00,15:08,15:06
석남도봉산,장암온수,석남도봉산,도봉산온수
12:09,12:06,15:15,15:13
온수장암,도봉산석남,온수장암,장암석남
12:15,12:12,15:21,15:19
석남도봉산,장암온수,석남도봉산,도봉산온수
12:21,12:18,15:28,15:26
온수장암,도봉산석남,온수장암,장암석남
12:27,12:24,15:34,15:32
석남도봉산,장암온수,석남도봉산,도봉산온수
12:33,12:30,15:41,15:39
온수장암,도봉산석남,온수장암,장암석남
12:39,12:36,15:47,15:45
석남도봉산,장암온수,석남도봉산,도봉산온수
12:45,12:42,15:54,15:52
온수장암,도봉산석남,온수장암,장암석남
12:51,12:48,,15:58
석남도봉산,장암온수,,도봉산온수
12:57,12:54,16:00,16:05
온수장암,도봉산석남,석남도봉산,장암석남
13:03,13:00,16:07,16:11
석남도봉산,장암온수,온수장암,도봉산온수
13:09,13:06,16:13,16:18
온수장암,도봉산석남,석남도봉산,장암석남
13:15,13:12,16:20,16:24
석남도봉산,장암온수,온수장암,도봉산온수
13:21,13:18,16:27,16:31
온수장암,도봉산석남,석남도봉산,장암석남
13:27,13:24,16:33,16:37
석남도봉산,장암온수,온수장암,도봉산온수
13:33,13:30,16:40,16:44
온수장암,도봉산석남,석남도봉산,장암석남
13:39,13:36,16:46,16:50
석남도봉산,장암온수,온수장암,도봉산온수
13:45,13:42,16:53,16:57
온수장암,도봉산석남,석남도봉산,장암석남
13:51,13:48,16:59,
석남도봉산,장암온수,온수장암,
13:57,13:54,17:06,17:03
온수장암,도봉산석남,석남도봉산,도봉산온수
14:03,14:00,17:12,17:10
석남도봉산,장암온수,온수장암,장암석남
14:09,14:06,17:19,17:17
온수장암,도봉산석남,석남도봉산,도봉산온수
14:15,14:12,17:25,17:23
석남도봉산,장암온수,온수장암,장암석남
14:21,14:18,17:32,17:30
온수장암,도봉산석남,석남도봉산,도봉산온수
14:27,14:24,17:38,17:36
석남도봉산,장암온수,온수장암,장암석남
14:33,14:30,17:45,17:43
온수장암,도봉산석남,석남도봉산,도봉산온수
14:39,14:36,17:51,17:49
석남도봉산,장암온수,온수장암,장암석남
14:45,14:42,17:58,17:56
온수장암,도봉산석남,석남도봉산,도봉산온수
14:51,14:48,18:04,18:03
석남도봉산,장암온수,온수장암,장암석남
14:57,14:54,18:11,18:09
온수장암,도봉산석남,석남도봉산,도봉산온수
15:03,15:00,18:17,18:15
석남도봉산,장암온수,온수장암,장암석남
15:09,15:06,18:24,18:22
온수장암,도봉산석남,석남도봉산,도봉산온수
15:15,15:12,18:30,18:29
석남도봉산,장암온수,온수장암,장암석남
15:21,15:18,18:37,18:35
온수장암,도봉산석남,석남도봉산,도봉산온수
15:27,15:24,18:43,18:41
석남도봉산,장암온수,온수장암,장암석남
15:33,15:30,18:50,18:48
온수장암,도봉산석남,석남도봉산,도봉산온수
15:39,15:36,18:56,18:54
석남도봉산,장암온수,온수장암,장암석남
15:45,15:42,19:03,19:01
온수장암,도봉산석남,석남도봉산,도봉산온수
15:51,15:48,19:09,19:07
석남도봉산,장암석남,온수장암,장암석남
15:57,15:54,19:16,19:14
온수장암,도봉산석남,석남도봉산,도봉산온수
16:03,16:00,19:23,19:20
석남도봉산,장암온수,온수장암,장암석남
16:09,16:06,19:29,19:27
온수장암,도봉산석남,석남도봉산,도봉산온수
16:15,16:12,19:36,19:33
석남도봉산,장암온수,온수장암,장암석남
16:21,16:18,19:42,19:40
온수장암,도봉산석남,석남도봉산,도봉산온수
16:27,16:24,19:49,19:46
석남도봉산,장암석남,온수장암,장암석남
16:33,16:30,19:55,19:53
온수장암,도봉산석남,석남도봉산,도봉산온수
16:39,16:36,20:02,20:00
석남도봉산,장암석남,온수장암,장암석남
16:45,16:42,20:08,20:06
온수장암,도봉산석남,석남도봉산,도봉산온수
16:51,16:48,20:15,20:13
석남도봉산,장암석남,온수장암,장암석남
16:57,16:54,20:22,20:19
온수장암,도봉산석남,석남도봉산,도봉산온수
17:03,17:00,20:28,20:26
석남도봉산,장암석남,온수장암,장암석남
17:09,17:06,20:35,20:32
온수장암,도봉산석남,석남도봉산,도봉산온수
17:15,17:11,20:42,20:39
석남도봉산,장암석남,온수장암,장암석남
17:21,17:16,20:49,20:45
온수장암,도봉산석남,석남도봉산,도봉산온수
17:27,17:21,20:55,20:52
석남도봉산,장암석남,온수장암,장암석남
17:33,17:27,,20:58
온수장암,도봉산석남,,도봉산온수
17:39,17:32,21:02,21:05
석남도봉산,도봉산석남,석남도봉산,장암석남
17:45,17:37,21:08,21:12
온수장암,장암석남,온수도봉산,도봉산온수
17:51,17:42,21:15,21:18
석남도봉산,도봉산석남,석남장암,장암석남
17:57,17:46,21:21,21:25
온수장암,장암석남,온수도봉산,도봉산온수
,17:51,21:28,21:32
,도봉산석남,석남도봉산,장암석남
,17:55,21:34,21:39
,도봉산석남,온수장암,도봉산온수
,17:59,21:41,21:46
,장암석남,석남도봉산,장암석남
18:02,18:02,21:47,21:53
석남도봉산,도봉산온수,온수장암,도봉산온수
18:07,18:05,21:54,21:59
온수장암,도봉산석남,석남장암,도봉산석남
18:13,18:08,22:01,22:06
온수도봉산,도봉산온수,온수도봉산,장암온수
18:17,18:11,22:08,22:15
석남도봉산,장암석남,석남장암,도봉산석남
18:22,18:15,22:15,22:23
온수장암,도봉산온수,온수도봉산,장암온수
18:27,18:18,22:22,22:31
석남도봉산,도봉산석남,석남도봉산,도봉산석남
18:32,18:23,22:29,22:39
온수도봉산,장암온수,온수도봉산,장암온수
18:36,18:27,22:36,22:46막
온수장암,도봉산석남,석남도봉산,장암석남
18:40,18:32,22:43,22:52
석남도봉산,도봉산온수,온수장암,도봉산온수
18:44,18:37,22:50,22:59
온수도봉산,장암석남,석남도봉산,장암온수
18:47,18:42,22:57,
온수도봉산,도봉산온수,온수도봉산,
18:50,18:47,23:03,23:09막
석남도봉산,장암석남,석남장암,도봉산온수
18:54,18:52,23:11,23:20막
온수장암,도봉산온수,석남도봉산,장암신풍
18:57,18:57,23:20,23:32막
석남도봉산,장암석남,석남도봉산,도봉산내방
19:00,19:02,23:31막,23:45막
온수도봉산,도봉산온수,온수장암,장암청담
19:04,19:07,23:40,
온수장암,도봉산석남,석남도봉산,
19:07,19:12,23:50막,
석남도봉산,장암온수,석남도봉산,
19:10,19:17,00:00막,00:02막
온수도봉산,도봉산석남,석남태릉입구,장암건대입구
19:13,19:22,,
온수도봉산,도봉산온수,,
19:16,19:27,,
석남장암,장암석남,,
19:19,19:32,,
온수도봉산,도봉산온수,,
19:22,19:37,,
석남도봉산,도봉산석남,,
19:25,19:42,,
온수도봉산,장암온수,,
19:28,19:47,,
석남장암,도봉산석남,,
19:32,19:53,,
온수도봉산,장암온수,,
19:35,19:59,,
석남도봉산,도봉산석남,,
19:39,,,
온수장암,,,
19:43,,,
석남도봉산,,,
19:47,,,
석남도봉산,,,
19:52,,,
석남장암,,,
19:57,,,
석남도봉산,,,
20:02,20:05,,
석남장암,장암온수,,
20:07,20:11,,
석남도봉산,도봉산석남,,
20:13,20:17,,
석남도봉산,장암온수,,
20:18,20:23,,
석남장암,도봉산석남,,
20:24,20:29,,
석남도봉산,장암온수,,
20:31,20:35,,
석남장암,도봉산석남,,
20:37,20:41,,
석남도봉산,장암온수,,
20:42,20:47,,
석남도봉산,도봉산석남,,
20:48,20:54,,
석남장암,장암온수,,
20:54,,,
석남도봉산,,,
21:00,21:01,,
석남도봉산,도봉산석남,,
21:06,21:08,,
석남도봉산,장암온수,,
21:13,21:15,,
석남장암,도봉산석남,,
21:20,21:22,,
석남도봉산,장암온수,,
21:27,21:29,,
석남도봉산,도봉산석남,,
21:34,21:37,,
석남장암,장암온수,,
21:41,21:44,,
석남도봉산,도봉산석남,,
21:48,21:52,,
석남도봉산,장암온수,,
21:56,,,
석남장암,,,
22:02,22:01,,
온수도봉산,도봉산석남,,
22:09,22:11,,
석남장암,도봉산온수,,
22:17,22:21,,
석남도봉산,장암석남,,
22:24,22:31,,
온수도봉산,도봉산온수,,
22:32,22:41,,
석남장암,장암석남,,
22:39,22:52,,
석남도봉산,도봉산온수,,
22:47,,,
석남도봉산,,,
22:54,,,
온수도봉산,,,
23:02,23:00,,
석남장암,장암석남,,
23:09,23:10,,
온수도봉산,도봉산온수,,
23:17,23:20,,
석남도봉산,장암석남,,
23:24,23:29,,
석남장암,도봉산온수,,
23:32,23:39막,,
온수도봉산,도봉산석남,,
23:39,23:49,,
석남장암,장암내방,,
23:52,23:59막,,
석남도봉산,도봉산온수,,
00:04막,00:14막,,
석남장암,장암신풍,,
0:20,00:30막,,
석남도봉산,장암청담,,
00:34막,00:48막,,
석남도봉산,장암건대입구,,
00:52막,,,
석남태릉입구,,,
