﻿장승배기방면,보라매방면,장승배기방면,보라매방면
평일,평일,주말,주말
05:38첫,05:43첫,05:38첫,05:43첫
신풍장암,내방석남,신풍장암,내방석남
5:49,5:56,5:49,5:56
온수장암,청담석남,온수도봉산,청담석남
5:59,,5:59,
온수장암,,온수장암,
6:11,6:08,6:10,6:08
석남장암,건대입구석남,석남도봉산,건대입구석남
6:18,6:20,6:17,6:20
온수도봉산,태릉입구석남,온수도봉산,태릉입구석남
6:26,6:32,6:26,6:32
석남장암,도봉산석남,석남장암,도봉산석남
6:33,6:42,6:34,6:42
온수장암,장암석남,석남도봉산,장암석남
6:39,6:50,6:42,6:52
석남도봉산,도봉산석남,온수도봉산,도봉산석남
6:46,6:57,6:49,
온수장암,도봉산석남,석남장암,
6:52,,6:56,
석남도봉산,,온수도봉산,
6:58,,7:03,7:02
온수장암,,석남장암,장암온수
7:04,7:04,7:10,7:11
석남도봉산,장암석남,석남도봉산,도봉산석남
7:09,7:11,7:17,7:19
온수장암,도봉산석남,석남장암,장암석남
7:16,7:17,7:24,7:26
석남도봉산,도봉산석남,온수도봉산,도봉산온수
7:21,7:24,7:30,7:33
온수장암,장암석남,석남장암,장암석남
7:26,7:30,7:37,7:40
석남도봉산,도봉산석남,온수도봉산,도봉산온수
7:31,7:36,7:43,7:47
온수장암,장암석남,석남도봉산,장암석남
7:36,7:42,7:50,7:54
석남도봉산,도봉산석남,온수장암,도봉산온수
7:41,7:47,7:56,
석남장암,장암석남,석남도봉산,
7:45,7:53,8:03,8:01
온수도봉산,도봉산석남,온수장암,도봉산석남
7:49,7:58,8:09,8:08
석남도봉산,도봉산석남,석남도봉산,장암온수
7:53,,8:16,8:15
석남장암,,온수장암,도봉산석남
7:57,,8:22,8:22
석남도봉산,,석남도봉산,도봉산온수
8:01,8:03,8:29,8:29
석남도봉산,장암석남,온수장암,도봉산석남
8:05,8:08,8:35,8:36
석남장암,도봉산석남,석남도봉산,장암온수
8:09,8:13,8:42,8:43
석남도봉산,장암온수,온수장암,도봉산석남
8:13,8:17,8:48,8:50
석남도봉산,도봉산석남,석남도봉산,도봉산온수
8:18,8:21,8:55,8:56
온수장암,장암온수,온수장암,도봉산석남
8:21,8:25,9:01,9:03
석남도봉산,도봉산석남,석남도봉산,장암온수
8:25,8:30,9:08,9:10
석남도봉산,도봉산온수,온수장암,도봉산석남
8:28,8:33,9:14,9:16
석남수락산,장암석남,석남도봉산,장암온수
8:31,8:37,9:21,9:23
석남장암,도봉산온수,온수장암,도봉산석남
8:34,8:41,9:27,9:29
석남도봉산,도봉산석남,석남도봉산,장암온수
8:37,8:43,9:34,9:36
석남도봉산,도봉산온수,온수장암,도봉산석남
8:40,8:46,9:40,9:42
석남도봉산,도봉산온수,석남도봉산,장암온수
8:44,8:48,9:47,9:49
석남장암,장암석남,온수장암,도봉산석남
8:48,8:52,9:54,9:55
석남도봉산,도봉산온수,석남도봉산,장암온수
8:52,8:54,10:00,10:02
석남도봉산,도봉산온수,온수장암,도봉산석남
8:56,8:57,10:07,10:08
석남도봉산,도봉산석남,석남도봉산,도봉산온수
9:00,9:00,10:13,10:15
석남장암,장암온수,온수장암,장암석남
9:04,9:03,10:20,10:21
석남도봉산,도봉산온수,석남도봉산,도봉산온수
9:08,9:06,10:26,10:28
석남도봉산,도봉산석남,온수장암,장암석남
9:12,9:09,10:33,10:34
석남장암,도봉산온수,석남도봉산,도봉산온수
9:16,9:11,10:39,10:41
온수도봉산,도봉산온수,온수장암,장암석남
9:20,9:14,10:46,10:47
석남도봉산,장암석남,석남도봉산,도봉산온수
9:24,9:16,10:52,10:54
석남도봉산,도봉산온수,온수장암,장암석남
9:29,9:19,10:59,
석남장암,도봉산온수,석남도봉산,
9:34,9:22,11:05,11:00
석남도봉산,도봉산석남,온수장암,도봉산온수
9:39,9:25,11:12,11:07
온수장암,장암온수,석남도봉산,장암석남
9:44,9:28,11:18,11:13
석남도봉산,도봉산온수,온수장암,도봉산온수
9:49,9:32,11:25,11:20
온수도봉산,도봉산석남,석남도봉산,장암석남
9:54,9:35,11:31,11:26
석남장암,장암온수,온수장암,도봉산온수
,9:39,11:38,11:33
,도봉산온수,석남도봉산,장암석남
,9:43,11:44,11:39
,도봉산석남,온수장암,도봉산온수
,9:47,11:51,11:46
,장암온수,석남도봉산,장암석남
,9:51,11:57,11:52
,도봉산온수,온수장암,도봉산온수
,9:56,,11:59
,장암석남,,장암석남
10:00,10:01,12:04,12:06
석남도봉산,도봉산온수,석남도봉산,도봉산온수
10:04,10:06,12:10,12:12
석남장암,장암온수,온수장암,장암석남
10:10,10:11,12:17,12:19
석남도봉산,도봉산석남,석남도봉산,도봉산온수
10:16,10:17,12:23,12:25
석남장암,장암온수,온수장암,장암석남
10:22,10:23,12:30,12:32
석남도봉산,도봉산석남,석남도봉산,도봉산온수
10:28,10:29,12:36,12:38
온수장암,장암온수,온수장암,장암석남
10:34,10:35,12:43,12:45
석남도봉산,도봉산석남,석남도봉산,도봉산온수
10:40,10:41,12:49,12:51
석남장암,장암온수,온수장암,장암석남
10:46,10:47,12:56,12:58
온수도봉산,도봉산석남,석남도봉산,도봉산온수
10:52,10:53,13:03,13:04
석남장암,도봉산온수,온수장암,장암석남
10:58,10:59,13:09,13:11
석남도봉산,장암석남,석남도봉산,도봉산온수
11:04,11:05,13:16,13:17
온수장암,도봉산온수,온수장암,장암석남
11:10,11:11,13:22,13:24
석남도봉산,장암석남,석남도봉산,도봉산온수
11:16,11:17,13:29,13:30
온수장암,도봉산온수,온수장암,장암석남
11:22,11:23,13:35,13:37
석남도봉산,장암석남,석남도봉산,도봉산온수
11:28,11:29,13:42,13:43
온수장암,도봉산온수,온수장암,장암석남
11:34,11:35,13:48,13:50
석남도봉산,도봉산석남,석남도봉산,도봉산온수
11:40,11:41,13:55,13:56
온수장암,장암온수,온수장암,장암석남
11:46,11:47,14:01,14:03
석남도봉산,도봉산석남,석남도봉산,도봉산온수
11:52,11:53,14:08,14:09
온수장암,장암온수,온수장암,장암석남
11:58,11:59,14:14,14:16
석남도봉산,도봉산석남,석남도봉산,도봉산온수
12:04,12:05,14:21,14:22
온수장암,장암온수,온수장암,장암석남
12:10,12:11,14:27,14:29
석남도봉산,도봉산석남,석남도봉산,도봉산온수
12:16,12:17,14:34,14:35
온수장암,장암온수,온수장암,장암석남
12:22,12:23,14:40,14:42
석남도봉산,도봉산석남,석남도봉산,도봉산온수
12:28,12:29,14:47,14:48
온수장암,장암온수,온수장암,장암석남
12:34,12:35,14:53,14:55
석남도봉산,도봉산석남,석남도봉산,도봉산온수
12:40,12:41,15:00,15:02
온수장암,장암온수,온수장암,장암석남
12:46,12:47,15:06,15:08
석남도봉산,도봉산석남,석남도봉산,도봉산온수
12:52,12:53,15:13,15:15
온수장암,장암온수,온수장암,장암석남
12:58,12:59,15:19,15:21
석남도봉산,도봉산석남,석남도봉산,도봉산온수
13:04,13:05,15:26,15:28
온수장암,장암온수,온수장암,장암석남
13:10,13:11,15:32,15:34
석남도봉산,도봉산석남,석남도봉산,도봉산온수
13:16,13:17,15:39,15:41
온수장암,장암온수,온수장암,장암석남
13:22,13:23,15:46,15:47
석남도봉산,도봉산석남,석남도봉산,도봉산온수
13:28,13:29,15:52,15:54
온수장암,장암온수,온수장암,장암석남
13:34,13:35,15:59,
석남도봉산,도봉산석남,석남도봉산,
13:40,13:41,16:05,16:00
온수장암,장암온수,온수장암,도봉산온수
13:46,13:47,16:12,16:07
석남도봉산,도봉산석남,석남도봉산,장암석남
13:52,13:53,16:18,16:13
온수장암,장암온수,온수장암,도봉산온수
13:58,13:59,16:25,16:20
석남도봉산,도봉산석남,석남도봉산,장암석남
14:04,14:05,16:31,16:26
온수장암,장암온수,온수장암,도봉산온수
14:10,14:11,16:38,16:33
석남도봉산,도봉산석남,석남도봉산,장암석남
14:16,14:17,16:44,16:39
온수장암,장암온수,온수장암,도봉산온수
14:22,14:23,16:51,16:46
석남도봉산,도봉산석남,석남도봉산,장암석남
14:28,14:29,16:57,16:52
온수장암,장암온수,온수장암,도봉산온수
14:34,14:35,,16:59
석남도봉산,도봉산석남,,장암석남
14:40,14:41,17:04,17:05
온수장암,장암온수,석남도봉산,도봉산온수
14:46,14:47,17:10,17:12
석남도봉산,도봉산석남,온수장암,장암석남
14:52,14:53,17:17,17:18
온수장암,장암온수,석남도봉산,도봉산온수
14:58,14:59,17:23,17:25
석남도봉산,도봉산석남,온수장암,장암석남
15:04,15:05,17:30,17:31
온수장암,장암온수,석남도봉산,도봉산온수
15:10,15:11,17:36,17:38
석남도봉산,도봉산석남,온수장암,장암석남
15:16,15:17,17:43,17:44
온수장암,장암온수,석남도봉산,도봉산온수
15:22,15:23,17:49,17:51
석남도봉산,도봉산석남,온수장암,장암석남
15:28,15:29,17:56,17:58
온수장암,장암온수,석남도봉산,도봉산온수
15:34,15:35,18:02,18:04
석남도봉산,도봉산석남,온수장암,장암석남
15:40,15:41,18:09,18:11
온수장암,장암온수,석남도봉산,도봉산온수
15:46,15:47,18:15,18:17
석남도봉산,도봉산석남,온수장암,장암석남
15:52,15:53,18:22,18:24
온수장암,장암온수,석남도봉산,도봉산온수
15:58,15:59,18:28,18:30
석남도봉산,도봉산석남,온수장암,장암석남
16:04,16:05,18:35,18:37
온수장암,장암온수,석남도봉산,도봉산온수
16:10,16:11,18:42,18:44
석남도봉산,도봉산석남,온수장암,장암석남
16:16,16:17,18:48,18:50
온수장암,장암온수,석남도봉산,도봉산온수
16:22,16:23,18:55,18:56
석남도봉산,도봉산석남,온수장암,장암석남
16:28,16:29,19:02,19:03
온수장암,장암석남,석남도봉산,도봉산온수
16:34,16:35,19:08,19:10
석남도봉산,도봉산석남,온수장암,장암석남
16:40,16:41,19:14,19:16
온수장암,장암온수,석남도봉산,도봉산온수
16:46,16:47,19:21,19:22
석남도봉산,도봉산석남,온수장암,장암석남
16:52,16:53,19:27,19:29
온수장암,장암온수,석남도봉산,도봉산온수
16:58,16:59,19:34,19:35
석남도봉산,도봉산석남,온수장암,장암석남
17:04,17:05,19:41,19:42
온수장암,장암석남,석남도봉산,도봉산온수
17:10,17:11,19:47,19:48
석남도봉산,도봉산석남,온수장암,장암석남
17:16,17:17,19:54,19:55
온수장암,장암석남,석남도봉산,도봉산온수
17:21,17:23,20:01,20:01
석남도봉산,도봉산석남,온수장암,장암석남
17:26,17:29,20:08,20:08
온수장암,장암석남,석남도봉산,도봉산온수
17:31,17:35,20:14,20:14
온수도봉산,도봉산석남,온수장암,장암석남
17:36,17:41,20:21,20:21
석남도봉산,장암석남,석남도봉산,도봉산온수
17:41,17:47,20:27,20:27
온수장암,도봉산석남,온수도봉산,장암석남
17:45,17:52,20:34,20:34
석남도봉산,장암석남,석남장암,도봉산온수
17:50,17:57,20:40,20:41
온수도봉산,도봉산석남,온수도봉산,장암석남
17:55,,20:47,20:47
온수장암,,석남도봉산,도봉산온수
17:58,,20:53,20:54
석남도봉산,,온수장암,장암석남
18:02,18:02,21:00,21:00
온수도봉산,장암석남,석남도봉산,도봉산온수
18:05,18:08,21:06,21:07
온수도봉산,도봉산석남,온수장암,장암석남
18:08,18:13,21:13,21:13
석남도봉산,도봉산석남,석남장암,도봉산온수
18:12,18:18,21:20,21:20
온수장암,장암석남,온수도봉산,장암석남
18:15,18:23,21:27,21:26
석남도봉산,도봉산석남,석남장암,도봉산온수
18:18,18:28,21:34,21:33
온수도봉산,장암석남,온수도봉산,장암석남
18:22,18:33,21:41,21:39
온수장암,도봉산석남,석남도봉산,도봉산온수
18:25,18:37,21:48,21:46
석남도봉산,도봉산석남,온수도봉산,장암석남
18:28,18:41,21:55,21:53
온수도봉산,장암석남,석남도봉산,도봉산온수
18:31,18:44,,21:59
온수도봉산,도봉산온수,,장암석남
18:34,18:47,22:02,22:06
석남장암,도봉산석남,온수장암,도봉산온수
18:37,18:50,22:09,22:13
온수도봉산,도봉산온수,석남도봉산,장암석남
18:40,18:53,22:16,22:20
석남도봉산,장암석남,온수도봉산,도봉산온수
18:43,18:57,22:22,22:27
온수도봉산,도봉산온수,석남장암,장암석남
18:46,,22:30,22:34
석남장암,,석남도봉산,도봉산온수
18:50,,22:39,22:40
온수도봉산,,석남도봉산,도봉산석남
18:53,,22:50막,22:47
석남도봉산,,온수장암,장암온수
18:57,,22:59,22:56
온수장암,,석남도봉산,도봉산석남
19:01,19:00,23:09막,23:04
석남도봉산,도봉산석남,석남도봉산,장암온수
19:06,19:05,23:19막,23:12
석남도봉산,장암온수,석남태릉입구,도봉산석남
19:11,19:09,23:31막,23:20
석남장암,도봉산석남,온수건대입구,장암온수
19:16,19:14,23:40막,23:27막
석남도봉산,도봉산온수,석남청담,장암석남
19:21,19:19,23:51막,23:33
석남장암,장암석남,석남내방,도봉산온수
19:26,19:24,,23:40
석남도봉산,도봉산온수,,장암온수
19:32,19:29,,23:50막
석남도봉산,장암석남,,도봉산온수
19:37,19:34,,00:01막
석남장암,도봉산온수,,장암신풍
19:43,19:39,,
석남도봉산,장암석남,,
19:49,19:44,,
석남장암,도봉산온수,,
19:55,19:49,,
석남도봉산,도봉산석남,,
,19:54,,
,장암온수,,
,19:59,,
,도봉산석남,,
20:01,20:04,,
석남도봉산,도봉산온수,,
20:07,20:09,,
석남장암,장암석남,,
20:13,20:14,,
석남도봉산,도봉산온수,,
20:19,20:19,,
석남도봉산,도봉산석남,,
20:25,20:24,,
석남도봉산,장암온수,,
20:32,20:29,,
석남장암,도봉산석남,,
20:39,20:35,,
석남도봉산,장암온수,,
20:46,20:41,,
석남도봉산,도봉산석남,,
20:53,20:47,,
석남장암,장암온수,,
,20:53,,
,도봉산석남,,
,20:59,,
,장암온수,,
21:00,21:05,,
석남도봉산,도봉산석남,,
21:07,21:11,,
석남도봉산,장암온수,,
21:15,21:17,,
석남장암,도봉산석남,,
21:21,21:23,,
온수도봉산,장암온수,,
21:28,21:28,,
석남장암,도봉산석남,,
21:36,21:35,,
석남도봉산,장암온수,,
21:43,21:42,,
온수도봉산,도봉산석남,,
21:51,21:49,,
석남장암,장암온수,,
21:58,21:56,,
석남도봉산,도봉산석남,,
22:06,22:03,,
석남도봉산,장암온수,,
22:13,22:10,,
온수도봉산,도봉산석남,,
22:21,22:18,,
석남장암,장암온수,,
22:28,22:25,,
온수도봉산,도봉산석남,,
22:36,22:33,,
석남도봉산,장암온수,,
22:43,22:42,,
석남장암,도봉산석남,,
22:51,22:52,,
온수도봉산,도봉산온수,,
22:58,,,
석남장암,,,
23:11,23:02,,
석남도봉산,장암석남,,
23:23막,23:12,,
석남장암,도봉산온수,,
23:39,23:22,,
석남도봉산,장암석남,,
23:53막,23:33,,
석남도봉산,도봉산온수,,
,23:41,,
,장암석남,,
,23:51,,
,도봉산온수,,
0:02,0:01,,
온수청담,장암석남,,
00:11막,0:10,,
석남태릉입구,도봉산온수,,
00:25막,00:20막,,
석남건대입구,도봉산석남,,
00:45막,00:40막,,
석남내방,도봉산온수,,
,00:55막,,
,장암신풍,,
