﻿남성방면,상도방면,남성방면,상도방면
평일,평일,주말,주말
05:44첫,05:37첫,05:44첫,05:37첫
신풍장암,내방석남,신풍장암,내방석남
5:55,5:50,5:55,5:50
온수장암,청담석남,온수도봉산,청담석남
6:05,6:02,6:05,6:02
온수장암,건대입구석남,온수장암,건대입구석남
6:17,6:14,6:16,6:14
석남장암,태릉입구석남,석남도봉산,태릉입구석남
6:24,6:26,6:23,6:26
온수도봉산,도봉산석남,온수도봉산,도봉산석남
6:32,6:36,6:32,6:36
석남장암,장암석남,석남장암,장암석남
6:39,6:44,6:40,6:46
온수장암,도봉산석남,석남도봉산,도봉산석남
6:45,6:51,6:48,6:56
석남도봉산,도봉산석남,온수도봉산,장암온수
6:52,6:58,6:55,
온수장암,장암석남,석남장암,
6:58,,7:02,7:05
석남도봉산,,온수도봉산,도봉산석남
7:04,7:05,7:09,7:13
온수장암,도봉산석남,석남장암,장암석남
7:10,7:11,7:16,7:20
석남도봉산,도봉산석남,석남도봉산,도봉산온수
7:15,7:18,7:23,7:27
온수장암,장암석남,석남장암,장암석남
7:22,7:24,7:30,7:34
석남도봉산,도봉산석남,온수도봉산,도봉산온수
7:27,7:30,7:36,7:41
온수장암,장암석남,석남장암,장암석남
7:32,7:36,7:43,7:48
석남도봉산,도봉산석남,온수도봉산,도봉산온수
7:37,7:41,7:49,7:55
온수장암,장암석남,석남도봉산,도봉산석남
7:42,7:47,7:56,
석남도봉산,도봉산석남,온수장암,
7:47,7:52,8:02,8:02
석남장암,도봉산석남,석남도봉산,장암온수
7:51,7:57,8:09,8:09
온수도봉산,장암석남,온수장암,도봉산석남
7:55,,8:15,8:16
석남도봉산,,석남도봉산,도봉산온수
7:59,,8:22,8:23
석남장암,,온수장암,도봉산석남
8:03,8:02,8:28,8:30
석남도봉산,도봉산석남,석남도봉산,장암온수
8:07,8:07,8:35,8:37
석남도봉산,장암온수,온수장암,도봉산석남
8:12,8:11,8:41,8:44
석남장암,도봉산석남,석남도봉산,도봉산온수
8:16,8:15,8:48,8:50
석남도봉산,장암온수,온수장암,도봉산석남
8:20,8:19,8:54,8:57
석남도봉산,도봉산석남,석남도봉산,장암온수
8:24,8:24,9:01,9:04
온수장암,도봉산온수,온수장암,도봉산석남
8:27,8:27,9:07,9:10
석남도봉산,장암석남,석남도봉산,장암온수
8:31,8:31,9:14,9:17
석남도봉산,도봉산온수,온수장암,도봉산석남
8:34,8:35,9:20,9:23
석남수락산,도봉산석남,석남도봉산,장암온수
8:37,8:37,9:27,9:30
석남장암,도봉산온수,온수장암,도봉산석남
8:40,8:40,9:33,9:36
석남도봉산,도봉산온수,석남도봉산,장암온수
8:43,8:42,9:40,9:43
석남도봉산,장암석남,온수장암,도봉산석남
8:47,8:46,9:46,9:49
석남도봉산,도봉산온수,석남도봉산,장암온수
8:51,8:48,9:53,9:56
석남장암,도봉산온수,온수장암,도봉산석남
8:54,8:51,10:00,10:02
석남도봉산,도봉산석남,석남도봉산,도봉산온수
8:58,8:54,10:06,10:09
석남도봉산,장암온수,온수장암,장암석남
,8:57,10:13,10:15
,도봉산온수,석남도봉산,도봉산온수
9:02,9:00,10:19,10:22
석남도봉산,도봉산석남,온수장암,장암석남
9:06,9:02,10:26,10:28
석남장암,도봉산온수,석남도봉산,도봉산온수
9:10,9:05,10:32,10:35
석남도봉산,도봉산온수,온수장암,장암석남
9:14,9:07,10:39,10:41
석남도봉산,장암석남,석남도봉산,도봉산온수
9:18,9:10,10:45,10:48
석남장암,도봉산온수,온수장암,장암석남
9:22,9:13,10:52,10:54
온수도봉산,도봉산온수,석남도봉산,도봉산온수
9:26,9:16,10:58,
석남도봉산,도봉산석남,온수장암,
9:30,9:19,11:05,11:01
석남도봉산,장암온수,석남도봉산,장암석남
9:35,9:22,11:11,11:07
석남장암,도봉산온수,온수장암,도봉산온수
9:40,9:26,11:18,11:14
석남도봉산,도봉산석남,석남도봉산,장암석남
9:45,9:29,11:24,11:20
온수장암,장암온수,온수장암,도봉산온수
9:50,9:33,11:31,11:27
석남도봉산,도봉산온수,석남도봉산,장암석남
9:55,9:37,11:37,11:33
온수도봉산,도봉산석남,온수장암,도봉산온수
,9:41,11:44,11:40
,장암온수,석남도봉산,장암석남
,9:45,11:50,11:46
,도봉산온수,온수장암,도봉산온수
,9:50,11:57,11:53
,장암석남,석남도봉산,장암석남
,9:55,12:03,12:00
,도봉산온수,온수장암,도봉산온수
10:00,10:00,12:10,12:06
석남장암,장암온수,석남도봉산,장암석남
10:06,10:05,12:16,12:13
석남도봉산,도봉산석남,온수장암,도봉산온수
10:10,10:11,12:23,12:19
석남장암,장암온수,석남도봉산,장암석남
10:16,10:17,12:29,12:26
석남도봉산,도봉산석남,온수장암,도봉산온수
10:22,10:23,12:36,12:32
석남장암,장암온수,석남도봉산,장암석남
10:28,10:29,12:42,12:39
석남도봉산,도봉산석남,온수장암,도봉산온수
10:34,10:35,12:49,12:45
온수장암,장암온수,석남도봉산,장암석남
10:40,10:41,12:55,12:52
석남도봉산,도봉산석남,온수장암,도봉산온수
10:46,10:47,,12:58
석남장암,도봉산온수,,장암석남
10:52,10:53,13:02,13:05
온수도봉산,장암석남,석남도봉산,도봉산온수
10:58,10:59,13:09,13:11
석남장암,도봉산온수,온수장암,장암석남
11:04,11:05,13:15,13:18
석남도봉산,장암석남,석남도봉산,도봉산온수
11:10,11:11,13:22,13:24
온수장암,도봉산온수,온수장암,장암석남
11:16,11:17,13:28,13:31
석남도봉산,장암석남,석남도봉산,도봉산온수
11:22,11:23,13:35,13:37
온수장암,도봉산온수,온수장암,장암석남
11:28,11:29,13:41,13:44
석남도봉산,도봉산석남,석남도봉산,도봉산온수
11:34,11:35,13:48,13:50
온수장암,장암온수,온수장암,장암석남
11:40,11:41,13:54,13:57
석남도봉산,도봉산석남,석남도봉산,도봉산온수
11:46,11:47,14:01,14:03
온수장암,장암온수,온수장암,장암석남
11:52,11:53,14:07,14:10
석남도봉산,도봉산석남,석남도봉산,도봉산온수
11:58,11:59,14:14,14:16
온수장암,장암온수,온수장암,장암석남
12:04,12:05,14:20,14:23
석남도봉산,도봉산석남,석남도봉산,도봉산온수
12:10,12:11,14:27,14:29
온수장암,장암온수,온수장암,장암석남
12:16,12:17,14:33,14:36
석남도봉산,도봉산석남,석남도봉산,도봉산온수
12:22,12:23,14:40,14:42
온수장암,장암온수,온수장암,장암석남
12:28,12:29,14:46,14:49
석남도봉산,도봉산석남,석남도봉산,도봉산온수
12:34,12:35,14:53,14:56
온수장암,장암온수,온수장암,장암석남
12:40,12:41,14:59,
석남도봉산,도봉산석남,석남도봉산,
12:46,12:47,15:06,15:02
온수장암,장암온수,온수장암,도봉산온수
12:52,12:53,15:12,15:09
석남도봉산,도봉산석남,석남도봉산,장암석남
12:58,12:59,15:19,15:15
온수장암,장암온수,온수장암,도봉산온수
13:04,13:05,15:25,15:22
석남도봉산,도봉산석남,석남도봉산,장암석남
13:10,13:11,15:32,15:28
온수장암,장암온수,온수장암,도봉산온수
13:16,13:17,15:38,15:35
석남도봉산,도봉산석남,석남도봉산,장암석남
13:22,13:23,15:45,15:41
온수장암,장암온수,온수장암,도봉산온수
13:28,13:29,15:52,15:48
석남도봉산,도봉산석남,석남도봉산,장암석남
13:34,13:35,15:58,15:54
온수장암,장암온수,온수장암,도봉산온수
13:40,13:41,16:05,16:01
석남도봉산,도봉산석남,석남도봉산,장암석남
13:46,13:47,16:11,16:07
온수장암,장암온수,온수장암,도봉산온수
13:52,13:53,16:18,16:14
석남도봉산,도봉산석남,석남도봉산,장암석남
13:58,13:59,16:24,16:20
온수장암,장암온수,온수장암,도봉산온수
14:04,14:05,16:31,16:27
석남도봉산,도봉산석남,석남도봉산,장암석남
14:10,14:11,16:37,16:33
온수장암,장암온수,온수장암,도봉산온수
14:16,14:17,16:44,16:40
석남도봉산,도봉산석남,석남도봉산,장암석남
14:22,14:23,16:50,16:46
온수장암,장암온수,온수장암,도봉산온수
14:28,14:29,16:57,16:53
석남도봉산,도봉산석남,석남도봉산,장암석남
14:34,14:35,,16:59
온수장암,장암온수,,도봉산온수
14:40,14:41,17:03,17:06
석남도봉산,도봉산석남,온수장암,장암석남
14:46,14:47,17:10,17:12
온수장암,장암온수,석남도봉산,도봉산온수
14:52,14:53,17:16,17:19
석남도봉산,도봉산석남,온수장암,장암석남
14:58,14:59,17:23,17:25
온수장암,장암온수,석남도봉산,도봉산온수
15:04,15:05,17:29,17:32
석남도봉산,도봉산석남,온수장암,장암석남
15:10,15:11,17:36,17:38
온수장암,장암온수,석남도봉산,도봉산온수
15:16,15:17,17:42,17:45
석남도봉산,도봉산석남,온수장암,장암석남
15:22,15:23,17:49,17:52
온수장암,장암온수,석남도봉산,도봉산온수
15:28,15:29,17:55,17:58
석남도봉산,도봉산석남,온수장암,장암석남
15:34,15:35,18:02,18:05
온수장암,장암온수,석남도봉산,도봉산온수
15:40,15:41,18:08,18:11
석남도봉산,도봉산석남,온수장암,장암석남
15:46,15:47,18:15,18:18
온수장암,장암온수,석남도봉산,도봉산온수
15:52,15:53,18:21,18:24
석남도봉산,도봉산석남,온수장암,장암석남
15:58,15:59,18:28,18:31
온수장암,장암온수,석남도봉산,도봉산온수
16:04,16:05,18:34,18:38
석남도봉산,도봉산석남,온수장암,장암석남
16:10,16:11,18:41,18:44
온수장암,장암온수,석남도봉산,도봉산온수
16:16,16:17,18:48,18:50
석남도봉산,도봉산석남,온수장암,장암석남
16:22,16:23,18:54,18:57
온수장암,장암석남,석남도봉산,도봉산온수
16:28,16:29,19:01,19:04
석남도봉산,도봉산석남,온수장암,장암석남
16:34,16:35,19:08,19:10
온수장암,장암온수,석남도봉산,도봉산온수
16:40,16:41,19:14,19:16
석남도봉산,도봉산석남,온수장암,장암석남
16:46,16:47,19:20,19:23
온수장암,장암온수,석남도봉산,도봉산온수
16:52,16:53,19:27,19:29
석남도봉산,도봉산석남,온수장암,장암석남
16:58,16:59,19:33,19:36
온수장암,장암석남,석남도봉산,도봉산온수
17:04,17:05,19:40,19:42
석남도봉산,도봉산석남,온수장암,장암석남
17:10,17:11,19:47,19:49
온수장암,장암석남,석남도봉산,도봉산온수
17:16,17:17,19:53,19:55
석남도봉산,도봉산석남,온수장암,장암석남
17:22,17:23,20:00,20:02
온수장암,장암석남,석남도봉산,도봉산온수
17:27,17:29,20:07,20:08
석남도봉산,도봉산석남,온수장암,장암석남
17:32,17:35,20:14,20:15
온수장암,장암석남,석남도봉산,도봉산온수
17:37,17:41,20:20,20:21
온수도봉산,도봉산석남,온수장암,장암석남
17:42,17:46,20:27,20:28
석남도봉산,장암석남,석남도봉산,도봉산온수
17:47,17:51,20:33,20:35
온수장암,도봉산석남,온수도봉산,장암석남
17:51,17:56,20:40,20:41
석남도봉산,장암석남,석남장암,도봉산온수
17:56,,20:46,20:48
온수도봉산,,온수도봉산,장암석남
18:01,18:02,20:53,20:54
온수장암,도봉산석남,석남도봉산,도봉산온수
18:04,18:07,20:59,
석남도봉산,도봉산석남,온수장암,
18:08,18:12,21:06,21:01
온수도봉산,장암석남,석남도봉산,장암석남
18:11,18:17,21:12,21:07
온수도봉산,도봉산석남,온수장암,도봉산온수
18:14,18:22,21:19,21:14
석남도봉산,장암석남,석남장암,장암석남
18:18,18:27,21:26,21:20
온수장암,도봉산석남,온수도봉산,도봉산온수
18:21,18:31,21:33,21:27
석남도봉산,도봉산석남,석남장암,장암석남
18:24,18:35,21:40,21:33
온수도봉산,장암석남,온수도봉산,도봉산온수
18:28,18:38,21:47,21:40
온수장암,도봉산온수,석남도봉산,장암석남
18:31,18:41,21:54,21:47
석남도봉산,도봉산석남,온수도봉산,도봉산온수
18:34,18:44,,21:53
온수도봉산,도봉산온수,,장암석남
18:37,18:47,22:01,22:00
온수도봉산,장암석남,석남도봉산,도봉산온수
18:40,18:51,22:08,22:07
석남장암,도봉산온수,온수장암,장암석남
18:43,18:54,22:15,22:14
온수도봉산,도봉산석남,석남도봉산,도봉산온수
18:46,18:59,22:22,22:21
석남도봉산,장암온수,온수도봉산,장암석남
18:49,,22:28,22:28
온수도봉산,,석남장암,도봉산온수
18:52,,22:36,22:34
석남장암,,석남도봉산,도봉산석남
18:56,,22:45,22:41
온수도봉산,,석남도봉산,장암온수
18:59,,22:56막,22:50
석남도봉산,,온수장암,도봉산석남
19:03,19:03,,22:58
온수장암,도봉산석남,,장암온수
19:07,19:08,23:05,23:06
석남도봉산,도봉산온수,석남도봉산,도봉산석남
19:12,19:13,23:15막,23:14
석남도봉산,장암석남,석남도봉산,장암온수
19:17,19:18,23:25막,23:21막
석남장암,도봉산온수,석남태릉입구,장암석남
19:22,19:23,23:37막,23:27
석남도봉산,장암석남,온수건대입구,도봉산온수
19:27,19:28,23:46막,23:34
석남장암,도봉산온수,석남청담,장암온수
19:32,19:33,23:57막,23:44막
석남도봉산,장암석남,석남내방,도봉산온수
19:38,19:38,,23:55막
석남도봉산,도봉산온수,,장암신풍
19:43,19:43,,
석남장암,도봉산석남,,
19:49,19:48,,
석남도봉산,장암온수,,
19:55,19:53,,
석남장암,도봉산석남,,
,19:58,,
,도봉산온수,,
20:01,20:03,,
석남도봉산,장암석남,,
20:07,20:08,,
석남도봉산,도봉산온수,,
20:13,20:13,,
석남장암,도봉산석남,,
20:19,20:18,,
석남도봉산,장암온수,,
20:25,20:23,,
석남도봉산,도봉산석남,,
20:31,20:29,,
석남도봉산,장암온수,,
20:38,20:35,,
석남장암,도봉산석남,,
20:45,20:41,,
석남도봉산,장암온수,,
20:52,20:47,,
석남도봉산,도봉산석남,,
20:59,20:53,,
석남장암,장암온수,,
,20:59,,
,도봉산석남,,
21:06,21:05,,
석남도봉산,장암온수,,
21:13,21:11,,
석남도봉산,도봉산석남,,
21:21,21:17,,
석남장암,장암온수,,
21:27,21:22,,
온수도봉산,도봉산석남,,
21:34,21:29,,
석남장암,장암온수,,
21:42,21:36,,
석남도봉산,도봉산석남,,
21:49,21:43,,
온수도봉산,장암온수,,
21:57,21:50,,
석남장암,도봉산석남,,
,21:57,,
,장암온수,,
22:04,22:04,,
석남도봉산,도봉산석남,,
22:12,22:12,,
석남도봉산,장암온수,,
22:19,22:19,,
온수도봉산,도봉산석남,,
22:27,22:27,,
석남장암,장암온수,,
22:34,22:36,,
온수도봉산,도봉산석남,,
22:42,22:46,,
석남도봉산,도봉산온수,,
22:49,22:56,,
석남장암,장암석남,,
22:57,,,
온수도봉산,,,
23:04,23:06,,
석남장암,도봉산온수,,
23:17,23:16,,
석남도봉산,장암석남,,
23:29막,23:27,,
석남장암,도봉산온수,,
23:45,23:35,,
석남도봉산,장암석남,,
23:59막,23:45,,
석남도봉산,도봉산온수,,
,23:55,,
,장암석남,,
0:08,0:04,,
온수청담,도봉산온수,,
00:17막,00:14막,,
석남태릉입구,도봉산석남,,
00:31막,00:34막,,
석남건대입구,도봉산온수,,
00:51막,00:49막,,
석남내방,장암신풍,,
