﻿청담방면,학동방면,청담방면,학동방면
평일,평일,주말,주말
05:48첫,05:33첫,05:49첫,05:33첫
내방장암,청담석남,내방장암,청담석남
,5:44,,5:44
,건대입구석남,,건대입구석남
,5:57,,5:57
,태릉입구석남,,태릉입구석남
6:01,6:09,6:01,6:09
신풍장암,도봉산석남,신풍장암,도봉산석남
6:13,6:19,6:13,6:19
온수장암,장암석남,온수도봉산,장암석남
6:23,6:27,6:23,6:29
온수장암,도봉산석남,온수장암,도봉산석남
6:34,6:34,6:34,6:39
석남장암,도봉산석남,석남도봉산,장암온수
6:42,6:41,6:41,6:48
온수도봉산,장암석남,온수도봉산,도봉산석남
6:49,6:48,6:50,6:56
석남장암,도봉산석남,석남장암,장암석남
6:56,6:54,6:58,
온수장암,도봉산석남,석남도봉산,
7:02,7:00,7:06,7:03
석남도봉산,장암석남,온수도봉산,도봉산온수
7:09,7:06,7:13,7:10
온수장암,도봉산석남,석남장암,장암석남
7:15,7:12,7:20,7:17
석남도봉산,장암석남,온수도봉산,도봉산온수
7:21,7:18,7:27,7:24
온수장암,도봉산석남,석남장암,장암석남
7:27,7:24,7:34,7:31
석남도봉산,장암석남,석남도봉산,도봉산온수
7:33,7:30,7:41,7:38
온수장암,도봉산석남,석남장암,도봉산석남
7:39,7:35,7:47,7:45
석남도봉산,도봉산석남,온수도봉산,장암온수
7:45,7:40,7:54,7:52
온수장암,장암석남,석남장암,도봉산석남
7:50,7:45,,7:59
석남도봉산,도봉산석남,,도봉산온수
7:55,7:49,8:00,8:06
온수장암,장암온수,온수도봉산,도봉산석남
,7:54,8:07,8:13
,도봉산석남,석남도봉산,장암온수
,7:58,8:13,8:20
,장암온수,온수장암,도봉산석남
8:00,8:02,8:20,8:27
석남도봉산,도봉산석남,석남도봉산,도봉산온수
8:05,8:06,8:26,8:33
석남장암,도봉산온수,온수장암,도봉산석남
8:09,8:10,8:33,8:40
온수도봉산,장암석남,석남도봉산,장암온수
8:13,8:14,8:39,8:47
석남도봉산,도봉산온수,온수장암,도봉산석남
8:17,8:17,8:46,8:53
석남장암,도봉산석남,석남도봉산,장암온수
8:21,8:20,8:52,
석남도봉산,도봉산온수,온수장암,
8:25,8:22,8:59,
석남도봉산,도봉산온수,석남도봉산,
8:30,8:25,9:05,9:00
석남장암,장암석남,온수장암,도봉산석남
8:34,8:28,9:12,9:06
석남도봉산,도봉산온수,석남도봉산,장암온수
8:38,8:30,9:18,9:13
석남도봉산,도봉산온수,온수장암,도봉산석남
8:42,8:33,9:25,9:19
온수장암,도봉산석남,석남도봉산,장암온수
8:45,8:36,9:31,9:26
석남도봉산,장암온수,온수장암,도봉산석남
8:49,8:39,9:38,9:32
석남도봉산,도봉산온수,석남도봉산,장암온수
8:53,8:42,9:44,9:39
석남수락산,도봉산석남,온수장암,도봉산석남
8:55,8:44,9:51,9:45
석남장암,도봉산온수,석남도봉산,도봉산온수
8:58,8:47,9:57,9:52
석남도봉산,도봉산온수,온수장암,장암석남
,8:49,,9:58
,장암석남,,도봉산온수
,8:52,10:04,10:05
,도봉산온수,석남도봉산,장암석남
,8:55,10:10,10:11
,도봉산온수,온수장암,도봉산온수
,8:58,10:17,10:18
,도봉산석남,석남도봉산,장암석남
9:01,9:01,10:24,10:24
석남도봉산,장암온수,온수장암,도봉산온수
9:05,9:05,10:30,10:31
석남도봉산,도봉산온수,석남도봉산,장암석남
9:09,9:08,10:37,10:37
석남장암,도봉산석남,온수장암,도봉산온수
9:12,9:12,10:43,10:44
석남도봉산,장암온수,석남도봉산,장암석남
9:16,9:15,10:50,10:50
석남도봉산,도봉산온수,온수장암,도봉산온수
9:20,9:19,10:56,10:57
석남도봉산,도봉산석남,석남도봉산,장암석남
9:24,9:23,11:03,11:03
석남장암,장암온수,온수장암,도봉산온수
9:28,9:28,11:09,11:10
석남도봉산,도봉산온수,석남도봉산,장암석남
9:32,9:33,11:16,11:16
석남도봉산,장암석남,온수장암,도봉산온수
9:36,9:38,11:22,11:23
석남장암,도봉산온수,석남도봉산,장암석남
9:40,9:43,11:29,11:29
온수도봉산,장암온수,온수장암,도봉산온수
9:44,9:48,11:35,11:36
석남도봉산,도봉산석남,석남도봉산,장암석남
9:48,9:54,11:42,11:43
석남도봉산,장암온수,온수장암,도봉산온수
9:52,,11:48,11:49
석남장암,,석남도봉산,장암석남
9:58,,11:55,11:56
석남도봉산,,온수장암,도봉산온수
10:03,10:00,12:01,12:02
온수장암,도봉산석남,석남도봉산,장암석남
10:07,10:06,12:08,12:09
석남도봉산,장암온수,온수장암,도봉산온수
10:12,10:12,12:14,12:15
온수도봉산,도봉산석남,석남도봉산,장암석남
10:17,10:18,12:21,12:22
석남장암,장암온수,온수장암,도봉산온수
10:23,10:24,12:27,12:28
석남도봉산,도봉산석남,석남도봉산,장암석남
10:28,10:30,12:34,12:35
석남장암,도봉산온수,온수장암,도봉산온수
10:34,10:36,12:40,12:41
석남도봉산,장암석남,석남도봉산,장암석남
10:40,10:42,12:47,12:48
석남장암,도봉산온수,온수장암,도봉산온수
10:46,10:48,12:53,12:54
석남도봉산,장암석남,석남도봉산,장암석남
10:52,10:54,13:00,13:01
온수장암,도봉산온수,온수장암,도봉산온수
10:58,,13:06,13:07
석남도봉산,,석남도봉산,장암석남
11:04,11:00,13:13,13:14
석남장암,장암석남,온수장암,도봉산온수
11:10,11:06,13:20,13:20
온수도봉산,도봉산온수,석남도봉산,장암석남
11:16,11:12,13:26,13:27
석남장암,도봉산석남,온수장암,도봉산온수
11:22,11:18,13:33,13:33
석남도봉산,장암온수,석남도봉산,장암석남
11:28,11:24,13:39,13:40
온수장암,도봉산석남,온수장암,도봉산온수
11:34,11:30,13:46,13:46
석남도봉산,장암온수,석남도봉산,장암석남
11:40,11:36,13:52,13:53
온수장암,도봉산석남,온수장암,도봉산온수
11:46,11:42,13:59,13:59
석남도봉산,장암온수,석남도봉산,장암석남
11:52,11:48,14:05,14:06
온수장암,도봉산석남,온수장암,도봉산온수
11:58,11:54,14:12,14:12
석남도봉산,장암온수,석남도봉산,장암석남
12:04,12:00,14:18,14:19
온수장암,도봉산석남,온수장암,도봉산온수
12:10,12:06,14:25,14:25
석남도봉산,장암온수,석남도봉산,장암석남
12:16,12:12,14:31,14:32
온수장암,도봉산석남,온수장암,도봉산온수
12:22,12:18,14:38,14:39
석남도봉산,장암온수,석남도봉산,장암석남
12:28,12:24,14:44,14:45
온수장암,도봉산석남,온수장암,도봉산온수
12:34,12:30,14:51,14:52
석남도봉산,장암온수,석남도봉산,장암석남
12:40,12:36,14:57,14:58
온수장암,도봉산석남,온수장암,도봉산온수
12:46,12:42,15:04,15:05
석남도봉산,장암온수,석남도봉산,장암석남
12:52,12:48,15:10,15:11
온수장암,도봉산석남,온수장암,도봉산온수
12:58,12:54,15:17,15:18
석남도봉산,장암온수,석남도봉산,장암석남
13:04,13:00,15:23,15:24
온수장암,도봉산석남,온수장암,도봉산온수
13:10,13:06,15:30,15:31
석남도봉산,장암온수,석남도봉산,장암석남
13:16,13:12,15:36,15:37
온수장암,도봉산석남,온수장암,도봉산온수
13:22,13:18,15:43,15:44
석남도봉산,장암온수,석남도봉산,장암석남
13:28,13:24,15:49,15:50
온수장암,도봉산석남,온수장암,도봉산온수
13:34,13:30,15:56,15:57
석남도봉산,장암온수,석남도봉산,장암석남
13:40,13:36,16:02,16:03
온수장암,도봉산석남,온수장암,도봉산온수
13:46,13:42,16:09,16:10
석남도봉산,장암온수,석남도봉산,장암석남
13:52,13:48,16:16,16:16
온수장암,도봉산석남,온수장암,도봉산온수
13:58,13:54,16:22,16:23
석남도봉산,장암온수,석남도봉산,장암석남
14:04,14:00,16:29,16:29
온수장암,도봉산석남,온수장암,도봉산온수
14:10,14:06,16:35,16:36
석남도봉산,장암온수,석남도봉산,장암석남
14:16,14:12,16:42,16:42
온수장암,도봉산석남,온수장암,도봉산온수
14:22,14:18,16:48,16:49
석남도봉산,장암온수,석남도봉산,장암석남
14:28,14:24,16:55,16:55
온수장암,도봉산석남,온수장암,도봉산온수
14:34,14:30,17:01,17:02
석남도봉산,장암온수,석남도봉산,장암석남
14:40,14:36,17:08,17:08
온수장암,도봉산석남,온수장암,도봉산온수
14:46,14:42,17:14,17:15
석남도봉산,장암온수,석남도봉산,장암석남
14:52,14:48,17:21,17:21
온수장암,도봉산석남,온수장암,도봉산온수
14:58,14:54,17:27,17:28
석남도봉산,장암온수,석남도봉산,장암석남
15:04,15:00,17:34,17:35
온수장암,도봉산석남,온수장암,도봉산온수
15:10,15:06,17:40,17:41
석남도봉산,장암온수,석남도봉산,장암석남
15:16,15:12,17:47,17:48
온수장암,도봉산석남,온수장암,도봉산온수
15:22,15:18,17:53,17:54
석남도봉산,장암온수,석남도봉산,장암석남
15:28,15:24,18:00,18:01
온수장암,도봉산석남,온수장암,도봉산온수
15:34,15:30,18:06,18:07
석남도봉산,장암온수,석남도봉산,장암석남
15:40,15:36,18:13,18:14
온수장암,도봉산석남,온수장암,도봉산온수
15:46,15:42,18:19,18:21
석남도봉산,장암온수,석남도봉산,장암석남
15:52,15:48,18:26,18:27
온수장암,도봉산석남,온수장암,도봉산온수
15:58,15:54,18:32,18:33
석남도봉산,장암온수,석남도봉산,장암석남
16:04,16:00,18:39,18:40
온수장암,도봉산석남,온수장암,도봉산온수
16:10,16:06,18:45,18:47
석남도봉산,장암석남,석남도봉산,장암석남
16:16,16:12,18:52,18:53
온수장암,도봉산석남,온수장암,도봉산온수
16:22,16:18,18:59,18:59
석남도봉산,장암온수,석남도봉산,장암석남
16:28,16:24,19:05,19:06
온수장암,도봉산석남,온수장암,도봉산온수
16:34,16:30,19:12,19:12
석남도봉산,장암온수,석남도봉산,장암석남
16:40,16:36,19:18,19:19
온수장암,도봉산석남,온수장암,도봉산온수
16:46,16:42,19:25,19:25
석남도봉산,장암석남,석남도봉산,장암석남
16:52,16:48,19:31,19:32
온수장암,도봉산석남,온수장암,도봉산온수
16:58,16:54,19:38,19:38
석남도봉산,장암석남,석남도봉산,장암석남
17:04,17:00,19:44,19:45
온수장암,도봉산석남,온수장암,도봉산온수
17:10,17:06,19:51,19:51
석남도봉산,장암석남,석남도봉산,장암석남
17:16,17:12,19:57,19:58
온수장암,도봉산석남,온수장암,도봉산온수
17:22,17:18,20:04,20:04
석남도봉산,장암석남,석남도봉산,장암석남
17:28,17:24,20:11,20:11
온수장암,도봉산석남,온수장암,도봉산온수
17:34,17:29,20:17,20:18
석남도봉산,장암석남,석남도봉산,장암석남
17:39,17:34,20:24,20:24
온수장암,도봉산석남,온수장암,도봉산온수
17:45,17:39,20:31,20:31
석남도봉산,장암석남,석남도봉산,장암석남
17:50,17:45,20:38,20:37
온수장암,도봉산석남,온수장암,도봉산온수
17:55,17:50,20:44,20:44
온수도봉산,도봉산석남,석남도봉산,장암석남
17:59,17:55,20:51,20:50
석남도봉산,장암석남,온수도봉산,도봉산온수
18:04,18:00,20:57,20:57
온수장암,도봉산석남,석남장암,장암석남
18:09,18:05,21:04,21:03
석남도봉산,장암석남,온수도봉산,도봉산온수
18:14,18:09,21:10,21:10
온수도봉산,도봉산석남,석남도봉산,장암석남
18:18,18:14,21:17,21:16
온수장암,도봉산석남,온수장암,도봉산온수
18:22,18:18,21:23,21:23
석남도봉산,장암석남,석남도봉산,장암석남
18:25,18:21,21:30,21:30
온수도봉산,도봉산온수,온수장암,도봉산온수
18:29,18:24,21:37,21:36
온수도봉산,도봉산석남,석남장암,장암석남
18:32,18:27,21:44,21:43
석남도봉산,도봉산온수,온수도봉산,도봉산온수
18:36,18:30,21:51,21:50
온수장암,장암석남,석남장암,장암석남
18:39,18:33,21:58,21:57
석남도봉산,도봉산온수,온수도봉산,도봉산온수
18:42,18:37,22:05,22:04
온수도봉산,도봉산석남,석남도봉산,장암석남
18:46,18:41,22:12,22:11
온수장암,장암온수,온수도봉산,도봉산온수
18:49,18:46,22:19,22:17
석남도봉산,도봉산석남,석남도봉산,도봉산석남
18:52,18:50,22:26,22:24
온수도봉산,도봉산온수,온수장암,장암온수
18:55,18:55,22:33,22:33
온수도봉산,장암석남,석남도봉산,도봉산석남
18:58,,22:39,22:41
석남장암,,온수도봉산,장암온수
19:01,19:00,22:46,22:49
온수도봉산,도봉산온수,석남장암,도봉산석남
19:04,19:05,22:54,22:57
석남도봉산,장암석남,석남도봉산,장암온수
19:07,19:10,23:03,23:04막
온수도봉산,도봉산온수,석남도봉산,장암석남
19:10,19:15,23:13막,23:10
석남장암,장암석남,온수장암,도봉산온수
19:14,19:20,23:23,23:17
온수도봉산,도봉산온수,석남도봉산,장암온수
19:17,19:25,23:33막,23:27막
석남도봉산,도봉산석남,석남도봉산,도봉산온수
19:21,19:30,23:43막,23:38막
온수장암,장암온수,석남태릉입구,장암신풍
19:25,19:35,23:54막,23:50막
석남도봉산,도봉산석남,온수건대입구,도봉산내방
19:29,19:40,00:04막,
석남도봉산,도봉산온수,석남청담,
19:34,19:45,,
석남장암,장암석남,,
19:39,19:50,,
석남도봉산,도봉산온수,,
19:44,19:55,,
석남장암,도봉산석남,,
19:49,,,
석남도봉산,,,
19:55,,,
석남도봉산,,,
20:01,20:00,,
석남장암,장암온수,,
20:07,20:05,,
석남도봉산,도봉산석남,,
20:13,20:11,,
석남장암,장암온수,,
20:19,20:17,,
석남도봉산,도봉산석남,,
20:25,20:23,,
석남도봉산,장암온수,,
20:31,20:29,,
석남장암,도봉산석남,,
20:37,20:35,,
석남도봉산,장암온수,,
20:43,20:41,,
석남도봉산,도봉산석남,,
20:49,20:47,,
석남도봉산,장암온수,,
20:55,20:53,,
석남장암,도봉산석남,,
,20:59,,
,장암온수,,
21:02,21:05,,
석남도봉산,도봉산석남,,
21:09,21:12,,
석남도봉산,장암온수,,
21:16,21:19,,
석남장암,도봉산석남,,
21:23,21:26,,
석남도봉산,장암온수,,
21:30,21:33,,
석남도봉산,도봉산석남,,
21:38,21:40,,
석남장암,장암온수,,
21:45,21:47,,
온수도봉산,도봉산석남,,
21:52,21:55,,
석남장암,장암온수,,
21:59,,,
석남도봉산,,,
22:07,22:02,,
온수도봉산,도봉산석남,,
22:14,22:10,,
석남장암,장암온수,,
22:22,22:19,,
석남도봉산,도봉산석남,,
22:29,22:29,,
석남도봉산,도봉산온수,,
22:37,22:39,,
온수도봉산,장암석남,,
22:44,22:49,,
석남장암,도봉산온수,,
22:52,22:59,,
온수도봉산,장암석남,,
22:59,,,
석남도봉산,,,
23:07,23:10,,
석남장암,도봉산온수,,
23:14,23:18,,
온수도봉산,장암석남,,
23:22,23:28,,
석남장암,도봉산온수,,
23:34,23:38,,
석남도봉산,장암석남,,
23:46막,23:47,,
석남장암,도봉산온수,,
,23:57막,,
,도봉산석남,,
0:02,0:07,,
석남도봉산,장암내방,,
00:16막,00:17막,,
석남도봉산,도봉산온수,,
0:25,00:32막,,
온수청담,장암신풍,,
00:34막,,,
석남태릉입구,,,
00:49막,,,
석남건대입구,,,
