﻿사당방면,서울대입구방면,사당방면,서울대입구방면
평일,평일,주말,주말
05:32첫,05:48첫,05:32첫,05:46첫
서울대입구성수(외선),삼성성수(내선),서울대입구성수(외선),삼성성수(내선)
5:45,,5:44,
신도림성수(외선),,신도림성수(외선),
5:51,,5:50,
신도림성수(외선),,신도림성수(외선),
5:57,,5:56,
홍대입구성수(외선),,홍대입구성수(외선),
6:03,6:05,6:02,6:03
신도림성수(외선),성수성수(내선),신도림성수(외선),성수성수(내선)
6:08,6:15,6:08,6:13
을지로입구성수(외선),성수성수(내선),을지로입구성수(외선),성수성수(내선)
6:15,6:22,6:13,6:21
신도림성수(외선),성수성수(내선),신도림성수(외선),성수성수(내선)
6:23,6:29,6:19,6:31
성수성수(외선),성수성수(내선),신도림성수(외선),성수성수(내선)
6:28,6:33,6:25,6:36
신도림성수(외선),성수성수(내선),성수성수(외선),성수성수(내선)
6:33,6:39,6:30,6:42
성수성수(외선),성수성수(내선),신도림성수(외선),성수성수(내선)
6:38,6:45,6:36,6:48
신도림성수(외선),성수성수(내선),성수성수(외선),성수성수(내선)
6:43,6:52,6:43,6:54
성수성수(외선),성수성수(내선),성수성수(외선),성수성수(내선)
6:48,6:58,6:49,
신도림성수(외선),성수성수(내선),성수성수(외선),
6:53,,6:55,
성수성수(외선),,성수성수(외선),
6:58,,7:01,7:00
신도림성수(외선),,성수성수(외선),성수성수(내선)
7:03,7:02,7:07,7:06
성수성수(외선),성수성수(내선),성수성수(외선),성수성수(내선)
7:08,7:05,7:13,7:12
신도림성수(외선),성수성수(내선),성수성수(외선),성수성수(내선)
7:12,7:11,7:19,7:16
성수성수(외선),성수성수(내선),성수성수(외선),성수성수(내선)
7:18,7:15,7:25,7:21
성수성수(외선),성수성수(내선),성수성수(외선),성수성수(내선)
7:22,7:19,7:31,7:26
성수성수(외선),성수성수(내선),성수성수(외선),성수성수(내선)
7:25,7:25,7:37,7:32
신도림성수(외선),성수성수(내선),성수성수(외선),성수성수(내선)
7:28,7:29,7:43,7:37
성수성수(외선),성수성수(내선),성수성수(외선),성수성수(내선)
7:31,7:32,7:49,7:42
성수성수(외선),성수성수(내선),성수성수(외선),성수성수(내선)
7:33,7:36,7:54,7:48
성수성수(외선),성수성수(내선),성수성수(외선),성수성수(내선)
7:36,7:39,,7:53
신도림성수(외선),성수성수(내선),,성수성수(내선)
7:39,7:43,,7:59
성수성수(외선),성수성수(내선),,성수성수(내선)
7:42,7:47,8:00,8:04
성수성수(외선),성수성수(내선),성수성수(외선),성수성수(내선)
7:46,7:51,8:04,8:10
성수성수(외선),성수성수(내선),신도림성수(외선),성수성수(내선)
7:49,7:54,8:08,8:16
신도림성수(외선),성수성수(내선),성수성수(외선),성수성수(내선)
7:52,7:58,8:14,8:21
성수성수(외선),성수성수(내선),성수성수(외선),성수성수(내선)
7:55,,8:20,8:26
신도림성수(외선),,성수성수(외선),성수성수(내선)
7:58,,8:26,8:32
성수성수(외선),,성수성수(외선),성수성수(내선)
8:01,8:01,8:30,8:37
신도림성수(외선),성수성수(내선),성수성수,성수성수(내선)
8:03,8:05,8:37,8:43
신도림성수(외선),성수성수(내선),성수성수(외선),성수성수(내선)
8:06,8:08,8:43,8:48
성수성수(외선),성수성수(내선),성수성수(외선),성수성수(내선)
8:08,8:11,8:49,8:54
신도림성수(외선),성수성수(내선),성수성수(외선),성수성수(내선)
8:11,8:15,8:53,8:59
성수성수(외선),성수성수(내선),신도림성수(외선),성수성수(내선)
8:13,8:18,8:56,
신도림성수(외선),성수성수(내선),성수성수,
8:16,8:21,9:01,9:05
성수성수(외선),성수성수(내선),성수성수(외선),성수성수(내선)
8:18,8:24,9:06,9:10
신도림성수(외선),성수성수(내선),성수성수(외선),성수성수(내선)
8:21,8:27,9:12,9:16
성수성수(외선),성수성수(내선),성수성수(외선),성수성수(내선)
8:23,8:31,9:18,9:21
신도림성수(외선),성수성수(내선),성수성수(외선),성수성수(내선)
8:26,8:35,9:21,9:26
성수성수,성수성수(내선),신도림성수(외선),성수성수
8:28,8:38,9:24,9:32
신도림성수(외선),성수성수,성수성수,성수성수(내선)
8:31,8:41,9:29,9:38
성수성수(외선),성수성수(내선),성수성수(외선),성수성수(내선)
8:33,8:44,9:34,9:44
신도림성수(외선),성수성수(내선),성수성수(외선),성수성수(내선)
8:36,8:48,9:39,9:49
성수성수(외선),성수성수(내선),성수성수(외선),성수성수(내선)
8:38,8:52,9:45,9:53
성수성수(외선),성수성수,성수성수(외선),성수성수(내선)
8:41,8:55,9:50,9:57
성수성수(외선),성수성수(내선),성수성수(외선),성수성수(내선)
8:45,8:58,9:56,
성수성수(외선),성수성수(내선),성수성수(외선),
8:47,,10:01,10:02
성수성수(외선),,성수성수(외선),성수성수(내선)
8:51,,10:07,10:07
성수성수(외선),,성수성수(외선),성수성수
8:55,,10:13,10:12
성수성수(외선),,신도림성수(외선),성수성수(내선)
8:58,,10:18,10:16
성수성수(외선),,성수성수(외선),성수성수(내선)
9:01,9:02,10:23,10:23
성수성수,성수성수(내선),성수성수(외선),성수성수(내선)
9:03,9:05,10:29,10:28
성수성수(외선),성수성수(내선),성수성수(외선),성수성수(내선)
9:06,9:09,10:35,10:34
성수성수(외선),성수성수,성수성수(외선),성수성수(내선)
9:09,9:12,10:39,10:40
성수성수(외선),성수성수(내선),신도림성수(외선),성수성수(내선)
9:12,9:16,10:43,10:45
성수성수,성수성수(내선),성수성수(외선),성수성수
9:15,9:20,10:49,10:50
성수성수(외선),성수성수(내선),성수성수(외선),성수성수(내선)
9:20,9:24,10:54,10:56
성수성수(외선),성수성수(내선),성수성수(외선),성수성수(내선)
9:24,9:27,10:59,
성수성수,성수성수,성수성수(외선),
9:27,9:30,11:04,11:01
성수성수(외선),성수성수(내선),성수성수(외선),성수성수(내선)
9:33,9:33,11:09,11:06
성수성수(외선),성수성수(내선),성수성수(외선),성수성수(내선)
9:36,9:37,11:14,11:10
성수성수(외선),성수성수,성수성수(외선),성수성수(내선)
9:38,9:40,11:19,11:12
성수성수,성수성수(내선),성수성수(외선),성수성수(내선)
9:40,9:43,11:25,11:18
성수성수(외선),성수성수(내선),성수성수(외선),성수성수(내선)
9:42,9:46,11:30,11:23
성수성수(외선),성수성수(내선),성수성수(외선),성수성수(내선)
9:45,09:50첫,11:35,11:28
성수성수(외선),성수신도림,성수성수(외선),성수성수(내선)
9:47,9:53,11:41,11:34
성수성수,성수성수(내선),성수성수(외선),성수성수(내선)
9:50,9:56,11:48,11:41
성수성수(외선),성수성수(내선),성수성수(외선),성수성수(내선)
9:52,9:59,11:54,11:47
성수성수(외선),성수성수(내선),성수성수(외선),성수성수(내선)
9:55,,11:59,11:52
성수성수(외선),,성수성수(외선),성수성수(내선)
9:59,,,11:57
성수성수(외선),,,성수성수(내선)
10:03,10:01,12:04,12:03
성수성수(외선),성수신도림,성수성수(외선),성수성수(내선)
10:07,10:05,12:09,12:07
성수성수,성수성수(내선),성수성수(외선),성수성수(내선)
10:10,10:11,12:14,12:12
성수성수(외선),성수성수(내선),성수성수(외선),성수성수(내선)
10:15,10:15,12:19,12:20
성수성수(외선),성수신도림,성수성수(외선),성수성수(내선)
10:18,10:18,12:24,12:26
성수성수,성수성수(내선),성수성수(외선),성수성수(내선)
10:24,10:25,12:29,12:31
성수성수(외선),성수성수(내선),성수성수(외선),성수성수(내선)
10:28,10:29,12:34,12:36
성수성수(외선),성수신도림,성수성수(외선),성수성수(내선)
10:33,10:31,12:39,12:40
성수성수(외선),성수성수(내선),성수성수(외선),성수성수(내선)
10:39,10:36,12:44,12:45
성수성수(외선),성수성수(내선),성수성수(외선),성수성수(내선)
10:45,10:41,12:49,12:49
성수성수(외선),성수성수(내선),성수성수(외선),성수성수(내선)
10:50,10:46,12:54,12:54
성수성수(외선),성수성수(내선),성수성수(외선),성수성수(내선)
10:57,10:50,12:59,12:58
성수성수(외선),성수성수(내선),성수성수(외선),성수성수(내선)
,10:55,13:04,13:05
,성수신도림,성수성수(외선),성수성수(내선)
11:03,11:00,13:10,13:12
성수성수(외선),성수성수(내선),성수성수(외선),성수성수(내선)
11:06,11:04,13:17,13:18
성수성수(외선),성수성수(내선),성수성수(외선),성수성수(내선)
11:10,11:10,13:24,13:23
성수성수(외선),성수성수(내선),성수성수(외선),성수성수(내선)
11:15,11:14,13:29,13:28
성수성수(외선),성수신도림,성수성수(외선),성수성수(내선)
11:20,11:17,13:34,13:33
성수성수(외선),성수성수(내선),성수성수(외선),성수성수(내선)
11:25,11:23,13:39,13:38
성수성수(외선),성수성수(내선),성수성수(외선),성수성수(내선)
11:30,11:26,13:44,13:43
성수성수(외선),성수신도림,성수성수(외선),성수성수(내선)
11:35,11:29,13:49,13:50
성수성수(외선),성수성수(내선),성수성수(외선),성수성수(내선)
11:40,11:35,13:54,13:56
성수성수(외선),성수성수(내선),성수성수(외선),성수성수(내선)
11:46,11:41,13:59,
성수성수(외선),성수성수(내선),성수성수(외선),
11:53,11:47,14:04,14:01
성수성수(외선),성수성수(내선),성수성수(외선),성수성수(내선)
11:58,11:53,14:09,14:06
성수성수(외선),성수성수(내선),성수성수(외선),성수성수(내선)
,11:59,14:14,14:11
,성수성수(내선),성수성수(외선),성수성수(내선)
12:03,12:05,14:19,14:15
성수성수(외선),성수성수(내선),성수성수(외선),성수성수(내선)
12:09,12:10,14:24,14:19
성수성수(외선),성수성수(내선),성수성수(외선),성수성수(내선)
12:15,12:15,14:29,14:24
성수성수(외선),성수성수(내선),성수성수(외선),성수성수(내선)
12:20,12:21,14:34,14:28
성수성수(외선),성수성수(내선),성수성수(외선),성수성수(내선)
12:26,12:30,14:40,14:35
성수성수(외선),성수성수(내선),성수성수(외선),성수성수(내선)
12:33,12:36,14:47,14:42
성수성수(외선),성수성수(내선),성수성수(외선),성수성수(내선)
12:37,12:41,14:54,14:48
성수성수(외선),성수성수(내선),성수성수(외선),성수성수(내선)
12:41,12:47,14:59,14:53
성수성수(외선),성수성수(내선),성수성수(외선),성수성수(내선)
12:46,12:53,,14:57
성수성수(외선),성수성수(내선),,성수성수
12:51,12:59,15:04,15:03
성수성수(외선),성수성수(내선),성수성수(외선),성수성수(내선)
12:56,,15:09,15:08
성수성수(외선),,성수성수(외선),성수성수(내선)
13:01,13:05,15:14,15:13
성수성수(외선),성수성수(내선),성수성수(외선),성수성수(내선)
13:06,13:11,15:19,15:17
성수성수(외선),성수성수(내선),성수성수(외선),성수성수(내선)
13:11,13:17,15:25,15:22
성수성수(외선),성수성수(내선),신도림성수(외선),성수성수(내선)
13:16,13:23,15:29,15:27
성수성수(외선),성수성수(내선),성수성수(외선),성수성수(내선)
13:22,13:29,15:34,15:32
성수성수(외선),성수성수(내선),성수성수(외선),성수성수(내선)
13:28,13:35,15:39,15:37
성수성수(외선),성수성수(내선),성수성수(외선),성수성수(내선)
13:33,13:40,15:44,15:42
성수성수(외선),성수성수(내선),성수성수(외선),성수성수(내선)
13:39,13:45,15:49,15:46
성수성수(외선),성수성수(내선),성수성수(외선),성수성수(내선)
13:45,13:52,15:54,15:49첫
성수성수(외선),성수성수(내선),성수성수(외선),성수신도림
13:51,,15:59,15:53
성수성수(외선),,성수성수(외선),성수성수(내선)
13:56,,,15:58
성수성수(외선),,,성수성수(내선)
14:02,14:00,16:04,16:05
성수성수(외선),성수성수(내선),성수성수(외선),성수성수(내선)
14:07,14:06,16:10,16:12
성수성수(외선),성수성수(내선),성수성수(외선),성수성수(내선)
14:11,14:11,16:18,16:18
성수성수(외선),성수성수(내선),성수성수(외선),성수성수(내선)
14:16,14:17,16:25,16:23
성수성수(외선),성수성수(내선),신도림성수(외선),성수성수(내선)
14:21,14:23,16:29,16:28
성수성수(외선),성수성수(내선),성수성수(외선),성수성수(내선)
14:26,14:29,16:34,16:33
성수성수(외선),성수성수(내선),성수성수(외선),성수성수(내선)
14:31,14:35,16:40,16:38
성수성수(외선),성수성수(내선),성수성수(외선),성수성수(내선)
14:36,14:41,16:45,16:43
성수성수(외선),성수성수(내선),성수성수(외선),성수성수(내선)
14:41,14:47,16:53,16:48
성수성수(외선),성수성수(내선),성수성수(외선),성수성수(내선)
14:46,14:53,16:58,16:53
성수성수(외선),성수성수(내선),성수성수(외선),성수성수(내선)
14:52,14:59,,16:58
성수성수(외선),성수성수(내선),,성수성수(내선)
14:58,,17:04,17:03
성수성수(외선),,성수성수(외선),성수성수(내선)
15:03,15:05,17:09,17:08
성수성수(외선),성수성수(내선),성수성수(외선),성수신도림
15:09,15:10,17:14,17:11
성수성수(외선),성수성수(내선),성수성수(외선),성수성수(내선)
15:15,15:15,17:20,17:17
성수성수(외선),성수성수(내선),성수성수(외선),성수성수(내선)
15:21,15:21,17:26,17:22
성수성수(외선),성수성수(내선),성수성수(외선),성수성수(내선)
15:26,15:30,17:29,17:26
성수성수(외선),성수성수(내선),성수성수,성수신도림
15:32,15:36,17:33,17:28
성수성수(외선),성수성수(내선),성수성수(외선),성수성수(내선)
15:36,15:41,17:39,17:34
성수성수(외선),성수성수(내선),성수성수(외선),성수성수(내선)
15:41,15:47,17:44,17:38
성수성수(외선),성수성수(내선),성수성수(외선),성수성수(내선)
15:46,15:53,17:49,17:42
성수성수(외선),성수성수(내선),성수성수(외선),성수성수
15:51,15:59,17:54,17:48
성수성수(외선),성수성수(내선),성수성수(외선),성수성수(내선)
15:56,,17:59,17:53
성수성수(외선),,성수성수(외선),성수성수(내선)
16:01,16:05,,17:58
성수성수(외선),성수성수(내선),,성수성수(내선)
16:06,16:11,18:05,18:03
성수성수(외선),성수성수(내선),성수성수(외선),성수신도림
16:11,16:17,18:10,18:07
성수성수(외선),성수성수(내선),성수성수(외선),성수성수(내선)
16:17,16:23,18:16,18:12
성수성수(외선),성수성수(내선),성수성수(외선),성수성수(내선)
16:22,16:29,18:23,18:17
성수성수(외선),성수성수(내선),성수성수(외선),성수성수(내선)
16:28,16:35,18:29,18:23
성수성수(외선),성수성수(내선),성수성수(외선),성수성수(내선)
16:33,16:40,18:34,18:28
성수성수(외선),성수성수(내선),성수성수(외선),성수성수(내선)
16:39,16:46,18:39,18:34
성수성수(외선),성수성수(내선),성수성수(외선),성수성수(내선)
16:45,16:51,18:45,18:39
성수성수(외선),성수성수(내선),성수성수(외선),성수성수(내선)
16:48,16:56,18:50,18:44
신도림성수(외선),성수성수(내선),성수성수(외선),성수성수(내선)
16:51,,18:56,18:50
성수성수(외선),,성수성수(외선),성수성수(내선)
16:57,,,18:55
성수성수(외선),,,성수성수(내선)
17:01,17:00,19:02,19:01
성수성수(외선),성수성수(내선),성수성수(외선),성수성수(내선)
17:05,17:06,19:08,19:06
성수성수(외선),성수성수(내선),성수성수(외선),성수성수(내선)
17:09,17:11,19:14,19:12
성수성수(외선),성수성수(내선),성수성수(외선),성수성수(내선)
17:12,17:17,19:20,19:18
성수성수(외선),성수성수(내선),성수성수(외선),성수성수(내선)
17:16,17:20,19:25,19:24
성수성수(외선),성수성수(내선),성수성수(외선),성수성수(내선)
17:21,17:23,19:31,19:29
성수성수(외선),성수성수(내선),신도림성수(외선),성수성수(내선)
17:25,17:29,19:34,19:35
성수성수(외선),성수성수(내선),성수성수,성수성수(내선)
17:29,17:35,19:39,19:40
성수성수(외선),성수성수(내선),성수성수(외선),성수성수(내선)
17:32,17:41,19:45,19:46
성수성수(외선),성수성수(내선),성수성수(외선),성수성수(내선)
17:36,17:46,19:51,19:51
성수성수(외선),성수성수(내선),성수성수(외선),성수성수(내선)
17:40,17:49,19:57,19:57
성수성수(외선),성수성수(내선),성수성수(외선),성수성수(내선)
17:44,17:54,20:03,20:02
신도림성수(외선),성수성수(내선),성수성수(외선),성수성수(내선)
17:47,17:59,20:09,20:08
성수성수(외선),성수성수(내선),성수성수(외선),성수성수(내선)
17:51,,20:14,20:13
성수성수(외선),,성수성수(외선),성수성수(내선)
17:55,,20:20,20:19
성수성수(외선),,성수성수(외선),성수성수(내선)
17:59,,20:26,20:25
성수성수(외선),,성수성수(외선),성수성수(내선)
18:03,18:02,20:32,20:30
성수성수(외선),성수성수(내선),성수성수(외선),성수성수(내선)
18:06,18:05,20:38,20:36
성수성수(외선),성수성수(내선),성수성수(외선),성수성수(내선)
18:09,18:10,20:44,20:42
성수성수(외선),성수성수(내선),성수성수(외선),성수성수(내선)
18:15,18:12,20:50,20:47
성수성수(외선),성수성수(내선),성수성수(외선),성수신도림
18:18,18:16,20:56,20:51
성수성수(외선),성수성수(내선),성수성수(외선),성수성수(내선)
18:21,18:19,,20:57
성수성수(외선),성수성수(내선),,성수성수(내선)
18:24,18:22,21:02,21:04
성수성수(외선),성수성수(내선),성수성수(외선),성수성수(내선)
18:27,18:26,21:08,21:10
성수성수(외선),성수성수(내선),성수성수(외선),성수성수(내선)
18:31,18:30,21:14,21:16
성수성수(외선),성수성수(내선),성수성수(외선),성수성수(내선)
18:35,18:33,21:20,21:21
성수성수(외선),성수성수(내선),성수성수(외선),성수신도림
18:39,18:36,21:26,21:26
성수성수(외선),성수성수(내선),성수성수(외선),성수성수(내선)
18:42,18:40,21:32,21:31
성수성수(외선),성수성수(내선),성수성수(외선),성수성수(내선)
18:46,18:44,21:39,21:37
성수성수(외선),성수성수(내선),성수성수(외선),성수성수(내선)
18:51,18:47,21:45,21:44
성수성수(외선),성수성수(내선),성수성수(외선),성수성수(내선)
18:55,18:49,21:51,21:49
성수성수(외선),성수성수(내선),성수성수(외선),성수신도림
18:59,18:51,21:57,21:53
성수성수(외선),성수성수(내선),성수성수(외선),성수성수(내선)
,18:53,22:02,22:01
,성수성수(내선),성수성수,성수성수(내선)
,18:56,22:07,22:07
,성수성수(내선),성수성수(외선),성수성수(내선)
19:02,19:00,22:13,22:15
성수성수(외선),성수성수(내선),성수성수(외선),성수성수(내선)
19:06,19:05,22:20,22:20
성수성수(외선),성수성수,성수성수(외선),성수신도림
19:10,19:08,22:25,22:26
성수성수(외선),성수성수(내선),성수성수,성수성수(내선)
19:14,19:11,22:33,22:33
성수성수(외선),성수성수(내선),성수성수(외선),성수신도림
19:17,19:14,22:40,22:38
성수성수,성수성수(내선),성수성수(외선),성수성수
19:21,19:17,22:50,22:47막
성수성수(외선),성수성수(내선),성수성수(외선),성수성수(내선)
19:25,19:20,22:57,22:55
성수성수(외선),성수성수,성수성수(외선),성수신도림
19:29,19:24,,22:59
성수성수(외선),성수성수(내선),,성수성수
19:33,19:29,23:08막,23:07막
성수성수,성수성수(내선),성수성수(외선),성수성수
19:36,19:32,23:14,23:15
성수성수(외선),성수성수(내선),성수성수,성수신도림
19:45,19:35,23:20,23:22막
성수성수,성수신도림,성수성수,성수을지로입구
19:48,19:37,23:27막,23:30
성수성수(외선),성수성수(내선),성수성수,성수신도림
19:54,19:40,23:43막,23:35막
성수성수(외선),성수성수,성수삼성,성수홍대입구
19:58,19:42,,23:45막
성수성수(외선),성수성수(내선),,성수신도림
,19:46,,23:58막
,성수성수(내선),,성수서울대입구
,19:49,,
,성수성수(내선),,
,19:53,,
,성수성수,,
,19:56,,
,성수성수(내선),,
20:05,20:00,,
성수성수(외선),성수성수(내선),,
20:09,20:03,,
성수성수(외선),성수성수(내선),,
20:16,20:06,,
성수성수(외선),성수성수,,
20:21,20:10,,
성수성수(외선),성수성수(내선),,
20:25,20:14,,
성수성수(외선),성수성수(내선),,
20:29,20:17,,
성수성수(외선),성수성수,,
20:33,20:20,,
성수성수(외선),성수성수(내선),,
20:40,20:23,,
성수성수(외선),성수신도림,,
20:45,20:27,,
성수성수(외선),성수성수(내선),,
20:50,20:32,,
성수성수(외선),성수성수,,
20:55,20:37,,
성수성수(외선),성수성수(내선),,
,20:41,,
,성수신도림,,
,20:44,,
,성수성수(내선),,
,20:48,,
,성수성수(내선),,
,20:54,,
,성수성수(내선),,
,20:59,,
,성수성수(내선),,
21:00,21:04,,
성수성수(외선),성수성수(내선),,
21:07,21:08,,
성수성수(외선),성수신도림,,
21:18,21:11,,
성수성수(외선),성수성수(내선),,
21:25,21:16,,
성수성수(외선),성수성수(내선),,
21:31,21:21,,
성수성수(외선),성수성수(내선),,
21:39,21:26,,
성수성수(외선),성수성수(내선),,
21:46,21:30,,
성수성수(외선),성수성수,,
21:51,21:34,,
성수성수(외선),성수성수(내선),,
,21:39,,
,성수성수(내선),,
,21:45,,
,성수성수(내선),,
,21:51,,
,성수성수(내선),,
,21:58,,
,성수성수(내선),,
22:00,22:07,,
성수성수(외선),성수성수(내선),,
22:09,22:14,,
성수성수(외선),성수성수(내선),,
22:15,22:19,,
성수성수(외선),성수성수(내선),,
22:20,22:25,,
성수성수(외선),성수성수(내선),,
22:26,22:30,,
성수성수(외선),성수성수(내선),,
22:31,22:35,,
성수성수(외선),성수성수(내선),,
22:39,22:41,,
성수성수(외선),성수성수(내선),,
22:48,22:46,,
성수성수(외선),성수신도림,,
22:55,22:51,,
성수성수(외선),성수성수(내선),,
,22:57,,
,성수신도림,,
23:02,23:04,,
성수성수(외선),성수성수(내선),,
23:10,23:10,,
성수성수(외선),성수신도림,,
23:21,23:15,,
성수성수(외선),성수성수(내선),,
23:31,23:22,,
성수성수(외선),성수성수,,
23:39,23:29,,
성수성수,성수성수(내선),,
23:46,23:38,,
성수성수(외선),성수성수,,
23:57,23:44,,
성수성수(외선),성수신도림,,
,23:49막,,
,성수성수(내선),,
,23:55,,
,성수신도림,,
,23:59,,
,성수성수,,
00:10막,00:06막,,
성수성수(외선),성수성수,,
00:25막,0:13,,
성수성수,성수신도림,,
00:42막,00:22막,,
성수삼성,성수을지로입구,,
,00:34막,,
,성수홍대입구,,
,00:46막,,
,성수신도림,,
,00:59막,,
,성수서울대입구,,
