﻿신설동방면,신답방면,신설동방면,신답방면
평일,평일,주말,주말
05:37첫,05:32첫,05:35첫,05:32첫
성수신설동,신설동성수,성수신설동,신설동성수
5:50,5:49,5:49,5:47
성수신설동,신설동성수,성수신설동,신설동성수
6:06,6:04,6:04,6:02
성수신설동,신설동성수,성수신설동,신설동성수
6:21,6:19,6:19,6:17
성수신설동,신설동성수,성수신설동,신설동성수
6:37,6:35,6:34,6:32
성수신설동,신설동성수,성수신설동,신설동성수
6:53,6:47,6:49,6:47
성수신설동,신설동성수,성수신설동,신설동성수
,6:57,7:04,7:02
,신설동성수,성수신설동,신설동성수
7:05,7:08,7:20,7:17
성수신설동,신설동성수,성수신설동,신설동성수
7:17,7:18,7:34,7:28
성수신설동,신설동성수,성수신설동,신설동성수
7:25,7:25,7:46,7:38
성수신설동,신설동성수,성수신설동,신설동성수
7:35,7:32,7:55,7:48
성수신설동,신설동성수,성수신설동,신설동성수
7:42,7:39,,7:59
성수신설동,신설동성수,,신설동성수
7:49,7:48,8:06,8:09
성수신설동,신설동성수,성수신설동,신설동성수
7:56,7:55,8:16,8:19
성수신설동,신설동성수,성수신설동,신설동성수
8:05,8:02,8:27,8:29
성수신설동,신설동성수,성수신설동,신설동성수
8:12,8:09,8:36,8:40
성수신설동,신설동성수,성수신설동,신설동성수
8:19,8:18,8:47,8:50
성수신설동,신설동성수,성수신설동,신설동성수
8:26,8:25,8:57,8:59
성수신설동,신설동성수,성수신설동,신설동성수
8:35,8:34,9:07,9:09
성수신설동,신설동성수,성수신설동,신설동성수
8:43,8:43,9:16,9:19
성수신설동,신설동성수,성수신설동,신설동성수
8:51,8:56,9:27,9:28
성수신설동,신설동성수,성수신설동,신설동성수
9:01,9:05,9:36,9:38
성수신설동,신설동성수,성수신설동,신설동성수
9:13,9:15,9:45,9:48
성수신설동,신설동성수,성수신설동,신설동성수
9:23,9:25,9:55,9:59
성수신설동,신설동성수,성수신설동,신설동성수
9:33,9:35,10:06,10:10
성수신설동,신설동성수,성수신설동,신설동성수
9:42,9:48,10:16,10:21
성수신설동,신설동성수,성수신설동,신설동성수
9:53,9:58,10:28,10:32
성수신설동,신설동성수,성수신설동,신설동성수
10:05,10:08,10:39,10:42
성수신설동,신설동성수,성수신설동,신설동성수
10:16,10:17,10:50,10:53
성수신설동,신설동성수,성수신설동,신설동성수
10:25,10:29,10:59,
성수신설동,신설동성수,성수신설동,
10:34,10:39,11:11,11:03
성수신설동,신설동성수,성수신설동,신설동성수
10:46,10:49,11:20,11:13
성수신설동,신설동성수,성수신설동,신설동성수
10:57,10:59,11:31,11:24
성수신설동,신설동성수,성수신설동,신설동성수
11:06,11:10,11:41,11:34
성수신설동,신설동성수,성수신설동,신설동성수
11:17,11:20,11:52,11:44
성수신설동,신설동성수,성수신설동,신설동성수
11:27,11:30,,11:54
성수신설동,신설동성수,,신설동성수
11:38,11:40,12:01,12:05
성수신설동,신설동성수,성수신설동,신설동성수
11:47,11:51,12:12,12:15
성수신설동,신설동성수,성수신설동,신설동성수
11:58,,12:22,12:25
성수신설동,,성수신설동,신설동성수
12:08,12:01,12:33,12:35
성수신설동,신설동성수,성수신설동,신설동성수
12:19,12:11,12:42,12:46
성수신설동,신설동성수,성수신설동,신설동성수
12:28,12:21,12:53,12:56
성수신설동,신설동성수,성수신설동,신설동성수
12:39,12:32,13:03,13:06
성수신설동,신설동성수,성수신설동,신설동성수
12:49,12:42,13:14,13:16
성수신설동,신설동성수,성수신설동,신설동성수
,12:52,13:23,13:27
,신설동성수,성수신설동,신설동성수
13:00,13:02,13:34,13:37
성수신설동,신설동성수,성수신설동,신설동성수
13:09,13:13,13:44,13:47
성수신설동,신설동성수,성수신설동,신설동성수
13:20,13:23,13:55,13:57
성수신설동,신설동성수,성수신설동,신설동성수
13:30,13:33,14:04,14:08
성수신설동,신설동성수,성수신설동,신설동성수
13:41,13:43,14:15,14:18
성수신설동,신설동성수,성수신설동,신설동성수
13:50,13:54,14:25,14:28
성수신설동,신설동성수,성수신설동,신설동성수
14:01,14:04,14:36,14:38
성수신설동,신설동성수,성수신설동,신설동성수
14:11,14:14,14:45,14:49
성수신설동,신설동성수,성수신설동,신설동성수
14:22,14:24,14:56,14:59
성수신설동,신설동성수,성수신설동,신설동성수
14:31,14:35,15:06,15:09
성수신설동,신설동성수,성수신설동,신설동성수
14:42,14:45,15:17,15:19
성수신설동,신설동성수,성수신설동,신설동성수
14:52,14:55,15:26,15:29
성수신설동,신설동성수,성수신설동,신설동성수
15:03,15:05,15:37,15:39
성수신설동,신설동성수,성수신설동,신설동성수
15:12,15:16,15:46,15:48
성수신설동,신설동성수,성수신설동,신설동성수
15:23,15:26,15:56,15:58
성수신설동,신설동성수,성수신설동,신설동성수
15:33,15:36,16:05,16:09
성수신설동,신설동성수,성수신설동,신설동성수
15:44,15:46,16:15,16:19
성수신설동,신설동성수,성수신설동,신설동성수
15:53,15:57,16:26,16:30
성수신설동,신설동성수,성수신설동,신설동성수
16:04,16:07,16:37,16:40
성수신설동,신설동성수,성수신설동,신설동성수
16:14,16:17,16:47,16:51
성수신설동,신설동성수,성수신설동,신설동성수
16:25,16:28,16:59,
성수신설동,신설동성수,성수신설동,
16:34,16:40,17:09,17:02
성수신설동,신설동성수,성수신설동,신설동성수
16:45,16:51,17:20,17:12
성수신설동,신설동성수,성수신설동,신설동성수
16:57,,17:29,17:22
성수신설동,,성수신설동,신설동성수
17:10,17:02,17:40,17:33
성수신설동,신설동성수,성수신설동,신설동성수
17:19,17:13,17:50,17:43
성수신설동,신설동성수,성수신설동,신설동성수
17:31,17:25,,17:53
성수신설동,신설동성수,,신설동성수
17:42,17:36,18:01,18:03
성수신설동,신설동성수,성수신설동,신설동성수
17:53,17:46,18:10,18:14
성수신설동,신설동성수,성수신설동,신설동성수
,17:56,18:21,18:24
,신설동성수,성수신설동,신설동성수
18:03,18:06,18:31,18:34
성수신설동,신설동성수,성수신설동,신설동성수
18:15,18:16,18:42,18:44
성수신설동,신설동성수,성수신설동,신설동성수
18:23,18:23,18:51,18:55
성수신설동,신설동성수,성수신설동,신설동성수
18:33,18:30,19:02,19:05
성수신설동,신설동성수,성수신설동,신설동성수
18:40,18:37,19:12,19:15
성수신설동,신설동성수,성수신설동,신설동성수
18:47,18:46,19:23,19:25
성수신설동,신설동성수,성수신설동,신설동성수
18:54,18:53,19:32,19:36
성수신설동,신설동성수,성수신설동,신설동성수
19:03,19:00,19:43,19:46
성수신설동,신설동성수,성수신설동,신설동성수
19:10,19:07,19:53,19:56
성수신설동,신설동성수,성수신설동,신설동성수
19:17,19:16,20:04,20:06
성수신설동,신설동성수,성수신설동,신설동성수
19:24,19:23,20:13,20:17
성수신설동,신설동성수,성수신설동,신설동성수
19:33,19:33,20:24,20:27
성수신설동,신설동성수,성수신설동,신설동성수
19:40,19:41,20:34,20:37
성수신설동,신설동성수,성수신설동,신설동성수
19:50,19:53,20:45,20:47
성수신설동,신설동성수,성수신설동,신설동성수
19:59,,20:54,20:58
성수신설동,,성수신설동,신설동성수
20:11,20:04,21:05,21:08
성수신설동,신설동성수,성수신설동,신설동성수
20:22,20:15,21:15,21:18
성수신설동,신설동성수,성수신설동,신설동성수
20:33,20:24,21:26,21:28
성수신설동,신설동성수,성수신설동,신설동성수
20:42,20:34,21:35,21:39
성수신설동,신설동성수,성수신설동,신설동성수
20:51,20:45,21:46,21:49
성수신설동,신설동성수,성수신설동,신설동성수
,20:55,21:56,21:59
,신설동성수,성수신설동,신설동성수
21:04,21:07,22:07,22:11
성수신설동,신설동성수,성수신설동,신설동성수
21:15,21:19,22:17,22:23
성수신설동,신설동성수,성수신설동,신설동성수
21:25,21:29,22:29,22:35
성수신설동,신설동성수,성수신설동,신설동성수
21:37,21:40,22:41,22:47
성수신설동,신설동성수,성수신설동,신설동성수
21:48,21:51,22:53,22:57
성수신설동,신설동성수,성수신설동,신설동성수
21:58,,23:05,23:09
성수신설동,,성수신설동,신설동성수
22:09,22:01,23:16,23:21
성수신설동,신설동성수,성수신설동,신설동성수
22:19,22:12,23:27,23:31
성수신설동,신설동성수,성수신설동,신설동성수
22:30,22:25,23:38,23:41
성수신설동,신설동성수,성수신설동,신설동성수
22:42,22:33,23:48,23:53막
성수신설동,신설동성수,성수신설동,신설동성수
22:51,22:44,23:58막,
성수신설동,신설동성수,성수신설동,
,22:55,,
,신설동성수,,
23:02,23:05,,
성수신설동,신설동성수,,
23:13,23:15,,
성수신설동,신설동성수,,
23:23,23:26,,
성수신설동,신설동성수,,
23:34,23:40,,
성수신설동,신설동성수,,
23:45,23:52,,
성수신설동,신설동성수,,
23:57,,,
성수신설동,,,
0:11,0:09,,
성수신설동,신설동성수,,
0:27,0:24,,
성수신설동,신설동성수,,
0:42,0:38,,
성수신설동,신설동성수,,
00:58막,00:53막,,
성수신설동,신설동성수,,
