﻿잠실방면,종합운동장방면,잠실방면,종합운동장방면
평일,평일,주말,주말
05:34첫,05:42첫,05:34첫,05:42첫
삼성성수(외선),성수성수(내선),삼성성수(외선),성수성수(내선)
5:54,5:52,5:53,5:52
서울대입구성수(외선),성수성수(내선),서울대입구성수(외선),성수성수(내선)
,5:59,6:06,6:00
,성수성수(내선),신도림성수(외선),성수성수(내선)
6:07,6:06,6:12,6:10
신도림성수(외선),성수성수(내선),신도림성수(외선),성수성수(내선)
6:13,6:10,6:18,6:15
신도림성수(외선),성수성수(내선),홍대입구성수(외선),성수성수(내선)
6:19,6:16,6:24,6:21
홍대입구성수(외선),성수성수(내선),신도림성수(외선),성수성수(내선)
6:25,6:22,6:30,6:27
신도림성수(외선),성수성수(내선),을지로입구성수(외선),성수성수(내선)
6:31,6:29,6:36,6:33
을지로입구성수(외선),성수성수(내선),신도림성수(외선),성수성수(내선)
6:37,6:35,6:41,6:39
신도림성수(외선),성수성수(내선),신도림성수(외선),성수성수(내선)
6:46,6:39,6:47,6:45
성수성수(외선),성수성수(내선),성수성수(외선),성수성수(내선)
6:50,6:42,6:53,6:51
신도림성수(외선),성수성수(내선),신도림성수(외선),성수성수(내선)
6:56,6:49,6:59,6:55
성수성수(외선),성수성수(내선),성수성수(외선),성수성수(내선)
,6:52,,6:59
,성수성수(내선),,성수성수(내선)
,6:56,7:05,7:05
,성수성수(내선),성수성수(외선),성수성수(내선)
7:00,7:02,7:11,7:11
신도림성수(외선),성수성수(내선),성수성수(외선),성수성수(내선)
7:06,7:06,7:18,7:16
성수성수(외선),성수성수(내선),성수성수(외선),성수성수(내선)
7:11,7:09,7:24,7:21
신도림성수(외선),성수성수(내선),성수성수(외선),성수성수(내선)
7:16,7:13,7:30,7:27
성수성수(외선),성수성수(내선),성수성수(외선),성수성수(내선)
7:21,7:16,7:36,7:32
신도림성수(외선),성수성수(내선),성수성수(외선),성수성수(내선)
7:26,7:20,7:42,7:38
성수성수(외선),성수성수(내선),성수성수(외선),성수성수(내선)
7:31,7:24,7:48,7:43
신도림성수(외선),성수성수(내선),성수성수(외선),성수성수(내선)
7:35,7:28,7:53,7:49
성수성수(외선),성수성수(내선),성수성수(외선),성수성수(내선)
7:41,7:31,7:59,7:54
성수성수(외선),성수성수(내선),성수성수(외선),성수성수(내선)
7:45,7:35,8:05,8:00
성수성수(외선),성수성수(내선),성수성수(외선),성수성수(내선)
7:48,7:38,8:11,8:05
신도림성수(외선),성수성수(내선),성수성수(외선),성수성수(내선)
7:51,7:42,8:16,8:11
성수성수(외선),성수성수(내선),성수성수(외선),성수성수(내선)
7:54,7:45,8:22,8:16
성수성수(외선),성수성수(내선),성수성수(외선),성수성수(내선)
7:56,7:48,8:26,8:22
성수성수(외선),성수성수(내선),신도림성수(외선),성수성수(내선)
7:59,7:52,8:31,8:27
신도림성수(외선),성수성수(내선),성수성수(외선),성수성수(내선)
,7:55,8:37,8:33
,성수성수(내선),성수성수(외선),성수성수(내선)
,7:58,8:42,8:38
,성수성수(내선),성수성수(외선),성수성수(내선)
8:02,8:01,8:48,8:44
성수성수(외선),성수성수(내선),성수성수(외선),성수성수(내선)
8:05,8:04,8:51,8:49
성수성수(외선),성수성수(내선),성수성수,성수성수(내선)
8:09,8:08,,8:55
성수성수(외선),성수성수(내선),,성수성수(내선)
8:12,8:12,9:00,9:00
신도림성수(외선),성수성수(내선),성수성수(외선),성수성수(내선)
8:15,8:15,9:06,9:05
성수성수(외선),성수성수,성수성수(외선),성수성수
8:18,8:18,9:12,9:11
신도림성수(외선),성수성수(내선),성수성수(외선),성수성수(내선)
8:21,8:21,9:16,9:17
성수성수(외선),성수성수(내선),신도림성수(외선),성수성수(내선)
8:24,8:25,9:19,9:23
신도림성수(외선),성수성수(내선),성수성수,성수성수(내선)
8:26,8:29,9:23,9:28
신도림성수(외선),성수성수,성수성수(외선),성수성수(내선)
8:29,8:32,9:29,9:31
성수성수(외선),성수성수(내선),성수성수(외선),성수성수(내선)
8:31,8:35,9:35,9:34
신도림성수(외선),성수성수(내선),성수성수(외선),성수성수(내선)
8:34,8:39,9:41,9:39
성수성수(외선),성수성수(내선),성수성수(외선),성수성수(내선)
8:36,8:42,9:44,9:45
신도림성수(외선),성수성수(내선),신도림성수(외선),성수성수
8:39,8:46,9:47,9:50
성수성수(외선),성수성수,성수성수,성수성수(내선)
8:41,8:49,9:51,9:55
신도림성수(외선),성수성수(내선),성수성수(외선),성수성수(내선)
8:44,8:53,9:56,
성수성수(외선),성수성수(내선),성수성수(외선),
8:46,8:57,10:02,10:01
신도림성수(외선),성수성수(내선),성수성수(외선),성수성수(내선)
8:49,,10:07,10:06
성수성수,,성수성수(외선),성수성수(내선)
8:51,,10:12,10:12
신도림성수(외선),,성수성수(외선),성수성수(내선)
8:54,,10:18,10:17
성수성수(외선),,성수성수(외선),성수성수(내선)
8:56,,10:24,10:23
신도림성수(외선),,성수성수(외선),성수성수
8:59,,10:29,10:28
성수성수(외선),,성수성수(외선),성수성수(내선)
9:01,9:01,10:34,10:34
성수성수(외선),성수성수(내선),신도림성수(외선),성수성수(내선)
9:04,9:04,10:40,10:39
성수성수(외선),성수성수,성수성수(외선),성수성수(내선)
9:08,9:07,10:45,10:44
성수성수(외선),성수성수(내선),성수성수(외선),성수성수(내선)
9:10,9:11,10:51,10:47
성수성수(외선),성수성수(내선),성수성수(외선),성수성수(내선)
9:13,9:14,10:56,10:50
성수성수(외선),성수성수,성수성수(외선),성수성수(내선)
9:17,9:17,,10:55
성수성수(외선),성수성수(내선),,성수성수(내선)
9:20,9:20,11:01,11:01
성수성수(외선),성수성수(내선),신도림성수(외선),성수성수(내선)
9:23,9:24,11:06,11:06
성수성수,성수성수(내선),성수성수(외선),성수성수(내선)
9:26,09:27첫,11:11,11:11
성수성수(외선),성수신도림,성수성수(외선),성수성수(내선)
9:28,9:30,11:16,11:19
성수성수(외선),성수성수(내선),성수성수(외선),성수성수(내선)
9:31,9:33,11:21,11:24
성수성수(외선),성수성수(내선),성수성수(외선),성수성수(내선)
9:34,9:36,11:27,11:30
성수성수,성수성수(내선),성수성수(외선),성수성수(내선)
9:37,9:39,11:32,11:35
성수성수(외선),성수신도림,성수성수(외선),성수성수(내선)
9:43,9:42,11:37,11:40
성수성수(외선),성수성수(내선),성수성수(외선),성수성수(내선)
9:47,9:49,11:42,11:45
성수성수,성수성수(내선),성수성수(외선),성수성수(내선)
9:50,9:52,11:47,11:50
성수성수(외선),성수신도림,성수성수(외선),성수성수(내선)
9:56,9:56,11:52,11:57
성수성수(외선),성수성수(내선),성수성수(외선),성수성수(내선)
9:58,,11:57,
성수성수(외선),,성수성수(외선),
10:00,10:02,12:03,12:03
성수성수,성수성수(내선),성수성수(외선),성수성수(내선)
10:02,10:06,12:10,12:08
성수성수(외선),성수신도림,성수성수(외선),성수성수(내선)
10:05,10:09,12:16,12:13
성수성수(외선),성수성수(내선),성수성수(외선),성수성수(내선)
10:07,10:13,12:21,12:18
성수성수(외선),성수성수(내선),성수성수(외선),성수성수(내선)
10:10,10:19,12:27,12:22
성수성수,성수성수(내선),성수성수(외선),성수성수(내선)
10:12,10:23,12:32,12:27
성수성수(외선),성수성수(내선),성수성수(외선),성수성수(내선)
10:15,10:28,12:37,12:31
성수성수(외선),성수성수(내선),성수성수(외선),성수성수(내선)
10:17,10:32,12:42,12:36
성수성수(외선),성수신도림,성수성수(외선),성수성수(내선)
10:22,10:38,12:47,12:42
성수성수(외선),성수성수(내선),성수성수(외선),성수성수(내선)
10:26,10:42,12:52,12:49
성수성수(외선),성수성수(내선),성수성수(외선),성수성수(내선)
10:30,10:48,12:57,12:55
성수성수,성수성수(내선),성수성수(외선),성수성수(내선)
10:32,10:51,13:02,13:00
성수성수(외선),성수신도림,성수성수(외선),성수성수(내선)
10:38,10:54,13:07,13:05
성수성수(외선),성수성수(내선),성수성수(외선),성수성수(내선)
10:41,,13:12,13:10
성수성수,,성수성수(외선),성수성수(내선)
10:46,,13:17,13:15
성수성수(외선),,성수성수(외선),성수성수(내선)
10:51,,13:22,13:21
성수성수(외선),,성수성수(외선),성수성수(내선)
10:56,,13:27,13:28
성수성수(외선),,성수성수(외선),성수성수(내선)
11:01,11:00,13:33,13:34
성수성수(외선),성수성수(내선),성수성수(외선),성수성수(내선)
11:07,11:03,13:40,13:39
성수성수(외선),성수신도림,성수성수(외선),성수성수(내선)
11:13,11:06,13:47,13:44
성수성수(외선),성수성수(내선),성수성수(외선),성수성수(내선)
11:19,11:12,13:52,13:48
성수성수(외선),성수성수(내선),성수성수(외선),성수성수(내선)
11:25,11:19,13:57,13:53
성수성수(외선),성수성수(내선),성수성수(외선),성수성수(내선)
11:28,11:25,,13:57
성수성수(외선),성수성수(내선),,성수성수(내선)
11:33,11:32,14:02,14:01
성수성수(외선),성수성수(내선),성수성수(외선),성수성수(내선)
11:38,11:38,14:07,14:06
성수성수(외선),성수성수(내선),성수성수(외선),성수성수(내선)
11:43,11:43,14:12,14:12
성수성수(외선),성수성수(내선),성수성수(외선),성수성수(내선)
11:48,11:48,14:17,14:19
성수성수(외선),성수성수(내선),성수성수(외선),성수성수(내선)
11:53,11:53,14:22,14:25
성수성수(외선),성수성수(내선),성수성수(외선),성수성수(내선)
11:57,11:59,14:27,14:30
성수성수(외선),성수성수(내선),성수성수(외선),성수성수(내선)
12:03,12:08,14:32,14:35
성수성수(외선),성수성수(내선),성수성수(외선),성수성수
12:08,12:13,14:37,14:40
성수성수(외선),성수성수(내선),성수성수(외선),성수성수(내선)
12:15,12:18,14:42,14:45
성수성수(외선),성수성수(내선),성수성수(외선),성수성수(내선)
12:21,12:24,14:47,14:51
성수성수(외선),성수성수(내선),성수성수(외선),성수성수(내선)
12:26,12:30,14:52,14:55
성수성수(외선),성수성수(내선),성수성수(외선),성수성수(내선)
12:32,12:36,14:57,
성수성수(외선),성수성수(내선),성수성수(외선),
12:38,12:42,15:03,15:00
성수성수(외선),성수성수(내선),성수성수(외선),성수성수(내선)
12:43,12:48,15:10,15:05
성수성수(외선),성수성수(내선),성수성수(외선),성수성수(내선)
12:49,12:54,15:17,15:10
성수성수(외선),성수성수(내선),성수성수(외선),성수성수(내선)
12:55,,15:22,15:15
성수성수(외선),,성수성수(외선),성수성수(내선)
13:00,13:01,15:27,15:19
성수성수(외선),성수성수(내선),성수성수(외선),성수성수(내선)
13:04,13:06,15:32,15:24
성수성수(외선),성수성수(내선),성수성수(외선),성수성수(내선)
13:09,13:12,15:37,15:27첫
성수성수(외선),성수성수(내선),성수성수(외선),성수신도림
13:14,13:17,15:42,15:31
성수성수(외선),성수성수(내선),성수성수(외선),성수성수(내선)
13:18,13:22,15:47,15:36
성수성수(외선),성수성수(내선),신도림성수(외선),성수성수(내선)
13:24,13:29,15:52,15:43
성수성수(외선),성수성수(내선),성수성수(외선),성수성수(내선)
13:29,13:37,15:57,15:49
성수성수(외선),성수성수(내선),성수성수(외선),성수성수(내선)
13:34,13:43,,15:55
성수성수(외선),성수성수(내선),,성수성수(내선)
13:39,13:48,16:02,16:00
성수성수(외선),성수성수(내선),성수성수(외선),성수성수(내선)
13:45,13:54,16:07,16:05
성수성수(외선),성수성수(내선),성수성수(외선),성수성수(내선)
13:51,,16:12,16:10
성수성수(외선),,성수성수(외선),성수성수(내선)
13:56,,16:17,16:15
성수성수(외선),,성수성수(외선),성수성수(내선)
14:02,14:00,16:22,16:20
성수성수(외선),성수성수(내선),성수성수(외선),성수성수(내선)
14:08,14:06,16:27,16:25
성수성수(외선),성수성수(내선),성수성수(외선),성수성수(내선)
14:14,14:12,16:33,16:31
성수성수(외선),성수성수(내선),성수성수(외선),성수성수(내선)
14:19,14:18,16:41,16:36
성수성수(외선),성수성수(내선),성수성수(외선),성수성수(내선)
14:25,14:24,16:47,16:41
성수성수(외선),성수성수(내선),신도림성수(외선),성수성수(내선)
14:29,14:30,16:52,16:45
성수성수(외선),성수성수(내선),성수성수(외선),성수신도림
14:34,14:36,16:57,16:50
성수성수(외선),성수성수(내선),성수성수(외선),성수성수(내선)
14:39,14:42,,16:55
성수성수(외선),성수성수(내선),,성수성수(내선)
14:44,14:47,17:02,17:00
성수성수(외선),성수성수(내선),성수성수(외선),성수성수(내선)
14:49,14:52,17:07,17:04
성수성수(외선),성수성수(내선),성수성수(외선),성수신도림
14:54,14:59,17:14,17:08
성수성수(외선),성수성수(내선),성수성수(외선),성수성수(내선)
14:59,,17:20,17:12
성수성수(외선),,성수성수(외선),성수성수(내선)
15:04,15:07,17:27,17:15
성수성수(외선),성수성수(내선),성수성수(외선),성수성수(내선)
15:09,15:13,17:32,17:20
성수성수(외선),성수성수(내선),성수성수(외선),성수성수
15:15,15:18,17:37,17:26
성수성수(외선),성수성수(내선),성수성수(외선),성수성수(내선)
15:21,15:24,17:42,17:31
성수성수(외선),성수성수(내선),성수성수(외선),성수성수(내선)
15:26,15:30,17:48,17:36
성수성수(외선),성수성수(내선),성수성수(외선),성수성수(내선)
15:32,15:36,17:52,17:40
성수성수(외선),성수성수(내선),성수성수,성수신도림
15:38,15:42,17:55,17:45
성수성수(외선),성수성수(내선),성수성수(외선),성수성수(내선)
15:44,15:48,,17:50
성수성수(외선),성수성수(내선),,성수성수(내선)
15:49,15:54,,17:56
성수성수(외선),성수성수(내선),,성수성수(내선)
15:54,,18:01,18:01
성수성수(외선),,성수성수(외선),성수성수(내선)
15:58,,18:06,18:07
성수성수(외선),,성수성수(외선),성수성수(내선)
16:04,16:00,18:11,18:12
성수성수(외선),성수성수(내선),성수성수(외선),성수성수(내선)
16:09,16:06,18:17,18:18
성수성수(외선),성수성수(내선),성수성수(외선),성수성수(내선)
16:14,16:12,18:22,18:23
성수성수(외선),성수성수(내선),성수성수(외선),성수성수(내선)
16:18,16:17,18:27,18:29
성수성수(외선),성수성수(내선),성수성수(외선),성수성수(내선)
16:24,16:23,18:32,18:34
성수성수(외선),성수성수(내선),성수성수(외선),성수성수(내선)
16:29,16:28,18:38,18:40
성수성수(외선),성수성수(내선),성수성수(외선),성수성수(내선)
16:33,16:33,18:45,18:45
성수성수(외선),성수성수(내선),성수성수(외선),성수성수(내선)
16:39,16:37,18:51,18:51
성수성수(외선),성수성수(내선),성수성수(외선),성수성수(내선)
16:44,16:43,18:56,18:56
성수성수(외선),성수성수(내선),성수성수(외선),성수성수(내선)
16:51,16:48,19:02,19:02
성수성수(외선),성수성수(내선),성수성수(외선),성수성수(내선)
16:56,16:54,19:07,19:07
성수성수(외선),성수성수(내선),성수성수(외선),성수성수(내선)
,16:57,19:13,19:13
,성수성수(내선),성수성수(외선),성수성수(내선)
17:02,17:00,19:19,19:18
성수성수(외선),성수성수(내선),성수성수(외선),성수성수(내선)
17:08,17:06,19:25,19:24
성수성수(외선),성수성수(내선),성수성수(외선),성수성수(내선)
17:11,17:12,19:31,19:29
신도림성수(외선),성수성수(내선),성수성수(외선),성수성수(내선)
17:14,17:18,19:36,19:35
성수성수(외선),성수성수(내선),성수성수(외선),성수성수(내선)
17:19,17:23,19:42,19:40
성수성수(외선),성수성수(내선),성수성수(외선),성수성수(내선)
17:24,17:26,19:48,19:46
성수성수(외선),성수성수(내선),성수성수(외선),성수성수(내선)
17:28,17:31,19:54,19:51
성수성수(외선),성수성수(내선),신도림성수(외선),성수성수(내선)
17:31,17:36,19:57,19:57
성수성수(외선),성수성수(내선),성수성수,성수성수(내선)
17:35,17:39,20:01,20:02
성수성수(외선),성수성수(내선),성수성수(외선),성수성수(내선)
17:39,17:42,20:07,20:08
성수성수(외선),성수성수(내선),성수성수(외선),성수성수(내선)
17:44,17:47,20:13,20:14
성수성수(외선),성수성수(내선),성수성수(외선),성수성수(내선)
17:48,17:50,20:19,20:19
성수성수(외선),성수성수(내선),성수성수(외선),성수성수(내선)
17:51,17:53,20:25,20:24
성수성수(외선),성수성수(내선),성수성수(외선),성수신도림
17:55,17:56,20:31,20:30
성수성수(외선),성수성수(내선),성수성수(외선),성수성수(내선)
17:59,17:59,20:37,20:35
성수성수(외선),성수성수(내선),성수성수(외선),성수성수(내선)
18:03,18:03,20:43,20:41
성수성수(외선),성수성수(내선),성수성수(외선),성수성수(내선)
18:07,18:07,20:49,20:48
신도림성수(외선),성수성수(내선),성수성수(외선),성수성수(내선)
18:10,18:10,20:55,20:54
성수성수(외선),성수성수(내선),성수성수(외선),성수성수(내선)
18:14,18:13,,20:59
성수성수(외선),성수성수(내선),,성수신도림
18:18,18:18,21:01,21:04
성수성수(외선),성수성수(내선),성수성수(외선),성수성수(내선)
18:22,18:21,21:07,21:09
성수성수(외선),성수성수(내선),성수성수(외선),성수성수(내선)
18:26,18:24,21:13,21:15
성수성수(외선),성수성수(내선),성수성수(외선),성수성수(내선)
18:29,18:26,21:19,21:21
성수성수(외선),성수성수(내선),성수성수(외선),성수성수(내선)
18:32,18:28,21:25,21:27
성수성수(외선),성수성수(내선),성수성수(외선),성수신도림
18:38,18:30,21:31,21:32
성수성수(외선),성수성수(내선),성수성수(외선),성수성수(내선)
18:41,18:33,21:37,21:39
성수성수(외선),성수성수(내선),성수성수(외선),성수성수(내선)
18:44,18:37,21:43,21:45
성수성수(외선),성수성수(내선),성수성수(외선),성수성수(내선)
18:47,18:42,21:49,21:52
성수성수(외선),성수성수,성수성수(외선),성수성수(내선)
18:50,18:45,21:55,21:58
성수성수(외선),성수성수(내선),성수성수(외선),성수신도림
18:54,18:48,22:01,22:04
성수성수(외선),성수성수(내선),성수성수(외선),성수성수(내선)
18:58,18:51,22:07,22:11
성수성수(외선),성수성수(내선),성수성수(외선),성수신도림
,18:54,22:14,22:18
,성수성수(내선),성수성수(외선),성수성수
,18:57,22:20,22:25막
,성수성수,성수성수(외선),성수성수(내선)
19:01,19:01,22:25,22:32
성수성수(외선),성수성수(내선),성수성수,성수신도림
19:05,19:06,22:28,22:38
성수성수(외선),성수성수(내선),성수성수(외선),성수성수
19:09,19:10,22:35,22:45막
성수성수(외선),성수성수(내선),성수성수(외선),성수성수
19:14,19:12,22:42,22:53
성수성수(외선),성수신도림,성수성수(외선),성수신도림
19:18,19:15,22:47,
성수성수(외선),성수성수(내선),성수성수,
19:21,19:17,22:56,
성수성수(외선),성수성수,성수성수(외선),
19:25,19:20,23:03,23:00막
성수성수(외선),성수성수(내선),성수성수(외선),성수을지로입구
19:29,19:23,23:11,23:08
성수성수(외선),성수성수(내선),성수성수(외선),성수신도림
19:33,19:26,23:20,23:15막
성수성수(외선),성수성수(내선),성수성수(외선),성수홍대입구
19:37,19:30,23:29막,23:23막
성수성수(외선),성수성수,성수성수(외선),성수신도림
19:40,19:33,23:35,23:35막
성수성수,성수성수(내선),성수성수,성수서울대입구
19:43,19:37,23:41,23:56막
성수성수(외선),성수성수(내선),성수성수,성수삼성
19:48,19:40,23:48막,
성수성수(외선),성수성수(내선),성수성수,
19:52,19:43,,
성수성수(외선),성수성수,,
19:56,19:47,,
성수성수,성수성수(내선),,
19:59,19:51,,
성수성수(외선),성수성수(내선),,
,19:54,,
,성수성수,,
,19:57,,
,성수성수(내선),,
20:07,20:00,,
성수성수,성수신도림,,
20:11,20:04,,
성수성수(외선),성수성수(내선),,
20:17,20:09,,
성수성수(외선),성수성수,,
20:20,20:15,,
성수성수(외선),성수성수(내선),,
20:28,20:18,,
성수성수(외선),성수신도림,,
20:31,20:21,,
성수성수(외선),성수성수(내선),,
20:39,20:25,,
성수성수(외선),성수성수(내선),,
20:44,20:31,,
성수성수(외선),성수성수(내선),,
20:48,20:36,,
성수성수(외선),성수성수(내선),,
20:51,20:41,,
성수성수(외선),성수성수(내선),,
20:55,20:45,,
성수성수(외선),성수신도림,,
,20:49,,
,성수성수(내선),,
,20:53,,
,성수성수(내선),,
,20:58,,
,성수성수(내선),,
21:02,21:03,,
성수성수(외선),성수성수(내선),,
21:08,21:07,,
성수성수(외선),성수성수,,
21:13,21:11,,
성수성수(외선),성수성수(내선),,
21:18,21:17,,
성수성수(외선),성수성수(내선),,
21:23,21:22,,
성수성수(외선),성수성수(내선),,
21:30,21:28,,
성수성수(외선),성수성수(내선),,
21:40,21:35,,
성수성수(외선),성수성수(내선),,
21:47,21:44,,
성수성수(외선),성수성수(내선),,
21:54,21:51,,
성수성수(외선),성수성수(내선),,
,21:56,,
,성수성수(내선),,
22:02,22:02,,
성수성수(외선),성수성수(내선),,
22:09,22:07,,
성수성수(외선),성수성수(내선),,
22:14,22:12,,
성수성수(외선),성수성수(내선),,
22:22,22:18,,
성수성수(외선),성수성수(내선),,
22:32,22:23,,
성수성수(외선),성수신도림,,
22:38,22:28,,
성수성수(외선),성수성수(내선),,
22:43,22:34,,
성수성수(외선),성수신도림,,
22:49,22:41,,
성수성수(외선),성수성수(내선),,
22:54,22:47,,
성수성수(외선),성수신도림,,
,22:52,,
,성수성수(내선),,
,22:59,,
,성수성수,,
23:01,23:06,,
성수성수(외선),성수성수(내선),,
23:10,23:15,,
성수성수(외선),성수성수,,
23:18,23:21,,
성수성수(외선),성수신도림,,
23:25,23:26막,,
성수성수(외선),성수성수(내선),,
23:33,23:32,,
성수성수(외선),성수신도림,,
23:44,23:37,,
성수성수(외선),성수성수,,
23:53,23:43막,,
성수성수(외선),성수성수,,
,23:50,,
,성수신도림,,
,23:59막,,
,성수을지로입구,,
0:02,00:11막,,
성수성수,성수홍대입구,,
0:09,00:23막,,
성수성수(외선),성수신도림,,
0:20,00:36막,,
성수성수(외선),성수서울대입구,,
00:33막,00:56막,,
성수성수(외선),성수삼성,,
00:48막,,,
성수성수,,,
