﻿을지로입구방면,을지로4가방면,을지로입구방면,을지로4가방면
평일,평일,주말,주말
05:44첫,05:31첫,05:44첫,05:31첫
성수성수(외선),을지로입구성수(내선),성수성수(외선),을지로입구성수(내선)
5:53,5:43,5:55,5:43
성수성수(외선),홍대입구성수(내선),성수성수(외선),홍대입구성수(내선)
,5:54,,5:54
,신도림성수(내선),,신도림성수(내선)
6:03,6:01,6:02,6:01
성수성수(외선),신도림성수(내선),성수성수(외선),신도림성수(내선)
6:12,6:08,6:08,6:07
성수성수(외선),서울대입구성수(내선),성수성수(외선),서울대입구성수(내선)
6:22,6:14,6:14,6:13
성수성수(외선),신도림성수(내선),성수성수(외선),신도림성수(내선)
6:31,6:21,6:21,6:19
성수성수(외선),신도림성수(내선),성수성수(외선),신도림성수(내선)
6:37,6:28,6:27,6:25
성수성수(외선),삼성성수(내선),성수성수(외선),삼성성수(내선)
6:41,6:33,6:33,6:32
성수성수(외선),신도림성수(내선),성수성수(외선),신도림성수(내선)
6:47,6:40,6:40,6:38
성수성수(외선),신도림성수(내선),성수성수(외선),신도림성수(내선)
6:50,6:45,6:46,6:44
성수성수(외선),성수성수(내선),성수성수(외선),성수성수(내선)
6:53,6:50,6:51,6:48
성수성수(외선),신도림성수(내선),성수성수(외선),신도림성수(내선)
6:58,6:55,6:57,6:54
성수성수(외선),성수성수(내선),성수성수(외선),성수성수(내선)
7:01,7:02,7:03,7:00
성수성수(외선),성수성수(내선),성수성수(외선),성수성수(내선)
7:06,7:09,7:09,7:05
성수성수(외선),성수성수(내선),성수성수(외선),신도림성수(내선)
7:12,7:13,7:15,7:11
성수성수(외선),성수성수(내선),성수성수(외선),성수성수(내선)
7:18,7:16,7:21,7:16
성수성수(외선),신도림성수(내선),성수성수(외선),성수성수(내선)
7:25,7:19,7:27,7:22
성수성수(외선),성수성수(내선),성수성수(외선),성수성수(내선)
7:30,7:25,7:33,7:27
성수성수(외선),성수성수(내선),성수성수(외선),성수성수(내선)
7:35,7:29,7:39,7:33
성수성수(외선),신도림성수(내선),성수성수(외선),성수성수(내선)
7:40,7:32,7:45,7:39
성수성수(외선),성수성수(내선),성수성수(외선),성수성수(내선)
7:45,7:39,7:51,7:44
성수성수,성수성수(내선),성수성수,성수성수(내선)
7:50,7:43,7:57,7:49
성수성수(외선),성수성수(내선),성수성수(외선),성수성수(내선)
7:55,7:46,,7:55
성수성수(외선),성수성수(내선),,성수성수(내선)
7:57,7:49,8:03,8:00
성수성수(외선),신도림성수(내선),성수성수(외선),성수성수(내선)
,7:52,8:09,8:07
,성수성수(내선),성수성수(외선),성수성수(내선)
,7:56,8:15,8:11
,성수성수(내선),성수성수,성수성수(내선)
8:00,8:00,8:21,8:17
성수성수(외선),성수성수(내선),성수성수(외선),성수성수(내선)
8:04,8:03,8:26,8:22
성수성수(외선),신도림성수(내선),성수성수(외선),성수성수(내선)
8:07,8:06,8:32,8:28
성수성수(외선),성수성수(내선),성수성수(외선),성수성수(내선)
8:10,8:10,8:38,8:33
성수성수(외선),성수성수(내선),성수성수(외선),성수성수(내선)
8:14,8:13,8:44,8:38
성수성수(외선),성수성수(내선),성수성수,성수성수(내선)
8:17,8:17,8:49,8:44
성수성수(외선),성수성수(내선),성수성수(외선),성수성수(내선)
8:20,8:20,8:54,8:50
성수성수,성수성수(내선),성수성수(외선),성수성수(내선)
8:23,8:24,8:59,8:56
성수성수(외선),성수성수(내선),성수성수(외선),성수성수(내선)
8:25,8:28,9:05,9:01
성수성수(외선),성수성수(내선),성수성수(외선),성수성수(내선)
8:28,8:32,9:10,9:06
성수성수(외선),성수성수(내선),성수성수(외선),성수성수(내선)
8:31,8:35,9:16,9:12
성수성수,성수성수(내선),성수성수(외선),성수성수(내선)
8:34,8:39,9:21,9:17
성수성수(외선),성수성수(내선),성수성수(외선),성수성수(내선)
8:37,8:42,9:27,9:23
성수신도림,성수성수(내선),성수성수(외선),성수성수(내선)
8:40,8:46,9:33,9:28
성수성수(외선),성수성수(내선),성수신도림,성수성수(내선)
8:44,8:49,9:39,9:34
성수성수,성수성수(내선),성수성수(외선),성수성수(내선)
8:47,8:52,9:44,9:39
성수성수(외선),성수성수(내선),성수성수(외선),성수성수(내선)
8:50,8:56,9:50,9:45
성수신도림,성수성수(내선),성수성수(외선),성수성수(내선)
8:53,8:59,9:57,9:50
성수성수(외선),성수성수(내선),성수성수(외선),성수성수(내선)
8:55,,,9:56
성수성수(외선),,,성수성수(내선)
8:58,,10:02,10:00
성수성수,,성수성수(외선),성수성수(내선)
9:00,9:02,10:08,10:05
성수성수(외선),성수성수(내선),성수성수(외선),성수성수
9:02,9:05,10:13,10:07
성수성수(외선),성수성수(내선),성수성수(외선),신도림성수(내선)
9:05,9:08,10:18,10:11
성수성수(외선),성수성수(내선),성수성수(외선),성수성수(내선)
9:07,9:11,10:24,10:17
성수성수,성수성수(내선),성수성수(외선),성수성수(내선)
9:10,9:15,10:29,10:23
성수성수(외선),성수성수(내선),성수성수(외선),성수성수(내선)
9:12,9:18,10:34,10:28
성수성수(외선),성수성수,성수성수(외선),성수성수(내선)
9:15,9:21,10:39,10:33
성수성수(외선),성수성수(내선),성수성수(외선),성수성수(내선)
9:19,9:25,10:45,10:38
성수성수(외선),성수성수(내선),성수성수(외선),성수성수(내선)
9:22,9:29,10:51,10:43
성수성수(외선),성수성수(내선),성수성수(외선),성수성수(내선)
9:25,9:32,10:56,10:47
성수신도림,성수성수,성수성수(외선),성수성수
9:27,9:35,,10:51
성수성수,성수성수(내선),,성수성수(내선)
9:30,9:39,,10:56
성수성수(외선),성수성수(내선),,성수성수(내선)
9:32,9:42,11:02,11:02
성수신도림,성수성수(내선),성수성수(외선),성수성수(내선)
9:35,9:45,11:07,11:07
성수성수(외선),성수성수(내선),성수성수(외선),성수성수(내선)
9:38,9:49,11:13,11:13
성수성수,성수성수,성수성수(외선),성수성수(내선)
9:41,9:52,11:18,11:17
성수신도림,성수성수(내선),성수성수(외선),신도림성수(내선)
9:44,9:56,11:24,11:21
성수성수(외선),성수성수(내선),성수성수(외선),성수성수(내선)
9:48,,11:29,11:25
성수성수(외선),,성수성수(외선),성수성수
9:53,,11:34,11:30
성수성수(외선),,성수성수(외선),성수성수(내선)
9:56,,11:39,11:36
성수신도림,,성수성수(외선),성수성수(내선)
9:59,,11:44,11:41
성수성수(외선),,성수성수(외선),성수성수(내선)
10:05,10:00,11:49,11:46
성수성수(외선),성수성수(내선),성수성수(외선),성수성수(내선)
10:10,10:04,11:54,11:50
성수성수(외선),성수성수(내선),성수성수(외선),성수성수(내선)
10:17,10:07,11:59,11:54
성수성수(외선),성수성수,성수성수(외선),성수성수(내선)
10:23,10:10,,11:59
성수성수(외선),성수성수(내선),,성수성수(내선)
10:26,10:13,12:04,12:04
성수성수(외선),성수성수(내선),성수성수(외선),성수성수(내선)
10:30,10:17,12:09,12:08
성수성수(외선),성수성수,성수성수(외선),성수성수(내선)
10:32,10:20,12:14,12:14
성수신도림,성수성수(내선),성수성수(외선),성수성수(내선)
10:35,10:23,12:19,12:22
성수성수(외선),성수성수(내선),성수성수(외선),성수성수(내선)
10:40,10:26,12:24,12:28
성수성수(외선),성수성수(내선),성수성수(외선),성수성수(내선)
10:42,10:33,12:30,12:33
성수신도림,성수성수(내선),성수성수(외선),성수성수(내선)
10:45,10:36,12:37,12:38
성수성수(외선),성수성수(내선),성수성수(외선),성수성수(내선)
10:50,10:39,12:44,12:43
성수성수(외선),성수성수(내선),성수성수(외선),성수성수(내선)
10:54,10:45,12:49,12:48
성수성수(외선),성수성수(내선),성수성수(외선),성수성수(내선)
,10:51,12:54,12:53
,성수성수(내선),성수성수(외선),성수성수(내선)
,10:58,12:59,
,성수성수(내선),성수성수(외선),
11:00,11:05,13:04,13:00
성수성수(외선),성수성수(내선),성수성수(외선),성수성수(내선)
11:05,11:11,13:09,13:06
성수성수(외선),성수성수(내선),성수성수(외선),성수성수(내선)
11:13,11:16,13:14,13:11
성수성수(외선),성수성수(내선),성수성수(외선),성수성수(내선)
11:18,11:21,13:19,13:16
성수성수(외선),성수성수(내선),성수성수(외선),성수성수(내선)
11:23,11:26,13:24,13:20
성수성수(외선),성수성수(내선),성수성수(외선),성수성수(내선)
11:29,11:30,13:29,13:25
성수성수(외선),성수성수(내선),성수성수(외선),성수성수(내선)
11:35,11:40,13:34,13:29
성수성수(외선),성수성수(내선),성수성수(외선),성수성수(내선)
11:40,11:45,13:39,13:34
성수성수(외선),성수성수(내선),성수성수(외선),성수성수(내선)
11:46,11:50,13:44,13:38
성수성수(외선),성수성수(내선),성수성수(외선),성수성수(내선)
11:53,11:57,13:49,13:45
성수성수(외선),성수성수(내선),성수성수(외선),성수성수(내선)
11:57,,13:54,13:52
성수성수(외선),,성수성수(외선),성수성수(내선)
12:01,12:03,,13:58
성수성수(외선),성수성수(내선),,성수성수(내선)
12:06,12:09,14:00,14:03
성수성수(외선),성수성수(내선),성수성수(외선),성수성수(내선)
12:11,12:15,14:07,14:08
성수성수(외선),성수성수(내선),성수성수(외선),성수성수(내선)
12:16,12:21,14:14,14:13
성수성수(외선),성수성수(내선),성수성수(외선),성수성수(내선)
12:21,12:27,14:19,14:18
성수성수(외선),성수성수(내선),성수성수(외선),성수성수(내선)
12:26,12:33,14:24,14:23
성수성수(외선),성수성수(내선),성수성수(외선),성수성수(내선)
12:31,12:39,14:29,14:31
성수성수(외선),성수성수(내선),성수성수(외선),성수성수(내선)
12:36,12:45,14:34,14:37
성수성수(외선),성수성수(내선),성수성수(외선),성수성수(내선)
12:42,12:50,14:39,14:42
성수성수(외선),성수성수(내선),성수성수(외선),성수성수(내선)
12:48,12:55,14:44,14:47
성수성수(외선),성수성수(내선),성수신도림,성수성수(내선)
12:53,,14:49,14:51
성수성수(외선),,성수성수(외선),성수성수(내선)
12:59,,14:54,14:56
성수성수(외선),,성수성수(외선),성수성수(내선)
13:05,13:01,14:59,14:59
성수성수(외선),성수성수(내선),성수성수(외선),성수성수(내선)
13:11,13:10,15:04,15:04
성수성수(외선),성수성수(내선),성수성수(외선),성수성수(내선)
13:16,13:16,15:09,15:08
성수성수(외선),성수성수(내선),성수성수(외선),성수성수(내선)
13:22,13:21,15:14,15:15
성수성수(외선),성수성수(내선),성수성수(외선),성수성수(내선)
13:27,13:27,15:19,15:22
성수성수(외선),성수성수(내선),성수성수(외선),성수성수(내선)
13:31,13:33,15:24,15:28
성수성수(외선),성수성수(내선),성수성수(외선),성수성수(내선)
13:36,13:39,15:30,15:33
성수성수(외선),성수성수(내선),성수성수(외선),성수성수(내선)
13:41,13:45,15:38,15:36
성수성수(외선),성수성수(내선),성수성수(외선),성수성수
13:46,13:51,15:44,15:43
성수성수(외선),성수성수(내선),성수신도림,성수성수(내선)
13:51,13:57,15:49,15:48
성수성수(외선),성수성수(내선),성수성수(외선),성수성수(내선)
13:56,,15:54,15:53
성수성수(외선),,성수성수(외선),성수성수(내선)
14:01,14:03,15:59,15:58
성수성수(외선),성수성수(내선),성수성수(외선),성수성수(내선)
14:06,14:09,16:04,16:03
성수성수(외선),성수성수(내선),성수성수(외선),성수성수(내선)
14:12,14:15,16:09,16:08
성수성수(외선),성수성수(내선),성수신도림,성수성수(내선)
14:18,14:20,16:14,16:13
성수성수(외선),성수성수(내선),성수성수(외선),성수성수(내선)
14:23,14:25,16:19,16:18
성수성수(외선),성수성수(내선),성수성수(외선),성수성수(내선)
14:29,14:32,16:24,16:23
성수성수(외선),성수성수(내선),성수성수(외선),성수성수(내선)
14:35,14:40,16:29,16:27
성수성수(외선),성수성수(내선),성수성수(외선),성수성수(내선)
14:41,14:46,16:34,16:33
성수성수(외선),성수성수(내선),성수성수(외선),성수성수(내선)
14:46,14:51,16:39,16:37
성수성수(외선),성수성수(내선),성수성수(외선),성수성수(내선)
14:52,14:57,16:44,16:45
성수성수(외선),성수성수(내선),성수성수(외선),성수성수(내선)
14:56,,16:49,16:52
성수성수(외선),,성수성수,성수성수(내선)
15:01,15:03,16:54,16:58
성수성수(외선),성수성수(내선),성수성수(외선),성수성수(내선)
15:06,15:09,16:59,
성수성수(외선),성수성수(내선),성수성수(외선),
15:11,15:15,17:04,17:03
성수성수(외선),성수성수(내선),성수성수(외선),성수성수(내선)
15:16,15:21,17:09,17:08
성수성수(외선),성수성수(내선),성수성수(외선),성수성수(내선)
15:21,15:27,17:14,17:13
성수성수(외선),성수성수(내선),성수성수(외선),성수성수(내선)
15:26,15:33,17:19,17:18
성수성수(외선),성수성수(내선),성수성수(외선),성수성수(내선)
15:31,15:39,17:24,17:23
성수성수(외선),성수성수(내선),성수성수(외선),성수성수(내선)
15:37,15:45,17:30,17:28
성수성수(외선),성수성수(내선),성수성수(외선),성수성수(내선)
15:42,15:50,17:35,17:34
성수성수(외선),성수성수(내선),성수성수(외선),성수성수(내선)
15:48,15:55,17:42,17:39
성수성수(외선),성수성수(내선),성수성수(외선),성수성수(내선)
15:53,,17:47,17:44
성수성수(외선),,성수신도림,성수성수(내선)
15:59,,17:51,17:51
성수성수(외선),,성수성수(외선),성수성수(내선)
16:05,16:01,17:54,17:56
성수성수(외선),성수성수(내선),성수성수(외선),성수성수(내선)
16:11,16:06,17:59,
성수성수(외선),신도림성수(내선),성수성수(외선),
16:17,16:10,18:05,18:01
성수성수(외선),성수성수(내선),성수성수(외선),성수성수(내선)
16:21,16:16,18:10,18:07
성수성수(외선),성수성수(내선),성수성수(외선),성수성수(내선)
16:25,16:21,18:16,18:13
성수성수(외선),성수성수(내선),성수성수(외선),성수성수(내선)
16:29,16:27,18:22,18:18
성수성수(외선),성수성수(내선),성수성수(외선),성수성수(내선)
16:32,16:33,18:28,18:21
성수성수(외선),성수성수(내선),성수성수(외선),성수성수
16:36,16:39,18:33,18:24
성수성수(외선),성수성수(내선),성수성수(외선),신도림성수(내선)
16:41,16:45,18:39,18:29
성수성수(외선),성수성수(내선),성수성수(외선),성수성수(내선)
16:45,16:51,18:44,18:34
성수성수(외선),성수성수(내선),성수성수(외선),성수성수(내선)
16:49,16:57,18:48,18:39
성수성수(외선),성수성수(내선),성수신도림,성수성수(내선)
16:52,,18:54,18:46
성수성수(외선),,성수성수,성수성수(내선)
16:56,,,18:51
성수성수(외선),,,성수성수(내선)
17:00,17:03,,18:57
성수성수(외선),성수성수(내선),,성수성수(내선)
17:07,17:09,19:00,19:02
성수성수(외선),성수성수(내선),성수성수(외선),성수성수(내선)
17:11,17:15,19:06,19:08
성수성수(외선),성수성수(내선),성수성수(외선),성수성수(내선)
17:15,17:20,19:12,19:13
성수성수(외선),성수성수(내선),성수성수(외선),성수성수(내선)
17:19,17:22,19:18,19:19
성수성수(외선),신도림성수(내선),성수성수(외선),성수성수(내선)
17:23,17:26,19:23,19:24
성수성수(외선),성수성수(내선),성수성수(외선),성수성수(내선)
17:26,17:31,19:29,19:30
성수성수(외선),성수성수(내선),성수성수(외선),성수성수(내선)
17:29,17:36,19:35,19:35
성수성수(외선),성수성수(내선),성수성수(외선),성수성수(내선)
17:35,17:40,19:40,19:41
성수성수(외선),성수성수(내선),성수성수(외선),성수성수(내선)
17:38,17:46,19:46,19:46
성수성수(외선),성수성수(내선),성수성수(외선),성수성수(내선)
17:41,17:51,19:52,19:52
성수성수(외선),성수성수(내선),성수성수(외선),성수성수(내선)
17:44,17:54,19:58,19:57
성수성수(외선),신도림성수(내선),성수성수(외선),성수성수(내선)
17:47,17:57,20:04,20:03
성수성수(외선),성수성수(내선),성수성수(외선),성수성수(내선)
17:51,,20:10,20:08
성수성수(외선),,성수성수(외선),성수성수(내선)
17:55,,20:16,20:14
성수성수(외선),,성수성수(외선),성수성수(내선)
17:59,,20:22,20:20
성수성수(외선),,성수성수(외선),성수성수(내선)
18:02,18:00,20:28,20:26
성수성수(외선),성수성수(내선),성수성수(외선),성수성수(내선)
18:06,18:03,20:34,20:31
성수성수(외선),성수성수(내선),성수성수(외선),성수성수(내선)
18:11,18:06,20:40,20:36
성수성수(외선),신도림성수(내선),성수성수(외선),성수성수(내선)
18:15,18:09,20:46,20:41
성수성수(외선),성수성수(내선),성수성수(외선),성수성수(내선)
18:19,18:15,20:52,20:47
성수성수(외선),성수성수(내선),성수성수(외선),성수성수(내선)
18:22,18:18,20:58,20:53
성수성수(외선),신도림성수(내선),성수성수(외선),성수성수(내선)
18:26,18:21,,20:59
성수성수(외선),성수성수(내선),,성수성수(내선)
18:30,18:23,21:04,21:05
성수성수(외선),신도림성수(내선),성수성수(외선),성수성수(내선)
18:34,18:26,21:10,21:11
성수성수(외선),성수성수(내선),성수성수(외선),성수성수(내선)
18:37,18:29,21:16,21:17
성수성수,성수성수(내선),성수성수(외선),성수성수(내선)
18:41,18:34,21:22,21:23
성수성수(외선),성수성수(내선),성수성수,성수성수(내선)
18:45,18:39,21:28,21:30
성수성수(외선),성수성수(내선),성수성수(외선),성수성수(내선)
18:49,18:42,21:34,21:37
성수성수(외선),성수성수(내선),성수성수(외선),성수성수(내선)
18:53,18:45,21:40,21:44
성수성수,성수성수(내선),성수성수(외선),성수성수(내선)
18:56,18:47,21:46,21:50
성수성수(외선),신도림성수(내선),성수성수,성수성수(내선)
,18:50,21:52,21:57
,성수성수(내선),성수성수(외선),성수성수(내선)
,18:52,21:58,
,성수성수(내선),성수성수(외선),
,18:56,22:04,22:05
,성수성수(내선),성수신도림,성수성수(내선)
,18:59,22:10,22:11
,성수성수(내선),성수성수(외선),성수성수(내선)
19:00,19:02,22:16,22:18
성수신도림,성수성수(내선),성수성수(외선),성수성수(내선)
19:05,19:06,22:22,22:25
성수성수,성수성수(내선),성수신도림,성수성수(내선)
19:08,19:10,22:28막,22:33
성수성수(외선),성수성수(내선),성수성수(외선),성수성수(내선)
19:11,19:13,22:35,22:41
성수신도림,성수성수(내선),성수성수,성수성수(내선)
19:14,19:16,22:41,22:47
성수성수(외선),성수성수(내선),성수성수,성수성수(내선)
19:17,19:20,22:48막,22:55
성수성수(외선),성수성수(내선),성수성수,성수성수(내선)
19:21,19:24,22:55,
성수신도림,성수성수(내선),성수신도림,
19:25,19:27,23:02막,23:06
성수성수(외선),성수성수(내선),성수삼성,성수성수(내선)
19:29,19:29,23:10,23:17
성수성수(외선),성수성수(내선),성수신도림,성수성수
19:32,19:31,23:24막,23:27막
성수신도림,성수성수(내선),성수서울대입구,성수성수(내선)
19:36,19:33,23:32,23:38
성수성수(외선),성수성수(내선),성수신도림,성수성수
19:41,19:36,23:38막,23:46막
성수성수(외선),성수성수(내선),성수신도림,성수성수
19:45,19:41,23:47막,
성수성수(외선),성수성수(내선),성수홍대입구,
19:49,19:45,23:58막,
성수성수(외선),성수성수,성수을지로입구,
19:52,19:48,,
성수성수(외선),성수성수(내선),,
19:56,19:51,,
성수신도림,성수성수(내선),,
,19:54,,
,성수성수(내선),,
,19:57,,
,성수성수(내선),,
20:00,20:00,,
성수성수(외선),성수성수,,
20:05,20:04,,
성수성수(외선),성수성수(내선),,
20:10,20:09,,
성수성수(외선),성수성수(내선),,
20:15,20:13,,
성수성수(외선),성수성수(내선),,
20:20,20:17,,
성수성수(외선),성수성수(내선),,
20:27,20:20,,
성수성수(외선),성수성수,,
20:38,20:22,,
성수성수(외선),성수성수(내선),,
20:44,20:26,,
성수성수(외선),성수성수(내선),,
20:50,20:29,,
성수성수(외선),성수성수(내선),,
20:55,20:33,,
성수신도림,성수성수,,
20:59,20:36,,
성수성수(외선),성수성수(내선),,
,20:40,,
,성수성수(내선),,
,20:43,,
,성수성수(내선),,
,20:46,,
,성수성수,,
,20:50,,
,성수성수(내선),,
,20:54,,
,성수성수(내선),,
,20:57,,
,성수성수,,
21:06,21:00,,
성수성수(외선),성수성수(내선),,
21:11,21:07,,
성수성수(외선),성수성수(내선),,
21:15,21:12,,
성수신도림,성수성수,,
21:19,21:17,,
성수성수(외선),성수성수(내선),,
21:24,21:24,,
성수신도림,성수성수(내선),,
21:29,21:28,,
성수성수(외선),성수성수(내선),,
21:35,21:34,,
성수성수(외선),성수성수(내선),,
21:40,21:39,,
성수성수(외선),성수성수(내선),,
21:46,21:44,,
성수성수(외선),성수성수(내선),,
21:51,21:51,,
성수성수(외선),성수성수(내선),,
21:58,21:56,,
성수성수(외선),성수성수(내선),,
22:08,22:01,,
성수성수(외선),성수성수(내선),,
22:15,22:06,,
성수성수(외선),성수성수(내선),,
22:22,22:10,,
성수성수(외선),성수성수,,
22:30,22:14,,
성수성수(외선),성수성수(내선),,
22:36,22:19,,
성수신도림,성수성수(내선),,
22:41,22:25,,
성수성수(외선),성수성수(내선),,
22:50,22:31,,
성수성수(외선),성수성수(내선),,
22:59,22:38,,
성수성수,성수성수(내선),,
,22:47,,
,성수성수(내선),,
,22:54,,
,성수성수(내선),,
,22:59,,
,성수성수(내선),,
23:06,23:05,,
성수성수(외선),성수성수(내선),,
23:11,23:10,,
성수신도림,성수성수(내선),,
23:17,23:15,,
성수성수(외선),성수성수(내선),,
23:22,23:22,,
성수신도림,성수성수(내선),,
23:30막,23:31,,
성수성수(외선),성수성수(내선),,
23:38,23:44,,
성수신도림,성수성수(내선),,
23:45막,23:55,,
성수성수,성수성수(내선),,
23:52,,,
성수신도림,,,
00:02막,0:02,,
성수삼성,성수성수,,
0:11,0:09,,
성수신도림,성수성수(내선),,
00:22막,0:18,,
성수서울대입구,성수성수,,
00:36막,00:29막,,
성수신도림,성수성수(내선),,
00:47막,0:38,,
성수홍대입구,성수성수,,
00:59막,00:46막,,
성수을지로입구,성수성수,,
