﻿시청방면,을지로3가방면,시청방면,을지로3가방면
평일,평일,주말,주말
05:30첫,05:30첫,05:30첫,05:30첫
을지로입구성수(외선),을지로입구성수(내선),을지로입구성수(외선),을지로입구성수(내선)
5:45,5:41,5:46,5:41
성수성수(외선),홍대입구성수(내선),성수성수(외선),홍대입구성수(내선)
5:55,5:53,5:56,5:53
성수성수(외선),신도림성수(내선),성수성수(외선),신도림성수(내선)
6:05,6:00,,5:59
성수성수(외선),신도림성수(내선),,신도림성수(내선)
6:14,6:06,6:03,6:05
성수성수(외선),서울대입구성수(내선),성수성수(외선),서울대입구성수(내선)
6:24,6:13,6:09,6:11
성수성수(외선),신도림성수(내선),성수성수(외선),신도림성수(내선)
6:33,6:20,6:16,6:17
성수성수(외선),신도림성수(내선),성수성수(외선),신도림성수(내선)
6:38,6:27,6:22,6:23
성수성수(외선),삼성성수(내선),성수성수(외선),삼성성수(내선)
6:43,6:32,6:29,6:30
성수성수(외선),신도림성수(내선),성수성수(외선),신도림성수(내선)
6:49,6:39,6:35,6:36
성수성수(외선),신도림성수(내선),성수성수(외선),신도림성수(내선)
6:52,6:43,6:41,6:42
성수성수(외선),성수성수(내선),성수성수(외선),성수성수(내선)
6:54,6:49,6:47,6:47
성수성수(외선),신도림성수(내선),성수성수(외선),신도림성수(내선)
,6:54,6:53,6:52
,성수성수(내선),성수성수(외선),성수성수(내선)
7:00,7:01,6:59,6:58
성수성수(외선),성수성수(내선),성수성수(외선),성수성수(내선)
7:03,7:08,7:05,7:04
성수성수(외선),성수성수(내선),성수성수(외선),신도림성수(내선)
7:07,7:12,7:11,7:09
성수성수(외선),성수성수(내선),성수성수(외선),성수성수(내선)
7:14,7:15,7:16,7:15
성수성수(외선),신도림성수(내선),성수성수(외선),성수성수(내선)
7:19,7:18,7:22,7:20
성수성수(외선),성수성수(내선),성수성수(외선),성수성수(내선)
7:26,7:24,7:29,7:25
성수성수(외선),성수성수(내선),성수성수(외선),성수성수(내선)
7:31,7:27,7:35,7:32
성수성수(외선),신도림성수(내선),성수성수(외선),성수성수(내선)
7:36,7:31,7:41,7:37
성수성수(외선),성수성수(내선),성수성수(외선),성수성수(내선)
7:41,7:37,7:47,7:42
성수성수(외선),성수성수(내선),성수성수(외선),성수성수(내선)
7:46,7:41,7:52,7:48
성수성수,성수성수(내선),성수성수,성수성수(내선)
7:52,7:44,7:59,7:53
성수성수(외선),성수성수(내선),성수성수(외선),성수성수(내선)
7:56,7:47,,7:59
성수성수(외선),신도림성수(내선),,성수성수(내선)
7:59,7:51,8:05,8:05
성수성수(외선),성수성수(내선),성수성수(외선),성수성수(내선)
,7:55,8:11,8:10
,성수성수(내선),성수성수(외선),성수성수(내선)
,7:58,8:17,8:15
,성수성수(내선),성수성수,성수성수(내선)
8:01,8:01,8:22,8:21
성수성수(외선),신도림성수(내선),성수성수(외선),성수성수(내선)
8:05,8:05,8:28,8:26
성수성수(외선),성수성수(내선),성수성수(외선),성수성수(내선)
8:08,8:09,8:34,8:32
성수성수(외선),성수성수(내선),성수성수(외선),성수성수(내선)
8:11,8:12,8:40,8:37
성수성수(외선),성수성수(내선),성수성수(외선),성수성수(내선)
8:15,8:16,8:45,8:43
성수성수(외선),성수성수(내선),성수성수,성수성수(내선)
8:18,8:19,8:50,8:48
성수성수(외선),성수성수(내선),성수성수(외선),성수성수(내선)
8:21,8:23,8:55,8:54
성수성수,성수성수(내선),성수성수(외선),성수성수(내선)
8:24,8:27,,8:59
성수성수(외선),성수성수(내선),,성수성수(내선)
8:27,8:31,9:01,9:05
성수성수(외선),성수성수(내선),성수성수(외선),성수성수(내선)
8:30,8:34,9:06,9:10
성수성수(외선),성수성수(내선),성수성수(외선),성수성수(내선)
8:33,8:38,9:11,9:16
성수성수,성수성수(내선),성수성수(외선),성수성수(내선)
8:36,8:41,9:17,9:21
성수성수(외선),성수성수(내선),성수성수(외선),성수성수(내선)
8:39,8:45,9:23,9:27
성수신도림,성수성수(내선),성수성수(외선),성수성수(내선)
8:41,8:48,9:28,9:32
성수성수(외선),성수성수(내선),성수성수(외선),성수성수(내선)
8:45,8:51,9:34,9:38
성수성수,성수성수(내선),성수신도림,성수성수(내선)
8:48,8:54,9:40,9:43
성수성수(외선),성수성수(내선),성수성수(외선),성수성수(내선)
8:52,8:58,9:46,9:49
성수신도림,성수성수(내선),성수성수(외선),성수성수(내선)
8:54,,9:52,9:54
성수성수(외선),,성수성수(외선),성수성수(내선)
8:57,,9:58,9:59
성수성수(외선),,성수성수(외선),성수성수(내선)
8:59,,10:04,10:03
성수성수,,성수성수(외선),성수성수
9:01,9:01,10:10,10:05
성수성수(외선),성수성수(내선),성수성수(외선),신도림성수(내선)
9:04,9:04,10:14,10:10
성수성수(외선),성수성수(내선),성수성수(외선),성수성수(내선)
9:06,9:07,10:20,10:15
성수성수(외선),성수성수(내선),성수성수(외선),성수성수(내선)
9:09,9:10,10:25,10:21
성수성수,성수성수(내선),성수성수(외선),성수성수(내선)
9:11,9:14,10:31,10:26
성수성수(외선),성수성수(내선),성수성수(외선),성수성수(내선)
9:14,9:17,10:36,10:31
성수성수(외선),성수성수,성수성수(외선),성수성수(내선)
9:16,9:20,10:41,10:36
성수성수(외선),성수성수(내선),성수성수(외선),성수성수(내선)
9:21,9:23,10:47,10:41
성수성수(외선),성수성수(내선),성수성수(외선),성수성수(내선)
9:24,9:27,10:52,10:45
성수성수(외선),성수성수(내선),성수성수(외선),성수성수
9:26,9:31,10:57,10:50
성수신도림,성수성수,성수성수(외선),성수성수(내선)
9:29,9:34,,10:55
성수성수,성수성수(내선),,성수성수(내선)
9:31,9:37,11:04,11:00
성수성수(외선),성수성수(내선),성수성수(외선),성수성수(내선)
9:34,9:40,11:09,11:06
성수신도림,성수성수(내선),성수성수(외선),성수성수(내선)
9:37,9:44,11:14,11:11
성수성수(외선),성수성수(내선),성수성수(외선),성수성수(내선)
9:39,9:47,11:20,11:15
성수성수,성수성수,성수성수(외선),신도림성수(내선)
9:42,9:50,11:25,11:19
성수신도림,성수성수(내선),성수성수(외선),성수성수(내선)
9:46,9:54,11:31,11:23
성수성수(외선),성수성수(내선),성수성수(외선),성수성수
9:50,9:58,11:36,11:29
성수성수(외선),성수성수(내선),성수성수(외선),성수성수(내선)
9:55,,11:41,11:34
성수성수(외선),,성수성수(외선),성수성수(내선)
9:57,,11:46,11:39
성수신도림,,성수성수(외선),성수성수(내선)
10:00,10:02,11:51,11:44
성수성수(외선),성수성수(내선),성수성수(외선),성수성수(내선)
10:06,10:05,11:56,11:49
성수성수(외선),성수성수,성수성수(외선),성수성수(내선)
10:12,10:08,,11:53
성수성수(외선),성수성수(내선),,성수성수(내선)
10:18,10:12,,11:58
성수성수(외선),성수성수(내선),,성수성수(내선)
10:24,10:15,12:01,12:02
성수성수(외선),성수성수,성수성수(외선),성수성수(내선)
10:27,10:18,12:06,12:07
성수성수(외선),성수성수(내선),성수성수(외선),성수성수(내선)
10:31,10:21,12:11,12:12
성수성수(외선),성수성수(내선),성수성수(외선),성수성수(내선)
10:34,10:24,12:16,12:21
성수신도림,성수성수(내선),성수성수(외선),성수성수(내선)
10:36,10:31,12:21,12:26
성수성수(외선),성수성수(내선),성수성수(외선),성수성수(내선)
10:41,10:34,12:26,12:31
성수성수(외선),성수성수(내선),성수성수(외선),성수성수(내선)
10:44,10:37,12:32,12:36
성수신도림,성수성수(내선),성수성수(외선),성수성수(내선)
10:46,10:43,12:39,12:41
성수성수(외선),성수성수(내선),성수성수(외선),성수성수(내선)
10:51,10:50,12:46,12:46
성수성수(외선),성수성수(내선),성수성수(외선),성수성수(내선)
10:56,10:56,12:51,12:52
성수성수(외선),성수성수(내선),성수성수(외선),성수성수(내선)
11:01,11:03,12:56,12:58
성수성수(외선),성수성수(내선),성수성수(외선),성수성수(내선)
11:07,11:09,13:01,13:04
성수성수(외선),성수성수(내선),성수성수(외선),성수성수(내선)
11:15,11:14,13:06,13:09
성수성수(외선),성수성수(내선),성수성수(외선),성수성수(내선)
11:20,11:19,13:11,13:14
성수성수(외선),성수성수(내선),성수성수(외선),성수성수(내선)
11:25,11:24,13:16,13:19
성수성수(외선),성수성수(내선),성수성수(외선),성수성수(내선)
11:31,11:29,13:21,13:23
성수성수(외선),성수성수(내선),성수성수(외선),성수성수(내선)
11:37,11:39,13:26,13:28
성수성수(외선),성수성수(내선),성수성수(외선),성수성수(내선)
11:42,11:43,13:31,13:32
성수성수(외선),성수성수(내선),성수성수(외선),성수성수(내선)
11:48,11:49,13:36,13:37
성수성수(외선),성수성수(내선),성수성수(외선),성수성수(내선)
11:54,11:55,13:41,13:43
성수성수(외선),성수성수(내선),성수성수(외선),성수성수(내선)
11:59,,13:46,13:50
성수성수(외선),,성수성수(외선),성수성수(내선)
12:03,12:01,13:51,13:56
성수성수(외선),성수성수(내선),성수성수(외선),성수성수(내선)
12:08,12:07,13:56,
성수성수(외선),성수성수(내선),성수성수(외선),
12:13,12:13,14:02,14:01
성수성수(외선),성수성수(내선),성수성수(외선),성수성수(내선)
12:18,12:19,14:09,14:06
성수성수(외선),성수성수(내선),성수성수(외선),성수성수(내선)
12:23,12:25,14:16,14:11
성수성수(외선),성수성수(내선),성수성수(외선),성수성수(내선)
12:28,12:31,14:21,14:16
성수성수(외선),성수성수(내선),성수성수(외선),성수성수(내선)
12:33,12:37,14:26,14:22
성수성수(외선),성수성수(내선),성수성수(외선),성수성수(내선)
12:38,12:43,14:31,14:29
성수성수(외선),성수성수(내선),성수성수(외선),성수성수(내선)
12:44,12:48,14:36,14:35
성수성수(외선),성수성수(내선),성수성수(외선),성수성수(내선)
12:50,12:53,14:41,14:40
성수성수(외선),성수성수(내선),성수성수(외선),성수성수(내선)
12:55,,14:45,14:45
성수성수(외선),,성수신도림,성수성수(내선)
13:01,13:00,14:51,14:50
성수성수(외선),성수성수(내선),성수성수(외선),성수성수(내선)
13:07,13:09,14:56,14:54
성수성수(외선),성수성수(내선),성수성수(외선),성수성수(내선)
13:13,13:14,,14:58
성수성수(외선),성수성수(내선),,성수성수(내선)
13:18,13:19,15:01,15:02
성수성수(외선),성수성수(내선),성수성수(외선),성수성수(내선)
13:24,13:25,15:06,15:07
성수성수(외선),성수성수(내선),성수성수(외선),성수성수(내선)
13:28,13:31,15:11,15:13
성수성수(외선),성수성수(내선),성수성수(외선),성수성수(내선)
13:33,13:37,15:16,15:20
성수성수(외선),성수성수(내선),성수성수(외선),성수성수(내선)
13:38,13:43,15:21,15:26
성수성수(외선),성수성수(내선),성수성수(외선),성수성수(내선)
13:43,13:49,15:26,15:31
성수성수(외선),성수성수(내선),성수성수(외선),성수성수(내선)
13:48,13:55,15:32,15:35
성수성수(외선),성수성수(내선),성수성수(외선),성수성수
13:53,,15:40,15:41
성수성수(외선),,성수성수(외선),성수성수(내선)
13:58,,15:45,15:46
성수성수(외선),,성수신도림,성수성수(내선)
14:03,14:01,15:51,15:52
성수성수(외선),성수성수(내선),성수성수(외선),성수성수(내선)
14:08,14:07,15:56,15:56
성수성수(외선),성수성수(내선),성수성수(외선),성수성수(내선)
14:14,14:13,16:01,16:01
성수성수(외선),성수성수(내선),성수성수(외선),성수성수(내선)
14:20,14:18,16:06,16:06
성수성수(외선),성수성수(내선),성수성수(외선),성수성수(내선)
14:25,14:23,16:11,16:11
성수성수(외선),성수성수(내선),성수신도림,성수성수(내선)
14:31,14:30,16:15,16:16
성수성수(외선),성수성수(내선),성수성수(외선),성수성수(내선)
14:37,14:38,16:20,16:21
성수성수(외선),성수성수(내선),성수성수(외선),성수성수(내선)
14:43,14:44,16:25,16:26
성수성수(외선),성수성수(내선),성수성수(외선),성수성수(내선)
14:48,14:49,16:31,16:31
성수성수(외선),성수성수(내선),성수성수(외선),성수성수(내선)
14:53,14:55,16:35,16:36
성수성수(외선),성수성수(내선),성수성수(외선),성수성수(내선)
14:58,,16:41,16:44
성수성수(외선),,성수성수(외선),성수성수(내선)
15:03,15:01,16:46,16:50
성수성수(외선),성수성수(내선),성수성수(외선),성수성수(내선)
15:08,15:07,16:51,16:56
성수성수(외선),성수성수(내선),성수성수,성수성수(내선)
15:13,15:13,16:55,
성수성수(외선),성수성수(내선),성수성수(외선),
15:18,15:19,17:01,17:01
성수성수(외선),성수성수(내선),성수성수(외선),성수성수(내선)
15:23,15:25,17:05,17:06
성수성수(외선),성수성수(내선),성수성수(외선),성수성수(내선)
15:28,15:31,17:10,17:11
성수성수(외선),성수성수(내선),성수성수(외선),성수성수(내선)
15:33,15:37,17:16,17:16
성수성수(외선),성수성수(내선),성수성수(외선),성수성수(내선)
15:38,15:43,17:21,17:21
성수성수(외선),성수성수(내선),성수성수(외선),성수성수(내선)
15:44,15:48,17:26,17:27
성수성수(외선),성수성수(내선),성수성수(외선),성수성수(내선)
15:50,15:53,17:31,17:32
성수성수(외선),성수성수(내선),성수성수(외선),성수성수(내선)
15:55,,17:37,17:38
성수성수(외선),,성수성수(외선),성수성수(내선)
16:01,16:00,17:43,17:43
성수성수(외선),성수성수(내선),성수성수(외선),성수성수(내선)
16:07,16:04,17:49,17:49
성수성수(외선),신도림성수(내선),성수신도림,성수성수(내선)
16:13,16:08,17:52,17:55
성수성수(외선),성수성수(내선),성수성수(외선),성수성수(내선)
16:18,16:14,17:56,
성수성수(외선),성수성수(내선),성수성수(외선),
16:23,16:19,18:01,18:00
성수성수(외선),성수성수(내선),성수성수(외선),성수성수(내선)
16:27,16:25,18:06,18:06
성수성수(외선),성수성수(내선),성수성수(외선),성수성수(내선)
16:30,16:31,18:12,18:11
성수성수(외선),성수성수(내선),성수성수(외선),성수성수(내선)
16:34,16:37,18:18,18:16
성수성수(외선),성수성수(내선),성수성수(외선),성수성수(내선)
16:38,16:43,18:24,18:20
성수성수(외선),성수성수(내선),성수성수(외선),성수성수
16:43,16:49,18:29,18:23
성수성수(외선),성수성수(내선),성수성수(외선),신도림성수(내선)
16:47,16:56,18:35,18:27
성수성수(외선),성수성수(내선),성수성수(외선),성수성수(내선)
16:50,,18:40,18:33
성수성수(외선),,성수성수(외선),성수성수(내선)
16:54,,18:46,18:38
성수성수(외선),,성수성수(외선),성수성수(내선)
16:58,,18:50,18:44
성수성수(외선),,성수신도림,성수성수(내선)
17:02,17:01,18:56,18:50
성수성수(외선),성수성수(내선),성수성수,성수성수(내선)
17:09,17:07,,18:55
성수성수(외선),성수성수(내선),,성수성수(내선)
17:13,17:13,19:01,19:01
성수성수(외선),성수성수(내선),성수성수(외선),성수성수(내선)
17:17,17:18,19:07,19:06
성수성수(외선),성수성수(내선),성수성수(외선),성수성수(내선)
17:21,17:21,19:13,19:12
성수성수(외선),신도림성수(내선),성수성수(외선),성수성수(내선)
17:25,17:24,19:19,19:17
성수성수(외선),성수성수(내선),성수성수(외선),성수성수(내선)
17:28,17:29,19:25,19:23
성수성수(외선),성수성수(내선),성수성수(외선),성수성수(내선)
17:31,17:34,19:30,19:28
성수성수(외선),성수성수(내선),성수성수(외선),성수성수(내선)
17:37,17:38,19:36,19:34
성수성수(외선),성수성수(내선),성수성수(외선),성수성수(내선)
17:40,17:44,19:42,19:39
성수성수(외선),성수성수(내선),성수성수(외선),성수성수(내선)
17:43,17:49,19:48,19:45
성수성수(외선),성수성수(내선),성수성수(외선),성수성수(내선)
17:46,17:52,19:54,19:50
성수성수(외선),신도림성수(내선),성수성수(외선),성수성수(내선)
17:49,17:55,,19:56
성수성수(외선),성수성수(내선),,성수성수(내선)
17:53,17:58,20:00,20:01
성수성수(외선),성수성수(내선),성수성수(외선),성수성수(내선)
17:57,,20:06,20:07
성수성수(외선),,성수성수(외선),성수성수(내선)
18:00,18:01,20:12,20:13
성수성수(외선),성수성수(내선),성수성수(외선),성수성수(내선)
18:04,18:04,20:18,20:18
성수성수(외선),신도림성수(내선),성수성수(외선),성수성수(내선)
18:08,18:07,20:24,20:24
성수성수(외선),성수성수(내선),성수성수(외선),성수성수(내선)
18:13,18:13,20:30,20:30
성수성수(외선),성수성수(내선),성수성수(외선),성수성수(내선)
18:17,18:16,20:36,20:35
성수성수(외선),신도림성수(내선),성수성수(외선),성수성수(내선)
18:20,18:19,20:42,20:40
성수성수(외선),성수성수(내선),성수성수(외선),성수성수(내선)
18:24,18:22,20:48,20:45
성수성수(외선),신도림성수(내선),성수성수(외선),성수성수(내선)
18:28,18:25,20:54,20:51
성수성수(외선),성수성수(내선),성수성수(외선),성수성수(내선)
18:32,18:28,,20:57
성수성수(외선),성수성수(내선),,성수성수(내선)
18:36,18:32,21:00,21:03
성수성수(외선),성수성수(내선),성수성수(외선),성수성수(내선)
18:39,18:37,21:06,21:09
성수성수,성수성수(내선),성수성수(외선),성수성수(내선)
18:43,18:40,21:12,21:15
성수성수(외선),성수성수(내선),성수성수(외선),성수성수(내선)
18:47,18:43,21:18,21:22
성수성수(외선),성수성수(내선),성수성수(외선),성수성수(내선)
18:51,18:46,21:24,21:29
성수성수(외선),신도림성수(내선),성수성수,성수성수(내선)
18:55,18:48,21:29,21:35
성수성수,성수성수(내선),성수성수(외선),성수성수(내선)
18:58,18:51,21:35,21:42
성수성수(외선),성수성수(내선),성수성수(외선),성수성수(내선)
,18:54,21:41,21:49
,성수성수(내선),성수성수(외선),성수성수(내선)
,18:57,21:47,21:56
,성수성수(내선),성수성수,성수성수(내선)
19:02,19:00,21:54,
성수신도림,성수성수(내선),성수성수(외선),
19:06,19:04,22:00,22:04
성수성수,성수성수(내선),성수성수(외선),성수성수(내선)
19:10,19:08,22:06,22:09
성수성수(외선),성수성수(내선),성수신도림,성수성수(내선)
19:13,19:11,22:12,22:16
성수신도림,성수성수(내선),성수성수(외선),성수성수(내선)
19:16,19:14,22:18,22:24
성수성수(외선),성수성수(내선),성수성수(외선),성수성수(내선)
19:19,19:19,22:24,22:31
성수성수(외선),성수성수(내선),성수신도림,성수성수(내선)
19:23,19:22,22:30막,22:39
성수신도림,성수성수(내선),성수성수(외선),성수성수(내선)
19:27,19:25,22:36,22:46
성수성수(외선),성수성수(내선),성수성수,성수성수(내선)
19:30,19:27,22:43,22:53
성수성수(외선),성수성수(내선),성수성수,성수성수(내선)
19:34,19:29,22:49막,
성수신도림,성수성수(내선),성수성수,
19:38,19:31,22:57,
성수성수(외선),성수성수(내선),성수신도림,
19:43,19:34,23:03막,23:04
성수성수(외선),성수성수(내선),성수삼성,성수성수(내선)
19:47,19:39,23:11,23:16
성수성수(외선),성수성수(내선),성수신도림,성수성수
19:50,19:43,23:25막,23:25막
성수성수(외선),성수성수,성수서울대입구,성수성수(내선)
19:54,19:46,23:33,23:37
성수성수(외선),성수성수(내선),성수신도림,성수성수
19:58,19:49,23:39막,23:45막
성수신도림,성수성수(내선),성수신도림,성수성수
,19:52,23:48막,
,성수성수(내선),성수홍대입구,
,19:55,,
,성수성수(내선),,
,19:58,,
,성수성수,,
20:02,20:02,,
성수성수(외선),성수성수(내선),,
20:07,20:07,,
성수성수(외선),성수성수(내선),,
20:12,20:11,,
성수성수(외선),성수성수(내선),,
20:17,20:16,,
성수성수(외선),성수성수(내선),,
20:22,20:18,,
성수성수(외선),성수성수,,
20:29,20:21,,
성수성수(외선),성수성수(내선),,
20:39,20:24,,
성수성수(외선),성수성수(내선),,
20:46,20:28,,
성수성수(외선),성수성수(내선),,
20:51,20:31,,
성수성수(외선),성수성수,,
20:57,20:34,,
성수신도림,성수성수(내선),,
,20:38,,
,성수성수(내선),,
,20:41,,
,성수성수(내선),,
,20:44,,
,성수성수,,
,20:48,,
,성수성수(내선),,
,20:52,,
,성수성수(내선),,
,20:55,,
,성수성수,,
,20:59,,
,성수성수(내선),,
21:01,21:05,,
성수성수(외선),성수성수(내선),,
21:08,21:10,,
성수성수(외선),성수성수,,
21:13,21:16,,
성수성수(외선),성수성수(내선),,
21:17,21:22,,
성수신도림,성수성수(내선),,
21:21,21:26,,
성수성수(외선),성수성수(내선),,
21:26,21:33,,
성수신도림,성수성수(내선),,
21:31,21:37,,
성수성수(외선),성수성수(내선),,
21:37,21:43,,
성수성수(외선),성수성수(내선),,
21:42,21:49,,
성수성수(외선),성수성수(내선),,
21:48,21:54,,
성수성수(외선),성수성수(내선),,
21:53,21:59,,
성수성수(외선),성수성수(내선),,
22:00,22:04,,
성수성수(외선),성수성수(내선),,
22:09,22:08,,
성수성수(외선),성수성수,,
22:17,22:12,,
성수성수(외선),성수성수(내선),,
22:24,22:18,,
성수성수(외선),성수성수(내선),,
22:32,22:23,,
성수성수(외선),성수성수(내선),,
22:38,22:29,,
성수신도림,성수성수(내선),,
22:43,22:36,,
성수성수(외선),성수성수(내선),,
22:52,22:45,,
성수성수(외선),성수성수(내선),,
,22:52,,
,성수성수(내선),,
,22:57,,
,성수성수(내선),,
23:01,23:03,,
성수성수,성수성수(내선),,
23:08,23:08,,
성수성수(외선),성수성수(내선),,
23:13,23:13,,
성수신도림,성수성수(내선),,
23:19,23:20,,
성수성수(외선),성수성수(내선),,
23:24,23:29,,
성수신도림,성수성수(내선),,
23:32막,23:42,,
성수성수(외선),성수성수(내선),,
23:40,23:53,,
성수신도림,성수성수(내선),,
23:47막,,,
성수성수,,,
23:54,,,
성수신도림,,,
00:03막,0:00,,
성수삼성,성수성수,,
0:13,0:07,,
성수신도림,성수성수(내선),,
00:24막,0:16,,
성수서울대입구,성수성수,,
00:38막,00:27막,,
성수신도림,성수성수(내선),,
00:49막,0:37,,
성수홍대입구,성수성수,,
,00:44막,,
,성수성수,,
