﻿잠실새내방면,삼성방면,잠실새내방면,삼성방면
평일,평일,주말,주말
05:32첫,05:44첫,05:32첫,05:44첫
삼성성수(외선),성수성수(내선),삼성성수(외선),성수성수(내선)
5:52,5:54,5:51,5:54
서울대입구성수(외선),성수성수(내선),서울대입구성수(외선),성수성수(내선)
6:05,6:01,6:04,6:02
신도림성수(외선),성수성수(내선),신도림성수(외선),성수성수(내선)
6:11,6:08,6:10,6:12
신도림성수(외선),성수성수(내선),신도림성수(외선),성수성수(내선)
6:17,6:12,6:16,6:17
홍대입구성수(외선),성수성수(내선),홍대입구성수(외선),성수성수(내선)
6:23,6:18,6:22,6:23
신도림성수(외선),성수성수(내선),신도림성수(외선),성수성수(내선)
6:29,6:24,6:28,6:29
을지로입구성수(외선),성수성수(내선),을지로입구성수(외선),성수성수(내선)
6:35,6:31,6:34,6:35
신도림성수(외선),성수성수(내선),신도림성수(외선),성수성수(내선)
6:44,6:37,6:39,6:41
성수성수(외선),성수성수(내선),신도림성수(외선),성수성수(내선)
6:48,6:41,6:45,6:47
신도림성수(외선),성수성수(내선),성수성수(외선),성수성수(내선)
6:54,6:44,6:51,6:53
성수성수(외선),성수성수(내선),신도림성수(외선),성수성수(내선)
6:58,6:51,6:57,6:57
신도림성수(외선),성수성수(내선),성수성수(외선),성수성수(내선)
,6:54,7:03,7:01
,성수성수(내선),성수성수(외선),성수성수(내선)
,6:58,7:09,7:07
,성수성수(내선),성수성수(외선),성수성수(내선)
7:04,7:04,7:16,7:13
성수성수(외선),성수성수(내선),성수성수(외선),성수성수(내선)
7:09,7:08,7:22,7:18
신도림성수(외선),성수성수(내선),성수성수(외선),성수성수(내선)
7:14,7:11,7:28,7:23
성수성수(외선),성수성수(내선),성수성수(외선),성수성수(내선)
7:19,7:15,7:34,7:29
신도림성수(외선),성수성수(내선),성수성수(외선),성수성수(내선)
7:24,7:18,7:40,7:34
성수성수(외선),성수성수(내선),성수성수(외선),성수성수(내선)
7:29,7:22,7:46,7:40
신도림성수(외선),성수성수(내선),성수성수(외선),성수성수(내선)
7:33,7:26,7:51,7:45
성수성수(외선),성수성수(내선),성수성수(외선),성수성수(내선)
7:39,7:30,7:57,7:51
성수성수(외선),성수성수(내선),성수성수(외선),성수성수(내선)
7:43,7:33,,7:56
성수성수(외선),성수성수(내선),,성수성수(내선)
7:46,7:37,8:03,8:02
신도림성수(외선),성수성수(내선),성수성수(외선),성수성수(내선)
7:49,7:40,8:09,8:07
성수성수(외선),성수성수(내선),성수성수(외선),성수성수(내선)
7:52,7:44,8:14,8:13
성수성수(외선),성수성수(내선),성수성수(외선),성수성수(내선)
7:54,7:47,8:20,8:18
성수성수(외선),성수성수(내선),성수성수(외선),성수성수(내선)
7:57,7:50,8:24,8:24
신도림성수(외선),성수성수(내선),신도림성수(외선),성수성수(내선)
,7:54,8:29,8:29
,성수성수(내선),성수성수(외선),성수성수(내선)
,7:57,8:35,8:35
,성수성수(내선),성수성수(외선),성수성수(내선)
8:00,8:00,8:40,8:40
성수성수(외선),성수성수(내선),성수성수(외선),성수성수(내선)
8:03,8:03,8:46,8:46
성수성수(외선),성수성수(내선),성수성수(외선),성수성수(내선)
8:07,8:06,8:49,8:51
성수성수(외선),성수성수(내선),성수성수,성수성수(내선)
8:10,8:10,8:58,8:57
신도림성수(외선),성수성수(내선),성수성수(외선),성수성수(내선)
8:13,8:14,9:04,9:02
성수성수(외선),성수성수(내선),성수성수(외선),성수성수(내선)
8:16,8:17,9:10,9:07
신도림성수(외선),성수성수,성수성수(외선),성수성수
8:19,8:20,9:14,9:13
성수성수(외선),성수성수(내선),신도림성수(외선),성수성수(내선)
8:22,8:23,9:17,9:19
신도림성수(외선),성수성수(내선),성수성수,성수성수(내선)
8:24,8:27,9:21,9:25
신도림성수(외선),성수성수(내선),성수성수(외선),성수성수(내선)
8:27,8:31,9:27,9:30
성수성수(외선),성수성수,성수성수(외선),성수성수(내선)
8:29,8:34,9:33,9:33
신도림성수(외선),성수성수(내선),성수성수(외선),성수성수(내선)
8:32,8:37,9:39,9:36
성수성수(외선),성수성수(내선),성수성수(외선),성수성수(내선)
8:34,8:41,9:42,9:41
신도림성수(외선),성수성수(내선),신도림성수(외선),성수성수(내선)
8:37,8:44,9:45,9:47
성수성수(외선),성수성수(내선),성수성수,성수성수
8:39,8:48,9:49,9:52
신도림성수(외선),성수성수,성수성수(외선),성수성수(내선)
8:42,8:51,9:54,9:57
성수성수(외선),성수성수(내선),성수성수(외선),성수성수(내선)
8:44,8:55,10:00,10:03
신도림성수(외선),성수성수(내선),성수성수(외선),성수성수(내선)
8:47,8:59,10:05,10:08
성수성수,성수성수(내선),성수성수(외선),성수성수(내선)
8:49,,10:10,10:14
신도림성수(외선),,성수성수(외선),성수성수(내선)
8:52,,10:16,10:19
성수성수(외선),,성수성수(외선),성수성수(내선)
8:54,,10:22,10:25
신도림성수(외선),,성수성수(외선),성수성수
8:57,,10:27,10:30
성수성수(외선),,성수성수(외선),성수성수(내선)
8:59,,10:32,10:36
성수성수(외선),,신도림성수(외선),성수성수(내선)
9:02,9:03,10:38,10:41
성수성수(외선),성수성수(내선),성수성수(외선),성수성수(내선)
9:06,9:06,10:43,10:46
성수성수(외선),성수성수,성수성수(외선),성수성수(내선)
9:08,9:09,10:49,10:49
성수성수(외선),성수성수(내선),성수성수(외선),성수성수(내선)
9:11,9:13,10:54,10:52
성수성수(외선),성수성수(내선),성수성수(외선),성수성수(내선)
9:15,9:16,10:59,10:57
성수성수(외선),성수성수,신도림성수(외선),성수성수(내선)
9:18,9:19,11:04,11:03
성수성수(외선),성수성수(내선),성수성수(외선),성수성수(내선)
9:21,9:22,11:09,11:08
성수성수,성수성수(내선),성수성수(외선),성수성수(내선)
9:24,9:26,11:14,11:13
성수성수(외선),성수성수(내선),성수성수(외선),성수성수(내선)
9:26,09:29첫,11:19,11:21
성수성수(외선),성수신도림,성수성수(외선),성수성수(내선)
9:29,9:32,11:25,11:26
성수성수(외선),성수성수(내선),성수성수(외선),성수성수(내선)
9:32,9:35,11:30,11:32
성수성수,성수성수(내선),성수성수(외선),성수성수(내선)
9:35,9:38,11:35,11:37
성수성수(외선),성수성수(내선),성수성수(외선),성수성수(내선)
9:41,9:41,11:40,11:42
성수성수(외선),성수신도림,성수성수(외선),성수성수(내선)
9:45,9:44,11:45,11:47
성수성수,성수성수(내선),성수성수(외선),성수성수(내선)
9:48,9:51,11:50,11:52
성수성수(외선),성수성수(내선),성수성수(외선),성수성수(내선)
9:54,9:54,11:55,11:59
성수성수(외선),성수신도림,성수성수(외선),성수성수(내선)
9:56,9:58,12:01,12:05
성수성수(외선),성수성수(내선),성수성수(외선),성수성수(내선)
9:58,,12:08,12:10
성수성수,,성수성수(외선),성수성수(내선)
10:00,10:04,12:14,12:15
성수성수(외선),성수성수(내선),성수성수(외선),성수성수(내선)
10:03,10:08,12:19,12:20
성수성수(외선),성수신도림,성수성수(외선),성수성수(내선)
10:05,10:11,12:25,12:24
성수성수(외선),성수성수(내선),성수성수(외선),성수성수(내선)
10:08,10:15,12:30,12:29
성수성수,성수성수(내선),성수성수(외선),성수성수(내선)
10:10,10:21,12:35,12:33
성수성수(외선),성수성수(내선),성수성수(외선),성수성수(내선)
10:13,10:25,12:40,12:38
성수성수(외선),성수성수(내선),성수성수(외선),성수성수(내선)
10:15,10:30,12:45,12:44
성수성수(외선),성수성수(내선),성수성수(외선),성수성수(내선)
10:20,10:34,12:50,12:51
성수성수(외선),성수신도림,성수성수(외선),성수성수(내선)
10:24,10:40,12:55,12:57
성수성수(외선),성수성수(내선),성수성수(외선),성수성수(내선)
10:28,10:44,13:00,13:02
성수성수,성수성수(내선),성수성수(외선),성수성수(내선)
10:30,10:50,13:05,13:07
성수성수(외선),성수성수(내선),성수성수(외선),성수성수(내선)
10:36,10:53,13:10,13:12
성수성수(외선),성수신도림,성수성수(외선),성수성수(내선)
10:39,10:56,13:15,13:17
성수성수,성수성수(내선),성수성수(외선),성수성수(내선)
10:44,,13:20,13:23
성수성수(외선),,성수성수(외선),성수성수(내선)
10:49,,13:25,13:30
성수성수(외선),,성수성수(외선),성수성수(내선)
10:54,,13:31,13:36
성수성수(외선),,성수성수(외선),성수성수(내선)
10:59,,13:38,13:41
성수성수(외선),,성수성수(외선),성수성수(내선)
11:05,11:02,13:45,13:46
성수성수(외선),성수성수(내선),성수성수(외선),성수성수(내선)
11:11,11:05,13:50,13:50
성수성수(외선),성수신도림,성수성수(외선),성수성수(내선)
11:17,11:08,13:55,13:55
성수성수(외선),성수성수(내선),성수성수(외선),성수성수(내선)
11:23,11:14,,13:59
성수성수(외선),성수성수(내선),,성수성수(내선)
11:26,11:21,14:00,14:03
성수성수(외선),성수성수(내선),성수성수(외선),성수성수(내선)
11:31,11:27,14:05,14:08
성수성수(외선),성수성수(내선),성수성수(외선),성수성수(내선)
11:36,11:34,14:10,14:14
성수성수(외선),성수성수(내선),성수성수(외선),성수성수(내선)
11:41,11:40,14:15,14:21
성수성수(외선),성수성수(내선),성수성수(외선),성수성수(내선)
11:46,11:45,14:20,14:27
성수성수(외선),성수성수(내선),성수성수(외선),성수성수(내선)
11:51,11:50,14:25,14:32
성수성수(외선),성수성수(내선),성수성수(외선),성수성수(내선)
11:55,11:55,14:30,14:37
성수성수(외선),성수성수(내선),성수성수(외선),성수성수
12:01,12:01,14:35,14:42
성수성수(외선),성수성수(내선),성수성수(외선),성수성수(내선)
12:06,12:10,14:40,14:47
성수성수(외선),성수성수(내선),성수성수(외선),성수성수(내선)
12:13,12:15,14:45,14:53
성수성수(외선),성수성수(내선),성수성수(외선),성수성수(내선)
12:19,12:20,14:50,14:57
성수성수(외선),성수성수(내선),성수성수(외선),성수성수(내선)
12:24,12:26,14:55,
성수성수(외선),성수성수(내선),성수성수(외선),
12:30,12:32,15:01,15:02
성수성수(외선),성수성수(내선),성수성수(외선),성수성수(내선)
12:36,12:38,15:08,15:07
성수성수(외선),성수성수(내선),성수성수(외선),성수성수(내선)
12:41,12:44,15:15,15:12
성수성수(외선),성수성수(내선),성수성수(외선),성수성수(내선)
12:47,12:50,15:20,15:17
성수성수(외선),성수성수(내선),성수성수(외선),성수성수(내선)
12:53,12:56,15:25,15:21
성수성수(외선),성수성수(내선),성수성수(외선),성수성수(내선)
12:58,,15:30,15:26
성수성수(외선),,성수성수(외선),성수성수(내선)
13:02,13:03,15:35,15:29첫
성수성수(외선),성수성수(내선),성수성수(외선),성수신도림
13:07,13:08,15:40,15:33
성수성수(외선),성수성수(내선),성수성수(외선),성수성수(내선)
13:12,13:14,15:45,15:38
성수성수(외선),성수성수(내선),신도림성수(외선),성수성수(내선)
13:16,13:19,15:50,15:45
성수성수(외선),성수성수(내선),성수성수(외선),성수성수(내선)
13:22,13:24,15:55,15:51
성수성수(외선),성수성수(내선),성수성수(외선),성수성수(내선)
13:27,13:31,,15:57
성수성수(외선),성수성수(내선),,성수성수(내선)
13:32,13:39,16:00,16:02
성수성수(외선),성수성수(내선),성수성수(외선),성수성수(내선)
13:37,13:45,16:05,16:07
성수성수(외선),성수성수(내선),성수성수(외선),성수성수(내선)
13:43,13:50,16:10,16:12
성수성수(외선),성수성수(내선),성수성수(외선),성수성수(내선)
13:49,13:56,16:15,16:17
성수성수(외선),성수성수(내선),성수성수(외선),성수성수(내선)
13:54,,16:20,16:22
성수성수(외선),,성수성수(외선),성수성수(내선)
14:00,14:02,16:25,16:27
성수성수(외선),성수성수(내선),성수성수(외선),성수성수(내선)
14:06,14:08,16:31,16:33
성수성수(외선),성수성수(내선),성수성수(외선),성수성수(내선)
14:12,14:14,16:39,16:38
성수성수(외선),성수성수(내선),성수성수(외선),성수성수(내선)
14:17,14:20,16:45,16:43
성수성수(외선),성수성수(내선),신도림성수(외선),성수성수(내선)
14:23,14:26,16:50,16:47
성수성수(외선),성수성수(내선),성수성수(외선),성수신도림
14:27,14:32,16:55,16:52
성수성수(외선),성수성수(내선),성수성수(외선),성수성수(내선)
14:32,14:38,,16:57
성수성수(외선),성수성수(내선),,성수성수(내선)
14:37,14:44,17:00,17:02
성수성수(외선),성수성수(내선),성수성수(외선),성수성수(내선)
14:42,14:49,17:05,17:06
성수성수(외선),성수성수(내선),성수성수(외선),성수신도림
14:47,14:54,17:12,17:10
성수성수(외선),성수성수(내선),성수성수(외선),성수성수(내선)
14:52,,17:18,17:14
성수성수(외선),,성수성수(외선),성수성수(내선)
14:57,,17:25,17:17
성수성수(외선),,성수성수(외선),성수성수(내선)
15:02,15:01,17:30,17:22
성수성수(외선),성수성수(내선),성수성수(외선),성수성수
15:07,15:09,17:35,17:28
성수성수(외선),성수성수(내선),성수성수(외선),성수성수(내선)
15:13,15:15,17:40,17:33
성수성수(외선),성수성수(내선),성수성수(외선),성수성수(내선)
15:19,15:20,17:46,17:38
성수성수(외선),성수성수(내선),성수성수(외선),성수성수(내선)
15:24,15:26,17:50,17:42
성수성수(외선),성수성수(내선),성수성수,성수신도림
15:30,15:32,17:53,17:47
성수성수(외선),성수성수(내선),성수성수(외선),성수성수(내선)
15:36,15:38,17:59,17:52
성수성수(외선),성수성수(내선),성수성수(외선),성수성수(내선)
15:42,15:44,,17:58
성수성수(외선),성수성수(내선),,성수성수(내선)
15:47,15:50,18:04,18:03
성수성수(외선),성수성수(내선),성수성수(외선),성수성수(내선)
15:52,15:56,18:09,18:09
성수성수(외선),성수성수(내선),성수성수(외선),성수성수(내선)
15:56,,18:15,18:14
성수성수(외선),,성수성수(외선),성수성수(내선)
16:02,16:02,18:20,18:20
성수성수(외선),성수성수(내선),성수성수(외선),성수성수(내선)
16:07,16:08,18:25,18:25
성수성수(외선),성수성수(내선),성수성수(외선),성수성수(내선)
16:12,16:14,18:30,18:31
성수성수(외선),성수성수(내선),성수성수(외선),성수성수(내선)
16:16,16:19,18:36,18:36
성수성수(외선),성수성수(내선),성수성수(외선),성수성수(내선)
16:22,16:25,18:43,18:42
성수성수(외선),성수성수(내선),성수성수(외선),성수성수(내선)
16:27,16:30,18:49,18:47
성수성수(외선),성수성수(내선),성수성수(외선),성수성수(내선)
16:31,16:35,18:54,18:53
성수성수(외선),성수성수(내선),성수성수(외선),성수성수(내선)
16:37,16:39,,18:58
성수성수(외선),성수성수(내선),,성수성수(내선)
16:42,16:45,19:00,19:04
성수성수(외선),성수성수(내선),성수성수(외선),성수성수(내선)
16:49,16:50,19:05,19:09
성수성수(외선),성수성수(내선),성수성수(외선),성수성수(내선)
16:54,16:56,19:11,19:15
성수성수(외선),성수성수(내선),성수성수(외선),성수성수(내선)
,16:59,19:17,19:20
,성수성수(내선),성수성수(외선),성수성수(내선)
17:00,17:02,19:23,19:26
성수성수(외선),성수성수(내선),성수성수(외선),성수성수(내선)
17:06,17:08,19:29,19:31
성수성수(외선),성수성수(내선),성수성수(외선),성수성수(내선)
17:09,17:14,19:34,19:37
신도림성수(외선),성수성수(내선),성수성수(외선),성수성수(내선)
17:12,17:20,19:40,19:42
성수성수(외선),성수성수(내선),성수성수(외선),성수성수(내선)
17:17,17:25,19:46,19:48
성수성수(외선),성수성수(내선),성수성수(외선),성수성수(내선)
17:22,17:28,19:52,19:53
성수성수(외선),성수성수(내선),신도림성수(외선),성수성수(내선)
17:26,17:33,19:55,19:59
성수성수(외선),성수성수(내선),성수성수,성수성수(내선)
17:29,17:38,19:59,
성수성수(외선),성수성수(내선),성수성수(외선),
17:33,17:41,20:05,20:04
성수성수(외선),성수성수(내선),성수성수(외선),성수성수(내선)
17:37,17:44,20:11,20:10
성수성수(외선),성수성수(내선),성수성수(외선),성수성수(내선)
17:42,17:49,20:17,20:16
성수성수(외선),성수성수(내선),성수성수(외선),성수성수(내선)
17:46,17:52,20:23,20:21
성수성수(외선),성수성수(내선),성수성수(외선),성수성수(내선)
17:49,17:55,20:29,20:26
성수성수(외선),성수성수(내선),성수성수(외선),성수신도림
17:53,17:58,20:35,20:32
성수성수(외선),성수성수(내선),성수성수(외선),성수성수(내선)
17:57,,20:41,20:37
성수성수(외선),,성수성수(외선),성수성수(내선)
18:01,18:01,20:47,20:43
성수성수(외선),성수성수(내선),성수성수(외선),성수성수(내선)
18:05,18:05,20:53,20:50
신도림성수(외선),성수성수(내선),성수성수(외선),성수성수(내선)
18:08,18:09,20:59,20:56
성수성수(외선),성수성수(내선),성수성수(외선),성수성수(내선)
18:12,18:12,21:05,21:01
성수성수(외선),성수성수(내선),성수성수(외선),성수신도림
18:16,18:15,21:11,21:06
성수성수(외선),성수성수(내선),성수성수(외선),성수성수(내선)
18:20,18:20,21:17,21:11
성수성수(외선),성수성수(내선),성수성수(외선),성수성수(내선)
18:24,18:23,21:23,21:17
성수성수(외선),성수성수(내선),성수성수(외선),성수성수(내선)
18:27,18:26,21:29,21:23
성수성수(외선),성수성수(내선),성수성수(외선),성수성수(내선)
18:30,18:28,21:35,21:29
성수성수(외선),성수성수(내선),성수성수(외선),성수신도림
18:36,18:30,21:41,21:34
성수성수(외선),성수성수(내선),성수성수(외선),성수성수(내선)
18:39,18:32,21:47,21:41
성수성수(외선),성수성수(내선),성수성수(외선),성수성수(내선)
18:42,18:35,21:53,21:47
성수성수(외선),성수성수(내선),성수성수(외선),성수성수(내선)
18:45,18:39,21:59,21:54
성수성수(외선),성수성수(내선),성수성수(외선),성수성수(내선)
18:48,18:44,22:05,22:00
성수성수(외선),성수성수,성수성수(외선),성수신도림
18:52,18:47,22:12,22:06
성수성수(외선),성수성수(내선),성수성수(외선),성수성수(내선)
18:56,18:50,22:18,22:13
성수성수(외선),성수성수(내선),성수성수(외선),성수신도림
18:59,18:53,22:23,22:20
성수성수(외선),성수성수(내선),성수성수,성수성수
,18:56,22:26,22:27막
,성수성수(내선),성수성수(외선),성수성수(내선)
,18:59,22:33,22:34
,성수성수,성수성수(외선),성수신도림
19:03,19:03,22:40,22:40
성수성수(외선),성수성수(내선),성수성수(외선),성수성수
19:07,19:08,22:45,22:47막
성수성수(외선),성수성수(내선),성수성수,성수성수
19:12,19:12,22:54,22:55
성수성수(외선),성수성수(내선),성수성수(외선),성수신도림
19:16,19:14,23:01,23:02막
성수성수(외선),성수신도림,성수성수(외선),성수을지로입구
19:19,19:17,23:09,23:10
성수성수(외선),성수성수(내선),성수성수(외선),성수신도림
19:23,19:19,23:18,23:17막
성수성수(외선),성수성수,성수성수(외선),성수홍대입구
19:27,19:22,23:27막,23:25막
성수성수(외선),성수성수(내선),성수성수(외선),성수신도림
19:31,19:25,23:33,23:37막
성수성수(외선),성수성수(내선),성수성수,성수서울대입구
19:35,19:28,23:39,23:58막
성수성수(외선),성수성수(내선),성수성수,성수삼성
19:38,19:32,23:46막,
성수성수,성수성수,성수성수,
19:41,19:35,,
성수성수(외선),성수성수(내선),,
19:46,19:39,,
성수성수(외선),성수성수(내선),,
19:50,19:42,,
성수성수(외선),성수성수(내선),,
19:54,19:45,,
성수성수,성수성수,,
19:57,19:49,,
성수성수(외선),성수성수(내선),,
,19:53,,
,성수성수(내선),,
,19:56,,
,성수성수,,
,19:59,,
,성수성수(내선),,
20:05,20:02,,
성수성수,성수신도림,,
20:09,20:06,,
성수성수(외선),성수성수(내선),,
20:15,20:11,,
성수성수(외선),성수성수,,
20:18,20:17,,
성수성수(외선),성수성수(내선),,
20:26,20:20,,
성수성수(외선),성수신도림,,
20:29,20:23,,
성수성수(외선),성수성수(내선),,
20:37,20:27,,
성수성수(외선),성수성수(내선),,
20:42,20:33,,
성수성수(외선),성수성수(내선),,
20:46,20:38,,
성수성수(외선),성수성수(내선),,
20:49,20:43,,
성수성수(외선),성수성수(내선),,
20:53,20:47,,
성수성수(외선),성수신도림,,
,20:51,,
,성수성수(내선),,
,20:55,,
,성수성수(내선),,
21:00,21:00,,
성수성수(외선),성수성수(내선),,
21:06,21:05,,
성수성수(외선),성수성수(내선),,
21:11,21:09,,
성수성수(외선),성수성수,,
21:16,21:13,,
성수성수(외선),성수성수(내선),,
21:21,21:19,,
성수성수(외선),성수성수(내선),,
21:28,21:24,,
성수성수(외선),성수성수(내선),,
21:38,21:30,,
성수성수(외선),성수성수(내선),,
21:45,21:37,,
성수성수(외선),성수성수(내선),,
21:52,21:46,,
성수성수(외선),성수성수(내선),,
,21:53,,
,성수성수(내선),,
,21:58,,
,성수성수(내선),,
22:00,22:04,,
성수성수(외선),성수성수(내선),,
22:07,22:09,,
성수성수(외선),성수성수(내선),,
22:12,22:14,,
성수성수(외선),성수성수(내선),,
22:20,22:20,,
성수성수(외선),성수성수(내선),,
22:30,22:25,,
성수성수(외선),성수신도림,,
22:36,22:30,,
성수성수(외선),성수성수(내선),,
22:41,22:36,,
성수성수(외선),성수신도림,,
22:47,22:43,,
성수성수(외선),성수성수(내선),,
22:52,22:49,,
성수성수(외선),성수신도림,,
22:59,22:54,,
성수성수(외선),성수성수(내선),,
23:08,23:01,,
성수성수(외선),성수성수,,
23:16,23:08,,
성수성수(외선),성수성수(내선),,
23:23,23:17,,
성수성수(외선),성수성수,,
23:31,23:23,,
성수성수(외선),성수신도림,,
23:42,23:28막,,
성수성수(외선),성수성수(내선),,
23:51,23:34,,
성수성수(외선),성수신도림,,
,23:39,,
,성수성수,,
,23:45막,,
,성수성수,,
,23:52,,
,성수신도림,,
0:00,00:01막,,
성수성수,성수을지로입구,,
0:07,00:13막,,
성수성수(외선),성수홍대입구,,
0:18,00:25막,,
성수성수(외선),성수신도림,,
00:31막,00:38막,,
성수성수(외선),성수서울대입구,,
00:46막,00:58막,,
성수성수,성수삼성,,
