﻿서울대입구방면,신림방면,서울대입구방면,신림방면
평일,평일,주말,주말
05:41첫,05:31첫,05:41첫,05:31첫
신도림성수(외선),서울대입구성수(내선),신도림성수(외선),서울대입구성수(내선)
5:47,5:52,5:47,5:50
신도림성수(외선),삼성성수(내선),신도림성수(외선),삼성성수(내선)
5:53,,5:53,
홍대입구성수(외선),,홍대입구성수(외선),
5:59,,5:58,
신도림성수(외선),,신도림성수(외선),
6:05,6:08,6:04,6:07
을지로입구성수(외선),성수성수(내선),을지로입구성수(외선),성수성수(내선)
6:11,6:18,6:09,6:17
신도림성수(외선),성수성수(내선),신도림성수(외선),성수성수(내선)
6:20,6:25,6:15,6:25
성수성수(외선),성수성수(내선),신도림성수(외선),성수성수(내선)
6:24,6:32,6:21,6:34
신도림성수(외선),성수성수(내선),성수성수(외선),성수성수(내선)
6:30,6:36,6:27,6:40
성수성수(외선),성수성수(내선),신도림성수(외선),성수성수(내선)
6:34,6:42,6:33,6:46
신도림성수(외선),성수성수(내선),성수성수(외선),성수성수(내선)
6:40,6:48,6:39,6:52
성수성수(외선),성수성수(내선),성수성수(외선),성수성수(내선)
6:44,6:55,6:45,6:58
신도림성수(외선),성수성수(내선),성수성수(외선),성수성수(내선)
6:49,,6:52,
성수성수(외선),,성수성수(외선),
6:54,,6:58,
신도림성수(외선),,성수성수(외선),
6:59,,7:04,7:04
성수성수(외선),,성수성수(외선),성수성수(내선)
7:04,7:01,7:10,7:10
신도림성수(외선),성수성수(내선),성수성수(외선),성수성수(내선)
7:08,7:05,7:16,7:16
성수성수(외선),성수성수(내선),성수성수(외선),성수성수(내선)
7:14,7:08,7:22,7:20
성수성수(외선),성수성수(내선),성수성수(외선),성수성수(내선)
7:18,7:15,7:27,7:25
성수성수(외선),성수성수(내선),성수성수(외선),성수성수(내선)
7:21,7:19,7:33,7:30
신도림성수(외선),성수성수(내선),성수성수(외선),성수성수(내선)
7:24,7:22,7:39,7:36
성수성수(외선),성수성수(내선),성수성수(외선),성수성수(내선)
7:27,7:29,7:45,7:41
성수성수(외선),성수성수(내선),성수성수(외선),성수성수(내선)
7:30,7:33,7:51,7:46
성수성수(외선),성수성수(내선),성수성수(외선),성수성수(내선)
7:33,7:36,7:56,7:51
신도림성수(외선),성수성수(내선),성수성수(외선),성수성수(내선)
7:36,7:40,,7:57
성수성수(외선),성수성수(내선),,성수성수(내선)
7:39,7:43,8:00,8:02
성수성수(외선),성수성수(내선),신도림성수(외선),성수성수(내선)
7:42,7:47,8:05,8:08
성수성수(외선),성수성수(내선),성수성수(외선),성수성수(내선)
7:45,7:51,8:11,8:13
신도림성수(외선),성수성수(내선),성수성수(외선),성수성수(내선)
7:49,7:55,8:16,8:19
성수성수(외선),성수성수(내선),성수성수(외선),성수성수(내선)
7:52,7:58,8:22,8:24
신도림성수(외선),성수성수(내선),성수성수(외선),성수성수(내선)
7:55,,8:26,8:30
성수성수(외선),,성수성수,성수성수(내선)
7:57,,8:34,8:35
신도림성수(외선),,성수성수(외선),성수성수(내선)
8:00,8:02,8:40,8:41
신도림성수(외선),성수성수(내선),성수성수(외선),성수성수(내선)
8:02,8:05,8:46,8:46
성수성수(외선),성수성수(내선),성수성수(외선),성수성수(내선)
8:05,8:09,8:50,8:52
신도림성수(외선),성수성수(내선),신도림성수(외선),성수성수(내선)
8:07,8:12,8:53,8:57
성수성수(외선),성수성수(내선),성수성수,성수성수(내선)
8:10,8:15,8:57,
신도림성수(외선),성수성수(내선),성수성수(외선),
8:12,8:18,9:03,9:03
성수성수(외선),성수성수(내선),성수성수(외선),성수성수(내선)
8:15,8:22,9:09,9:08
신도림성수(외선),성수성수(내선),성수성수(외선),성수성수(내선)
8:17,8:25,9:15,9:14
성수성수(외선),성수성수(내선),성수성수(외선),성수성수(내선)
8:20,8:28,9:18,9:19
신도림성수(외선),성수성수(내선),신도림성수(외선),성수성수(내선)
8:22,8:31,9:21,9:24
성수성수,성수성수(내선),성수성수,성수성수(내선)
8:25,8:35,9:25,9:29
신도림성수(외선),성수성수(내선),성수성수(외선),성수성수
8:28,8:38,9:30,9:36
성수성수(외선),성수성수(내선),성수성수(외선),성수성수(내선)
8:30,8:41,9:36,9:42
신도림성수(외선),성수성수,성수성수(외선),성수성수(내선)
8:32,8:44,9:41,9:47
성수성수(외선),성수성수(내선),성수성수(외선),성수성수(내선)
8:35,8:48,9:46,9:52
성수성수(외선),성수성수(내선),성수성수(외선),성수성수(내선)
8:37,8:52,9:52,9:57
성수성수(외선),성수성수(내선),성수성수(외선),성수성수(내선)
8:41,8:55,9:58,
성수성수(외선),성수성수,성수성수(외선),
8:44,8:58,10:03,10:00
성수성수(외선),성수성수(내선),성수성수(외선),성수성수(내선)
8:47,,10:10,10:05
성수성수(외선),,신도림성수(외선),성수성수(내선)
8:51,,10:15,10:10
성수성수(외선),,성수성수(외선),성수성수
8:54,,10:20,10:15
성수성수(외선),,성수성수(외선),성수성수(내선)
8:57,,10:26,10:20
성수성수,,성수성수(외선),성수성수(내선)
9:00,9:02,10:31,10:26
성수성수(외선),성수성수(내선),성수성수(외선),성수성수(내선)
9:02,9:06,10:35,10:31
성수성수(외선),성수성수(내선),신도림성수(외선),성수성수(내선)
9:05,9:09,10:40,10:37
성수성수(외선),성수성수(내선),성수성수(외선),성수성수(내선)
9:08,9:12,10:45,10:43
성수성수,성수성수,성수성수(외선),성수성수(내선)
9:11,9:15,10:50,10:49
성수성수(외선),성수성수(내선),성수성수(외선),성수성수
9:17,9:19,10:55,10:54
성수성수(외선),성수성수(내선),성수성수(외선),성수성수(내선)
9:21,9:23,,10:59
성수성수,성수성수(내선),,성수성수(내선)
9:24,9:27,11:01,11:05
성수성수(외선),성수성수(내선),성수성수(외선),성수성수(내선)
9:30,9:30,11:06,11:10
성수성수(외선),성수성수,성수성수(외선),성수성수(내선)
9:32,9:33,11:11,11:14
성수성수(외선),성수성수(내선),성수성수(외선),성수성수(내선)
9:34,9:37,11:16,11:16
성수성수,성수성수(내선),성수성수(외선),성수성수(내선)
9:36,9:40,11:21,11:21
성수성수(외선),성수성수,성수성수(외선),성수성수(내선)
9:39,9:43,11:27,11:27
성수성수(외선),성수성수(내선),성수성수(외선),성수성수(내선)
9:41,9:46,11:32,11:32
성수성수(외선),성수성수(내선),성수성수(외선),성수성수(내선)
9:44,9:50,11:38,11:37
성수성수,성수성수(내선),성수성수(외선),성수성수(내선)
9:46,09:53첫,11:44,11:45
성수성수(외선),성수신도림,성수성수(외선),성수성수(내선)
9:49,9:56,11:50,11:50
성수성수(외선),성수성수(내선),성수성수(외선),성수성수(내선)
9:51,9:59,11:55,11:56
성수성수(외선),성수성수(내선),성수성수(외선),성수성수(내선)
9:56,,12:01,12:01
성수성수(외선),,성수성수(외선),성수성수(내선)
9:59,,12:06,12:06
성수성수(외선),,성수성수(외선),성수성수(내선)
10:04,10:02,12:11,12:11
성수성수,성수성수(내선),성수성수(외선),성수성수(내선)
10:06,10:05,12:16,12:16
성수성수(외선),성수신도림,성수성수(외선),성수성수(내선)
10:12,10:08,12:21,12:23
성수성수(외선),성수성수(내선),성수성수(외선),성수성수(내선)
10:14,10:15,12:26,12:29
성수성수,성수성수(내선),성수성수(외선),성수성수(내선)
10:21,10:18,12:31,12:34
성수성수(외선),성수신도림,성수성수(외선),성수성수(내선)
10:25,10:22,12:36,12:39
성수성수(외선),성수성수(내선),성수성수(외선),성수성수(내선)
10:30,10:28,12:41,12:44
성수성수(외선),성수성수(내선),성수성수(외선),성수성수(내선)
10:35,10:32,12:46,12:48
성수성수(외선),성수신도림,성수성수(외선),성수성수(내선)
10:41,10:35,12:51,12:53
성수성수(외선),성수성수(내선),성수성수(외선),성수성수(내선)
10:47,10:39,12:56,12:57
성수성수(외선),성수성수(내선),성수성수(외선),성수성수(내선)
10:53,10:45,13:01,13:02
성수성수(외선),성수성수(내선),성수성수(외선),성수성수(내선)
10:59,10:49,13:07,13:08
성수성수(외선),성수성수(내선),성수성수(외선),성수성수(내선)
,10:54,13:14,13:15
,성수성수(내선),성수성수(외선),성수성수(내선)
,10:58,13:21,13:21
,성수신도림,성수성수(외선),성수성수(내선)
11:02,11:04,13:26,13:26
성수성수(외선),성수성수(내선),성수성수(외선),성수성수(내선)
11:07,11:08,13:31,13:31
성수성수(외선),성수성수(내선),성수성수(외선),성수성수(내선)
11:12,11:14,13:36,13:36
성수성수(외선),성수성수(내선),성수성수(외선),성수성수(내선)
11:17,11:17,13:41,13:41
성수성수(외선),성수신도림,성수성수(외선),성수성수(내선)
11:22,11:20,13:46,13:47
성수성수(외선),성수성수(내선),성수성수(외선),성수성수(내선)
11:27,11:26,13:51,13:54
성수성수(외선),성수성수(내선),성수성수(외선),성수성수(내선)
11:31,11:29,13:56,
성수성수(외선),성수신도림,성수성수(외선),
11:37,11:32,14:01,14:00
성수성수(외선),성수성수(내선),성수성수(외선),성수성수(내선)
11:42,11:38,14:06,14:05
성수성수(외선),성수성수(내선),성수성수(외선),성수성수(내선)
11:49,11:45,14:11,14:10
성수성수(외선),성수성수(내선),성수성수(외선),성수성수(내선)
11:55,11:51,14:16,14:14
성수성수(외선),성수성수(내선),성수성수(외선),성수성수(내선)
,11:57,14:21,14:19
,성수성수(내선),성수성수(외선),성수성수(내선)
12:00,12:03,14:26,14:23
성수성수(외선),성수성수(내선),성수성수(외선),성수성수(내선)
12:06,12:09,14:31,14:27
성수성수(외선),성수성수(내선),성수성수(외선),성수성수(내선)
12:12,12:14,14:37,14:32
성수성수(외선),성수성수(내선),성수성수(외선),성수성수(내선)
12:17,12:19,14:44,14:38
성수성수(외선),성수성수(내선),성수성수(외선),성수성수(내선)
12:23,12:25,14:51,14:45
성수성수(외선),성수성수(내선),성수성수(외선),성수성수(내선)
12:29,12:34,14:56,14:51
성수성수(외선),성수성수(내선),성수성수(외선),성수성수(내선)
12:34,12:39,,14:56
성수성수(외선),성수성수(내선),,성수성수(내선)
12:38,12:44,15:01,15:00
성수성수(외선),성수성수(내선),성수성수(외선),성수성수
12:43,12:50,15:06,15:06
성수성수(외선),성수성수(내선),성수성수(외선),성수성수(내선)
12:48,12:56,15:11,15:11
성수성수(외선),성수성수(내선),성수성수(외선),성수성수(내선)
12:53,,15:16,15:17
성수성수(외선),,성수성수(외선),성수성수(내선)
12:58,,15:21,15:21
성수성수(외선),,신도림성수(외선),성수성수(내선)
13:03,13:02,15:26,15:26
성수성수(외선),성수성수(내선),성수성수(외선),성수성수(내선)
13:08,13:08,15:31,15:31
성수성수(외선),성수성수(내선),성수성수(외선),성수성수(내선)
13:13,13:14,15:36,15:36
성수성수(외선),성수성수(내선),성수성수(외선),성수성수(내선)
13:19,13:20,15:41,15:41
성수성수(외선),성수성수(내선),성수성수(외선),성수성수(내선)
13:25,13:27,15:46,15:45
성수성수(외선),성수성수(내선),성수성수(외선),성수성수(내선)
13:30,13:32,15:51,15:50
성수성수(외선),성수성수(내선),성수성수(외선),성수성수(내선)
13:36,13:38,15:56,15:53첫
성수성수(외선),성수성수(내선),성수성수(외선),성수신도림
13:42,13:43,,15:57
성수성수(외선),성수성수(내선),,성수성수(내선)
13:48,13:48,16:01,16:01
성수성수(외선),성수성수(내선),성수성수(외선),성수성수(내선)
13:53,13:55,16:07,16:09
성수성수(외선),성수성수(내선),성수성수(외선),성수성수(내선)
13:59,,16:15,16:15
성수성수(외선),,성수성수(외선),성수성수(내선)
14:03,14:03,16:21,16:21
성수성수(외선),성수성수(내선),신도림성수(외선),성수성수(내선)
14:08,14:09,16:26,16:26
성수성수(외선),성수성수(내선),성수성수(외선),성수성수(내선)
14:13,14:14,16:31,16:31
성수성수(외선),성수성수(내선),성수성수(외선),성수성수(내선)
14:18,14:20,16:36,16:36
성수성수(외선),성수성수(내선),성수성수(외선),성수성수(내선)
14:23,14:26,16:41,16:41
성수성수(외선),성수성수(내선),성수성수(외선),성수성수(내선)
14:28,14:32,16:49,16:47
성수성수(외선),성수성수(내선),성수성수(외선),성수성수(내선)
14:33,14:38,16:55,16:51
성수성수(외선),성수성수(내선),성수성수(외선),성수성수(내선)
14:38,14:44,,16:57
성수성수(외선),성수성수(내선),,성수성수(내선)
14:43,14:50,17:01,17:02
성수성수(외선),성수성수(내선),성수성수(외선),성수성수(내선)
14:49,14:56,17:06,17:07
성수성수(외선),성수성수(내선),성수성수(외선),성수성수(내선)
14:55,,17:11,17:11
성수성수(외선),,성수성수(외선),성수신도림
15:00,15:02,17:16,17:15
성수성수(외선),성수성수(내선),성수성수(외선),성수성수(내선)
15:06,15:08,17:22,17:20
성수성수(외선),성수성수(내선),성수성수(외선),성수성수(내선)
15:12,15:13,17:26,17:25
성수성수(외선),성수성수(내선),성수성수,성수성수(내선)
15:18,15:18,17:29,17:29
성수성수(외선),성수성수(내선),성수성수(외선),성수신도림
15:23,15:25,17:35,17:32
성수성수(외선),성수성수(내선),성수성수(외선),성수성수(내선)
15:28,15:33,17:40,17:37
성수성수(외선),성수성수(내선),성수성수(외선),성수성수(내선)
15:32,15:39,17:45,17:41
성수성수(외선),성수성수(내선),성수성수(외선),성수성수(내선)
15:38,15:44,17:51,17:45
성수성수(외선),성수성수(내선),성수성수(외선),성수성수
15:43,15:50,17:56,17:52
성수성수(외선),성수성수(내선),성수성수(외선),성수성수(내선)
15:48,15:56,,17:57
성수성수(외선),성수성수(내선),,성수성수(내선)
15:52,,18:01,18:02
성수성수(외선),,성수성수(외선),성수성수(내선)
15:58,,18:06,18:06
성수성수(외선),,성수성수(외선),성수신도림
16:03,16:02,18:12,18:10
성수성수(외선),성수성수(내선),성수성수(외선),성수성수(내선)
16:07,16:08,18:19,18:15
성수성수(외선),성수성수(내선),성수성수(외선),성수성수(내선)
16:13,16:14,18:26,18:21
성수성수(외선),성수성수(내선),성수성수(외선),성수성수(내선)
16:18,16:20,18:30,18:26
성수성수(외선),성수성수(내선),성수성수(외선),성수성수(내선)
16:25,16:26,18:36,18:32
성수성수(외선),성수성수(내선),성수성수(외선),성수성수(내선)
16:30,16:32,18:41,18:37
성수성수(외선),성수성수(내선),성수성수(외선),성수성수(내선)
16:36,16:38,18:47,18:42
성수성수(외선),성수성수(내선),성수성수(외선),성수성수(내선)
16:42,16:43,18:53,18:48
성수성수(외선),성수성수(내선),성수성수(외선),성수성수(내선)
16:45,16:49,18:59,18:53
신도림성수(외선),성수성수(내선),성수성수(외선),성수성수(내선)
16:48,16:54,,18:59
성수성수(외선),성수성수(내선),,성수성수(내선)
16:53,16:59,19:05,19:04
성수성수(외선),성수성수(내선),성수성수(외선),성수성수(내선)
16:58,,19:10,19:10
성수성수(외선),,성수성수(외선),성수성수(내선)
17:02,17:03,19:16,19:15
성수성수(외선),성수성수(내선),성수성수(외선),성수성수(내선)
17:05,17:09,19:22,19:22
성수성수(외선),성수성수(내선),성수성수(외선),성수성수(내선)
17:09,17:14,19:28,19:27
성수성수(외선),성수성수(내선),신도림성수(외선),성수성수(내선)
17:13,17:20,19:31,19:32
성수성수(외선),성수성수(내선),성수성수,성수성수(내선)
17:18,17:23,19:36,19:38
성수성수(외선),성수성수(내선),성수성수(외선),성수성수(내선)
17:22,17:26,19:42,19:44
성수성수(외선),성수성수(내선),성수성수(외선),성수성수(내선)
17:25,17:32,19:48,19:50
성수성수(외선),성수성수(내선),성수성수(외선),성수성수(내선)
17:29,17:38,19:54,19:55
성수성수(외선),성수성수(내선),성수성수(외선),성수성수(내선)
17:33,17:44,19:59,
성수성수(외선),성수성수(내선),성수성수(외선),
17:37,17:49,20:05,20:00
성수성수(외선),성수성수(내선),성수성수(외선),성수성수(내선)
17:41,17:52,20:11,20:06
신도림성수(외선),성수성수(내선),성수성수(외선),성수성수(내선)
17:44,17:57,20:17,20:11
성수성수(외선),성수성수(내선),성수성수(외선),성수성수(내선)
17:48,,20:23,20:17
성수성수(외선),,성수성수(외선),성수성수(내선)
17:52,,20:29,20:23
성수성수(외선),,성수성수(외선),성수성수(내선)
17:56,,20:35,20:28
성수성수(외선),,성수성수(외선),성수성수(내선)
18:00,18:02,20:41,20:34
성수성수(외선),성수성수(내선),성수성수(외선),성수성수(내선)
18:03,18:05,20:47,20:40
성수성수(외선),성수성수(내선),성수성수(외선),성수성수(내선)
18:06,18:08,20:53,20:45
성수성수(외선),성수성수(내선),성수성수(외선),성수성수(내선)
18:12,18:13,20:59,20:50
성수성수(외선),성수성수(내선),성수성수(외선),성수신도림
18:15,18:16,,20:55
성수성수(외선),성수성수(내선),,성수성수(내선)
18:18,18:19,21:05,21:01
성수성수(외선),성수성수(내선),성수성수(외선),성수성수(내선)
18:21,18:22,21:11,21:07
성수성수(외선),성수성수(내선),성수성수(외선),성수성수(내선)
18:24,18:25,21:17,21:14
성수성수(외선),성수성수(내선),성수성수(외선),성수성수(내선)
18:28,18:29,21:23,21:20
성수성수(외선),성수성수(내선),성수성수(외선),성수성수(내선)
18:32,18:33,21:29,21:25
성수성수(외선),성수성수(내선),성수성수(외선),성수신도림
18:35,18:36,21:35,21:29
성수성수(외선),성수성수(내선),성수성수(외선),성수성수(내선)
18:39,18:39,21:41,21:35
성수성수(외선),성수성수(내선),성수성수(외선),성수성수(내선)
18:43,18:44,21:48,21:41
성수성수(외선),성수성수(내선),성수성수(외선),성수성수(내선)
18:48,18:47,21:54,21:47
성수성수(외선),성수성수(내선),성수성수(외선),성수성수(내선)
18:52,18:50,21:59,21:53
성수성수(외선),성수성수(내선),성수성수,성수신도림
18:55,18:52,,21:57
성수성수(외선),성수성수(내선),,성수성수(내선)
18:59,18:54,22:03,22:04
성수성수(외선),성수성수(내선),성수성수(외선),성수성수(내선)
,18:56,22:10,22:11
,성수성수(내선),성수성수(외선),성수성수(내선)
,18:59,22:16,22:18
,성수성수(내선),성수성수(외선),성수성수(내선)
19:03,19:04,22:21,22:24
성수성수(외선),성수성수(내선),성수성수,성수신도림
19:07,19:08,22:30,22:30
성수성수(외선),성수성수,성수성수(외선),성수성수(내선)
19:11,19:11,22:37,22:37
성수성수(외선),성수성수(내선),성수성수(외선),성수신도림
19:14,19:14,22:46,22:42
성수성수,성수성수(내선),성수성수(외선),성수성수
19:17,19:17,22:54,22:51막
성수성수(외선),성수성수(내선),성수성수(외선),성수성수(내선)
19:22,19:20,,22:58
성수성수(외선),성수성수(내선),,성수신도림
19:26,19:23,23:04막,23:03
성수성수(외선),성수성수,성수성수(외선),성수성수
19:30,19:27,23:10,23:10막
성수성수,성수성수(내선),성수성수,성수성수
19:33,19:32,23:17,23:19
성수성수(외선),성수성수(내선),성수성수,성수신도림
19:41,19:36,23:23막,23:26막
성수성수,성수성수(내선),성수성수,성수을지로입구
19:45,19:38,23:39막,23:34
성수성수(외선),성수신도림,성수삼성,성수신도림
19:51,19:41,23:59막,23:39막
성수성수(외선),성수성수(내선),성수서울대입구,성수홍대입구
19:54,19:43,,23:49막
성수성수(외선),성수성수,,성수신도림
,19:46,,
,성수성수(내선),,
,19:49,,
,성수성수(내선),,
,19:52,,
,성수성수(내선),,
,19:56,,
,성수성수,,
,19:59,,
,성수성수(내선),,
20:02,20:03,,
성수성수(외선),성수성수(내선),,
20:05,20:06,,
성수성수(외선),성수성수(내선),,
20:13,20:09,,
성수성수(외선),성수성수,,
20:18,20:13,,
성수성수(외선),성수성수(내선),,
20:22,20:17,,
성수성수(외선),성수성수(내선),,
20:25,20:20,,
성수성수(외선),성수성수,,
20:29,20:23,,
성수성수(외선),성수성수(내선),,
20:36,20:26,,
성수성수(외선),성수신도림,,
20:42,20:30,,
성수성수(외선),성수성수(내선),,
20:47,20:35,,
성수성수(외선),성수성수,,
20:52,20:41,,
성수성수(외선),성수성수(내선),,
20:57,20:44,,
성수성수(외선),성수신도림,,
,20:47,,
,성수성수(내선),,
,20:51,,
,성수성수(내선),,
,20:57,,
,성수성수(내선),,
21:04,21:02,,
성수성수(외선),성수성수(내선),,
21:14,21:07,,
성수성수(외선),성수성수(내선),,
21:21,21:11,,
성수성수(외선),성수신도림,,
21:27,21:15,,
성수성수(외선),성수성수(내선),,
21:36,21:19,,
성수성수(외선),성수성수(내선),,
21:43,21:24,,
성수성수(외선),성수성수(내선),,
21:48,21:29,,
성수성수(외선),성수성수(내선),,
21:56,21:33,,
성수성수(외선),성수성수,,
,21:37,,
,성수성수(내선),,
,21:43,,
,성수성수(내선),,
,21:48,,
,성수성수(내선),,
,21:54,,
,성수성수(내선),,
22:06,22:01,,
성수성수(외선),성수성수(내선),,
22:12,22:10,,
성수성수(외선),성수성수(내선),,
22:17,22:17,,
성수성수(외선),성수성수(내선),,
22:23,22:22,,
성수성수(외선),성수성수(내선),,
22:28,22:28,,
성수성수(외선),성수성수(내선),,
22:35,22:33,,
성수성수(외선),성수성수(내선),,
22:44,22:38,,
성수성수(외선),성수성수(내선),,
22:52,22:45,,
성수성수(외선),성수성수(내선),,
22:59,22:49,,
성수성수(외선),성수신도림,,
,22:54,,
,성수성수(내선),,
23:07,23:00,,
성수성수(외선),성수신도림,,
23:18,23:07,,
성수성수(외선),성수성수(내선),,
23:27,23:13,,
성수성수(외선),성수신도림,,
23:36,23:18,,
성수성수,성수성수(내선),,
23:43,23:25,,
성수성수(외선),성수성수,,
23:54,23:32,,
성수성수(외선),성수성수(내선),,
,23:41,,
,성수성수,,
,23:47,,
,성수신도림,,
,23:52막,,
,성수성수(내선),,
,23:58,,
,성수신도림,,
00:07막,0:02,,
성수성수(외선),성수성수,,
00:22막,00:09막,,
성수성수,성수성수,,
00:38막,0:16,,
성수삼성,성수신도림,,
00:59막,00:25막,,
성수서울대입구,성수을지로입구,,
,00:37막,,
,성수홍대입구,,
,00:49막,,
,성수신도림,,
