﻿이대방면,충정로방면,이대방면,충정로방면
평일,평일,주말,주말
05:36첫,05:35첫,05:36첫,05:35첫
을지로입구성수(외선),홍대입구성수(내선),을지로입구성수(외선),홍대입구성수(내선)
5:51,5:47,5:52,5:47
성수성수(외선),신도림성수(내선),성수성수(외선),신도림성수(내선)
,5:54,,5:53
,신도림성수(내선),,신도림성수(내선)
6:01,6:00,,5:59
성수성수(외선),서울대입구성수(내선),,서울대입구성수(내선)
6:11,6:07,6:03,6:05
성수성수(외선),신도림성수(내선),성수성수(외선),신도림성수(내선)
6:20,6:14,6:10,6:11
성수성수(외선),신도림성수(내선),성수성수(외선),신도림성수(내선)
6:30,6:21,6:16,6:17
성수성수(외선),삼성성수(내선),성수성수(외선),삼성성수(내선)
6:39,6:26,6:22,6:24
성수성수(외선),신도림성수(내선),성수성수(외선),신도림성수(내선)
6:45,6:33,6:28,6:30
성수성수(외선),신도림성수(내선),성수성수(외선),신도림성수(내선)
6:49,6:37,6:35,6:36
성수성수(외선),성수성수(내선),성수성수(외선),성수성수(내선)
6:55,6:43,6:41,6:41
성수성수(외선),신도림성수(내선),성수성수(외선),신도림성수(내선)
6:58,6:47,6:47,6:46
성수성수(외선),성수성수(내선),성수성수(외선),성수성수(내선)
,6:54,6:53,6:52
,성수성수(내선),성수성수(외선),성수성수(내선)
7:00,7:01,6:59,6:58
성수성수(외선),성수성수(내선),성수성수(외선),신도림성수(내선)
7:06,7:05,7:05,7:03
성수성수(외선),성수성수(내선),성수성수(외선),성수성수(내선)
7:09,7:08,7:11,7:09
성수성수(외선),신도림성수(내선),성수성수(외선),성수성수(내선)
7:13,7:11,7:17,7:14
성수성수(외선),성수성수(내선),성수성수(외선),성수성수(내선)
7:20,7:17,7:22,7:19
성수성수(외선),성수성수(내선),성수성수(외선),성수성수(내선)
7:26,7:21,7:28,7:26
성수성수(외선),신도림성수(내선),성수성수(외선),성수성수(내선)
7:33,7:24,7:35,7:31
성수성수(외선),성수성수(내선),성수성수(외선),성수성수(내선)
7:38,7:31,7:41,7:36
성수성수(외선),성수성수(내선),성수성수(외선),성수성수(내선)
7:43,7:35,7:47,7:42
성수성수(외선),성수성수(내선),성수성수(외선),성수성수(내선)
7:48,7:38,7:53,7:48
성수성수(외선),성수성수(내선),성수성수(외선),성수성수(내선)
7:53,7:41,7:58,7:53
성수성수,신도림성수(내선),성수성수,성수성수(내선)
7:58,7:44,,7:59
성수성수(외선),성수성수(내선),,성수성수(내선)
,7:48,8:05,8:04
,성수성수(내선),성수성수(외선),성수성수(내선)
,7:52,8:11,8:09
,성수성수(내선),성수성수(외선),성수성수(내선)
,7:55,8:17,8:15
,신도림성수(내선),성수성수(외선),성수성수(내선)
,7:58,8:23,8:20
,성수성수(내선),성수성수,성수성수(내선)
8:03,8:02,8:28,8:26
성수성수(외선),성수성수(내선),성수성수(외선),성수성수(내선)
8:05,8:05,8:34,8:31
성수성수(외선),성수성수(내선),성수성수(외선),성수성수(내선)
8:08,8:09,8:40,8:37
성수성수(외선),성수성수(내선),성수성수(외선),성수성수(내선)
8:12,8:12,8:46,8:42
성수성수(외선),성수성수(내선),성수성수(외선),성수성수(내선)
8:15,8:16,8:52,8:48
성수성수(외선),성수성수(내선),성수성수,성수성수(내선)
8:18,8:20,8:56,8:53
성수성수(외선),성수성수(내선),성수성수(외선),성수성수(내선)
8:22,8:24,,8:59
성수성수(외선),성수성수(내선),,성수성수(내선)
8:25,8:27,9:01,9:04
성수성수(외선),성수성수(내선),성수성수(외선),성수성수(내선)
8:28,8:31,9:07,9:10
성수성수,성수성수(내선),성수성수(외선),성수성수(내선)
8:31,8:34,9:12,9:15
성수성수(외선),성수성수(내선),성수성수(외선),성수성수(내선)
8:33,8:38,9:17,9:21
성수성수(외선),성수성수(내선),성수성수(외선),성수성수(내선)
8:36,8:41,9:23,9:26
성수성수(외선),성수성수(내선),성수성수(외선),성수성수(내선)
8:39,8:44,9:29,9:32
성수성수,성수성수(내선),성수성수(외선),성수성수(내선)
8:42,8:48,9:34,9:37
성수성수(외선),성수성수(내선),성수성수(외선),성수성수(내선)
8:45,8:51,9:40,9:43
성수신도림,성수성수(내선),성수신도림,성수성수(내선)
8:48,8:54,9:46,9:48
성수성수(외선),성수성수(내선),성수성수(외선),성수성수(내선)
8:52,8:57,9:52,9:53
성수성수,성수성수(내선),성수성수(외선),성수성수(내선)
8:55,,9:58,9:57
성수성수(외선),,성수성수(외선),성수성수
8:58,,,9:59
성수신도림,,,신도림성수(내선)
9:01,9:00,10:04,10:04
성수성수(외선),성수성수(내선),성수성수(외선),성수성수(내선)
9:03,9:04,10:10,10:09
성수성수(외선),성수성수(내선),성수성수(외선),성수성수(내선)
9:05,9:08,10:16,10:15
성수성수,성수성수(내선),성수성수(외선),성수성수(내선)
9:07,9:11,10:21,10:20
성수성수(외선),성수성수,성수성수(외선),성수성수(내선)
9:10,9:14,10:26,10:25
성수성수(외선),성수성수(내선),성수성수(외선),성수성수(내선)
9:12,9:17,10:31,10:30
성수성수(외선),성수성수(내선),성수성수(외선),성수성수(내선)
9:15,9:21,10:37,10:35
성수성수,성수성수(내선),성수성수(외선),성수성수(내선)
9:17,9:25,10:42,10:39
성수성수(외선),성수성수,성수성수(외선),성수성수
9:20,9:28,10:47,10:44
성수성수(외선),성수성수(내선),성수성수(외선),성수성수(내선)
9:22,9:31,10:53,10:49
성수성수(외선),성수성수(내선),성수성수(외선),성수성수(내선)
9:27,9:34,10:58,10:54
성수성수(외선),성수성수(내선),성수성수(외선),성수성수(내선)
9:30,9:38,11:03,11:00
성수성수(외선),성수성수(내선),성수성수(외선),성수성수(내선)
9:32,9:41,11:10,11:05
성수신도림,성수성수,성수성수(외선),성수성수(내선)
9:35,9:44,11:15,11:08
성수성수,성수성수(내선),성수성수(외선),신도림성수(내선)
9:37,9:48,11:21,11:13
성수성수(외선),성수성수(내선),성수성수(외선),성수성수(내선)
9:40,9:52,11:26,11:17
성수신도림,성수성수(내선),성수성수(외선),성수성수
9:43,9:56,11:31,11:23
성수성수(외선),성수성수(내선),성수성수(외선),성수성수(내선)
9:45,9:59,11:37,11:28
성수성수,성수성수,성수성수(외선),성수성수(내선)
9:48,,11:42,11:33
성수신도림,,성수성수(외선),성수성수(내선)
9:52,,11:47,11:38
성수성수(외선),,성수성수(외선),성수성수(내선)
9:56,,11:52,11:43
성수성수(외선),,성수성수(외선),성수성수(내선)
10:01,10:02,11:57,11:46
성수성수(외선),성수성수(내선),성수성수(외선),성수성수(내선)
10:03,10:06,,11:51
성수신도림,성수성수(내선),,성수성수(내선)
10:06,10:09,,11:56
성수성수(외선),성수성수,,성수성수(내선)
10:12,10:12,12:02,12:01
성수성수(외선),성수성수(내선),성수성수(외선),성수성수(내선)
10:18,10:15,12:07,12:06
성수성수(외선),성수성수(내선),성수성수(외선),성수성수(내선)
10:24,10:18,12:12,12:14
성수성수(외선),성수성수(내선),성수성수(외선),성수성수(내선)
10:30,10:25,12:17,12:20
성수성수(외선),성수성수(내선),성수성수(외선),성수성수(내선)
10:33,10:28,12:22,12:25
성수성수(외선),성수성수(내선),성수성수(외선),성수성수(내선)
10:37,10:31,12:27,12:30
성수성수(외선),성수성수(내선),성수성수(외선),성수성수(내선)
10:40,10:37,12:32,12:35
성수신도림,성수성수(내선),성수성수(외선),성수성수(내선)
10:43,10:44,12:38,12:40
성수성수(외선),성수성수(내선),성수성수(외선),성수성수(내선)
10:48,10:50,12:45,12:45
성수성수(외선),성수성수(내선),성수성수(외선),성수성수(내선)
10:50,10:57,12:52,12:52
성수신도림,성수성수(내선),성수성수(외선),성수성수(내선)
10:53,,12:57,12:58
성수성수(외선),,성수성수(외선),성수성수(내선)
10:58,,13:02,13:03
성수성수(외선),,성수성수(외선),성수성수(내선)
11:02,11:03,13:07,13:08
성수성수(외선),성수성수(내선),성수성수(외선),성수성수(내선)
11:08,11:08,13:12,13:13
성수성수(외선),성수성수(내선),성수성수(외선),성수성수(내선)
11:13,11:13,13:17,13:17
성수성수(외선),성수성수(내선),성수성수(외선),성수성수(내선)
11:21,11:18,13:22,13:22
성수성수(외선),성수성수(내선),성수성수(외선),성수성수(내선)
11:26,11:23,13:27,13:26
성수성수(외선),성수성수(내선),성수성수(외선),성수성수(내선)
11:31,11:33,13:32,13:31
성수성수(외선),성수성수(내선),성수성수(외선),성수성수(내선)
11:37,11:37,13:37,13:37
성수성수(외선),성수성수(내선),성수성수(외선),성수성수(내선)
11:43,11:43,13:42,13:44
성수성수(외선),성수성수(내선),성수성수(외선),성수성수(내선)
11:48,11:49,13:47,13:50
성수성수(외선),성수성수(내선),성수성수(외선),성수성수(내선)
11:54,11:55,13:52,13:55
성수성수(외선),성수성수(내선),성수성수(외선),성수성수(내선)
12:00,12:01,13:57,
성수성수(외선),성수성수(내선),성수성수(외선),
12:05,12:07,14:02,14:00
성수성수(외선),성수성수(내선),성수성수(외선),성수성수(내선)
12:09,12:13,14:08,14:05
성수성수(외선),성수성수(내선),성수성수(외선),성수성수(내선)
12:14,12:19,14:15,14:10
성수성수(외선),성수성수(내선),성수성수(외선),성수성수(내선)
12:19,12:25,14:22,14:16
성수성수(외선),성수성수(내선),성수성수(외선),성수성수(내선)
12:24,12:31,14:27,14:23
성수성수(외선),성수성수(내선),성수성수(외선),성수성수(내선)
12:29,12:37,14:32,14:29
성수성수(외선),성수성수(내선),성수성수(외선),성수성수(내선)
12:34,12:42,14:37,14:34
성수성수(외선),성수성수(내선),성수성수(외선),성수성수(내선)
12:39,12:47,14:42,14:39
성수성수(외선),성수성수(내선),성수성수(외선),성수성수(내선)
12:44,12:54,14:47,14:44
성수성수(외선),성수성수(내선),성수성수(외선),성수성수(내선)
12:50,,14:51,14:48
성수성수(외선),,성수신도림,성수성수(내선)
12:56,,14:57,14:52
성수성수(외선),,성수성수(외선),성수성수(내선)
13:01,13:03,,14:56
성수성수(외선),성수성수(내선),,성수성수(내선)
13:07,13:08,15:02,15:01
성수성수(외선),성수성수(내선),성수성수(외선),성수성수(내선)
13:13,13:13,15:07,15:07
성수성수(외선),성수성수(내선),성수성수(외선),성수성수(내선)
13:19,13:19,15:12,15:14
성수성수(외선),성수성수(내선),성수성수(외선),성수성수(내선)
13:24,13:25,15:17,15:20
성수성수(외선),성수성수(내선),성수성수(외선),성수성수(내선)
13:30,13:31,15:22,15:25
성수성수(외선),성수성수(내선),성수성수(외선),성수성수(내선)
13:34,13:37,15:27,15:29
성수성수(외선),성수성수(내선),성수성수(외선),성수성수
13:39,13:43,15:32,15:35
성수성수(외선),성수성수(내선),성수성수(외선),성수성수(내선)
13:44,13:49,15:38,15:40
성수성수(외선),성수성수(내선),성수성수(외선),성수성수(내선)
13:49,13:55,15:46,15:46
성수성수(외선),성수성수(내선),성수성수(외선),성수성수(내선)
13:54,,15:51,15:50
성수성수(외선),,성수신도림,성수성수(내선)
13:59,,15:57,15:55
성수성수(외선),,성수성수(외선),성수성수(내선)
14:04,14:01,16:02,16:00
성수성수(외선),성수성수(내선),성수성수(외선),성수성수(내선)
14:09,14:07,16:07,16:05
성수성수(외선),성수성수(내선),성수성수(외선),성수성수(내선)
14:14,14:12,16:12,16:10
성수성수(외선),성수성수(내선),성수성수(외선),성수성수(내선)
14:20,14:17,16:17,16:15
성수성수(외선),성수성수(내선),성수신도림,성수성수(내선)
14:26,14:24,16:21,16:19
성수성수(외선),성수성수(내선),성수성수(외선),성수성수(내선)
14:31,14:32,16:26,16:25
성수성수(외선),성수성수(내선),성수성수(외선),성수성수(내선)
14:37,14:38,16:31,16:30
성수성수(외선),성수성수(내선),성수성수(외선),성수성수(내선)
14:43,14:43,16:37,16:38
성수성수(외선),성수성수(내선),성수성수(외선),성수성수(내선)
14:49,14:49,16:42,16:44
성수성수(외선),성수성수(내선),성수성수(외선),성수성수(내선)
14:54,14:55,16:47,16:50
성수성수(외선),성수성수(내선),성수성수(외선),성수성수(내선)
14:59,,16:52,16:55
성수성수(외선),,성수성수(외선),성수성수(내선)
15:04,15:01,16:57,
성수성수(외선),성수성수(내선),성수성수,
15:09,15:07,17:01,17:00
성수성수(외선),성수성수(내선),성수성수(외선),성수성수(내선)
15:14,15:13,17:07,17:05
성수성수(외선),성수성수(내선),성수성수(외선),성수성수(내선)
15:19,15:19,17:11,17:10
성수성수(외선),성수성수(내선),성수성수(외선),성수성수(내선)
15:24,15:25,17:16,17:15
성수성수(외선),성수성수(내선),성수성수(외선),성수성수(내선)
15:29,15:31,17:22,17:21
성수성수(외선),성수성수(내선),성수성수(외선),성수성수(내선)
15:34,15:37,17:27,17:26
성수성수(외선),성수성수(내선),성수성수(외선),성수성수(내선)
15:39,15:42,17:32,17:31
성수성수(외선),성수성수(내선),성수성수(외선),성수성수(내선)
15:44,15:47,17:37,17:36
성수성수(외선),성수성수(내선),성수성수(외선),성수성수(내선)
15:50,15:54,17:43,17:43
성수성수(외선),성수성수(내선),성수성수(외선),성수성수(내선)
15:56,15:58,17:50,17:49
성수성수(외선),신도림성수(내선),성수성수(외선),성수성수(내선)
16:01,16:02,17:55,17:54
성수성수(외선),성수성수(내선),성수신도림,성수성수(내선)
16:07,16:08,17:58,
성수성수(외선),성수성수(내선),성수성수(외선),
16:13,16:13,18:02,18:00
성수성수(외선),성수성수(내선),성수성수(외선),성수성수(내선)
16:19,16:19,18:07,18:05
성수성수(외선),성수성수(내선),성수성수(외선),성수성수(내선)
16:24,16:25,18:12,18:10
성수성수(외선),성수성수(내선),성수성수(외선),성수성수(내선)
16:29,16:31,18:18,18:14
성수성수(외선),성수성수(내선),성수성수(외선),성수성수
16:33,16:37,18:24,18:17
성수성수(외선),성수성수(내선),성수성수(외선),신도림성수(내선)
16:36,16:43,18:30,18:21
성수성수(외선),성수성수(내선),성수성수(외선),성수성수(내선)
16:40,16:49,18:35,18:26
성수성수(외선),성수성수(내선),성수성수(외선),성수성수(내선)
16:44,16:55,18:41,18:31
성수성수(외선),성수성수(내선),성수성수(외선),성수성수(내선)
16:49,,18:47,18:38
성수성수(외선),,성수성수(외선),성수성수(내선)
16:53,,18:52,18:44
성수성수(외선),,성수성수(외선),성수성수(내선)
16:56,,18:56,18:49
성수성수(외선),,성수신도림,성수성수(내선)
17:00,17:01,,18:55
성수성수(외선),성수성수(내선),,성수성수(내선)
17:04,17:07,19:02,19:00
성수성수(외선),성수성수(내선),성수성수,성수성수(내선)
17:08,17:12,19:07,19:06
성수성수(외선),성수성수(내선),성수성수(외선),성수성수(내선)
17:15,17:15,19:13,19:11
성수성수(외선),신도림성수(내선),성수성수(외선),성수성수(내선)
17:19,17:18,19:19,19:17
성수성수(외선),성수성수(내선),성수성수(외선),성수성수(내선)
17:23,17:23,19:25,19:22
성수성수(외선),성수성수(내선),성수성수(외선),성수성수(내선)
17:27,17:28,19:31,19:28
성수성수(외선),성수성수(내선),성수성수(외선),성수성수(내선)
17:31,17:32,19:36,19:33
성수성수(외선),성수성수(내선),성수성수(외선),성수성수(내선)
17:34,17:38,19:42,19:39
성수성수(외선),성수성수(내선),성수성수(외선),성수성수(내선)
17:37,17:43,19:48,19:44
성수성수(외선),성수성수(내선),성수성수(외선),성수성수(내선)
17:43,17:46,19:54,19:50
성수성수(외선),신도림성수(내선),성수성수(외선),성수성수(내선)
17:46,17:49,,19:55
성수성수(외선),성수성수(내선),,성수성수(내선)
17:49,17:52,20:00,20:01
성수성수(외선),성수성수(내선),성수성수(외선),성수성수(내선)
17:52,17:55,20:06,20:07
성수성수(외선),성수성수(내선),성수성수(외선),성수성수(내선)
17:55,17:58,20:12,20:12
성수성수(외선),신도림성수(내선),성수성수(외선),성수성수(내선)
17:59,,20:18,20:18
성수성수(외선),,성수성수(외선),성수성수(내선)
18:03,18:01,20:24,20:24
성수성수(외선),성수성수(내선),성수성수(외선),성수성수(내선)
18:06,18:07,20:30,20:29
성수성수(외선),성수성수(내선),성수성수(외선),성수성수(내선)
18:10,18:10,20:36,20:34
성수성수(외선),신도림성수(내선),성수성수(외선),성수성수(내선)
18:14,18:13,20:42,20:39
성수성수(외선),성수성수(내선),성수성수(외선),성수성수(내선)
18:19,18:16,20:48,20:45
성수성수(외선),신도림성수(내선),성수성수(외선),성수성수(내선)
18:23,18:18,20:54,20:51
성수성수(외선),성수성수(내선),성수성수(외선),성수성수(내선)
18:26,18:21,,20:57
성수성수(외선),성수성수(내선),,성수성수(내선)
18:30,18:26,21:00,21:03
성수성수(외선),성수성수(내선),성수성수(외선),성수성수(내선)
18:34,18:31,21:06,21:09
성수성수(외선),성수성수(내선),성수성수(외선),성수성수(내선)
18:38,18:34,21:12,21:15
성수성수(외선),성수성수(내선),성수성수(외선),성수성수(내선)
18:42,18:37,21:18,21:23
성수성수(외선),성수성수(내선),성수성수(외선),성수성수(내선)
18:45,18:40,21:24,21:29
성수성수,신도림성수(내선),성수성수(외선),성수성수(내선)
18:49,18:42,21:30,21:36
성수성수(외선),성수성수(내선),성수성수,성수성수(내선)
18:53,18:45,21:35,21:43
성수성수(외선),성수성수(내선),성수성수(외선),성수성수(내선)
18:57,18:48,21:41,21:49
성수성수(외선),성수성수(내선),성수성수(외선),성수성수(내선)
,18:51,21:47,21:58
,성수성수(내선),성수성수(외선),성수성수(내선)
,18:54,21:53,
,성수성수(내선),성수성수,
,18:58,22:00,22:03
,성수성수(내선),성수성수(외선),성수성수(내선)
19:01,19:02,22:07,22:10
성수성수,성수성수(내선),성수성수(외선),성수성수(내선)
19:04,19:05,22:12,22:17
성수성수(외선),성수성수(내선),성수신도림,성수성수(내선)
19:08,19:08,22:18,22:25
성수신도림,성수성수(내선),성수성수(외선),성수성수(내선)
19:12,19:13,22:24,22:33
성수성수,성수성수(내선),성수성수(외선),성수성수(내선)
19:16,19:16,22:30,22:39
성수성수(외선),성수성수(내선),성수신도림,성수성수(내선)
19:19,19:19,22:36막,22:47
성수신도림,성수성수(내선),성수성수(외선),성수성수(내선)
19:22,19:21,22:42,22:58
성수성수(외선),성수성수(내선),성수성수,성수성수(내선)
19:25,19:23,22:49,
성수성수(외선),성수성수(내선),성수성수,
19:29,19:25,22:55막,
성수신도림,성수성수(내선),성수성수,
19:33,19:28,23:03,23:10
성수성수(외선),성수성수(내선),성수신도림,성수성수
19:36,19:33,23:10막,23:19막
성수성수(외선),성수성수(내선),성수삼성,성수성수(내선)
19:40,19:37,23:18,23:31
성수신도림,성수성수,성수신도림,성수성수
19:44,19:40,23:31막,23:39막
성수성수(외선),성수성수(내선),성수서울대입구,성수성수
19:49,19:43,23:39,23:54막
성수성수(외선),성수성수(내선),성수신도림,성수을지로입구
19:53,19:46,23:45막,
성수성수(외선),성수성수(내선),성수신도림,
19:56,19:49,23:55막,
성수성수(외선),성수성수(내선),성수홍대입구,
,19:52,,
,성수성수,,
,19:56,,
,성수성수(내선),,
20:00,20:01,,
성수성수(외선),성수성수(내선),,
20:04,20:05,,
성수신도림,성수성수(내선),,
20:08,20:10,,
성수성수(외선),성수성수(내선),,
20:13,20:12,,
성수성수(외선),성수성수,,
20:18,20:15,,
성수성수(외선),성수성수(내선),,
20:23,20:18,,
성수성수(외선),성수성수(내선),,
20:28,20:21,,
성수성수(외선),성수성수(내선),,
20:35,20:25,,
성수성수(외선),성수성수,,
20:45,20:28,,
성수성수(외선),성수성수(내선),,
20:52,20:32,,
성수성수(외선),성수성수(내선),,
20:58,20:35,,
성수성수(외선),성수성수(내선),,
,20:38,,
,성수성수,,
,20:42,,
,성수성수(내선),,
,20:46,,
,성수성수(내선),,
,20:49,,
,성수성수,,
,20:52,,
,성수성수(내선),,
,20:59,,
,성수성수(내선),,
21:03,21:04,,
성수신도림,성수성수,,
21:07,21:10,,
성수성수(외선),성수성수(내선),,
21:14,21:16,,
성수성수(외선),성수성수(내선),,
21:19,21:20,,
성수성수(외선),성수성수(내선),,
21:23,21:26,,
성수신도림,성수성수(내선),,
21:27,21:31,,
성수성수(외선),성수성수(내선),,
21:32,21:36,,
성수신도림,성수성수(내선),,
21:37,21:43,,
성수성수(외선),성수성수(내선),,
21:43,21:48,,
성수성수(외선),성수성수(내선),,
21:48,21:53,,
성수성수(외선),성수성수(내선),,
21:54,21:58,,
성수성수(외선),성수성수(내선),,
21:59,,,
성수성수(외선),,,
22:06,22:02,,
성수성수(외선),성수성수,,
22:16,22:06,,
성수성수(외선),성수성수(내선),,
22:23,22:12,,
성수성수(외선),성수성수(내선),,
22:30,22:17,,
성수성수(외선),성수성수(내선),,
22:38,22:23,,
성수성수(외선),성수성수(내선),,
22:44,22:30,,
성수신도림,성수성수(내선),,
22:49,22:39,,
성수성수(외선),성수성수(내선),,
22:58,22:46,,
성수성수(외선),성수성수(내선),,
,22:51,,
,성수성수(내선),,
,22:57,,
,성수성수(내선),,
23:07,23:02,,
성수성수,성수성수(내선),,
23:14,23:07,,
성수성수(외선),성수성수(내선),,
23:19,23:14,,
성수신도림,성수성수(내선),,
23:25,23:23,,
성수성수(외선),성수성수(내선),,
23:30,23:36,,
성수신도림,성수성수(내선),,
23:38막,23:47,,
성수성수(외선),성수성수(내선),,
23:46,23:54,,
성수신도림,성수성수,,
23:53막,,,
성수성수,,,
0:00,0:01,,
성수신도림,성수성수(내선),,
00:09막,0:10,,
성수삼성,성수성수,,
0:19,00:21막,,
성수신도림,성수성수(내선),,
00:30막,0:31,,
성수서울대입구,성수성수,,
00:44막,00:38막,,
성수신도림,성수성수,,
00:55막,00:54막,,
성수홍대입구,성수을지로입구,,
