﻿대림방면,문래/도림천방면,대림방면,문래/도림천방면
평일,평일,주말,주말
05:30첫,05:30첫,05:30첫,05:30첫
신도림성수(외선),신도림성수(내선),신도림성수(외선),신도림성수(내선)
5:36,05:30첫,5:36,05:30첫
신도림성수(외선),신도림까치산,신도림성수(외선),신도림까치산
5:41,5:37,5:41,5:37
홍대입구성수(외선),신도림성수(내선),홍대입구성수(외선),신도림성수(내선)
5:48,5:43,5:47,5:43
신도림성수(외선),서울대입구성수(내선),신도림성수(외선),서울대입구성수(내선)
5:53,5:46,5:53,5:46
을지로입구성수(외선),신도림까치산,을지로입구성수(외선),신도림까치산
,5:50,5:58,5:49
,신도림성수(내선),신도림성수(외선),신도림성수(내선)
,5:57,,5:55
,신도림성수(내선),,신도림성수(내선)
6:00,6:00,,5:59
신도림성수(외선),신도림까치산,,신도림까치산
6:08,6:04,6:04,6:01
성수성수(외선),삼성성수(내선),신도림성수(외선),삼성성수(내선)
6:13,6:09,6:10,6:07
신도림성수(외선),신도림성수(내선),성수성수(외선),신도림성수(내선)
6:18,6:15,6:15,6:13
성수성수(외선),신도림까치산,신도림성수(외선),신도림성수(내선)
6:23,6:16,6:20,6:15
신도림성수(외선),신도림성수(내선),성수성수(외선),신도림까치산
6:28,6:20,6:27,6:19
성수성수(외선),성수성수(내선),성수성수(외선),성수성수(내선)
6:33,6:26,6:33,6:24
신도림성수(외선),신도림성수(내선),성수성수(외선),신도림성수(내선)
6:37,6:30,6:40,6:29
성수성수(외선),신도림까치산,성수성수(외선),성수성수(내선)
6:43,6:30,6:46,6:30
신도림성수(외선),성수성수(내선),성수성수(외선),신도림까치산
6:47,6:37,6:52,6:35
성수성수(외선),성수성수(내선),성수성수(외선),성수성수(내선)
6:52,6:44,6:58,6:41
신도림성수(외선),성수성수(내선),성수성수(외선),신도림성수(내선)
6:56,6:45,,6:45
성수성수(외선),신도림까치산,,신도림까치산
,6:48,,6:46
,성수성수(내선),,성수성수(내선)
,6:51,,6:52
,신도림성수(내선),,성수성수(내선)
,6:54,,6:54
,신도림까치산,,신도림까치산
,6:54,,6:58
,성수성수(내선),,성수성수(내선)
7:02,7:00,7:04,7:02
성수성수(외선),성수성수(내선),성수성수(외선),성수성수(내선)
7:06,7:04,7:10,7:04
성수성수(외선),신도림성수(내선),성수성수(외선),신도림까치산
7:09,7:04,7:16,7:09
신도림성수(외선),신도림까치산,성수성수(외선),성수성수(내선)
7:12,7:07,7:22,7:13
성수성수(외선),성수성수(내선),성수성수(외선),신도림까치산
7:15,7:13,7:28,7:15
성수성수(외선),신도림까치산,성수성수(외선),성수성수(내선)
7:18,7:14,7:34,7:21
성수성수(외선),성수성수(내선),성수성수(외선),성수성수(내선)
7:21,7:18,7:39,7:23
신도림성수(외선),성수성수(내선),성수성수(외선),신도림까치산
7:24,7:21,7:45,7:26
성수성수(외선),성수성수(내선),성수성수(외선),성수성수(내선)
7:27,7:23,7:49,7:32
성수성수(외선),신도림까치산,신도림성수(외선),신도림까치산
7:30,7:24,7:53,7:32
성수성수(외선),신도림성수(내선),성수성수(외선),성수성수(내선)
7:33,7:27,7:59,7:38
신도림성수(외선),성수성수(내선),성수성수(외선),성수성수(내선)
7:37,7:31,,7:42
성수성수(외선),성수성수(내선),,신도림까치산
7:40,7:32,,7:42
신도림성수(외선),신도림까치산,,성수성수(내선)
7:43,7:35,,7:47
성수성수(외선),성수성수(내선),,성수성수(내선)
7:45,7:38,,7:52
신도림성수(외선),신도림성수(내선),,성수성수(내선)
7:48,7:41,,7:53
신도림성수(외선),성수성수(내선),,신도림까치산
7:50,7:42,,7:58
성수성수(외선),신도림까치산,,성수성수(내선)
7:53,7:45,8:05,8:02
신도림성수(외선),성수성수(내선),성수성수(외선),신도림까치산
7:55,7:48,8:10,8:03
성수성수(외선),성수성수(내선),성수성수(외선),성수성수(내선)
7:58,7:52,8:15,8:09
신도림성수(외선),성수성수(내선),성수성수,성수성수(내선)
,7:53,8:22,8:12
,신도림까치산,성수성수(외선),신도림까치산
,7:55,8:28,8:14
,성수성수(내선),성수성수(외선),성수성수(내선)
,7:59,8:34,8:20
,성수성수(내선),성수성수(외선),성수성수(내선)
8:00,8:02,8:38,8:21
성수성수(외선),신도림까치산,신도림성수(외선),신도림까치산
8:03,8:03,8:41,8:25
신도림성수(외선),성수성수(내선),성수성수,성수성수(내선)
8:05,8:07,8:46,8:31
성수성수(외선),성수성수(내선),성수성수(외선),신도림까치산
8:08,8:10,8:51,8:31
신도림성수(외선),성수성수(내선),성수성수(외선),성수성수(내선)
8:10,8:12,8:57,8:36
성수성수,신도림까치산,성수성수(외선),성수성수(내선)
8:13,8:14,,8:41
신도림성수(외선),성수성수(내선),,신도림까치산
8:16,8:17,,8:42
성수성수(외선),성수성수(내선),,성수성수(내선)
8:18,8:21,,8:47
신도림성수(외선),신도림까치산,,성수성수(내선)
8:20,8:21,,8:50
성수성수(외선),성수성수(내선),,신도림까치산
8:23,8:24,,8:53
성수성수(외선),성수성수(내선),,성수성수(내선)
8:25,8:27,,8:58
성수성수(외선),성수성수(내선),,성수성수(내선)
8:29,8:31,9:03,9:00
성수성수(외선),성수성수(내선),성수성수(외선),신도림까치산
8:32,8:31,9:06,9:04
성수성수(외선),신도림까치산,신도림성수(외선),성수성수(내선)
8:35,8:34,9:09,9:09
성수성수(외선),성수성수(내선),성수성수,성수성수(내선)
8:39,8:37,9:14,9:10
성수성수(외선),성수성수(내선),성수성수(외선),신도림까치산
8:42,8:40,9:19,9:15
성수성수(외선),성수성수(내선),성수성수(외선),성수성수(내선)
8:45,8:41,9:24,9:19
성수성수,신도림까치산,성수성수(외선),신도림까치산
8:48,8:43,9:30,9:20
성수성수(외선),성수성수(내선),성수성수(외선),성수성수(내선)
8:51,8:47,9:35,9:26
성수성수(외선),성수성수(내선),성수성수(외선),성수성수(내선)
8:54,8:50,9:41,9:29
성수성수(외선),신도림까치산,성수성수(외선),신도림까치산
8:57,8:51,9:46,9:31
성수성수,성수성수(내선),성수성수(외선),성수성수(내선)
,8:54,9:52,9:36
,성수성수,성수성수(외선),성수성수(내선)
,8:57,9:59,9:39
,성수성수(내선),신도림성수(외선),신도림까치산
9:00,9:00,,9:41
성수성수(외선),신도림까치산,,성수성수
9:05,9:00,,9:43
성수성수(외선),성수성수(내선),,신도림성수(내선)
9:09,9:04,,9:47
성수성수,성수성수(내선),,성수성수(내선)
9:12,9:08,,9:49
성수성수(외선),성수성수,,신도림까치산
9:18,9:10,,9:53
성수성수(외선),신도림까치산,,성수성수(내선)
9:21,9:11,,9:58
성수성수(외선),성수성수(내선),,신도림까치산
9:23,9:14,,9:59
성수성수,성수성수(내선),,성수성수(내선)
9:25,9:18,10:03,10:04
성수성수(외선),성수성수(내선),성수성수(외선),성수성수(내선)
9:27,9:19,10:08,10:09
성수성수(외선),신도림까치산,성수성수(외선),성수성수(내선)
9:30,9:21,10:14,10:10
성수성수(외선),성수성수(내선),성수성수(외선),신도림까치산
9:32,9:24,10:20,10:13
성수성수,성수성수,성수성수(외선),성수성수(내선)
9:35,9:27,10:24,10:18
성수성수(외선),성수성수(내선),신도림성수(외선),성수성수(내선)
9:37,9:29,10:28,10:20
성수성수(외선),신도림까치산,성수성수(외선),신도림까치산
9:40,9:31,10:34,10:22
성수성수(외선),성수성수(내선),성수성수(외선),성수성수
9:44,9:35,10:38,10:27
성수성수(외선),성수성수(내선),성수성수(외선),성수성수(내선)
9:47,9:39,10:44,10:30
성수성수(외선),신도림까치산,성수성수(외선),신도림까치산
9:52,9:39,10:49,10:32
성수성수,성수성수(내선),성수성수(외선),성수성수(내선)
9:55,9:42,10:54,10:38
성수성수(외선),성수성수,성수성수(외선),성수성수(내선)
,9:45,10:59,10:39
,성수성수(내선),성수성수(외선),신도림까치산
,9:49,,10:43
,성수성수(내선),,성수성수(내선)
,9:49,,10:49
,신도림까치산,,성수성수(내선)
,9:52,,10:50
,성수성수,,신도림까치산
,9:55,,10:52
,성수성수(내선),,신도림성수(내선)
,9:58,,10:56
,신도림까치산,,성수성수(내선)
,9:58,11:04,11:00
,성수성수(내선),성수성수(외선),신도림까치산
10:00,10:02,11:10,11:01
성수성수(외선),성수성수(내선),성수성수(외선),성수성수
10:03,10:08,11:15,11:06
성수성수,성수성수(내선),성수성수(외선),성수성수(내선)
10:09,10:10,11:20,11:10
성수성수(외선),신도림까치산,성수성수(외선),신도림까치산
10:13,10:11,11:27,11:11
성수성수(외선),성수성수(내선),성수성수(외선),성수성수(내선)
10:18,10:14,11:32,11:17
성수성수(외선),성수성수(내선),성수성수(외선),성수성수(내선)
10:24,10:20,11:38,11:19
성수성수(외선),성수성수(내선),성수성수(외선),신도림까치산
10:30,10:21,11:44,11:22
성수성수(외선),신도림까치산,성수성수(외선),성수성수(내선)
10:35,10:27,11:49,11:26
성수성수(외선),성수성수(내선),성수성수(외선),성수성수(내선)
10:42,10:30,11:54,11:29
성수성수(외선),신도림까치산,성수성수(외선),성수성수(내선)
10:48,10:34,11:59,11:29
성수성수(외선),성수성수(내선),성수성수(외선),신도림까치산
10:51,10:39,,11:34
성수성수(외선),신도림까치산,,성수성수(내선)
10:55,10:40,,11:39
성수성수(외선),성수성수(내선),,신도림까치산
,10:47,,11:39
,성수성수(내선),,성수성수(내선)
,10:50,,11:44
,신도림까치산,,성수성수(내선)
,10:51,,11:49
,성수성수(내선),,성수성수(내선)
,10:57,,11:50
,성수성수(내선),,신도림까치산
11:00,11:00,,11:57
성수성수(외선),신도림까치산,,성수성수(내선)
11:05,11:01,12:04,12:00
성수성수(외선),성수성수(내선),성수성수(외선),신도림까치산
11:10,11:06,12:09,12:03
성수성수(외선),성수성수(내선),성수성수(외선),성수성수(내선)
11:15,11:10,12:14,12:08
성수성수(외선),신도림까치산,성수성수(외선),성수성수(내선)
11:20,11:16,12:19,12:10
성수성수(외선),성수성수(내선),성수성수(외선),신도림까치산
11:25,11:20,12:24,12:13
성수성수(외선),성수성수(내선),성수성수(외선),성수성수(내선)
11:31,11:20,12:29,12:18
성수성수(외선),신도림까치산,성수성수(외선),성수성수(내선)
11:38,11:26,12:34,12:20
성수성수(외선),성수성수(내선),성수성수(외선),신도림까치산
11:43,11:29,12:39,12:23
성수성수(외선),신도림까치산,성수성수(외선),성수성수(내선)
11:48,11:32,12:44,12:28
성수성수(외선),성수성수(내선),성수성수(외선),성수성수(내선)
11:54,11:38,12:49,12:30
성수성수(외선),성수성수(내선),성수성수(외선),신도림까치산
,11:39,12:55,12:35
,신도림까치산,성수성수(외선),성수성수(내선)
,11:44,,12:40
,성수성수(내선),,신도림까치산
,11:50,,12:41
,신도림까치산,,성수성수(내선)
,11:50,,12:46
,성수성수(내선),,성수성수(내선)
,11:57,,12:50
,성수성수(내선),,신도림까치산
12:00,12:00,,12:51
성수성수(외선),신도림까치산,,성수성수(내선)
12:05,12:03,,12:56
성수성수(외선),성수성수(내선),,성수성수(내선)
12:11,12:09,13:02,13:00
성수성수(외선),성수성수(내선),성수성수(외선),신도림까치산
12:18,12:10,13:09,13:00
성수성수(외선),신도림까치산,성수성수(외선),성수성수(내선)
12:22,12:15,13:14,13:05
성수성수(외선),성수성수(내선),성수성수(외선),성수성수(내선)
12:26,12:20,13:19,13:09
성수성수(외선),신도림까치산,성수성수(외선),성수성수(내선)
12:31,12:21,13:24,13:10
성수성수(외선),성수성수(내선),성수성수(외선),신도림까치산
12:36,12:26,13:29,13:14
성수성수(외선),성수성수(내선),성수성수(외선),성수성수(내선)
12:41,12:30,13:34,13:20
성수성수(외선),신도림까치산,성수성수(외선),신도림까치산
12:46,12:31,13:39,13:20
성수성수(외선),성수성수(내선),성수성수(외선),성수성수(내선)
12:51,12:37,13:44,13:27
성수성수(외선),성수성수(내선),성수성수(외선),성수성수(내선)
12:56,12:40,13:49,13:30
성수성수(외선),신도림까치산,성수성수(외선),신도림까치산
,12:46,13:54,13:33
,성수성수(내선),성수성수(외선),성수성수(내선)
,12:50,13:59,13:38
,신도림까치산,성수성수(외선),성수성수(내선)
,12:51,,13:40
,성수성수(내선),,신도림까치산
,12:56,,13:43
,성수성수(내선),,성수성수(내선)
13:01,13:00,,13:48
성수성수(외선),신도림까치산,,성수성수(내선)
13:07,13:02,,13:50
성수성수(외선),성수성수(내선),,신도림까치산
13:13,13:08,,13:53
성수성수(외선),성수성수(내선),,성수성수(내선)
13:18,13:10,,13:59
성수성수(외선),신도림까치산,,성수성수(내선)
13:24,13:14,14:04,14:00
성수성수(외선),성수성수(내선),성수성수(외선),신도림까치산
13:30,13:20,14:09,14:06
성수성수(외선),신도림까치산,성수성수(외선),성수성수(내선)
13:36,13:20,14:14,14:10
성수성수(외선),성수성수(내선),성수성수(외선),신도림까치산
13:41,13:26,14:19,14:12
성수성수(외선),성수성수(내선),성수성수(외선),성수성수(내선)
13:47,13:30,14:25,14:17
성수성수(외선),신도림까치산,성수성수(외선),성수성수(내선)
13:52,13:32,14:32,14:20
성수성수(외선),성수성수(내선),성수성수(외선),신도림까치산
13:56,13:39,14:39,14:22
성수성수(외선),성수성수(내선),성수성수(외선),성수성수(내선)
,13:40,14:44,14:27
,신도림까치산,성수성수(외선),성수성수(내선)
,13:44,14:49,14:30
,성수성수(내선),성수성수(외선),신도림까치산
,13:50,14:54,14:31
,신도림까치산,성수성수(외선),성수성수(내선)
,13:50,14:59,14:35
,성수성수(내선),성수성수(외선),성수성수(내선)
,13:55,,14:39
,성수성수(내선),,성수성수(내선)
14:01,14:00,,14:40
성수성수(외선),신도림까치산,,신도림까치산
14:06,14:00,,14:44
성수성수(외선),성수성수(내선),,성수성수(내선)
14:11,14:07,,14:50
성수성수(외선),성수성수(내선),,신도림까치산
14:16,14:10,,14:50
성수성수(외선),신도림까치산,,성수성수(내선)
14:21,14:15,,14:57
성수성수(외선),성수성수(내선),,성수성수(내선)
14:26,14:20,15:04,15:00
성수성수(외선),신도림까치산,성수성수(외선),신도림까치산
14:31,14:21,15:10,15:03
성수성수(외선),성수성수(내선),신도림성수(외선),성수성수(내선)
14:37,14:26,15:14,15:08
성수성수(외선),성수성수(내선),성수성수(외선),성수성수(내선)
14:43,14:30,15:19,15:10
성수성수(외선),신도림까치산,성수성수(외선),신도림까치산
14:48,14:32,15:24,15:12
성수성수(외선),성수성수(내선),성수성수(외선),성수성수
14:54,14:38,15:29,15:18
성수성수(외선),성수성수(내선),성수성수(외선),성수성수(내선)
,14:40,15:34,15:20
,신도림까치산,성수성수(외선),신도림까치산
,14:44,15:39,15:23
,성수성수(내선),성수성수(외선),성수성수(내선)
,14:50,15:44,15:29
,신도림까치산,성수성수(외선),성수성수(내선)
,14:50,15:49,15:30
,성수성수(내선),성수성수(외선),신도림까치산
,14:56,15:55,15:33
,성수성수(내선),성수성수(외선),성수성수(내선)
15:00,15:00,,15:38
성수성수(외선),신도림까치산,,성수성수(내선)
15:06,15:02,,15:40
성수성수(외선),성수성수(내선),,신도림까치산
15:11,15:08,,15:43
성수성수(외선),성수성수(내선),,성수성수(내선)
15:17,15:10,,15:48
성수성수(외선),신도림까치산,,성수성수(내선)
15:21,15:14,,15:50
성수성수(외선),성수성수(내선),,신도림까치산
15:26,15:20,,15:53
성수성수(외선),신도림까치산,,성수성수(내선)
15:31,15:20,,15:58
성수성수(외선),성수성수(내선),,성수성수(내선)
15:36,15:25,16:03,16:00
성수성수(외선),성수성수(내선),성수성수(외선),신도림까치산
15:41,15:30,16:10,16:02
성수성수(외선),신도림까치산,신도림성수(외선),성수성수(내선)
15:46,15:30,16:14,16:09
성수성수(외선),성수성수(내선),성수성수(외선),성수성수(내선)
15:51,15:37,16:19,16:10
성수성수(외선),성수성수(내선),성수성수(외선),신도림까치산
15:56,15:40,16:24,16:13
성수성수(외선),신도림까치산,성수성수(외선),성수성수(내선)
,15:41,16:30,16:20
,신도림성수(내선),성수성수(외선),신도림까치산
,15:45,16:38,16:21
,성수성수(내선),성수성수(외선),성수성수(내선)
,15:50,16:43,16:27
,신도림까치산,성수성수(외선),성수성수(내선)
,15:51,16:49,16:30
,성수성수(내선),성수성수(외선),신도림까치산
,15:56,16:54,16:33
,성수성수(내선),성수성수(외선),성수성수(내선)
16:02,16:00,16:59,16:38
성수성수(외선),신도림까치산,성수성수(외선),성수성수(내선)
16:07,16:02,,16:39
성수성수(외선),성수성수(내선),,신도림까치산
16:13,16:08,,16:43
성수성수(외선),성수성수(내선),,성수성수(내선)
16:18,16:10,,16:48
성수성수(외선),신도림까치산,,성수성수(내선)
16:24,16:14,,16:49
성수성수(외선),성수성수(내선),,신도림까치산
16:30,16:20,,16:53
성수성수(외선),신도림까치산,,성수성수(내선)
16:33,16:20,,16:58
신도림성수(외선),성수성수(내선),,성수성수(내선)
16:36,16:26,,16:59
성수성수(외선),성수성수(내선),,신도림까치산
16:42,16:30,17:04,17:04
성수성수(외선),신도림까치산,성수성수(외선),성수성수(내선)
16:46,16:32,17:10,17:09
성수성수(외선),성수성수(내선),성수성수(외선),성수성수(내선)
16:50,16:38,17:14,17:09
성수성수(외선),성수성수(내선),성수성수,신도림까치산
16:54,16:39,17:18,17:14
성수성수(외선),신도림까치산,성수성수(외선),성수성수(내선)
16:57,16:44,17:24,17:19
성수성수(외선),성수성수(내선),성수성수(외선),신도림까치산
,16:49,17:29,17:19
,신도림까치산,성수성수(외선),성수성수(내선)
,16:50,17:34,17:27
,성수성수(내선),성수성수(외선),성수성수(내선)
,16:55,17:39,17:28
,성수성수(내선),성수성수(외선),신도림까치산
,16:58,17:44,17:32
,신도림성수(내선),성수성수(외선),성수성수(내선)
,16:59,17:49,17:37
,신도림까치산,성수성수(외선),성수성수(내선)
17:01,17:01,17:55,17:39
성수성수(외선),성수성수(내선),성수성수(외선),신도림까치산
17:06,17:06,,17:44
성수성수(외선),성수성수(내선),,성수성수(내선)
17:10,17:09,,17:49
성수성수(외선),신도림까치산,,신도림까치산
17:14,17:11,,17:49
성수성수(외선),성수성수(내선),,성수성수(내선)
17:17,17:15,,17:53
성수성수(외선),성수성수(내선),,성수성수(내선)
17:21,17:19,,17:57
성수성수(외선),신도림까치산,,성수성수
17:25,17:21,,17:59
성수성수(외선),성수성수(내선),,신도림까치산
17:29,17:26,18:00,18:00
신도림성수(외선),성수성수(내선),성수성수(외선),신도림성수(내선)
17:32,17:29,18:07,18:04
성수성수(외선),신도림까치산,성수성수(외선),성수성수(내선)
17:36,17:29,18:14,18:09
성수성수(외선),신도림성수(내선),성수성수(외선),신도림까치산
17:40,17:32,18:19,18:09
성수성수(외선),성수성수(내선),성수성수(외선),성수성수(내선)
17:44,17:35,18:24,18:14
성수성수(외선),성수성수(내선),성수성수(외선),성수성수(내선)
17:48,17:38,18:30,18:19
성수성수(외선),성수성수(내선),성수성수(외선),신도림까치산
17:51,17:39,18:35,18:22
성수성수(외선),신도림까치산,성수성수(외선),성수성수(내선)
17:54,17:41,18:41,18:27
성수성수(외선),신도림성수(내선),성수성수(외선),성수성수(내선)
,17:44,18:47,18:29
,성수성수(내선),성수성수(외선),신도림까치산
,17:49,18:53,18:33
,신도림까치산,성수성수(외선),성수성수(내선)
,17:50,18:59,18:38
,성수성수(내선),성수성수(외선),성수성수(내선)
,17:53,,18:39
,신도림성수(내선),,신도림까치산
,17:56,,18:44
,성수성수(내선),,성수성수(내선)
,17:59,,18:49
,신도림성수(내선),,신도림까치산
,17:59,,18:49
,신도림까치산,,성수성수(내선)
18:00,18:01,,18:54
성수성수(외선),성수성수(내선),,성수성수(내선)
18:03,18:04,,18:59
성수성수(외선),성수성수(내선),,신도림까치산
18:06,18:09,19:04,19:00
성수성수(외선),신도림까치산,성수성수(외선),성수성수(내선)
18:09,18:09,19:10,19:05
성수성수(외선),성수성수(내선),성수성수(외선),성수성수(내선)
18:12,18:14,19:16,19:09
성수성수(외선),성수성수(내선),신도림성수(외선),신도림까치산
18:16,18:17,19:19,19:11
성수성수(외선),성수성수(내선),성수성수,성수성수(내선)
18:20,18:19,19:24,19:16
성수성수(외선),신도림까치산,성수성수(외선),성수성수(내선)
18:24,18:20,19:30,19:19
성수성수(외선),성수성수(내선),성수성수(외선),신도림까치산
18:27,18:23,19:36,19:22
성수성수(외선),신도림성수(내선),성수성수(외선),성수성수(내선)
18:31,18:25,19:42,19:27
성수성수(외선),성수성수(내선),성수성수(외선),성수성수(내선)
18:36,18:28,19:48,19:29
성수성수(외선),성수성수(내선),성수성수(외선),신도림까치산
18:40,18:29,19:54,19:33
성수성수(외선),신도림까치산,성수성수(외선),성수성수(내선)
18:44,18:31,19:59,19:39
성수성수(외선),성수성수(내선),성수성수(외선),성수성수(내선)
18:47,18:34,,19:39
성수성수(외선),성수성수(내선),,신도림까치산
18:51,18:37,,19:44
성수성수(외선),성수성수(내선),,성수성수(내선)
18:55,18:39,,19:49
성수성수(외선),신도림까치산,,신도림까치산
18:59,18:41,,19:50
성수성수(외선),성수성수(내선),,성수성수(내선)
,18:45,,19:56
,성수성수(내선),,성수성수(내선)
,18:48,20:05,20:00
,성수성수(내선),성수성수(외선),신도림까치산
,18:49,20:11,20:02
,신도림까치산,성수성수(외선),성수성수(내선)
,18:51,20:17,20:07
,성수성수(내선),성수성수(외선),성수성수(내선)
,18:56,20:23,20:11
,성수성수(내선),성수성수(외선),신도림까치산
,18:59,20:29,20:12
,신도림까치산,성수성수(외선),성수성수(내선)
,18:59,20:35,20:17
,성수성수(내선),성수성수(외선),성수성수(내선)
19:02,19:02,20:41,20:20
성수성수,성수성수(내선),성수성수(외선),신도림까치산
19:06,19:04,20:47,20:23
성수성수(외선),성수성수(내선),성수성수(외선),성수성수(내선)
19:10,19:06,20:53,20:29
성수성수(외선),성수성수(내선),성수성수(외선),성수성수(내선)
19:14,19:08,20:59,20:32
성수성수(외선),성수성수(내선),성수성수(외선),신도림까치산
19:18,19:09,,20:35
성수성수,신도림까치산,,성수성수(내선)
19:21,19:11,,20:40
성수성수(외선),성수성수(내선),,신도림까치산
19:30,19:16,,20:40
성수성수,성수성수(내선),,성수성수(내선)
19:33,19:19,,20:46
성수성수(외선),신도림까치산,,성수성수(내선)
19:39,19:20,,20:49
성수성수(외선),성수성수,,신도림까치산
19:43,19:23,,20:52
성수성수(외선),성수성수(내선),,성수성수(내선)
19:50,19:26,,20:58
성수성수(외선),성수성수(내선),,성수성수(내선)
19:54,19:29,21:05,21:00
성수성수(외선),신도림까치산,성수성수(외선),신도림까치산
,19:29,21:11,21:06
,성수성수(내선),성수성수(외선),성수성수(내선)
,19:32,21:17,21:10
,성수성수(내선),성수성수(외선),신도림까치산
,19:35,21:23,21:13
,성수성수,성수성수(외선),성수성수(내선)
,19:39,21:30,21:19
,신도림까치산,성수성수(외선),성수성수(내선)
,19:39,21:36,21:20
,성수성수(내선),성수성수(외선),신도림까치산
,19:44,21:42,21:26
,성수성수(내선),성수성수(외선),성수성수(내선)
,19:48,21:47,21:32
,성수성수(내선),성수성수,신도림까치산
,19:49,21:52,21:32
,신도림까치산,성수성수(외선),성수성수(내선)
,19:53,21:58,21:41
,성수성수(내선),성수성수(외선),성수성수(내선)
,19:55,,21:44
,성수성수,,신도림까치산
,19:58,,21:47
,성수성수(내선),,성수성수(내선)
20:01,20:00,,21:53
성수성수(외선),신도림까치산,,성수성수(내선)
20:06,20:01,,21:54
성수성수(외선),성수성수(내선),,신도림까치산
20:10,20:04,22:05,22:00
성수성수(외선),성수성수(내선),성수성수(외선),성수성수(내선)
20:14,20:08,22:10,22:05
성수성수(외선),성수성수,성수성수,신도림까치산
20:18,20:09,22:18,22:09
성수성수(외선),신도림까치산,성수성수(외선),성수성수(내선)
20:25,20:11,22:25,22:15
성수성수(외선),성수성수(내선),성수성수(외선),신도림까치산
20:30,20:15,22:35,22:16
성수성수(외선),성수성수(내선),성수성수(외선),성수성수(내선)
20:35,20:18,22:42,22:23
성수성수(외선),성수성수(내선),성수성수(외선),성수성수(내선)
20:40,20:19,22:52막,22:30
성수성수(외선),신도림까치산,성수성수(외선),신도림까치산
20:45,20:21,22:59,22:30
성수성수(외선),성수성수,성수성수,성수성수(내선)
20:52,20:25,,22:42
성수성수(외선),성수성수(내선),,성수성수(내선)
,20:29,,22:46
,성수성수(내선),,신도림까치산
,20:30,,22:53
,신도림까치산,,성수성수
,20:32,23:05,23:02
,성수성수,성수성수,신도림까치산
,20:35,23:12막,23:03막
,성수성수(내선),성수성수,성수성수(내선)
,20:38,23:27막,23:14
,신도림까치산,성수삼성,성수성수
,20:42,23:47막,23:17
,성수성수(내선),성수서울대입구,신도림까치산
,20:47,,23:22막
,성수성수,,성수성수
,20:50,,23:32
,신도림까치산,,신도림까치산
,20:53,,23:38막
,성수성수(내선),,성수을지로입구
,20:59,,23:47막
,성수성수(내선),,신도림까치산
21:03,21:00,,23:50막
성수성수(외선),신도림까치산,,성수홍대입구
21:10,21:03,,
성수성수(외선),성수성수(내선),,
21:15,21:09,,
성수성수(외선),성수성수(내선),,
21:24,21:10,,
성수성수(외선),신도림까치산,,
21:31,21:14,,
성수성수(외선),성수성수(내선),,
21:36,21:19,,
성수성수(외선),성수성수(내선),,
21:45,21:20,,
성수성수(외선),신도림까치산,,
21:54,21:27,,
성수성수(외선),성수성수(내선),,
,21:31,,
,성수성수(내선),,
,21:32,,
,신도림까치산,,
,21:36,,
,성수성수(내선),,
,21:41,,
,성수성수(내선),,
,21:44,,
,신도림까치산,,
,21:45,,
,성수성수,,
,21:49,,
,성수성수(내선),,
,21:54,,
,신도림까치산,,
,21:55,,
,성수성수(내선),,
22:00,22:00,,
성수성수(외선),성수성수(내선),,
22:05,22:05,,
성수성수(외선),신도림까치산,,
22:11,22:06,,
성수성수(외선),성수성수(내선),,
22:16,22:13,,
성수성수(외선),성수성수(내선),,
22:23,22:15,,
성수성수(외선),신도림까치산,,
22:33,22:22,,
성수성수(외선),성수성수(내선),,
22:40,22:26,,
성수성수(외선),신도림까치산,,
22:47,22:29,,
성수성수(외선),성수성수(내선),,
22:55,22:34,,
성수성수(외선),성수성수(내선),,
,22:40,,
,성수성수(내선),,
,22:42,,
,신도림까치산,,
,22:45,,
,성수성수(내선),,
,22:50,,
,성수성수(내선),,
,22:56,,
,신도림까치산,,
,22:57,,
,성수성수(내선),,
23:06,23:06,,
성수성수(외선),성수성수(내선),,
23:16,23:11,,
성수성수(외선),신도림까치산,,
23:24,23:19,,
성수성수,성수성수(내선),,
23:31,23:25,,
성수성수(외선),신도림까치산,,
23:42,23:30,,
성수성수(외선),성수성수(내선),,
23:55막,23:37,,
성수성수(외선),성수성수,,
,23:42,,
,신도림까치산,,
,23:44,,
,성수성수(내선),,
,23:53,,
,성수성수,,
,23:56,,
,신도림까치산,,
00:10막,00:04막,,
성수성수,성수성수(내선),,
00:27막,0:10,,
성수삼성,신도림까치산,,
00:47막,0:14,,
성수서울대입구,성수성수,,
,00:21막,,
,성수성수,,
,0:24,,
,신도림까치산,,
,00:37막,,
,성수을지로입구,,
,0:38,,
,신도림까치산,,
,00:49막,,
,성수홍대입구,,
,00:51막,,
,신도림까치산,,
