﻿봉천방면,신대방방면,봉천방면,신대방방면
평일,평일,주말,주말
05:39첫,05:33첫,05:39첫,05:33첫
신도림성수(외선),서울대입구성수(내선),신도림성수(외선),서울대입구성수(내선)
5:45,5:54,5:45,5:52
신도림성수(외선),삼성성수(내선),신도림성수(외선),삼성성수(내선)
5:51,,5:51,
홍대입구성수(외선),,홍대입구성수(외선),
5:57,,5:56,
신도림성수(외선),,신도림성수(외선),
6:03,6:10,6:02,6:09
을지로입구성수(외선),성수성수(내선),을지로입구성수(외선),성수성수(내선)
6:09,6:20,6:07,6:19
신도림성수(외선),성수성수(내선),신도림성수(외선),성수성수(내선)
6:18,6:27,6:13,6:27
성수성수(외선),성수성수(내선),신도림성수(외선),성수성수(내선)
6:22,6:34,6:19,6:36
신도림성수(외선),성수성수(내선),성수성수(외선),성수성수(내선)
6:28,6:38,6:25,6:42
성수성수(외선),성수성수(내선),신도림성수(외선),성수성수(내선)
6:32,6:44,6:31,6:48
신도림성수(외선),성수성수(내선),성수성수(외선),성수성수(내선)
6:38,6:50,6:37,6:54
성수성수(외선),성수성수(내선),성수성수(외선),성수성수(내선)
6:42,6:57,6:43,
신도림성수(외선),성수성수(내선),성수성수(외선),
6:47,,6:50,
성수성수(외선),,성수성수(외선),
6:52,,6:56,
신도림성수(외선),,성수성수(외선),
6:57,,7:02,7:00
성수성수(외선),,성수성수(외선),성수성수(내선)
7:02,7:03,7:08,7:06
신도림성수(외선),성수성수(내선),성수성수(외선),성수성수(내선)
7:06,7:08,7:14,7:12
성수성수(외선),성수성수(내선),성수성수(외선),성수성수(내선)
7:12,7:11,7:20,7:18
성수성수(외선),성수성수(내선),성수성수(외선),성수성수(내선)
7:16,7:17,7:25,7:22
성수성수(외선),성수성수(내선),성수성수(외선),성수성수(내선)
7:19,7:21,7:31,7:27
신도림성수(외선),성수성수(내선),성수성수(외선),성수성수(내선)
7:22,7:25,7:37,7:32
성수성수(외선),성수성수(내선),성수성수(외선),성수성수(내선)
7:25,7:31,7:43,7:38
성수성수(외선),성수성수(내선),성수성수(외선),성수성수(내선)
7:28,7:35,7:49,7:43
성수성수(외선),성수성수(내선),성수성수(외선),성수성수(내선)
7:31,7:38,7:54,7:48
신도림성수(외선),성수성수(내선),성수성수(외선),성수성수(내선)
7:34,7:42,7:58,7:53
성수성수(외선),성수성수(내선),신도림성수(외선),성수성수(내선)
7:37,7:45,,7:59
성수성수(외선),성수성수(내선),,성수성수(내선)
7:40,7:49,8:03,8:04
성수성수(외선),성수성수(내선),성수성수(외선),성수성수(내선)
7:43,7:53,8:09,8:10
신도림성수(외선),성수성수(내선),성수성수(외선),성수성수(내선)
7:47,7:57,8:14,8:15
성수성수(외선),성수성수(내선),성수성수(외선),성수성수(내선)
7:50,,8:20,8:21
신도림성수(외선),,성수성수(외선),성수성수(내선)
7:53,,8:24,8:26
성수성수(외선),,성수성수,성수성수(내선)
7:55,,8:32,8:32
신도림성수(외선),,성수성수(외선),성수성수(내선)
7:58,,8:38,8:37
신도림성수(외선),,성수성수(외선),성수성수(내선)
8:00,8:00,8:44,8:43
성수성수(외선),성수성수(내선),성수성수(외선),성수성수(내선)
8:03,8:04,8:48,8:48
신도림성수(외선),성수성수(내선),신도림성수(외선),성수성수(내선)
8:05,8:07,8:51,8:54
성수성수(외선),성수성수(내선),성수성수,성수성수(내선)
8:08,8:11,8:55,8:59
신도림성수(외선),성수성수(내선),성수성수(외선),성수성수(내선)
8:10,8:14,9:01,9:05
성수성수(외선),성수성수(내선),성수성수(외선),성수성수(내선)
8:13,8:17,9:07,9:10
신도림성수(외선),성수성수(내선),성수성수(외선),성수성수(내선)
8:15,8:21,9:13,9:16
성수성수(외선),성수성수(내선),성수성수(외선),성수성수(내선)
8:18,8:24,9:16,9:21
신도림성수(외선),성수성수(내선),신도림성수(외선),성수성수(내선)
8:20,8:27,9:19,9:26
성수성수,성수성수(내선),성수성수,성수성수(내선)
8:23,8:30,9:23,9:31
신도림성수(외선),성수성수(내선),성수성수(외선),성수성수
8:26,8:33,9:28,9:38
성수성수(외선),성수성수(내선),성수성수(외선),성수성수(내선)
8:28,8:37,9:34,9:44
신도림성수(외선),성수성수(내선),성수성수(외선),성수성수(내선)
8:30,8:41,9:39,9:49
성수성수(외선),성수성수(내선),성수성수(외선),성수성수(내선)
8:33,8:44,9:44,9:54
성수성수(외선),성수성수,성수성수(외선),성수성수(내선)
8:35,8:47,9:50,9:59
성수성수(외선),성수성수(내선),성수성수(외선),성수성수(내선)
8:39,8:50,9:56,
성수성수(외선),성수성수(내선),성수성수(외선),
8:42,8:54,10:01,10:02
성수성수(외선),성수성수(내선),성수성수(외선),성수성수(내선)
8:45,8:58,10:08,10:07
성수성수(외선),성수성수,신도림성수(외선),성수성수(내선)
8:49,,10:13,10:12
성수성수(외선),,성수성수(외선),성수성수
8:52,,10:18,10:17
성수성수(외선),,성수성수(외선),성수성수(내선)
8:55,,10:24,10:22
성수성수,,성수성수(외선),성수성수(내선)
8:58,,10:29,10:28
성수성수(외선),,성수성수(외선),성수성수(내선)
9:00,9:01,10:33,10:33
성수성수(외선),성수성수(내선),신도림성수(외선),성수성수(내선)
9:03,9:04,10:38,10:39
성수성수(외선),성수성수(내선),성수성수(외선),성수성수(내선)
9:06,9:08,10:43,10:45
성수성수,성수성수(내선),성수성수(외선),성수성수(내선)
9:09,9:11,10:48,10:51
성수성수(외선),성수성수(내선),성수성수(외선),성수성수
9:15,9:14,10:53,10:56
성수성수(외선),성수성수,성수성수(외선),성수성수(내선)
9:19,9:17,10:59,
성수성수,성수성수(내선),성수성수(외선),
9:22,9:21,11:04,11:01
성수성수(외선),성수성수(내선),성수성수(외선),성수성수(내선)
9:28,9:25,11:09,11:07
성수성수(외선),성수성수(내선),성수성수(외선),성수성수(내선)
9:30,9:29,11:14,11:12
성수성수(외선),성수성수(내선),성수성수(외선),성수성수(내선)
9:32,9:32,11:19,11:16
성수성수,성수성수,성수성수(외선),성수성수(내선)
9:34,9:35,11:25,11:18
성수성수(외선),성수성수(내선),성수성수(외선),성수성수(내선)
9:37,9:39,11:30,11:23
성수성수(외선),성수성수(내선),성수성수(외선),성수성수(내선)
9:39,9:42,11:36,11:29
성수성수(외선),성수성수,성수성수(외선),성수성수(내선)
9:42,9:45,11:42,11:34
성수성수,성수성수(내선),성수성수(외선),성수성수(내선)
9:44,9:48,11:48,11:39
성수성수(외선),성수성수(내선),성수성수(외선),성수성수(내선)
9:47,9:52,11:53,11:47
성수성수(외선),성수성수(내선),성수성수(외선),성수성수(내선)
9:49,09:55첫,11:59,11:52
성수성수(외선),성수신도림,성수성수(외선),성수성수(내선)
9:54,9:58,,11:58
성수성수(외선),성수성수(내선),,성수성수(내선)
9:57,,12:04,12:03
성수성수(외선),,성수성수(외선),성수성수(내선)
10:02,10:01,12:09,12:08
성수성수,성수성수(내선),성수성수(외선),성수성수(내선)
10:04,10:04,12:14,12:13
성수성수(외선),성수성수(내선),성수성수(외선),성수성수(내선)
10:10,10:07,12:19,12:18
성수성수(외선),성수신도림,성수성수(외선),성수성수(내선)
10:12,10:10,12:24,12:25
성수성수,성수성수(내선),성수성수(외선),성수성수(내선)
10:19,10:17,12:29,12:31
성수성수(외선),성수성수(내선),성수성수(외선),성수성수(내선)
10:23,10:20,12:34,12:36
성수성수(외선),성수신도림,성수성수(외선),성수성수(내선)
10:28,10:24,12:39,12:41
성수성수(외선),성수성수(내선),성수성수(외선),성수성수(내선)
10:33,10:30,12:44,12:46
성수성수(외선),성수성수(내선),성수성수(외선),성수성수(내선)
10:39,10:34,12:49,12:50
성수성수(외선),성수신도림,성수성수(외선),성수성수(내선)
10:45,10:37,12:54,12:55
성수성수(외선),성수성수(내선),성수성수(외선),성수성수(내선)
10:51,10:41,12:59,12:59
성수성수(외선),성수성수(내선),성수성수(외선),성수성수(내선)
10:57,10:47,13:05,13:04
성수성수(외선),성수성수(내선),성수성수(외선),성수성수(내선)
,10:51,13:12,13:10
,성수성수(내선),성수성수(외선),성수성수(내선)
,10:56,13:19,13:17
,성수성수(내선),성수성수(외선),성수성수(내선)
11:00,11:00,13:24,13:23
성수성수(외선),성수신도림,성수성수(외선),성수성수(내선)
11:05,11:06,13:29,13:28
성수성수(외선),성수성수(내선),성수성수(외선),성수성수(내선)
11:10,11:10,13:34,13:33
성수성수(외선),성수성수(내선),성수성수(외선),성수성수(내선)
11:15,11:16,13:39,13:38
성수성수(외선),성수성수(내선),성수성수(외선),성수성수(내선)
11:20,11:19,13:44,13:43
성수성수(외선),성수신도림,성수성수(외선),성수성수(내선)
11:25,11:22,13:49,13:49
성수성수(외선),성수성수(내선),성수성수(외선),성수성수(내선)
11:29,11:28,13:54,13:56
성수성수(외선),성수성수(내선),성수성수(외선),성수성수(내선)
11:35,11:31,13:59,
성수성수(외선),성수신도림,성수성수(외선),
11:40,11:34,14:04,14:02
성수성수(외선),성수성수(내선),성수성수(외선),성수성수(내선)
11:47,11:40,14:09,14:07
성수성수(외선),성수성수(내선),성수성수(외선),성수성수(내선)
11:53,11:47,14:14,14:12
성수성수(외선),성수성수(내선),성수성수(외선),성수성수(내선)
11:58,11:53,14:19,14:16
성수성수(외선),성수성수(내선),성수성수(외선),성수성수(내선)
,11:59,14:24,14:21
,성수성수(내선),성수성수(외선),성수성수(내선)
12:04,12:05,14:29,14:25
성수성수(외선),성수성수(내선),성수성수(외선),성수성수(내선)
12:10,12:11,14:35,14:29
성수성수(외선),성수성수(내선),성수성수(외선),성수성수(내선)
12:15,12:16,14:42,14:34
성수성수(외선),성수성수(내선),성수성수(외선),성수성수(내선)
12:21,12:21,14:49,14:40
성수성수(외선),성수성수(내선),성수성수(외선),성수성수(내선)
12:27,12:27,14:54,14:47
성수성수(외선),성수성수(내선),성수성수(외선),성수성수(내선)
12:32,12:36,14:59,14:53
성수성수(외선),성수성수(내선),성수성수(외선),성수성수(내선)
12:36,12:41,,14:58
성수성수(외선),성수성수(내선),,성수성수(내선)
12:41,12:46,15:04,15:02
성수성수(외선),성수성수(내선),성수성수(외선),성수성수
12:46,12:52,15:09,15:08
성수성수(외선),성수성수(내선),성수성수(외선),성수성수(내선)
12:51,12:58,15:14,15:13
성수성수(외선),성수성수(내선),성수성수(외선),성수성수(내선)
12:56,,15:19,15:19
성수성수(외선),,신도림성수(외선),성수성수(내선)
13:01,13:04,15:24,15:23
성수성수(외선),성수성수(내선),성수성수(외선),성수성수(내선)
13:06,13:10,15:29,15:28
성수성수(외선),성수성수(내선),성수성수(외선),성수성수(내선)
13:11,13:16,15:34,15:33
성수성수(외선),성수성수(내선),성수성수(외선),성수성수(내선)
13:17,13:22,15:39,15:38
성수성수(외선),성수성수(내선),성수성수(외선),성수성수(내선)
13:23,13:29,15:44,15:43
성수성수(외선),성수성수(내선),성수성수(외선),성수성수(내선)
13:28,13:34,15:49,15:47
성수성수(외선),성수성수(내선),성수성수(외선),성수성수(내선)
13:34,13:40,15:54,15:52
성수성수(외선),성수성수(내선),성수성수(외선),성수성수(내선)
13:40,13:45,15:59,15:55첫
성수성수(외선),성수성수(내선),성수성수(외선),성수신도림
13:46,13:50,,15:59
성수성수(외선),성수성수(내선),,성수성수(내선)
13:51,13:57,16:05,16:03
성수성수(외선),성수성수(내선),성수성수(외선),성수성수(내선)
13:57,,16:13,16:11
성수성수(외선),,성수성수(외선),성수성수(내선)
14:01,14:05,16:19,16:17
성수성수(외선),성수성수(내선),신도림성수(외선),성수성수(내선)
14:06,14:11,16:24,16:23
성수성수(외선),성수성수(내선),성수성수(외선),성수성수(내선)
14:11,14:16,16:29,16:28
성수성수(외선),성수성수(내선),성수성수(외선),성수성수(내선)
14:16,14:22,16:34,16:33
성수성수(외선),성수성수(내선),성수성수(외선),성수성수(내선)
14:21,14:28,16:39,16:38
성수성수(외선),성수성수(내선),성수성수(외선),성수성수(내선)
14:26,14:34,16:47,16:43
성수성수(외선),성수성수(내선),성수성수(외선),성수성수(내선)
14:31,14:40,16:53,16:49
성수성수(외선),성수성수(내선),성수성수(외선),성수성수(내선)
14:36,14:46,16:59,16:53
성수성수(외선),성수성수(내선),성수성수(외선),성수성수(내선)
14:41,14:52,,16:59
성수성수(외선),성수성수(내선),,성수성수(내선)
14:47,14:58,17:04,17:04
성수성수(외선),성수성수(내선),성수성수(외선),성수성수(내선)
14:53,,17:09,17:09
성수성수(외선),,성수성수(외선),성수성수(내선)
14:58,,17:14,17:13
성수성수(외선),,성수성수(외선),성수신도림
15:04,15:04,17:20,17:17
성수성수(외선),성수성수(내선),성수성수(외선),성수성수(내선)
15:10,15:10,17:24,17:22
성수성수(외선),성수성수(내선),성수성수,성수성수(내선)
15:16,15:15,17:27,17:27
성수성수(외선),성수성수(내선),성수성수(외선),성수성수(내선)
15:21,15:20,17:33,17:31
성수성수(외선),성수성수(내선),성수성수(외선),성수신도림
15:26,15:27,17:38,17:34
성수성수(외선),성수성수(내선),성수성수(외선),성수성수(내선)
15:30,15:35,17:43,17:39
성수성수(외선),성수성수(내선),성수성수(외선),성수성수(내선)
15:36,15:41,17:49,17:43
성수성수(외선),성수성수(내선),성수성수(외선),성수성수(내선)
15:41,15:46,17:54,17:47
성수성수(외선),성수성수(내선),성수성수(외선),성수성수
15:46,15:52,17:59,17:54
성수성수(외선),성수성수(내선),성수성수(외선),성수성수(내선)
15:50,15:58,,17:59
성수성수(외선),성수성수(내선),,성수성수(내선)
15:56,,18:04,18:04
성수성수(외선),,성수성수(외선),성수성수(내선)
16:01,16:04,18:10,18:08
성수성수(외선),성수성수(내선),성수성수(외선),성수신도림
16:05,16:10,18:17,18:12
성수성수(외선),성수성수(내선),성수성수(외선),성수성수(내선)
16:11,16:16,18:24,18:17
성수성수(외선),성수성수(내선),성수성수(외선),성수성수(내선)
16:16,16:22,18:28,18:23
성수성수(외선),성수성수(내선),성수성수(외선),성수성수(내선)
16:23,16:28,18:34,18:28
성수성수(외선),성수성수(내선),성수성수(외선),성수성수(내선)
16:28,16:34,18:39,18:34
성수성수(외선),성수성수(내선),성수성수(외선),성수성수(내선)
16:34,16:40,18:45,18:39
성수성수(외선),성수성수(내선),성수성수(외선),성수성수(내선)
16:40,16:45,18:51,18:44
성수성수(외선),성수성수(내선),성수성수(외선),성수성수(내선)
16:43,16:51,18:57,18:50
신도림성수(외선),성수성수(내선),성수성수(외선),성수성수(내선)
16:46,16:56,,18:55
성수성수(외선),성수성수(내선),,성수성수(내선)
16:51,,19:03,19:01
성수성수(외선),,성수성수(외선),성수성수(내선)
16:56,,19:08,19:06
성수성수(외선),,성수성수(외선),성수성수(내선)
17:00,17:01,19:14,19:12
성수성수(외선),성수성수(내선),성수성수(외선),성수성수(내선)
17:03,17:05,19:20,19:17
성수성수(외선),성수성수(내선),성수성수(외선),성수성수(내선)
17:07,17:11,19:26,19:24
성수성수(외선),성수성수(내선),신도림성수(외선),성수성수(내선)
17:11,17:16,19:29,19:29
성수성수(외선),성수성수(내선),성수성수,성수성수(내선)
17:16,17:22,19:34,19:34
성수성수(외선),성수성수(내선),성수성수(외선),성수성수(내선)
17:20,17:25,19:40,19:40
성수성수(외선),성수성수(내선),성수성수(외선),성수성수(내선)
17:23,17:28,19:46,19:46
성수성수(외선),성수성수(내선),성수성수(외선),성수성수(내선)
17:27,17:34,19:52,19:52
성수성수(외선),성수성수(내선),성수성수(외선),성수성수(내선)
17:31,17:40,19:57,19:57
성수성수(외선),성수성수(내선),성수성수(외선),성수성수(내선)
17:35,17:46,20:03,20:02
성수성수(외선),성수성수(내선),성수성수(외선),성수성수(내선)
17:39,17:51,20:09,20:08
신도림성수(외선),성수성수(내선),성수성수(외선),성수성수(내선)
17:42,17:54,20:15,20:13
성수성수(외선),성수성수(내선),성수성수(외선),성수성수(내선)
17:46,17:59,20:21,20:19
성수성수(외선),성수성수(내선),성수성수(외선),성수성수(내선)
17:50,,20:27,20:25
성수성수(외선),,성수성수(외선),성수성수(내선)
17:54,,20:33,20:30
성수성수(외선),,성수성수(외선),성수성수(내선)
17:58,,20:39,20:36
성수성수(외선),,성수성수(외선),성수성수(내선)
18:01,18:04,20:45,20:42
성수성수(외선),성수성수(내선),성수성수(외선),성수성수(내선)
18:04,18:07,20:51,20:47
성수성수(외선),성수성수(내선),성수성수(외선),성수성수(내선)
18:10,18:10,20:57,20:52
성수성수(외선),성수성수(내선),성수성수(외선),성수신도림
18:13,18:15,,20:57
성수성수(외선),성수성수(내선),,성수성수(내선)
18:16,18:18,21:03,21:03
성수성수(외선),성수성수(내선),성수성수(외선),성수성수(내선)
18:19,18:21,21:09,21:09
성수성수(외선),성수성수(내선),성수성수(외선),성수성수(내선)
18:22,18:24,21:15,21:16
성수성수(외선),성수성수(내선),성수성수(외선),성수성수(내선)
18:26,18:27,21:21,21:22
성수성수(외선),성수성수(내선),성수성수(외선),성수성수(내선)
18:30,18:31,21:27,21:27
성수성수(외선),성수성수(내선),성수성수(외선),성수신도림
18:33,18:35,21:33,21:31
성수성수(외선),성수성수(내선),성수성수(외선),성수성수(내선)
18:37,18:38,21:39,21:37
성수성수(외선),성수성수(내선),성수성수(외선),성수성수(내선)
18:41,18:41,21:46,21:43
성수성수(외선),성수성수(내선),성수성수(외선),성수성수(내선)
18:46,18:46,21:52,21:49
성수성수(외선),성수성수(내선),성수성수(외선),성수성수(내선)
18:50,18:49,21:57,21:55
성수성수(외선),성수성수(내선),성수성수,성수신도림
18:53,18:52,,21:59
성수성수(외선),성수성수(내선),,성수성수(내선)
18:57,18:54,22:01,22:06
성수성수(외선),성수성수(내선),성수성수(외선),성수성수(내선)
,18:56,22:08,22:13
,성수성수(내선),성수성수(외선),성수성수(내선)
,18:58,22:14,22:20
,성수성수(내선),성수성수(외선),성수성수(내선)
19:01,19:01,22:19,22:26
성수성수(외선),성수성수(내선),성수성수,성수신도림
19:05,19:06,22:28,22:32
성수성수(외선),성수성수(내선),성수성수(외선),성수성수(내선)
19:09,19:10,22:35,22:39
성수성수(외선),성수성수,성수성수(외선),성수신도림
19:12,19:13,22:44,22:44
성수성수,성수성수(내선),성수성수(외선),성수성수
19:15,19:16,22:52,22:53막
성수성수(외선),성수성수(내선),성수성수(외선),성수성수(내선)
19:20,19:19,23:02막,23:00
성수성수(외선),성수성수(내선),성수성수(외선),성수신도림
19:24,19:22,23:08,23:05
성수성수(외선),성수성수(내선),성수성수,성수성수
19:28,19:25,23:15,23:12막
성수성수,성수성수,성수성수,성수성수
19:31,19:29,23:21막,23:21
성수성수(외선),성수성수(내선),성수성수,성수신도림
19:39,19:34,23:37막,23:28막
성수성수,성수성수(내선),성수삼성,성수을지로입구
19:43,19:38,23:57막,23:36
성수성수(외선),성수성수(내선),성수서울대입구,성수신도림
19:49,19:40,,23:41막
성수성수(외선),성수신도림,,성수홍대입구
19:52,19:43,,23:51막
성수성수(외선),성수성수(내선),,성수신도림
,19:45,,
,성수성수,,
,19:48,,
,성수성수(내선),,
,19:51,,
,성수성수(내선),,
,19:54,,
,성수성수(내선),,
,19:58,,
,성수성수,,
20:00,20:01,,
성수성수(외선),성수성수(내선),,
20:03,20:05,,
성수성수(외선),성수성수(내선),,
20:11,20:08,,
성수성수(외선),성수성수(내선),,
20:16,20:11,,
성수성수(외선),성수성수,,
20:20,20:15,,
성수성수(외선),성수성수(내선),,
20:23,20:19,,
성수성수(외선),성수성수(내선),,
20:27,20:22,,
성수성수(외선),성수성수,,
20:34,20:25,,
성수성수(외선),성수성수(내선),,
20:40,20:28,,
성수성수(외선),성수신도림,,
20:45,20:32,,
성수성수(외선),성수성수(내선),,
20:50,20:37,,
성수성수(외선),성수성수,,
20:55,20:43,,
성수성수(외선),성수성수(내선),,
,20:46,,
,성수신도림,,
,20:49,,
,성수성수(내선),,
,20:53,,
,성수성수(내선),,
,20:59,,
,성수성수(내선),,
21:02,21:04,,
성수성수(외선),성수성수(내선),,
21:12,21:09,,
성수성수(외선),성수성수(내선),,
21:19,21:13,,
성수성수(외선),성수신도림,,
21:25,21:17,,
성수성수(외선),성수성수(내선),,
21:34,21:21,,
성수성수(외선),성수성수(내선),,
21:41,21:26,,
성수성수(외선),성수성수(내선),,
21:46,21:31,,
성수성수(외선),성수성수(내선),,
21:54,21:35,,
성수성수(외선),성수성수,,
,21:39,,
,성수성수(내선),,
,21:45,,
,성수성수(내선),,
,21:50,,
,성수성수(내선),,
,21:56,,
,성수성수(내선),,
22:04,22:03,,
성수성수(외선),성수성수(내선),,
22:10,22:12,,
성수성수(외선),성수성수(내선),,
22:15,22:19,,
성수성수(외선),성수성수(내선),,
22:21,22:24,,
성수성수(외선),성수성수(내선),,
22:26,22:30,,
성수성수(외선),성수성수(내선),,
22:33,22:35,,
성수성수(외선),성수성수(내선),,
22:42,22:40,,
성수성수(외선),성수성수(내선),,
22:50,22:47,,
성수성수(외선),성수성수(내선),,
22:57,22:51,,
성수성수(외선),성수신도림,,
,22:56,,
,성수성수(내선),,
23:05,23:02,,
성수성수(외선),성수신도림,,
23:16,23:09,,
성수성수(외선),성수성수(내선),,
23:25,23:15,,
성수성수(외선),성수신도림,,
23:34,23:20,,
성수성수,성수성수(내선),,
23:41,23:27,,
성수성수(외선),성수성수,,
23:52,23:34,,
성수성수(외선),성수성수(내선),,
,23:43,,
,성수성수,,
,23:49,,
,성수신도림,,
,23:54막,,
,성수성수(내선),,
00:05막,0:00,,
성수성수(외선),성수신도림,,
00:20막,0:04,,
성수성수,성수성수,,
00:36막,00:11막,,
성수삼성,성수성수,,
00:57막,0:18,,
성수서울대입구,성수신도림,,
,00:27막,,
,성수을지로입구,,
,00:39막,,
,성수홍대입구,,
,00:51막,,
,성수신도림,,
