﻿뚝섬/용답방면,건대입구방면,뚝섬/용답방면,건대입구방면
평일,평일,주말,주말
05:30첫,05:30첫,05:28첫,05:30첫
성수성수(외선),성수성수(내선),성수신설동,성수성수(내선)
05:30첫,5:40,5:30,5:40
성수신설동,성수성수(내선),성수성수(외선),성수성수(내선)
5:39,5:47,5:40,5:48
성수성수(외선),성수성수(내선),성수성수(외선),성수성수(내선)
5:43,5:54,5:42,5:57
성수신설동,성수성수(내선),성수신설동,성수성수(내선)
5:49,5:58,5:47,
성수성수(외선),성수성수(내선),성수성수(외선),
5:58,,5:53,
성수성수(외선),,성수성수(외선),
5:59,,5:57,
성수신설동,,성수신설동,
6:08,6:04,6:00,6:03
성수성수(외선),성수성수(내선),성수성수(외선),성수성수(내선)
6:14,6:10,6:06,6:09
성수신설동,성수성수(내선),성수성수(외선),성수성수(내선)
6:17,6:17,6:12,6:15
성수성수(외선),성수성수(내선),성수신설동,성수성수(내선)
6:22,6:23,6:13,6:21
성수성수(외선),성수성수(내선),성수성수(외선),성수성수(내선)
6:27,6:27,6:19,6:27
성수성수(외선),성수성수(내선),성수성수(외선),성수성수(내선)
6:30,6:30,6:25,6:33
성수신설동,성수성수(내선),성수성수(외선),성수성수(내선)
6:33,6:36,6:27,6:39
성수성수(외선),성수성수(내선),성수신설동,성수성수(내선)
6:36,6:40,6:31,6:43
성수성수(외선),성수성수(내선),성수성수(외선),성수성수(내선)
6:38,6:43,6:37,6:47
성수성수(외선),성수성수(내선),성수성수(외선),성수성수(내선)
6:44,6:49,6:42,6:53
성수성수(외선),성수성수(내선),성수신설동,성수성수(내선)
6:46,6:53,6:43,6:59
성수신설동,성수성수(내선),성수성수(외선),성수성수(내선)
6:47,6:56,6:49,
성수성수(외선),성수성수(내선),성수성수(외선),
6:52,,6:55,
성수성수(외선),,성수성수(외선),
6:58,,6:57,
성수신설동,,성수신설동,
6:58,,7:01,7:04
성수성수(외선),,성수성수(외선),성수성수(내선)
7:03,7:00,7:07,7:09
성수성수(외선),성수성수(내선),성수성수(외선),성수성수(내선)
7:10,7:03,7:13,7:14
성수성수(외선),성수성수(내선),성수성수(외선),성수성수(내선)
7:10,7:07,7:13,7:20
성수신설동,성수성수(내선),성수신설동,성수성수(내선)
7:15,7:11,7:19,7:25
성수성수(외선),성수성수(내선),성수성수(외선),성수성수(내선)
7:18,7:15,7:25,7:31
성수신설동,성수성수(내선),성수성수(외선),성수성수(내선)
7:20,7:18,7:27,7:36
성수성수(외선),성수성수(내선),성수신설동,성수성수(내선)
7:25,7:22,7:31,7:42
성수성수(외선),성수성수(내선),성수성수(외선),성수성수(내선)
7:28,7:25,7:37,7:47
성수신설동,성수성수(내선),성수성수,성수성수(내선)
7:30,7:29,7:39,7:53
성수성수,성수성수(내선),성수신설동,성수성수(내선)
7:35,7:32,7:43,7:58
성수신설동,성수성수(내선),성수성수(외선),성수성수(내선)
7:35,7:35,7:48,
성수성수(외선),성수성수(내선),성수신설동,
7:40,7:38,7:49,
성수성수(외선),성수성수(내선),성수성수(외선),
7:42,7:42,7:55,
성수신설동,성수성수(내선),성수성수(외선),
7:42,7:45,7:59,
성수성수(외선),성수성수(내선),성수신설동,
7:45,7:48,8:01,8:04
성수성수(외선),성수성수(내선),성수성수,성수성수(내선)
7:49,7:51,8:06,8:09
성수성수(외선),성수성수(내선),성수성수(외선),성수성수(내선)
7:49,7:55,8:09,8:15
성수신설동,성수성수(내선),성수신설동,성수성수(내선)
7:52,7:58,8:12,8:20
성수성수(외선),성수성수(내선),성수성수(외선),성수성수(내선)
7:55,,8:18,8:26
성수성수(외선),,성수성수(외선),성수성수(내선)
7:58,,8:20,8:31
성수신설동,,성수신설동,성수성수(내선)
7:59,,8:24,8:37
성수성수(외선),,성수성수(외선),성수성수(내선)
8:02,8:01,8:29,8:42
성수성수(외선),성수성수,성수신설동,성수성수(내선)
8:05,8:04,8:29,8:47
성수성수,성수성수(내선),성수성수,성수성수(내선)
8:05,8:08,8:35,8:52
성수신설동,성수성수(내선),성수성수(외선),성수성수
8:08,8:12,8:40,8:59
성수성수(외선),성수성수(내선),성수성수(외선),성수성수(내선)
8:10,8:15,8:40,
성수성수(외선),성수성수,성수신설동,
8:12,8:18,8:45,
성수신설동,성수성수(내선),성수성수(외선),
8:13,8:22,8:50,
성수성수(외선),성수성수(내선),성수신설동,
8:16,8:26,8:50,
성수성수,성수성수(내선),성수성수(외선),
8:19,8:29,8:56,
성수신설동,성수성수(내선),성수성수(외선),
8:19,8:33,9:00,9:05
성수성수(외선),성수성수,성수신설동,성수성수(내선)
8:22,8:36,9:01,9:10
성수신도림,성수성수(내선),성수성수(외선),성수성수(내선)
8:25,8:40,9:07,9:15
성수성수(외선),성수성수(내선),성수성수(외선),성수성수(내선)
8:28,8:44,9:09,9:19
성수신설동,성수성수(내선),성수신설동,성수성수(내선)
8:29,8:48,9:13,9:21
성수성수,성수성수(내선),성수성수(외선),성수성수(내선)
8:32,8:51,9:19,9:26
성수성수(외선),성수성수,성수신도림,성수성수(내선)
8:35,8:55,9:20,9:33
성수신도림,성수성수(내선),성수신설동,성수성수
8:36,8:58,9:25,9:37
성수신설동,성수성수(내선),성수성수(외선),성수성수(내선)
8:38,,9:29,9:43
성수성수(외선),,성수신설동,성수성수(내선)
8:40,,9:30,9:48
성수성수(외선),,성수성수(외선),성수성수(내선)
8:43,,9:36,9:54
성수성수,,성수성수(외선),성수성수(내선)
8:44,,9:38,9:59
성수신설동,,성수신설동,성수성수(내선)
8:45,,9:43,
성수성수(외선),,성수성수(외선),
8:48,,9:48,
성수성수(외선),,성수성수(외선),
8:50,,9:48,
성수성수(외선),,성수신설동,
8:53,,9:54,
성수성수,,성수성수(외선),
8:54,,9:58,
성수신설동,,성수성수(외선),
8:55,,9:59,
성수성수(외선),,성수신설동,
8:58,,10:04,10:05
성수성수(외선),,성수성수(외선),성수성수(내선)
9:00,9:02,10:09,10:10
성수성수(외선),성수성수,성수신설동,성수성수
9:05,9:05,10:09,10:15
성수성수(외선),성수성수(내선),성수성수(외선),성수성수(내선)
9:06,9:08,10:15,10:21
성수신설동,성수성수(내선),성수성수(외선),성수성수(내선)
9:08,9:11,10:20,10:27
성수성수(외선),성수성수(내선),성수성수(외선),성수성수(내선)
9:10,09:15첫,10:21,10:32
성수신도림,성수신도림,성수신설동,성수성수(내선)
9:13,9:18,10:25,10:35
성수성수,성수성수(내선),성수성수(외선),성수성수(내선)
9:15,9:21,10:31,10:37
성수성수(외선),성수성수(내선),성수성수(외선),성수성수(내선)
9:16,9:24,10:32,10:42
성수신설동,성수성수(내선),성수신설동,성수성수(내선)
9:18,9:26,10:37,10:48
성수신도림,성수신도림,성수성수(외선),성수성수(내선)
9:21,9:30,10:42,10:53
성수성수(외선),성수성수(내선),성수성수(외선),성수성수(내선)
9:23,9:36,10:43,10:59
성수성수,성수성수(내선),성수신설동,성수성수(내선)
9:26,9:40,10:48,
성수신설동,성수신도림,성수성수(외선),
9:26,9:44,10:52,
성수신도림,성수성수(내선),성수신설동,
9:30,9:50,10:53,
성수성수(외선),성수성수(내선),성수성수(외선),
9:34,9:54,10:58,
성수성수(외선),성수신도림,성수성수(외선),
9:35,9:57,11:04,11:05
성수신설동,성수성수(내선),성수성수(외선),성수성수(내선)
9:39,,11:04,11:11
성수성수(외선),,성수신설동,성수성수(내선)
9:41,,11:09,11:17
성수신도림,,성수성수(외선),성수성수(내선)
9:44,,11:13,11:22
성수성수(외선),,성수신설동,성수성수(내선)
9:46,,11:15,11:28
성수신설동,,성수성수(외선),성수성수(내선)
9:50,,11:20,11:32
성수성수(외선),,성수성수(외선),성수성수(내선)
9:56,,11:24,11:37
성수성수(외선),,성수신설동,성수성수(내선)
9:58,,11:25,11:45
성수신설동,,성수성수(외선),성수성수(내선)
10:02,10:01,11:30,11:51
성수성수(외선),성수성수(내선),성수성수(외선),성수성수(내선)
10:08,10:07,11:34,11:56
성수성수(외선),성수성수(내선),성수신설동,성수성수(내선)
10:09,10:11,11:35,
성수신설동,성수성수(내선),성수성수(외선),
10:11,10:15,11:40,
성수성수(외선),성수성수(내선),성수성수(외선),
10:15,10:20,11:45,
성수성수(외선),성수신도림,성수성수(외선),
10:18,10:25,11:45,
성수신도림,성수성수(내선),성수신설동,
10:18,10:29,11:50,
성수신설동,성수성수(내선),성수성수(외선),
10:20,10:35,11:54,
성수성수(외선),성수성수(내선),성수신설동,
10:25,10:39,11:55,
성수성수(외선),성수신도림,성수성수(외선),
10:27,10:42,12:00,12:01
성수신설동,성수성수(내선),성수성수(외선),성수성수(내선)
10:28,10:48,12:05,12:05
성수신도림,성수성수(내선),성수성수(외선),성수성수(내선)
10:30,10:51,12:05,12:10
성수성수(외선),성수신도림,성수신설동,성수성수(내선)
10:35,10:54,12:10,12:14
성수성수(외선),성수성수(내선),성수성수(외선),성수성수(내선)
10:39,,12:15,12:19
성수신설동,,성수신설동,성수성수(내선)
10:40,,12:16,12:23
성수성수(외선),,성수성수(외선),성수성수(내선)
10:45,,12:23,12:30
성수성수(외선),,성수성수(외선),성수성수(내선)
10:50,,12:26,12:37
성수신설동,,성수신설동,성수성수(내선)
10:51,,12:30,12:43
성수성수(외선),,성수성수(외선),성수성수(내선)
10:59,,12:35,12:48
성수성수(외선),,성수성수(외선),성수성수(내선)
10:59,,12:35,12:53
성수신설동,,성수신설동,성수성수(내선)
11:04,11:00,12:40,12:58
성수성수(외선),성수성수(내선),성수성수(외선),성수성수(내선)
11:09,11:07,12:45,
성수성수(외선),성수성수(내선),성수성수(외선),
11:10,11:13,12:46,
성수신설동,성수성수(내선),성수신설동,
11:15,11:20,12:50,
성수성수(외선),성수성수(내선),성수성수(외선),
11:20,11:26,12:55,
성수신설동,성수성수(내선),성수성수(외선),
11:21,11:31,12:56,
성수성수(외선),성수성수(내선),성수신설동,
11:26,11:36,13:00,13:03
성수성수(외선),성수성수(내선),성수성수(외선),성수성수(내선)
11:31,11:41,13:05,13:08
성수신설동,성수성수(내선),성수성수(외선),성수성수(내선)
11:32,11:46,13:07,13:15
성수성수(외선),성수성수(내선),성수신설동,성수성수(내선)
11:38,11:55,13:10,13:21
성수성수(외선),성수성수(내선),성수성수(외선),성수성수(내선)
11:40,,13:15,13:26
성수신설동,,성수성수(외선),성수성수(내선)
11:43,,13:16,13:31
성수성수(외선),,성수신설동,성수성수(내선)
11:47,,13:20,13:35
성수성수(외선),,성수성수(외선),성수성수(내선)
11:51,,13:25,13:40
성수신설동,,성수성수(외선),성수성수(내선)
11:52,,13:27,13:44
성수성수(외선),,성수신설동,성수성수(내선)
11:57,,13:30,13:49
성수성수(외선),,성수성수(외선),성수성수(내선)
12:01,12:01,13:35,13:53
성수신설동,성수성수(내선),성수성수(외선),성수성수(내선)
12:02,12:06,13:37,
성수성수(외선),성수성수(내선),성수신설동,
12:07,12:12,13:40,
성수성수(외선),성수성수(내선),성수성수(외선),
12:12,12:18,13:46,
성수성수(외선),성수성수(내선),성수성수(외선),
12:12,12:24,13:48,
성수신설동,성수성수(내선),성수신설동,
12:17,12:30,13:53,
성수성수(외선),성수성수(내선),성수성수(외선),
12:21,12:36,13:57,
성수신설동,성수성수(내선),성수신설동,
12:22,12:42,14:00,14:00
성수성수(외선),성수성수(내선),성수성수(외선),성수성수(내선)
12:28,12:49,14:05,14:07
성수성수(외선),성수성수(내선),성수성수(외선),성수성수(내선)
12:32,12:54,14:08,14:13
성수신설동,성수성수(내선),성수신설동,성수성수(내선)
12:34,,14:10,14:18
성수성수(외선),,성수성수(외선),성수성수(내선)
12:39,,14:15,14:23
성수성수(외선),,성수성수(외선),성수성수
12:42,,14:18,14:28
성수신설동,,성수신설동,성수성수(내선)
12:45,,14:20,14:33
성수성수(외선),,성수성수(외선),성수성수(내선)
12:51,,14:25,14:38
성수성수(외선),,성수성수(외선),성수성수(내선)
12:53,,14:29,14:42
성수신설동,,성수신설동,성수성수(내선)
12:57,,14:30,14:47
성수성수(외선),,성수신도림,성수성수(내선)
13:02,13:00,14:35,14:52
성수성수(외선),성수성수(내선),성수성수(외선),성수성수(내선)
13:02,13:05,14:38,14:57
성수신설동,성수성수(내선),성수신설동,성수성수(내선)
13:08,13:10,14:40,
성수성수(외선),성수성수(내선),성수성수(외선),
13:12,13:17,14:45,
성수성수(외선),성수성수(내선),성수성수(외선),
13:13,13:25,14:49,
성수신설동,성수성수(내선),성수신설동,
13:17,13:31,14:50,
성수성수(외선),성수성수(내선),성수성수(외선),
13:22,13:36,14:55,
성수성수(외선),성수성수(내선),성수성수(외선),
13:23,13:42,14:59,
성수신설동,성수성수(내선),성수신설동,
13:27,13:48,15:00,15:02
성수성수(외선),성수성수(내선),성수성수(외선),성수성수(내선)
13:32,13:54,15:05,15:06
성수성수(외선),성수성수(내선),성수성수(외선),성수성수(내선)
13:34,,15:10,15:11
성수신설동,,성수성수(외선),성수성수(내선)
13:37,,15:10,15:14첫
성수성수(외선),,성수신설동,성수신도림
13:42,,15:16,15:19
성수성수(외선),,성수성수(외선),성수성수(내선)
13:43,,15:19,15:23
성수신설동,,성수신설동,성수성수(내선)
13:47,,15:24,15:30
성수성수(외선),,성수성수(외선),성수성수(내선)
13:52,,15:30,15:37
성수성수(외선),,성수신도림,성수성수(내선)
13:54,,15:30,15:43
성수신설동,,성수신설동,성수성수(내선)
13:58,,15:35,15:48
성수성수(외선),,성수성수(외선),성수성수(내선)
14:04,14:00,15:39,15:53
성수성수(외선),성수성수(내선),성수신설동,성수성수(내선)
14:04,14:06,15:40,15:58
성수신설동,성수성수(내선),성수성수(외선),성수성수(내선)
14:09,14:12,15:45,
성수성수(외선),성수성수(내선),성수성수(외선),
14:15,14:18,15:49,
성수성수(외선),성수성수(내선),성수신설동,
14:15,14:24,15:50,
성수신설동,성수성수(내선),성수성수(외선),
14:21,14:30,15:55,
성수성수(외선),성수성수(내선),성수신도림,
14:24,14:35,15:58,
성수신설동,성수성수(내선),성수신설동,
14:27,14:40,16:00,16:03
성수성수(외선),성수성수(내선),성수성수(외선),성수성수(내선)
14:32,14:46,16:05,16:08
성수성수(외선),성수성수(내선),성수성수(외선),성수성수(내선)
14:35,14:55,16:08,16:13
성수신설동,성수성수(내선),성수신설동,성수성수(내선)
14:37,,16:10,16:18
성수성수(외선),,성수성수(외선),성수성수(내선)
14:42,,16:15,16:23
성수성수(외선),,성수성수(외선),성수성수(내선)
14:45,,16:19,16:28
성수신설동,,성수신설동,성수성수(내선)
14:47,,16:20,16:33
성수성수(외선),,성수성수(외선),성수신도림
14:52,,16:25,16:38
성수성수(외선),,성수성수(외선),성수성수(내선)
14:56,,16:30,16:43
성수신설동,,성수성수(외선),성수성수(내선)
14:57,,16:30,16:48
성수성수(외선),,성수신설동,성수성수(내선)
15:02,15:01,16:35,16:52
성수성수(외선),성수성수(내선),성수성수,성수신도림
15:05,15:06,16:40,16:55
성수신설동,성수성수(내선),성수성수(외선),성수성수(내선)
15:07,15:12,16:40,16:59
성수성수(외선),성수성수(내선),성수신설동,성수성수(내선)
15:12,15:18,16:45,
성수성수(외선),성수성수(내선),성수성수(외선),
15:16,15:24,16:50,
성수신설동,성수성수(내선),성수성수(외선),
15:17,15:30,16:52,
성수성수(외선),성수성수(내선),성수신설동,
15:22,15:36,16:55,
성수성수(외선),성수성수(내선),성수성수(외선),
15:26,15:42,17:00,17:03
성수신설동,성수성수(내선),성수성수(외선),성수성수(내선)
15:28,15:48,17:02,17:08
성수성수(외선),성수성수(내선),성수신설동,성수성수
15:34,15:54,17:05,17:13
성수성수(외선),성수성수(내선),성수성수(외선),성수성수(내선)
15:37,,17:10,17:18
성수신설동,,성수성수(외선),성수성수(내선)
15:39,,17:13,17:23
성수성수(외선),,성수신설동,성수성수(내선)
15:45,,17:15,17:28
성수성수(외선),,성수성수(외선),성수신도림
15:46,,17:21,17:33
성수신설동,,성수성수(외선),성수성수(내선)
15:51,,17:22,17:38
성수성수(외선),,성수신설동,성수성수(내선)
15:57,,17:27,17:43
성수성수(외선),,성수성수(외선),성수성수(내선)
15:57,,17:33,17:49
성수신설동,,성수신설동,성수성수(내선)
16:02,16:00,17:33,17:54
성수성수(외선),성수성수(내선),성수신도림,성수성수(내선)
16:07,16:05,17:37,
성수성수(외선),성수성수(내선),성수성수(외선),
16:07,16:11,17:40,
성수신설동,성수성수(내선),성수성수(외선),
16:11,16:16,17:43,
성수성수(외선),성수성수(내선),성수신설동,
16:14,16:21,17:45,
성수성수(외선),성수성수(내선),성수성수(외선),
16:18,16:25,17:50,
성수성수(외선),성수성수(내선),성수성수(외선),
16:18,16:31,17:54,
성수신설동,성수성수(내선),성수신설동,
16:22,16:36,17:56,
성수성수(외선),성수성수(내선),성수성수(외선),
16:27,16:42,18:02,18:00
성수성수(외선),성수성수(내선),성수성수(외선),성수성수(내선)
16:27,16:45,18:03,18:05
성수신설동,성수성수(내선),성수신설동,성수성수(내선)
16:31,16:48,18:08,18:11
성수성수(외선),성수성수(내선),성수성수(외선),성수성수(내선)
16:34,16:54,18:13,18:16
성수성수(외선),성수성수(내선),성수성수(외선),성수성수(내선)
16:38,,18:14,18:22
성수성수(외선),,성수신설동,성수성수(내선)
16:38,,18:19,18:27
성수신설동,,성수성수(외선),성수성수(내선)
16:42,,18:24,18:33
성수성수(외선),,성수신설동,성수성수(내선)
16:46,,18:24,18:39
성수성수(외선),,성수성수(외선),성수성수(내선)
16:50,,18:30,18:44
성수신설동,,성수성수(외선),성수성수(내선)
16:53,,18:34,18:49
성수성수(외선),,성수신도림,성수성수(내선)
16:57,,18:35,18:55
성수성수(외선),,성수신설동,성수성수(내선)
17:01,17:00,18:40,
성수성수(외선),성수성수(내선),성수성수,
17:03,17:06,18:44,
성수신설동,성수성수(내선),성수신설동,
17:05,17:11,18:46,
성수성수(외선),성수성수(내선),성수성수(외선),
17:09,17:14,18:52,
성수성수(외선),성수성수(내선),성수성수(외선),
17:12,17:19,18:55,
성수성수(외선),성수성수(내선),성수신설동,
17:12,17:24,18:58,
성수신설동,성수성수(내선),성수성수(외선),
17:15,17:27,19:04,19:00
성수성수(외선),성수성수(내선),성수성수(외선),성수성수(내선)
17:21,17:30,19:05,19:06
성수성수(외선),성수성수(내선),성수신설동,성수성수(내선)
17:24,17:35,19:09,19:11
성수성수(외선),성수성수(내선),성수성수(외선),성수성수(내선)
17:24,17:37,19:15,19:17
성수신설동,성수성수(내선),성수성수(외선),성수성수(내선)
17:27,17:41,19:16,19:22
성수성수(외선),성수성수(내선),성수신설동,성수성수(내선)
17:30,17:44,19:20,19:28
성수성수(외선),성수성수(내선),성수성수(외선),성수성수(내선)
17:33,17:47,19:25,19:33
성수성수(외선),성수성수(내선),성수신설동,성수성수(내선)
17:35,17:51,19:26,19:39
성수신설동,성수성수(내선),성수성수(외선),성수성수(내선)
17:37,17:55,19:32,19:44
성수성수(외선),성수성수(내선),성수성수(외선),성수성수(내선)
17:41,17:58,19:36,19:50
성수성수(외선),성수성수(내선),성수신설동,성수성수(내선)
17:44,,19:38,19:55
성수성수(외선),,성수성수(외선),성수성수(내선)
17:46,,19:44,
성수신설동,,성수성수(외선),
17:48,,19:46,
성수성수(외선),,성수신설동,
17:52,,19:50,
성수성수(외선),,성수성수(외선),
17:56,,19:56,
성수신설동,,성수성수(외선),
17:57,,19:57,
성수성수(외선),,성수신설동,
18:01,18:01,20:02,20:01
성수성수(외선),성수성수(내선),성수성수(외선),성수성수(내선)
18:04,18:05,20:06,20:06
성수성수(외선),성수성수(내선),성수신설동,성수성수(내선)
18:08,18:09,20:08,20:12
성수성수(외선),성수성수(내선),성수성수(외선),성수신도림
18:08,18:12,20:14,20:17
성수신설동,성수성수(내선),성수성수(외선),성수성수(내선)
18:12,18:14,20:17,20:23
성수성수(외선),성수성수(내선),성수신설동,성수성수(내선)
18:16,18:16,20:20,20:29
성수성수(외선),성수성수(내선),성수성수(외선),성수성수(내선)
18:16,18:18,20:26,20:35
성수신설동,성수성수(내선),성수성수(외선),성수성수(내선)
18:20,18:21,20:27,20:41
성수성수(외선),성수성수(내선),성수신설동,성수성수(내선)
18:23,18:25,20:32,20:46
성수성수,성수성수(내선),성수성수(외선),성수신도림
18:26,18:30,20:38,20:51
성수신설동,성수성수,성수성수(외선),성수성수(내선)
18:27,18:33,20:38,20:56
성수성수(외선),성수성수(내선),성수신설동,성수성수(내선)
18:31,18:36,20:44,
성수성수(외선),성수성수(내선),성수성수(외선),
18:33,18:39,20:47,
성수신설동,성수성수(내선),성수신설동,
18:35,18:42,20:50,
성수성수(외선),성수성수(내선),성수성수(외선),
18:39,18:45,20:56,
성수성수,성수성수,성수성수(외선),
18:40,18:49,20:58,
성수신설동,성수성수(내선),성수신설동,
18:42,18:54,21:02,21:02
성수성수(외선),성수성수(내선),성수성수(외선),성수성수(내선)
18:46,18:57,21:08,21:08
성수신도림,성수성수(내선),성수성수,성수성수(내선)
18:47,,21:08,21:14
성수신설동,,성수신설동,성수신도림
18:50,,21:14,21:20
성수성수,,성수성수(외선),성수성수(내선)
18:54,,21:19,21:26
성수성수(외선),,성수신설동,성수성수(내선)
18:56,,21:20,21:32
성수신설동,,성수성수(외선),성수성수(내선)
18:57,,21:26,21:38
성수신도림,,성수성수(외선),성수성수(내선)
19:00,19:00,21:28,21:45
성수성수(외선),성수신도림,성수신설동,성수신도림
19:03,19:02,21:32,21:52
성수성수(외선),성수성수(내선),성수성수,성수성수(내선)
19:03,19:05,21:38,21:59
성수신설동,성수성수,성수성수(외선),성수신도림
19:07,19:07,21:39,
성수신도림,성수성수(내선),성수신설동,
19:10,19:11,21:44,
성수신설동,성수성수(내선),성수성수(외선),
19:11,19:14,21:49,
성수성수(외선),성수성수(내선),성수신설동,
19:14,19:18,21:50,
성수성수(외선),성수성수,성수신도림,
19:17,19:21,21:56,
성수신설동,성수성수(내선),성수성수(외선),
19:18,19:25,22:00,22:05
성수신도림,성수성수(내선),성수신설동,성수성수
19:22,19:28,22:02,22:12막
성수성수(외선),성수성수(내선),성수성수(외선),성수성수(내선)
19:26,19:31,22:08,22:20
성수신설동,성수성수,성수신도림,성수신도림
19:27,19:35,22:10,22:26
성수성수(외선),성수성수(내선),성수신설동,성수성수
19:31,19:39,22:14막,22:33막
성수성수(외선),성수성수(내선),성수성수(외선),성수성수
19:33,19:42,22:21,22:40
성수신설동,성수성수,성수성수,성수신도림
19:34,19:45,22:22,22:48막
성수성수(외선),성수성수(내선),성수신설동,성수을지로입구
19:38,19:48,22:27,22:56
성수성수(외선),성수신도림,성수성수,성수신도림
19:42,19:52,22:34막,
성수신도림,성수성수(내선),성수성수,
19:43,19:57,22:34,
성수신설동,성수성수,성수신설동,
19:46,,22:41,
성수성수(외선),,성수신도림,
19:51,,22:46,
성수성수(외선),,성수신설동,
19:52,,22:48막,
성수신설동,,성수삼성,
19:56,,22:55,
성수성수(외선),,성수신도림,
20:01,20:02,22:58,
성수성수(외선),성수성수(내선),성수신설동,
20:04,20:06,23:09,23:02막
성수신설동,성수신도림,성수신설동,성수홍대입구
20:06,20:09,23:10막,23:10막
성수성수(외선),성수성수(내선),성수서울대입구,성수신도림
20:13,20:13,23:18,23:21막
성수성수(외선),성수성수(내선),성수신도림,성수서울대입구
20:15,20:19,23:20,23:42막
성수신설동,성수성수(내선),성수신설동,성수삼성
20:23,20:24,23:24막,
성수성수(외선),성수성수(내선),성수신도림,
20:26,20:29,23:31,
성수신설동,성수성수(내선),성수신설동,
20:30,20:33,23:32막,
성수성수(외선),성수신도림,성수홍대입구,
20:35,20:37,23:41,
성수성수(외선),성수성수(내선),성수신설동,
20:35,20:41,23:42막,
성수신설동,성수성수(내선),성수을지로입구,
20:41,20:46,23:51막,
성수신도림,성수성수(내선),성수신설동,
20:44,20:51,,
성수신설동,성수성수(내선),,
20:45,20:55,,
성수성수(외선),성수성수,,
20:52,20:59,,
성수성수(외선),성수성수(내선),,
20:57,,,
성수성수(외선),,,
20:57,,,
성수신설동,,,
21:01,21:04,,
성수신도림,성수성수(내선),,
21:05,21:10,,
성수성수(외선),성수성수(내선),,
21:08,21:16,,
성수신설동,성수성수(내선),,
21:10,21:23,,
성수신도림,성수성수(내선),,
21:15,21:32,,
성수성수(외선),성수성수(내선),,
21:18,21:39,,
성수신설동,성수성수(내선),,
21:21,21:44,,
성수성수(외선),성수성수(내선),,
21:26,21:50,,
성수성수(외선),성수성수(내선),,
21:30,21:55,,
성수신설동,성수성수(내선),,
21:32,,,
성수성수(외선),,,
21:37,,,
성수성수(외선),,,
21:41,,,
성수신설동,,,
21:44,,,
성수성수(외선),,,
21:51,,,
성수신설동,,,
21:54,,,
성수성수(외선),,,
22:01,22:00,,
성수성수(외선),성수성수(내선),,
22:02,22:06,,
성수신설동,성수성수(내선),,
22:08,22:11,,
성수성수(외선),성수신도림,,
22:12,22:16,,
성수신설동,성수성수(내선),,
22:16,22:22,,
성수성수(외선),성수신도림,,
22:22,22:29,,
성수신도림,성수성수(내선),,
22:23,22:35,,
성수신설동,성수신도림,,
22:27,22:40,,
성수성수(외선),성수성수(내선),,
22:35,22:47,,
성수신설동,성수성수,,
22:36,22:54,,
성수성수(외선),성수성수(내선),,
22:44,,,
성수신설동,,,
22:45,,,
성수성수,,,
22:52,,,
성수성수(외선),,,
22:55,,,
성수신설동,,,
22:57,,,
성수신도림,,,
23:03,23:03,,
성수성수(외선),성수성수,,
23:06,23:09,,
성수신설동,성수신도림,,
23:08,23:14막,,
성수신도림,성수성수(내선),,
23:16막,23:20,,
성수성수(외선),성수신도림,,
23:16,23:25,,
성수신설동,성수성수,,
23:24,23:31막,,
성수신도림,성수성수,,
23:27,23:38,,
성수신설동,성수신도림,,
23:31막,23:47막,,
성수성수,성수을지로입구,,
23:38,23:59막,,
성수신도림,성수홍대입구,,
23:38,,,
성수신설동,,,
23:47막,,,
성수삼성,,,
23:50,,,
성수신설동,,,
23:57,,,
성수신도림,,,
0:04,00:11막,,
성수신설동,성수신도림,,
00:08막,00:24막,,
성수서울대입구,성수서울대입구,,
0:20,00:44막,,
성수신설동,성수삼성,,
00:22막,,,
성수신도림,,,
00:33막,,,
성수홍대입구,,,
0:35,,,
성수신설동,,,
00:45막,,,
성수을지로입구,,,
00:51막,,,
성수신설동,,,
