﻿역삼방면,교대방면,역삼방면,교대방면
평일,평일,주말,주말
05:44첫,05:36첫,05:44첫,05:35첫
서울대입구성수(외선),삼성성수(내선),서울대입구성수(외선),삼성성수(내선)
5:57,5:52,5:56,5:52
신도림성수(외선),성수성수(내선),신도림성수(외선),성수성수(내선)
6:03,6:02,6:02,6:02
신도림성수(외선),성수성수(내선),신도림성수(외선),성수성수(내선)
6:09,6:09,6:08,6:10
홍대입구성수(외선),성수성수(내선),홍대입구성수(외선),성수성수(내선)
6:15,6:16,6:14,6:19
신도림성수(외선),성수성수(내선),신도림성수(외선),성수성수(내선)
6:21,6:20,6:20,6:25
을지로입구성수(외선),성수성수(내선),을지로입구성수(외선),성수성수(내선)
6:27,6:26,6:26,6:31
신도림성수(외선),성수성수(내선),신도림성수(외선),성수성수(내선)
6:36,6:32,6:31,6:37
성수성수(외선),성수성수(내선),신도림성수(외선),성수성수(내선)
6:40,6:39,6:37,6:43
신도림성수(외선),성수성수(내선),성수성수(외선),성수성수(내선)
6:46,6:45,6:43,6:49
성수성수(외선),성수성수(내선),신도림성수(외선),성수성수(내선)
6:50,6:49,6:49,6:55
신도림성수(외선),성수성수(내선),성수성수(외선),성수성수(내선)
6:56,6:52,6:55,
성수성수(외선),성수성수(내선),성수성수(외선),
,6:59,7:01,7:01
,성수성수(내선),성수성수(외선),성수성수(내선)
7:01,7:03,7:08,7:05
신도림성수(외선),성수성수(내선),성수성수(외선),성수성수(내선)
7:06,7:06,7:14,7:09
성수성수(외선),성수성수(내선),성수성수(외선),성수성수(내선)
7:11,7:13,7:20,7:15
신도림성수(외선),성수성수(내선),성수성수(외선),성수성수(내선)
7:16,7:17,7:26,7:21
성수성수(외선),성수성수(내선),성수성수(외선),성수성수(내선)
7:21,7:20,7:32,7:26
신도림성수(외선),성수성수(내선),성수성수(외선),성수성수(내선)
7:25,7:24,7:38,7:31
성수성수(외선),성수성수(내선),성수성수(외선),성수성수(내선)
7:31,7:27,7:43,7:36
성수성수(외선),성수성수(내선),성수성수(외선),성수성수(내선)
7:35,7:31,7:49,7:42
성수성수(외선),성수성수(내선),성수성수(외선),성수성수(내선)
7:38,7:35,7:55,7:47
신도림성수(외선),성수성수(내선),성수성수(외선),성수성수(내선)
7:41,7:39,,7:53
성수성수(외선),성수성수(내선),,성수성수(내선)
7:44,7:42,,7:58
성수성수(외선),성수성수(내선),,성수성수(내선)
7:46,7:46,8:01,8:04
성수성수(외선),성수성수(내선),성수성수(외선),성수성수(내선)
7:49,7:49,8:07,8:09
신도림성수(외선),성수성수(내선),성수성수(외선),성수성수(내선)
7:52,7:53,8:12,8:15
성수성수(외선),성수성수(내선),성수성수(외선),성수성수(내선)
7:55,7:56,8:16,8:20
성수성수(외선),성수성수(내선),신도림성수(외선),성수성수(내선)
7:59,7:59,8:21,8:26
성수성수(외선),성수성수(내선),성수성수(외선),성수성수(내선)
8:02,8:02,8:27,8:31
신도림성수(외선),성수성수(내선),성수성수(외선),성수성수(내선)
8:05,8:06,8:32,8:37
성수성수(외선),성수성수(내선),성수성수(외선),성수성수(내선)
8:08,8:09,8:38,8:42
신도림성수(외선),성수성수(내선),성수성수(외선),성수성수(내선)
8:11,8:12,8:41,8:48
성수성수(외선),성수성수(내선),성수성수,성수성수(내선)
8:14,8:15,8:50,8:53
신도림성수(외선),성수성수(내선),성수성수(외선),성수성수(내선)
8:16,8:19,8:56,8:59
신도림성수(외선),성수성수(내선),성수성수(외선),성수성수(내선)
8:19,8:22,9:02,9:04
성수성수(외선),성수성수(내선),성수성수(외선),성수성수(내선)
8:21,8:25,9:06,9:09
신도림성수(외선),성수성수,신도림성수(외선),성수성수(내선)
8:24,8:28,9:09,9:14
성수성수(외선),성수성수(내선),성수성수,성수성수
8:26,8:32,9:13,9:21
신도림성수(외선),성수성수(내선),성수성수(외선),성수성수(내선)
8:29,8:36,9:19,9:27
성수성수(외선),성수성수(내선),성수성수(외선),성수성수(내선)
8:31,8:39,9:25,9:32
신도림성수(외선),성수성수,성수성수(외선),성수성수(내선)
8:34,8:42,9:31,9:37
성수성수(외선),성수성수(내선),성수성수(외선),성수성수(내선)
8:36,8:46,9:34,9:41
신도림성수(외선),성수성수(내선),신도림성수(외선),성수성수(내선)
8:39,8:50,9:37,9:44
성수성수,성수성수(내선),성수성수,성수성수(내선)
8:41,8:53,9:41,9:49
신도림성수(외선),성수성수(내선),성수성수(외선),성수성수(내선)
8:44,8:56,9:46,9:55
성수성수(외선),성수성수,성수성수(외선),성수성수
8:46,8:59,9:52,9:59
신도림성수(외선),성수성수(내선),성수성수(외선),성수성수(내선)
8:49,,9:57,
성수성수(외선),,성수성수(외선),
8:51,,10:02,10:05
성수성수(외선),,성수성수(외선),성수성수(내선)
8:54,,10:08,10:10
성수성수(외선),,성수성수(외선),성수성수(내선)
8:58,,10:14,10:16
성수성수(외선),,성수성수(외선),성수성수(내선)
9:00,9:03,10:19,10:22
성수성수(외선),성수성수(내선),성수성수(외선),성수성수(내선)
9:03,9:07,10:25,10:27
성수성수(외선),성수성수(내선),신도림성수(외선),성수성수(내선)
9:07,9:11,10:30,10:33
성수성수(외선),성수성수(내선),성수성수(외선),성수성수
9:10,9:14,10:36,10:38
성수성수(외선),성수성수,성수성수(외선),성수성수(내선)
9:13,9:17,10:41,10:44
성수성수,성수성수(내선),성수성수(외선),성수성수(내선)
9:16,9:21,10:47,10:49
성수성수(외선),성수성수(내선),성수성수(외선),성수성수(내선)
9:18,9:24,10:51,10:54
성수성수(외선),성수성수,신도림성수(외선),성수성수(내선)
9:21,9:27,10:56,10:58
성수성수(외선),성수성수(내선),성수성수(외선),성수성수(내선)
9:24,9:30,11:01,11:00
성수성수,성수성수(내선),성수성수(외선),성수성수(내선)
9:27,9:34,11:06,11:05
성수성수(외선),성수성수(내선),성수성수(외선),성수성수(내선)
9:33,09:37첫,11:11,11:11
성수성수(외선),성수신도림,성수성수(외선),성수성수(내선)
9:37,9:40,11:17,11:16
성수성수,성수성수(내선),성수성수(외선),성수성수(내선)
9:40,9:43,11:22,11:21
성수성수(외선),성수성수(내선),성수성수(외선),성수성수(내선)
9:46,9:46,11:27,11:29
성수성수(외선),성수성수(내선),성수성수(외선),성수성수(내선)
9:48,9:49,11:32,11:34
성수성수(외선),성수신도림,성수성수(외선),성수성수(내선)
9:50,9:52,11:37,11:40
성수성수,성수성수(내선),성수성수(외선),성수성수(내선)
9:52,9:59,11:42,11:45
성수성수(외선),성수성수(내선),성수성수(외선),성수성수(내선)
9:55,,11:47,11:50
성수성수(외선),,성수성수(외선),성수성수(내선)
9:57,,11:53,11:55
성수성수(외선),,성수성수(외선),성수성수(내선)
10:00,10:02,12:00,12:00
성수성수,성수신도림,성수성수(외선),성수성수(내선)
10:02,10:06,12:06,12:07
성수성수(외선),성수성수(내선),성수성수(외선),성수성수(내선)
10:05,10:12,12:11,12:13
성수성수(외선),성수성수(내선),성수성수(외선),성수성수(내선)
10:07,10:16,12:17,12:18
성수성수(외선),성수신도림,성수성수(외선),성수성수(내선)
10:12,10:19,12:22,12:23
성수성수(외선),성수성수(내선),성수성수(외선),성수성수(내선)
10:16,10:23,12:27,12:28
성수성수(외선),성수성수(내선),성수성수(외선),성수성수(내선)
10:20,10:29,12:32,12:32
성수성수,성수성수(내선),성수성수(외선),성수성수(내선)
10:22,10:33,12:37,12:37
성수성수(외선),성수성수(내선),성수성수(외선),성수성수(내선)
10:28,10:38,12:42,12:41
성수성수(외선),성수성수(내선),성수성수(외선),성수성수(내선)
10:31,10:42,12:47,12:46
성수성수,성수신도림,성수성수(외선),성수성수(내선)
10:36,10:48,12:52,12:52
성수성수(외선),성수성수(내선),성수성수(외선),성수성수(내선)
10:41,10:52,12:57,12:59
성수성수(외선),성수성수(내선),성수성수(외선),성수성수(내선)
10:46,10:58,13:02,13:05
성수성수(외선),성수성수(내선),성수성수(외선),성수성수(내선)
10:51,,13:07,13:10
성수성수(외선),,성수성수(외선),성수성수(내선)
10:57,,13:12,13:15
성수성수(외선),,성수성수(외선),성수성수(내선)
11:03,11:01,13:17,13:20
성수성수(외선),성수신도림,성수성수(외선),성수성수(내선)
11:09,11:04,13:23,13:25
성수성수(외선),성수성수(내선),성수성수(외선),성수성수(내선)
11:15,11:10,13:30,13:31
성수성수(외선),성수성수(내선),성수성수(외선),성수성수(내선)
11:18,11:13,13:37,13:38
성수성수(외선),성수신도림,성수성수(외선),성수성수(내선)
11:23,11:16,13:42,13:44
성수성수(외선),성수성수(내선),성수성수(외선),성수성수(내선)
11:28,11:22,13:47,13:49
성수성수(외선),성수성수(내선),성수성수(외선),성수성수(내선)
11:33,11:29,13:52,13:54
성수성수(외선),성수성수(내선),성수성수(외선),성수성수(내선)
11:38,11:35,13:57,13:58
성수성수(외선),성수성수(내선),성수성수(외선),성수성수(내선)
11:43,11:42,14:02,14:03
성수성수(외선),성수성수(내선),성수성수(외선),성수성수(내선)
11:47,11:48,14:07,14:07
성수성수(외선),성수성수(내선),성수성수(외선),성수성수(내선)
11:53,11:53,14:12,14:11
성수성수(외선),성수성수(내선),성수성수(외선),성수성수(내선)
11:58,11:58,14:17,14:16
성수성수(외선),성수성수(내선),성수성수(외선),성수성수(내선)
12:05,12:03,14:22,14:22
성수성수(외선),성수성수(내선),성수성수(외선),성수성수(내선)
12:11,12:09,14:27,14:29
성수성수(외선),성수성수(내선),성수성수(외선),성수성수(내선)
12:16,12:18,14:32,14:35
성수성수(외선),성수성수(내선),성수성수(외선),성수성수(내선)
12:22,12:23,14:37,14:40
성수성수(외선),성수성수(내선),성수성수(외선),성수성수(내선)
12:28,12:28,14:42,14:45
성수성수(외선),성수성수(내선),성수성수(외선),성수성수
12:33,12:34,14:47,14:50
성수성수(외선),성수성수(내선),성수성수(외선),성수성수(내선)
12:39,12:40,14:53,14:55
성수성수(외선),성수성수(내선),성수성수(외선),성수성수(내선)
12:45,12:46,15:00,15:01
성수성수(외선),성수성수(내선),성수성수(외선),성수성수(내선)
12:50,12:52,15:07,15:05
성수성수(외선),성수성수(내선),성수성수(외선),성수성수(내선)
12:54,12:58,15:12,15:10
성수성수(외선),성수성수(내선),성수성수(외선),성수성수(내선)
12:59,,15:17,15:15
성수성수(외선),,성수성수(외선),성수성수(내선)
13:04,13:04,15:22,15:20
성수성수(외선),성수성수(내선),성수성수(외선),성수성수(내선)
13:08,13:11,15:27,15:25
성수성수(외선),성수성수(내선),성수성수(외선),성수성수(내선)
13:14,13:16,15:32,15:29
성수성수(외선),성수성수(내선),성수성수(외선),성수성수(내선)
13:19,13:22,15:37,15:34
성수성수(외선),성수성수(내선),신도림성수(외선),성수성수(내선)
13:24,13:27,15:42,15:37첫
성수성수(외선),성수성수(내선),성수성수(외선),성수신도림
13:29,13:32,15:47,15:41
성수성수(외선),성수성수(내선),성수성수(외선),성수성수(내선)
13:35,13:39,15:52,15:45
성수성수(외선),성수성수(내선),성수성수(외선),성수성수(내선)
13:41,13:47,15:57,15:53
성수성수(외선),성수성수(내선),성수성수(외선),성수성수(내선)
13:46,13:53,,15:59
성수성수(외선),성수성수(내선),,성수성수(내선)
13:52,13:58,16:02,16:05
성수성수(외선),성수성수(내선),성수성수(외선),성수성수(내선)
13:58,,16:07,16:10
성수성수(외선),,성수성수(외선),성수성수(내선)
14:04,14:04,16:12,16:15
성수성수(외선),성수성수(내선),성수성수(외선),성수성수(내선)
14:09,14:10,16:17,16:20
성수성수(외선),성수성수(내선),성수성수(외선),성수성수(내선)
14:15,14:16,16:23,16:25
성수성수(외선),성수성수(내선),성수성수(외선),성수성수(내선)
14:19,14:22,16:31,16:30
성수성수(외선),성수성수(내선),성수성수(외선),성수성수(내선)
14:24,14:28,16:37,16:35
성수성수(외선),성수성수(내선),신도림성수(외선),성수성수(내선)
14:29,14:34,16:42,16:41
성수성수(외선),성수성수(내선),성수성수(외선),성수성수(내선)
14:34,14:40,16:47,16:46
성수성수(외선),성수성수(내선),성수성수(외선),성수성수(내선)
14:39,14:46,16:52,16:51
성수성수(외선),성수성수(내선),성수성수(외선),성수성수(내선)
14:44,14:52,16:57,16:55
성수성수(외선),성수성수(내선),성수성수(외선),성수신도림
14:49,14:57,17:05,17:00
성수성수(외선),성수성수(내선),성수성수(외선),성수성수(내선)
14:54,,17:11,17:05
성수성수(외선),,성수성수(외선),성수성수(내선)
14:59,,17:17,17:10
성수성수(외선),,성수성수(외선),성수성수(내선)
15:05,15:02,17:22,17:14
성수성수(외선),성수성수(내선),성수성수(외선),성수신도림
15:11,15:09,17:27,17:17
성수성수(외선),성수성수(내선),성수성수(외선),성수성수(내선)
15:16,15:17,17:32,17:21
성수성수(외선),성수성수(내선),성수성수(외선),성수성수(내선)
15:22,15:23,17:38,17:25
성수성수(외선),성수성수(내선),성수성수(외선),성수성수(내선)
15:28,15:28,17:42,17:30
성수성수(외선),성수성수(내선),성수성수,성수성수
15:34,15:34,17:45,17:36
성수성수(외선),성수성수(내선),성수성수(외선),성수성수(내선)
15:39,15:40,17:51,17:41
성수성수(외선),성수성수(내선),성수성수(외선),성수성수(내선)
15:44,15:46,17:56,17:46
성수성수(외선),성수성수(내선),성수성수(외선),성수성수(내선)
15:48,15:52,,17:50
성수성수(외선),성수성수(내선),,성수신도림
15:54,15:58,,17:55
성수성수(외선),성수성수(내선),,성수성수(내선)
15:59,,18:01,18:00
성수성수(외선),,성수성수(외선),성수성수(내선)
16:04,16:04,18:07,18:05
성수성수(외선),성수성수(내선),성수성수(외선),성수성수(내선)
16:08,16:10,18:12,18:11
성수성수(외선),성수성수(내선),성수성수(외선),성수성수(내선)
16:14,16:16,18:17,18:16
성수성수(외선),성수성수(내선),성수성수(외선),성수성수(내선)
16:19,16:22,18:22,18:22
성수성수(외선),성수성수(내선),성수성수(외선),성수성수(내선)
16:23,16:27,18:28,18:27
성수성수(외선),성수성수(내선),성수성수(외선),성수성수(내선)
16:29,16:33,18:35,18:33
성수성수(외선),성수성수(내선),성수성수(외선),성수성수(내선)
16:34,16:38,18:41,18:38
성수성수(외선),성수성수(내선),성수성수(외선),성수성수(내선)
16:41,16:43,18:46,18:44
성수성수(외선),성수성수(내선),성수성수(외선),성수성수(내선)
16:46,16:47,18:52,18:49
성수성수(외선),성수성수(내선),성수성수(외선),성수성수(내선)
16:52,16:53,18:57,18:55
성수성수(외선),성수성수(내선),성수성수(외선),성수성수(내선)
16:58,16:58,19:03,19:01
성수성수(외선),성수성수(내선),성수성수(외선),성수성수(내선)
17:01,17:04,19:09,19:06
신도림성수(외선),성수성수(내선),성수성수(외선),성수성수(내선)
17:04,17:07,19:15,19:12
성수성수(외선),성수성수(내선),성수성수(외선),성수성수(내선)
17:09,17:10,19:21,19:17
성수성수(외선),성수성수(내선),성수성수(외선),성수성수(내선)
17:14,17:16,19:26,19:22
성수성수(외선),성수성수(내선),성수성수(외선),성수성수(내선)
17:18,17:22,19:32,19:28
성수성수(외선),성수성수(내선),성수성수(외선),성수성수(내선)
17:21,17:28,19:38,19:34
성수성수(외선),성수성수(내선),성수성수(외선),성수성수(내선)
17:25,17:33,19:44,19:39
성수성수(외선),성수성수(내선),신도림성수(외선),성수성수(내선)
17:29,17:36,19:47,19:44
성수성수(외선),성수성수(내선),성수성수,성수성수(내선)
17:34,17:41,19:51,19:50
성수성수(외선),성수성수(내선),성수성수(외선),성수성수(내선)
17:38,17:46,19:57,19:55
성수성수(외선),성수성수(내선),성수성수(외선),성수성수(내선)
17:41,17:49,20:03,20:01
성수성수(외선),성수성수(내선),성수성수(외선),성수성수(내선)
17:45,17:52,20:09,20:07
성수성수(외선),성수성수(내선),성수성수(외선),성수성수(내선)
17:49,17:57,20:15,20:12
성수성수(외선),성수성수(내선),성수성수(외선),성수성수(내선)
17:53,,20:21,20:18
성수성수(외선),,성수성수(외선),성수성수(내선)
17:57,,20:27,20:24
신도림성수(외선),,성수성수(외선),성수성수(내선)
18:00,18:00,20:33,20:29
성수성수(외선),성수성수(내선),성수성수(외선),성수성수(내선)
18:04,18:03,20:39,20:34
성수성수(외선),성수성수(내선),성수성수(외선),성수신도림
18:08,18:06,20:45,20:40
성수성수(외선),성수성수(내선),성수성수(외선),성수성수(내선)
18:12,18:09,20:51,20:45
성수성수(외선),성수성수(내선),성수성수(외선),성수성수(내선)
18:16,18:13,20:57,20:51
성수성수(외선),성수성수(내선),성수성수(외선),성수성수(내선)
18:19,18:17,,20:58
성수성수(외선),성수성수(내선),,성수성수(내선)
18:22,18:20,21:03,21:04
성수성수(외선),성수성수(내선),성수성수(외선),성수성수(내선)
18:28,18:23,21:09,21:09
성수성수(외선),성수성수(내선),성수성수(외선),성수신도림
18:31,18:28,21:15,21:13
성수성수(외선),성수성수(내선),성수성수(외선),성수성수(내선)
18:34,18:31,21:21,21:19
성수성수(외선),성수성수(내선),성수성수(외선),성수성수(내선)
18:37,18:34,21:27,21:25
성수성수(외선),성수성수(내선),성수성수(외선),성수성수(내선)
18:40,18:36,21:33,21:31
성수성수(외선),성수성수(내선),성수성수(외선),성수성수(내선)
18:44,18:38,21:39,21:37
성수성수(외선),성수성수(내선),성수성수(외선),성수신도림
18:48,18:40,21:45,21:42
성수성수(외선),성수성수(내선),성수성수(외선),성수성수(내선)
18:51,18:43,21:51,21:48
성수성수(외선),성수성수(내선),성수성수(외선),성수성수(내선)
18:55,18:48,21:57,21:55
성수성수(외선),성수성수(내선),성수성수(외선),성수성수(내선)
18:59,18:52,22:04,22:02
성수성수(외선),성수성수,성수성수(외선),성수성수(내선)
,18:55,22:10,22:08
,성수성수(내선),성수성수(외선),성수신도림
,18:58,22:15,22:14
,성수성수(내선),성수성수,성수성수(내선)
19:04,19:01,22:18,22:21
성수성수(외선),성수성수(내선),성수성수(외선),성수신도림
19:08,19:04,22:25,22:27
성수성수(외선),성수성수(내선),성수성수(외선),성수성수
19:11,19:07,22:32,22:35막
성수성수(외선),성수성수,성수성수(외선),성수성수(내선)
19:15,19:11,22:37,22:42
성수성수(외선),성수성수(내선),성수성수,성수신도림
19:19,19:16,22:46,22:48
성수성수(외선),성수성수(내선),성수성수(외선),성수성수
19:23,19:20,22:53,22:55막
성수성수(외선),성수성수(내선),성수성수(외선),성수성수
19:27,19:22,23:01,23:03
성수성수(외선),성수신도림,성수성수(외선),성수신도림
19:30,19:25,23:10,23:10막
성수성수,성수성수(내선),성수성수(외선),성수을지로입구
19:33,19:27,23:19막,23:18
성수성수(외선),성수성수,성수성수(외선),성수신도림
19:38,19:30,23:25,23:24막
성수성수(외선),성수성수(내선),성수성수,성수홍대입구
19:42,19:33,23:32,23:33막
성수성수(외선),성수성수(내선),성수성수,성수신도림
19:46,19:36,23:38막,23:45막
성수성수,성수성수(내선),성수성수,성수서울대입구
19:49,19:40,23:55막,
성수성수(외선),성수성수,성수삼성,
19:57,19:43,,
성수성수,성수성수(내선),,
,19:47,,
,성수성수(내선),,
,19:50,,
,성수성수(내선),,
,19:53,,
,성수성수,,
,19:57,,
,성수성수(내선),,
20:01,20:01,,
성수성수(외선),성수성수(내선),,
20:07,20:04,,
성수성수(외선),성수성수,,
20:10,20:07,,
성수성수(외선),성수성수(내선),,
20:18,20:10,,
성수성수(외선),성수신도림,,
20:21,20:14,,
성수성수(외선),성수성수(내선),,
20:29,20:19,,
성수성수(외선),성수성수,,
20:34,20:25,,
성수성수(외선),성수성수(내선),,
20:38,20:28,,
성수성수(외선),성수신도림,,
20:41,20:31,,
성수성수(외선),성수성수(내선),,
20:45,20:35,,
성수성수(외선),성수성수(내선),,
20:52,20:41,,
성수성수(외선),성수성수(내선),,
20:58,20:46,,
성수성수(외선),성수성수(내선),,
,20:51,,
,성수성수(내선),,
,20:55,,
,성수신도림,,
,20:59,,
,성수성수(내선),,
21:03,21:03,,
성수성수(외선),성수성수(내선),,
21:08,21:08,,
성수성수(외선),성수성수(내선),,
21:13,21:13,,
성수성수(외선),성수성수(내선),,
21:20,21:17,,
성수성수(외선),성수성수,,
21:30,21:21,,
성수성수(외선),성수성수(내선),,
21:37,21:27,,
성수성수(외선),성수성수(내선),,
21:44,21:32,,
성수성수(외선),성수성수(내선),,
21:52,21:38,,
성수성수(외선),성수성수(내선),,
21:59,21:45,,
성수성수(외선),성수성수(내선),,
,21:54,,
,성수성수(내선),,
22:04,22:01,,
성수성수(외선),성수성수(내선),,
22:12,22:06,,
성수성수(외선),성수성수(내선),,
22:22,22:12,,
성수성수(외선),성수성수(내선),,
22:28,22:17,,
성수성수(외선),성수성수(내선),,
22:33,22:22,,
성수성수(외선),성수성수(내선),,
22:39,22:29,,
성수성수(외선),성수성수(내선),,
22:44,22:33,,
성수성수(외선),성수신도림,,
22:51,22:38,,
성수성수(외선),성수성수(내선),,
,22:44,,
,성수신도림,,
,22:51,,
,성수성수(내선),,
,22:57,,
,성수신도림,,
23:00,23:02,,
성수성수(외선),성수성수(내선),,
23:08,23:09,,
성수성수(외선),성수성수,,
23:15,23:16,,
성수성수(외선),성수성수(내선),,
23:23,23:25,,
성수성수(외선),성수성수,,
23:34,23:31,,
성수성수(외선),성수신도림,,
23:43,23:36막,,
성수성수(외선),성수성수(내선),,
23:52,23:42,,
성수성수,성수신도림,,
23:59,23:47,,
성수성수(외선),성수성수,,
,23:53막,,
,성수성수,,
0:10,0:00,,
성수성수(외선),성수신도림,,
00:23막,00:09막,,
성수성수(외선),성수을지로입구,,
00:38막,00:21막,,
성수성수,성수홍대입구,,
00:54막,00:33막,,
성수삼성,성수신도림,,
,00:46막,,
,성수서울대입구,,
