﻿성수방면,구의방면,성수방면,구의방면
평일,평일,주말,주말
05:45첫,05:32첫,05:44첫,05:32첫
삼성성수(외선),성수성수(내선),삼성성수(외선),성수성수(내선)
,5:42,,5:42
,성수성수(내선),,성수성수(내선)
,5:49,,5:50
,성수성수(내선),,성수성수(내선)
,5:56,,5:59
,성수성수(내선),,성수성수(내선)
6:05,6:00,6:04,6:05
서울대입구성수(외선),성수성수(내선),서울대입구성수(외선),성수성수(내선)
6:18,6:06,6:16,6:11
신도림성수(외선),성수성수(내선),신도림성수(외선),성수성수(내선)
6:24,6:12,6:23,6:17
신도림성수(외선),성수성수(내선),신도림성수(외선),성수성수(내선)
6:30,6:19,6:29,6:23
홍대입구성수(외선),성수성수(내선),홍대입구성수(외선),성수성수(내선)
6:36,6:25,6:34,6:29
신도림성수(외선),성수성수(내선),신도림성수(외선),성수성수(내선)
6:41,6:29,6:40,6:35
을지로입구성수(외선),성수성수(내선),을지로입구성수(외선),성수성수(내선)
6:48,6:32,6:46,6:41
신도림성수(외선),성수성수(내선),신도림성수(외선),성수성수(내선)
6:56,6:38,6:52,6:45
성수성수(외선),성수성수(내선),신도림성수(외선),성수성수(내선)
,6:42,6:58,6:49
,성수성수(내선),성수성수(외선),성수성수(내선)
,6:45,,6:55
,성수성수(내선),,성수성수(내선)
,6:51,7:04,7:01
,성수성수(내선),신도림성수(외선),성수성수(내선)
,6:55,7:10,7:06
,성수성수(내선),성수성수(외선),성수성수(내선)
,6:58,7:16,7:11
,성수성수(내선),성수성수(외선),성수성수(내선)
7:01,7:02,7:22,7:16
신도림성수(외선),성수성수(내선),성수성수(외선),성수성수(내선)
7:07,7:05,7:28,7:22
성수성수(외선),성수성수(내선),성수성수(외선),성수성수(내선)
7:12,7:09,7:34,7:27
신도림성수(외선),성수성수(내선),성수성수(외선),성수성수(내선)
7:17,7:13,7:40,7:33
성수성수(외선),성수성수(내선),성수성수(외선),성수성수(내선)
7:22,7:17,7:46,7:38
신도림성수(외선),성수성수(내선),성수성수(외선),성수성수(내선)
7:27,7:20,7:52,7:44
성수성수(외선),성수성수(내선),성수성수(외선),성수성수(내선)
7:32,7:24,7:58,7:49
신도림성수(외선),성수성수(내선),성수성수(외선),성수성수(내선)
7:37,7:27,,7:55
성수성수(외선),성수성수(내선),,성수성수(내선)
7:42,7:31,8:04,8:00
신도림성수(외선),성수성수(내선),성수성수(외선),성수성수(내선)
7:46,7:34,8:09,8:06
성수성수(외선),성수성수(내선),성수성수(외선),성수성수(내선)
7:52,7:37,8:15,8:11
성수성수(외선),성수성수(내선),성수성수(외선),성수성수(내선)
7:56,7:41,8:21,8:17
성수성수(외선),성수성수(내선),성수성수(외선),성수성수(내선)
7:59,7:44,8:27,8:22
신도림성수(외선),성수성수(내선),성수성수(외선),성수성수(내선)
,7:47,8:32,8:28
,성수성수(내선),성수성수(외선),성수성수(내선)
,7:50,8:37,8:33
,성수성수(내선),신도림성수(외선),성수성수(내선)
,7:53,8:42,8:39
,성수성수(내선),성수성수(외선),성수성수(내선)
,7:57,8:48,8:44
,성수성수(내선),성수성수(외선),성수성수(내선)
8:02,8:01,8:53,8:49
성수성수(외선),성수성수(내선),성수성수(외선),성수성수(내선)
8:05,8:04,8:59,8:54
성수성수(외선),성수성수,성수성수(외선),성수성수
8:08,8:07,9:01,9:01
성수성수(외선),성수성수(내선),성수성수,성수성수(내선)
8:11,8:10,9:10,9:07
신도림성수(외선),성수성수(내선),성수성수(외선),성수성수(내선)
8:14,8:14,9:16,9:12
성수성수(외선),성수성수(내선),성수성수(외선),성수성수(내선)
8:17,8:18,9:22,9:17
성수성수(외선),성수성수,성수성수(외선),성수성수(내선)
8:20,8:21,9:28,9:21
성수성수(외선),성수성수(내선),신도림성수(외선),성수성수(내선)
8:23,8:24,9:30,9:23
신도림성수(외선),성수성수(내선),성수성수,성수성수(내선)
8:27,8:28,9:34,9:28
성수성수(외선),성수성수(내선),성수성수(외선),성수성수(내선)
8:30,8:31,9:39,9:35
신도림성수(외선),성수성수(내선),성수성수(외선),성수성수
8:33,8:35,9:45,9:39
성수성수(외선),성수성수,성수성수(외선),성수성수(내선)
8:35,8:38,9:51,9:45
신도림성수(외선),성수성수(내선),성수성수(외선),성수성수(내선)
8:38,8:42,9:56,9:50
신도림성수(외선),성수성수(내선),신도림성수(외선),성수성수(내선)
8:40,8:46,9:58,9:56
성수성수(외선),성수성수(내선),성수성수,성수성수(내선)
8:43,8:50,10:01,10:01
신도림성수(외선),성수성수(내선),성수성수(외선),성수성수(내선)
8:45,8:53,10:07,10:07
성수성수(외선),성수성수,성수성수(외선),성수성수(내선)
8:48,8:57,10:12,10:12
신도림성수(외선),성수성수(내선),성수성수(외선),성수성수
8:50,,10:18,10:17
성수성수(외선),,성수성수(외선),성수성수(내선)
8:53,,10:23,10:23
신도림성수(외선),,성수성수(외선),성수성수(내선)
8:55,,10:29,10:29
성수성수(외선),,성수성수(외선),성수성수(내선)
8:58,,10:34,10:34
신도림성수(외선),,성수성수(외선),성수성수(내선)
9:00,9:00,10:39,10:37
성수성수,성수성수(내선),성수성수(외선),성수성수(내선)
9:03,9:04,10:45,10:39
신도림성수(외선),성수성수,신도림성수(외선),성수성수(내선)
9:06,9:07,10:50,10:44
성수성수(외선),성수성수(내선),성수성수(외선),성수성수(내선)
9:08,9:10,10:56,10:50
신도림성수(외선),성수성수(내선),성수성수(외선),성수성수(내선)
9:10,9:13,,10:55
성수성수(외선),성수성수(내선),,성수성수(내선)
9:13,09:17첫,11:01,11:01
성수성수(외선),성수신도림,성수성수(외선),성수성수(내선)
9:15,9:20,11:07,11:07
성수성수(외선),성수성수(내선),성수성수(외선),성수성수(내선)
9:18,9:23,11:12,11:13
성수성수(외선),성수성수(내선),신도림성수(외선),성수성수(내선)
9:21,9:26,11:17,11:19
성수성수(외선),성수성수(내선),성수성수(외선),성수성수(내선)
9:24,9:28,11:22,11:24
성수성수(외선),성수신도림,성수성수(외선),성수성수(내선)
9:27,9:32,11:27,11:30
성수성수(외선),성수성수(내선),성수성수(외선),성수성수(내선)
9:31,9:38,11:32,11:34
성수성수(외선),성수성수(내선),성수성수(외선),성수성수(내선)
9:34,9:42,11:37,11:39
성수성수,성수신도림,성수성수(외선),성수성수(내선)
9:36,9:46,11:42,11:47
성수성수(외선),성수성수(내선),성수성수(외선),성수성수(내선)
9:39,9:52,11:47,11:53
성수성수(외선),성수성수(내선),성수성수(외선),성수성수(내선)
9:42,9:56,11:52,11:58
성수성수(외선),성수신도림,성수성수(외선),성수성수(내선)
9:45,9:59,11:57,
성수성수,성수성수(내선),성수성수(외선),
9:48,,12:02,12:03
성수성수(외선),,성수성수(외선),성수성수(내선)
9:53,,12:07,12:07
성수성수(외선),,성수성수(외선),성수성수(내선)
9:57,,12:13,12:12
성수성수,,성수성수(외선),성수성수(내선)
10:00,10:03,12:21,12:16
성수성수(외선),성수성수(내선),성수성수(외선),성수성수(내선)
10:06,10:09,12:27,12:21
성수성수(외선),성수성수(내선),성수성수(외선),성수성수(내선)
10:08,10:13,12:32,12:25
성수성수(외선),성수성수(내선),성수성수(외선),성수성수(내선)
10:11,10:17,12:37,12:32
성수성수,성수성수(내선),성수성수(외선),성수성수(내선)
10:13,10:22,12:42,12:39
성수성수(외선),성수신도림,성수성수(외선),성수성수(내선)
10:15,10:27,12:47,12:45
성수성수(외선),성수성수(내선),성수성수(외선),성수성수(내선)
10:18,10:31,12:52,12:50
성수성수(외선),성수성수(내선),성수성수(외선),성수성수(내선)
10:20,10:37,12:57,12:55
성수성수,성수성수(내선),성수성수(외선),성수성수(내선)
10:23,10:41,13:02,13:00
성수성수(외선),성수신도림,성수성수(외선),성수성수(내선)
10:25,10:44,13:07,13:05
성수성수(외선),성수성수(내선),성수성수(외선),성수성수(내선)
10:28,10:50,13:12,13:10
성수성수(외선),성수성수(내선),성수성수(외선),성수성수(내선)
10:32,10:53,13:17,13:17
성수성수(외선),성수신도림,성수성수(외선),성수성수(내선)
10:36,10:56,13:22,13:23
성수성수(외선),성수성수(내선),성수성수(외선),성수성수(내선)
10:40,,13:27,13:28
성수성수,,성수성수(외선),성수성수(내선)
10:43,,13:32,13:33
성수성수(외선),,성수성수(외선),성수성수(내선)
10:48,,13:37,13:37
성수성수(외선),,성수성수(외선),성수성수(내선)
10:52,,13:43,13:42
성수성수,,성수성수(외선),성수성수(내선)
10:56,,13:50,13:46
성수성수(외선),,성수성수(외선),성수성수(내선)
11:01,11:02,13:57,13:51
성수성수(외선),성수성수(내선),성수성수(외선),성수성수(내선)
11:06,11:09,,13:55
성수성수(외선),성수성수(내선),,성수성수(내선)
11:12,11:15,14:02,14:02
성수성수(외선),성수성수(내선),성수성수(외선),성수성수(내선)
11:18,11:22,14:07,14:09
성수성수(외선),성수성수(내선),성수성수(외선),성수성수(내선)
11:23,11:28,14:12,14:15
성수성수(외선),성수성수(내선),성수성수(외선),성수성수(내선)
11:30,11:33,14:17,14:20
성수성수(외선),성수성수(내선),성수성수(외선),성수성수(내선)
11:36,11:38,14:22,14:25
성수성수(외선),성수성수(내선),성수성수(외선),성수성수
11:40,11:43,14:27,14:30
성수성수(외선),성수성수(내선),성수성수(외선),성수성수(내선)
11:44,11:48,14:32,14:35
성수성수(외선),성수성수(내선),성수성수(외선),성수성수(내선)
11:49,11:57,14:37,14:40
성수성수(외선),성수성수(내선),성수성수(외선),성수성수(내선)
11:54,,14:42,14:44
성수성수(외선),,성수성수(외선),성수성수(내선)
11:59,,14:47,14:49
성수성수(외선),,성수성수(외선),성수성수(내선)
12:04,12:03,14:52,14:54
성수성수(외선),성수성수(내선),성수성수(외선),성수성수(내선)
12:08,12:08,14:57,14:59
성수성수(외선),성수성수(내선),성수성수(외선),성수성수(내선)
12:14,12:14,15:02,15:04
성수성수(외선),성수성수(내선),성수성수(외선),성수성수(내선)
12:19,12:20,15:07,15:08
성수성수(외선),성수성수(내선),성수성수(외선),성수성수(내선)
12:25,12:26,15:13,15:13
성수성수(외선),성수성수(내선),성수성수(외선),성수성수(내선)
12:31,12:32,15:20,15:16첫
성수성수(외선),성수성수(내선),성수성수(외선),성수신도림
12:36,12:38,15:27,15:21
성수성수(외선),성수성수(내선),성수성수(외선),성수성수(내선)
12:42,12:44,15:32,15:25
성수성수(외선),성수성수(내선),성수성수(외선),성수성수(내선)
12:48,12:51,15:37,15:32
성수성수(외선),성수성수(내선),성수성수(외선),성수성수(내선)
12:53,12:56,15:42,15:39
성수성수(외선),성수성수(내선),성수성수(외선),성수성수(내선)
12:59,,15:47,15:45
성수성수(외선),,성수성수(외선),성수성수(내선)
13:06,13:02,15:52,15:50
성수성수(외선),성수성수(내선),성수성수(외선),성수성수(내선)
13:10,13:07,15:57,15:55
성수성수(외선),성수성수(내선),신도림성수(외선),성수성수(내선)
13:14,13:12,16:02,16:00
성수성수(외선),성수성수(내선),성수성수(외선),성수성수(내선)
13:19,13:19,16:07,16:05
성수성수(외선),성수성수(내선),성수성수(외선),성수성수(내선)
13:24,13:27,16:12,16:10
성수성수(외선),성수성수(내선),성수성수(외선),성수성수(내선)
13:29,13:33,16:17,16:15
성수성수(외선),성수성수(내선),성수성수(외선),성수성수(내선)
13:34,13:38,16:22,16:20
성수성수(외선),성수성수(내선),성수성수(외선),성수성수(내선)
13:39,13:44,16:27,16:25
성수성수(외선),성수성수(내선),성수성수(외선),성수성수(내선)
13:44,13:50,16:32,16:30
성수성수(외선),성수성수(내선),성수성수(외선),성수성수(내선)
13:49,13:56,16:37,16:35
성수성수(외선),성수성수(내선),성수성수(외선),성수신도림
13:55,,16:43,16:40
성수성수(외선),,성수성수(외선),성수성수(내선)
14:01,14:02,16:51,16:45
성수성수(외선),성수성수(내선),성수성수(외선),성수성수(내선)
14:06,14:08,16:57,16:50
성수성수(외선),성수성수(내선),신도림성수(외선),성수성수(내선)
14:12,14:14,,16:54
성수성수(외선),성수성수(내선),,성수신도림
14:18,14:20,,16:57
성수성수(외선),성수성수(내선),,성수성수(내선)
14:24,14:26,17:02,17:01
성수성수(외선),성수성수(내선),성수성수(외선),성수성수(내선)
14:29,14:32,17:07,17:05
성수성수(외선),성수성수(내선),성수성수(외선),성수성수(내선)
14:35,14:37,17:13,17:10
성수성수(외선),성수성수(내선),성수성수(외선),성수성수
14:40,14:42,17:19,17:15
성수성수(외선),성수성수(내선),성수성수(외선),성수성수(내선)
14:44,14:48,17:25,17:20
성수성수(외선),성수성수(내선),성수성수(외선),성수성수(내선)
14:49,14:57,17:31,17:25
성수성수(외선),성수성수(내선),성수성수(외선),성수성수(내선)
14:54,,17:37,17:30
성수성수(외선),,성수성수(외선),성수신도림
14:59,,17:42,17:35
성수성수(외선),,성수성수(외선),성수성수(내선)
15:04,15:03,17:48,17:40
성수성수(외선),성수성수(내선),성수성수(외선),성수성수(내선)
15:09,15:08,17:53,17:45
성수성수(외선),성수성수(내선),성수성수(외선),성수성수(내선)
15:14,15:14,17:59,17:51
성수성수(외선),성수성수(내선),성수성수(외선),성수성수(내선)
15:19,15:20,,17:56
성수성수(외선),성수성수(내선),,성수성수(내선)
15:25,15:26,18:02,18:02
성수성수(외선),성수성수(내선),성수성수,성수성수(내선)
15:31,15:32,18:05,18:07
성수성수(외선),성수성수(내선),성수성수(외선),성수성수(내선)
15:36,15:38,18:11,18:13
성수성수(외선),성수성수(내선),성수성수(외선),성수성수(내선)
15:42,15:44,18:16,18:18
성수성수(외선),성수성수(내선),성수성수(외선),성수성수(내선)
15:48,15:50,18:22,18:24
성수성수(외선),성수성수(내선),성수성수(외선),성수성수(내선)
15:54,15:56,18:27,18:29
성수성수(외선),성수성수(내선),성수성수(외선),성수성수(내선)
15:59,,18:32,18:35
성수성수(외선),,성수성수(외선),성수성수(내선)
16:05,16:02,18:38,18:41
성수성수(외선),성수성수(내선),성수성수(외선),성수성수(내선)
16:08,16:07,18:43,18:46
성수성수(외선),성수성수(내선),성수성수(외선),성수성수(내선)
16:14,16:13,18:49,18:51
성수성수(외선),성수성수(내선),성수성수(외선),성수성수(내선)
16:19,16:18,18:55,18:57
성수성수(외선),성수성수(내선),성수성수(외선),성수성수(내선)
16:24,16:23,19:01,19:02
성수성수(외선),성수성수(내선),성수성수(외선),성수성수(내선)
16:28,16:27,19:07,19:08
성수성수(외선),성수성수(내선),성수성수(외선),성수성수(내선)
16:34,16:33,19:12,19:13
성수성수(외선),성수성수(내선),성수성수(외선),성수성수(내선)
16:39,16:38,19:18,19:19
성수성수(외선),성수성수(내선),성수성수(외선),성수성수(내선)
16:43,16:44,19:23,19:24
성수성수(외선),성수성수(내선),성수성수(외선),성수성수(내선)
16:50,16:47,19:29,19:30
성수성수(외선),성수성수(내선),성수성수(외선),성수성수(내선)
16:54,16:50,19:35,19:35
성수성수(외선),성수성수(내선),성수성수(외선),성수성수(내선)
,16:56,19:41,19:41
,성수성수(내선),성수성수(외선),성수성수(내선)
17:01,17:02,19:47,19:46
성수성수(외선),성수성수(내선),성수성수(외선),성수성수(내선)
17:06,17:08,19:53,19:52
성수성수(외선),성수성수(내선),성수성수(외선),성수성수(내선)
17:12,17:13,19:59,19:57
성수성수(외선),성수성수(내선),성수성수(외선),성수성수(내선)
17:18,17:16,20:05,20:03
성수성수(외선),성수성수(내선),신도림성수(외선),성수성수(내선)
17:21,17:21,20:07,20:08
신도림성수(외선),성수성수(내선),성수성수,성수성수(내선)
17:24,17:26,20:11,20:14
성수성수(외선),성수성수(내선),성수성수(외선),성수신도림
17:30,17:29,20:17,20:19
성수성수(외선),성수성수(내선),성수성수(외선),성수성수(내선)
17:34,17:32,20:23,20:25
성수성수(외선),성수성수(내선),성수성수(외선),성수성수(내선)
17:38,17:37,20:29,20:31
성수성수(외선),성수성수(내선),성수성수(외선),성수성수(내선)
17:42,17:39,20:35,20:37
성수성수(외선),성수성수(내선),성수성수(외선),성수성수(내선)
17:45,17:43,20:41,20:43
성수성수(외선),성수성수(내선),성수성수(외선),성수성수(내선)
17:49,17:46,20:47,20:48
성수성수(외선),성수성수(내선),성수성수(외선),성수신도림
17:54,17:49,20:53,20:53
성수성수(외선),성수성수(내선),성수성수(외선),성수성수(내선)
17:58,17:53,20:59,20:58
성수성수(외선),성수성수(내선),성수성수(외선),성수성수(내선)
,17:57,21:05,21:04
,성수성수(내선),성수성수(외선),성수성수(내선)
18:02,18:00,21:11,21:10
성수성수(외선),성수성수(내선),성수성수(외선),성수성수(내선)
18:05,18:03,21:17,21:16
성수성수(외선),성수성수(내선),성수성수(외선),성수신도림
18:09,18:07,21:23,21:22
성수성수(외선),성수성수(내선),성수성수(외선),성수성수(내선)
18:13,18:11,21:29,21:28
성수성수(외선),성수성수(내선),성수성수(외선),성수성수(내선)
18:17,18:14,21:35,21:34
신도림성수(외선),성수성수(내선),성수성수(외선),성수성수(내선)
18:20,18:16,21:41,21:40
성수성수(외선),성수성수(내선),성수성수(외선),성수성수(내선)
18:24,18:18,21:47,21:47
성수성수(외선),성수성수(내선),성수성수(외선),성수신도림
18:28,18:20,21:53,21:54
성수성수(외선),성수성수(내선),성수성수(외선),성수성수(내선)
18:32,18:23,21:59,
성수성수(외선),성수성수(내선),성수성수(외선),
18:36,18:27,22:05,22:01
성수성수(외선),성수성수(내선),성수성수(외선),성수신도림
18:39,18:32,22:12,22:07
성수성수(외선),성수성수,성수성수(외선),성수성수
18:42,18:35,22:18,22:14막
성수성수(외선),성수성수(내선),성수성수(외선),성수성수(내선)
18:48,18:38,22:25,22:22
성수성수(외선),성수성수(내선),성수성수(외선),성수신도림
18:51,18:41,22:31,22:28
성수성수(외선),성수성수(내선),성수성수(외선),성수성수
18:54,18:44,22:35,22:35막
성수성수(외선),성수성수(내선),성수성수,성수성수
18:57,18:47,22:38,22:42
성수성수(외선),성수성수,성수성수(외선),성수신도림
,18:51,22:45,22:50막
,성수성수(내선),성수성수(외선),성수을지로입구
,18:56,22:52,22:58
,성수성수(내선),성수성수(외선),성수신도림
,18:59,22:57,
,성수성수(내선),성수성수,
19:00,19:02,23:07,23:04막
성수성수(외선),성수신도림,성수성수(외선),성수홍대입구
19:04,19:04,23:15,23:12막
성수성수(외선),성수성수(내선),성수성수(외선),성수신도림
19:08,19:07,23:21,23:23막
성수성수(외선),성수성수,성수성수(외선),성수서울대입구
19:12,19:09,23:30,23:44막
성수성수(외선),성수성수(내선),성수성수(외선),성수삼성
19:15,19:13,23:39막,
성수성수(외선),성수성수(내선),성수성수(외선),
19:19,19:16,23:45,
성수성수(외선),성수성수(내선),성수성수,
19:24,19:20,23:52,
성수성수(외선),성수성수,성수성수,
19:28,19:23,23:58막,
성수성수(외선),성수성수(내선),성수성수,
19:32,19:27,,
성수성수(외선),성수성수(내선),,
19:35,19:30,,
성수성수(외선),성수성수(내선),,
19:39,19:33,,
성수성수(외선),성수성수,,
19:43,19:37,,
성수성수(외선),성수성수(내선),,
19:47,19:41,,
성수성수(외선),성수성수(내선),,
19:50,19:44,,
성수성수,성수성수,,
19:53,19:47,,
성수성수(외선),성수성수(내선),,
19:58,19:50,,
성수성수(외선),성수신도림,,
,19:54,,
,성수성수(내선),,
,19:59,,
,성수성수,,
20:02,20:04,,
성수성수(외선),성수성수(내선),,
20:06,20:08,,
성수성수,성수신도림,,
20:09,20:11,,
성수성수(외선),성수성수(내선),,
20:18,20:15,,
성수성수,성수성수(내선),,
20:21,20:21,,
성수성수(외선),성수성수(내선),,
20:27,20:26,,
성수성수(외선),성수성수(내선),,
20:31,20:31,,
성수성수(외선),성수성수(내선),,
20:38,20:35,,
성수성수(외선),성수신도림,,
20:42,20:39,,
성수성수(외선),성수성수(내선),,
20:49,20:43,,
성수성수(외선),성수성수(내선),,
20:54,20:48,,
성수성수(외선),성수성수(내선),,
20:58,20:53,,
성수성수(외선),성수성수(내선),,
,20:57,,
,성수성수,,
21:02,21:01,,
성수성수(외선),성수성수(내선),,
21:06,21:06,,
성수성수(외선),성수성수(내선),,
21:12,21:12,,
성수성수(외선),성수성수(내선),,
21:18,21:18,,
성수성수(외선),성수성수(내선),,
21:23,21:25,,
성수성수(외선),성수성수(내선),,
21:28,21:34,,
성수성수(외선),성수성수(내선),,
21:33,21:41,,
성수성수(외선),성수성수(내선),,
21:40,21:46,,
성수성수(외선),성수성수(내선),,
21:51,21:52,,
성수성수(외선),성수성수(내선),,
21:58,21:57,,
성수성수(외선),성수성수(내선),,
22:05,22:02,,
성수성수(외선),성수성수(내선),,
22:12,22:08,,
성수성수(외선),성수성수(내선),,
22:19,22:13,,
성수성수(외선),성수신도림,,
22:24,22:18,,
성수성수(외선),성수성수(내선),,
22:33,22:24,,
성수성수(외선),성수신도림,,
22:42,22:31,,
성수성수(외선),성수성수(내선),,
22:48,22:37,,
성수성수(외선),성수신도림,,
22:53,22:42,,
성수성수(외선),성수성수(내선),,
22:59,22:49,,
성수성수(외선),성수성수,,
,22:56,,
,성수성수(내선),,
23:04,23:05,,
성수성수(외선),성수성수,,
23:12,23:11,,
성수성수(외선),성수신도림,,
23:20,23:16막,,
성수성수(외선),성수성수(내선),,
23:28,23:22,,
성수성수(외선),성수신도림,,
23:35,23:27,,
성수성수(외선),성수성수,,
23:43,23:33막,,
성수성수(외선),성수성수,,
23:54,23:40,,
성수성수(외선),성수신도림,,
,23:49막,,
,성수을지로입구,,
0:04,00:01막,,
성수성수(외선),성수홍대입구,,
0:12,00:13막,,
성수성수,성수신도림,,
0:19,00:26막,,
성수성수(외선),성수서울대입구,,
0:30,00:46막,,
성수성수(외선),성수삼성,,
00:43막,,,
성수성수(외선),,,
00:58막,,,
성수성수,,,
