﻿신정네거리방면,까치산방면,신정네거리방면,까치산방면
평일,평일,주말,주말
05:30첫,,05:30첫,
까치산신도림,,까치산신도림,
5:46,,5:46,
까치산신도림,,까치산신도림,
6:00,,6:00,
까치산신도림,,까치산신도림,
6:14,,6:13,
까치산신도림,,까치산신도림,
6:31,,6:31,
까치산신도림,,까치산신도림,
6:48,,6:48,
까치산신도림,,까치산신도림,
6:59,,6:59,
까치산신도림,,까치산신도림,
7:09,,7:09,
까치산신도림,,까치산신도림,
7:18,,7:18,
까치산신도림,,까치산신도림,
7:28,,7:28,
까치산신도림,,까치산신도림,
7:38,,7:38,
까치산신도림,,까치산신도림,
7:47,,7:47,
까치산신도림,,까치산신도림,
7:58,,7:58,
까치산신도림,,까치산신도림,
8:07,,8:07,
까치산신도림,,까치산신도림,
8:16,,8:16,
까치산신도림,,까치산신도림,
8:26,,8:26,
까치산신도림,,까치산신도림,
8:36,,8:36,
까치산신도림,,까치산신도림,
8:45,,8:45,
까치산신도림,,까치산신도림,
8:55,,8:55,
까치산신도림,,까치산신도림,
9:05,,9:05,
까치산신도림,,까치산신도림,
9:14,,9:14,
까치산신도림,,까치산신도림,
9:24,,9:24,
까치산신도림,,까치산신도림,
9:34,,9:34,
까치산신도림,,까치산신도림,
9:44,,9:44,
까치산신도림,,까치산신도림,
9:55,,9:55,
까치산신도림,,까치산신도림,
10:06,,10:04,
까치산신도림,,까치산신도림,
10:14,,10:14,
까치산신도림,,까치산신도림,
10:24,,10:24,
까치산신도림,,까치산신도림,
10:35,,10:35,
까치산신도림,,까치산신도림,
10:45,,10:45,
까치산신도림,,까치산신도림,
10:55,,10:55,
까치산신도림,,까치산신도림,
11:04,,11:04,
까치산신도림,,까치산신도림,
11:14,,11:14,
까치산신도림,,까치산신도림,
11:24,,11:24,
까치산신도림,,까치산신도림,
11:35,,11:35,
까치산신도림,,까치산신도림,
11:45,,11:45,
까치산신도림,,까치산신도림,
11:55,,11:55,
까치산신도림,,까치산신도림,
12:05,,12:05,
까치산신도림,,까치산신도림,
12:15,,12:15,
까치산신도림,,까치산신도림,
12:25,,12:25,
까치산신도림,,까치산신도림,
12:35,,12:35,
까치산신도림,,까치산신도림,
12:45,,12:45,
까치산신도림,,까치산신도림,
12:55,,12:55,
까치산신도림,,까치산신도림,
13:05,,13:05,
까치산신도림,,까치산신도림,
13:15,,13:15,
까치산신도림,,까치산신도림,
13:25,,13:25,
까치산신도림,,까치산신도림,
13:35,,13:35,
까치산신도림,,까치산신도림,
13:45,,13:45,
까치산신도림,,까치산신도림,
13:55,,13:55,
까치산신도림,,까치산신도림,
14:05,,14:05,
까치산신도림,,까치산신도림,
14:15,,14:15,
까치산신도림,,까치산신도림,
14:25,,14:25,
까치산신도림,,까치산신도림,
14:35,,14:35,
까치산신도림,,까치산신도림,
14:45,,14:45,
까치산신도림,,까치산신도림,
14:55,,14:55,
까치산신도림,,까치산신도림,
15:05,,15:05,
까치산신도림,,까치산신도림,
15:15,,15:15,
까치산신도림,,까치산신도림,
15:25,,15:25,
까치산신도림,,까치산신도림,
15:35,,15:35,
까치산신도림,,까치산신도림,
15:45,,15:45,
까치산신도림,,까치산신도림,
15:55,,15:55,
까치산신도림,,까치산신도림,
16:05,,16:05,
까치산신도림,,까치산신도림,
16:15,,16:15,
까치산신도림,,까치산신도림,
16:24,,16:24,
까치산신도림,,까치산신도림,
16:34,,16:34,
까치산신도림,,까치산신도림,
16:44,,16:44,
까치산신도림,,까치산신도림,
16:54,,16:54,
까치산신도림,,까치산신도림,
17:04,,17:04,
까치산신도림,,까치산신도림,
17:14,,17:14,
까치산신도림,,까치산신도림,
17:24,,17:24,
까치산신도림,,까치산신도림,
17:35,,17:35,
까치산신도림,,까치산신도림,
17:44,,17:44,
까치산신도림,,까치산신도림,
17:55,,17:55,
까치산신도림,,까치산신도림,
18:04,,18:04,
까치산신도림,,까치산신도림,
18:14,,18:14,
까치산신도림,,까치산신도림,
18:25,,18:25,
까치산신도림,,까치산신도림,
18:34,,18:34,
까치산신도림,,까치산신도림,
18:44,,18:44,
까치산신도림,,까치산신도림,
18:54,,18:54,
까치산신도림,,까치산신도림,
19:04,,19:04,
까치산신도림,,까치산신도림,
19:14,,19:14,
까치산신도림,,까치산신도림,
19:24,,19:24,
까치산신도림,,까치산신도림,
19:35,,19:35,
까치산신도림,,까치산신도림,
19:44,,19:44,
까치산신도림,,까치산신도림,
19:54,,19:55,
까치산신도림,,까치산신도림,
20:04,,20:06,
까치산신도림,,까치산신도림,
20:16,,20:17,
까치산신도림,,까치산신도림,
20:24,,20:26,
까치산신도림,,까치산신도림,
20:36,,20:35,
까치산신도림,,까치산신도림,
20:46,,20:46,
까치산신도림,,까치산신도림,
20:56,,20:56,
까치산신도림,,까치산신도림,
21:05,,21:05,
까치산신도림,,까치산신도림,
21:14,,21:14,
까치산신도림,,까치산신도림,
21:26,,21:26,
까치산신도림,,까치산신도림,
21:36,,21:36,
까치산신도림,,까치산신도림,
21:47,,21:47,
까치산신도림,,까치산신도림,
21:59,,21:59,
까치산신도림,,까치산신도림,
22:09,,22:09,
까치산신도림,,까치산신도림,
22:20,,22:20,
까치산신도림,,까치산신도림,
22:32,,22:31,
까치산신도림,,까치산신도림,
22:42,,22:46,
까치산신도림,,까치산신도림,
22:56,,23:02,
까치산신도림,,까치산신도림,
23:11,,23:17,
까치산신도림,,까치산신도림,
23:25,,23:33,
까치산신도림,,까치산신도림,
23:42,,23:47막,
까치산신도림,,까치산신도림,
23:56,,,
까치산신도림,,,
0:10,,,
까치산신도림,,,
0:24,,,
까치산신도림,,,
0:38,,,
까치산신도림,,,
00:53막,,,
까치산신도림,,,
