﻿신대방방면,대림방면,신대방방면,대림방면
평일,평일,주말,주말
05:35첫,05:38첫,05:34첫,05:38첫
신도림성수(외선),서울대입구성수(내선),신도림성수(외선),서울대입구성수(내선)
5:41,5:58,5:40,5:56
신도림성수(외선),삼성성수(내선),신도림성수(외선),삼성성수(내선)
5:46,,5:46,
홍대입구성수(외선),,홍대입구성수(외선),
5:53,,5:52,
신도림성수(외선),,신도림성수(외선),
5:58,,5:58,
을지로입구성수(외선),,을지로입구성수(외선),
6:05,6:15,6:03,6:14
신도림성수(외선),성수성수(내선),신도림성수(외선),성수성수(내선)
6:13,6:25,6:09,6:24
성수성수(외선),성수성수(내선),신도림성수(외선),성수성수(내선)
6:18,6:32,6:15,6:30
신도림성수(외선),성수성수(내선),성수성수(외선),성수성수(내선)
6:23,6:39,6:20,6:41
성수성수(외선),성수성수(내선),신도림성수(외선),성수성수(내선)
6:28,6:43,6:26,6:47
신도림성수(외선),성수성수(내선),성수성수(외선),성수성수(내선)
6:33,6:49,6:33,6:53
성수성수(외선),성수성수(내선),성수성수(외선),성수성수(내선)
6:38,6:55,6:39,6:57
신도림성수(외선),성수성수(내선),성수성수(외선),성수성수(내선)
6:42,,6:45,
성수성수(외선),,성수성수(외선),
6:48,,6:51,
신도림성수(외선),,성수성수(외선),
6:52,,6:57,
성수성수(외선),,성수성수(외선),
6:57,,7:03,7:04
신도림성수(외선),,성수성수(외선),성수성수(내선)
7:01,7:02,7:09,7:10
성수성수(외선),성수성수(내선),성수성수(외선),성수성수(내선)
7:07,7:08,7:15,7:16
성수성수(외선),성수성수(내선),성수성수(외선),성수성수(내선)
7:11,7:12,7:21,7:22
성수성수(외선),성수성수(내선),성수성수(외선),성수성수(내선)
7:14,7:15,7:27,7:27
신도림성수(외선),성수성수(내선),성수성수(외선),성수성수(내선)
7:17,7:22,7:33,7:33
성수성수(외선),성수성수(내선),성수성수(외선),성수성수(내선)
7:20,7:26,7:39,7:37
성수성수(외선),성수성수(내선),성수성수(외선),성수성수(내선)
7:23,7:29,7:44,7:42
성수성수(외선),성수성수(내선),성수성수(외선),성수성수(내선)
7:26,7:36,7:50,7:47
신도림성수(외선),성수성수(내선),성수성수(외선),성수성수(내선)
7:29,7:40,7:54,7:53
성수성수(외선),성수성수(내선),신도림성수(외선),성수성수(내선)
7:32,7:43,7:58,7:58
성수성수(외선),성수성수(내선),성수성수(외선),성수성수(내선)
7:35,7:47,8:04,8:04
성수성수(외선),성수성수(내선),성수성수(외선),성수성수(내선)
7:38,7:50,8:10,8:09
신도림성수(외선),성수성수(내선),성수성수(외선),성수성수(내선)
7:42,7:54,8:16,8:15
성수성수(외선),성수성수(내선),성수성수(외선),성수성수(내선)
7:45,7:58,8:20,8:20
신도림성수(외선),성수성수(내선),성수성수,성수성수(내선)
7:48,,8:27,8:26
성수성수(외선),,성수성수(외선),성수성수(내선)
7:50,,8:33,8:31
신도림성수(외선),,성수성수(외선),성수성수(내선)
7:53,,8:39,8:37
신도림성수(외선),,성수성수(외선),성수성수(내선)
7:55,,8:43,8:42
성수성수(외선),,신도림성수(외선),성수성수(내선)
7:58,,8:46,8:48
신도림성수(외선),,성수성수,성수성수(내선)
8:00,8:02,8:51,8:53
성수성수(외선),성수성수(내선),성수성수(외선),성수성수(내선)
8:03,8:05,8:56,8:59
신도림성수(외선),성수성수(내선),성수성수(외선),성수성수(내선)
8:05,8:09,9:02,9:04
성수성수(외선),성수성수(내선),성수성수(외선),성수성수(내선)
8:08,8:12,9:08,9:10
신도림성수(외선),성수성수(내선),성수성수(외선),성수성수(내선)
8:10,8:16,9:11,9:15
성수성수(외선),성수성수(내선),신도림성수(외선),성수성수(내선)
8:13,8:19,9:14,9:21
신도림성수(외선),성수성수(내선),성수성수,성수성수(내선)
8:15,8:22,9:19,9:26
성수성수,성수성수(내선),성수성수(외선),성수성수(내선)
8:18,8:25,9:24,9:31
신도림성수(외선),성수성수(내선),성수성수(외선),성수성수(내선)
8:21,8:29,9:29,9:36
성수성수(외선),성수성수(내선),성수성수(외선),성수성수
8:23,8:32,9:35,9:42
신도림성수(외선),성수성수(내선),성수성수(외선),성수성수(내선)
8:25,8:35,9:40,9:48
성수성수(외선),성수성수(내선),성수성수(외선),성수성수(내선)
8:28,8:38,9:46,9:54
성수성수(외선),성수성수(내선),성수성수(외선),성수성수(내선)
8:30,8:42,9:51,9:59
성수성수(외선),성수성수(내선),성수성수(외선),성수성수(내선)
8:34,8:45,9:57,
성수성수(외선),성수성수(내선),성수성수(외선),
8:37,8:48,10:03,10:03
성수성수(외선),성수성수,신도림성수(외선),성수성수(내선)
8:40,8:51,10:08,10:07
성수성수(외선),성수성수(내선),성수성수(외선),성수성수(내선)
8:44,8:55,10:13,10:12
성수성수(외선),성수성수(내선),성수성수(외선),성수성수(내선)
8:47,8:59,10:19,10:17
성수성수(외선),성수성수(내선),성수성수(외선),성수성수
8:50,,10:25,10:22
성수성수,,성수성수(외선),성수성수(내선)
8:53,,10:29,10:26
성수성수(외선),,신도림성수(외선),성수성수(내선)
8:56,,10:33,10:33
성수성수(외선),,성수성수(외선),성수성수(내선)
8:59,,10:39,10:38
성수성수(외선),,성수성수(외선),성수성수(내선)
9:02,9:02,10:44,10:44
성수성수,성수성수,성수성수(외선),성수성수(내선)
9:05,9:05,10:49,10:50
성수성수(외선),성수성수(내선),성수성수(외선),성수성수(내선)
9:10,9:09,10:54,10:55
성수성수(외선),성수성수(내선),성수성수(외선),성수성수
9:14,9:12,10:59,
성수성수,성수성수(내선),성수성수(외선),
9:17,9:15,11:04,11:00
성수성수(외선),성수성수(내선),성수성수(외선),성수성수(내선)
9:23,9:19,11:09,11:06
성수성수(외선),성수성수,성수성수(외선),성수성수(내선)
9:26,9:22,11:15,11:11
성수성수(외선),성수성수(내선),성수성수(외선),성수성수(내선)
9:28,9:26,11:20,11:16
성수성수,성수성수(내선),성수성수(외선),성수성수(내선)
9:30,9:30,11:25,11:20
성수성수(외선),성수성수(내선),성수성수(외선),성수성수(내선)
9:32,9:34,11:31,11:22
성수성수(외선),성수성수(내선),성수성수(외선),성수성수(내선)
9:35,9:37,11:38,11:28
성수성수(외선),성수성수,성수성수(외선),성수성수(내선)
9:37,9:40,11:44,11:33
성수성수,성수성수(내선),성수성수(외선),성수성수(내선)
9:40,9:43,11:49,11:38
성수성수(외선),성수성수(내선),성수성수(외선),성수성수(내선)
9:42,9:47,11:54,11:44
성수성수(외선),성수성수,성수성수(외선),성수성수(내선)
9:45,9:50,11:59,11:51
성수성수(외선),성수성수(내선),성수성수(외선),성수성수(내선)
9:49,9:53,,11:57
성수성수(외선),성수성수(내선),,성수성수(내선)
9:53,9:56,12:04,12:02
성수성수(외선),성수성수(내선),성수성수(외선),성수성수(내선)
9:57,,12:09,12:07
성수성수,,성수성수(외선),성수성수(내선)
10:00,10:00첫,12:14,12:13
성수성수(외선),성수신도림,성수성수(외선),성수성수(내선)
10:05,10:03,12:19,12:17
성수성수(외선),성수성수(내선),성수성수(외선),성수성수(내선)
10:08,10:06,12:24,12:22
성수성수,성수성수(내선),성수성수(외선),성수성수(내선)
10:14,10:09,12:29,12:30
성수성수(외선),성수성수(내선),성수성수(외선),성수성수(내선)
10:18,10:11,12:34,12:36
성수성수(외선),성수신도림,성수성수(외선),성수성수(내선)
10:23,10:15,12:39,12:41
성수성수(외선),성수성수(내선),성수성수(외선),성수성수(내선)
10:29,10:21,12:44,12:46
성수성수(외선),성수성수(내선),성수성수(외선),성수성수(내선)
10:35,10:25,12:49,12:50
성수성수(외선),성수신도림,성수성수(외선),성수성수(내선)
10:40,10:28,12:54,12:55
성수성수(외선),성수성수(내선),성수성수(외선),성수성수(내선)
10:47,10:35,,12:59
성수성수(외선),성수성수(내선),,성수성수(내선)
10:53,10:39,13:00,13:04
성수성수(외선),성수신도림,성수성수(외선),성수성수(내선)
10:56,10:41,13:07,13:08
성수성수(외선),성수성수(내선),성수성수(외선),성수성수(내선)
,10:46,13:14,13:15
,성수성수(내선),성수성수(외선),성수성수(내선)
,10:51,13:19,13:22
,성수성수(내선),성수성수(외선),성수성수(내선)
,10:56,13:24,13:28
,성수성수(내선),성수성수(외선),성수성수(내선)
11:00,11:00,13:29,13:33
성수성수(외선),성수성수(내선),성수성수(외선),성수성수(내선)
11:05,11:05,13:34,13:38
성수성수(외선),성수신도림,성수성수(외선),성수성수(내선)
11:10,11:10,13:39,13:43
성수성수(외선),성수성수(내선),성수성수(외선),성수성수(내선)
11:15,11:14,13:44,13:48
성수성수(외선),성수성수(내선),성수성수(외선),성수성수(내선)
11:20,11:20,13:49,13:53
성수성수(외선),성수성수(내선),성수성수(외선),성수성수(내선)
11:25,11:24,13:54,
성수성수(외선),성수신도림,성수성수(외선),
11:30,11:27,13:59,
성수성수(외선),성수성수(내선),성수성수(외선),
11:36,11:33,14:04,14:00
성수성수(외선),성수성수(내선),성수성수(외선),성수성수(내선)
11:43,11:36,14:09,14:06
성수성수(외선),성수신도림,성수성수(외선),성수성수(내선)
11:48,11:39,14:14,14:11
성수성수(외선),성수성수(내선),성수성수(외선),성수성수(내선)
11:53,11:45,14:19,14:16
성수성수(외선),성수성수(내선),성수성수(외선),성수성수(내선)
11:59,11:51,14:24,14:21
성수성수(외선),성수성수(내선),성수성수(외선),성수성수(내선)
,11:57,14:30,14:25
,성수성수(내선),성수성수(외선),성수성수(내선)
12:05,12:03,14:37,14:29
성수성수(외선),성수성수(내선),성수성수(외선),성수성수(내선)
12:10,12:09,14:44,14:34
성수성수(외선),성수성수(내선),성수성수(외선),성수성수(내선)
12:16,12:15,14:49,14:38
성수성수(외선),성수성수(내선),성수성수(외선),성수성수(내선)
12:23,12:20,14:54,14:45
성수성수(외선),성수성수(내선),성수성수(외선),성수성수(내선)
12:27,12:25,14:59,14:52
성수성수(외선),성수성수(내선),성수성수(외선),성수성수(내선)
12:31,12:31,,14:58
성수성수(외선),성수성수(내선),,성수성수(내선)
12:36,12:40,15:04,15:03
성수성수(외선),성수성수(내선),성수성수(외선),성수성수(내선)
12:41,12:46,15:09,15:07
성수성수(외선),성수성수(내선),성수성수(외선),성수성수
12:46,12:51,15:15,15:13
성수성수(외선),성수성수(내선),신도림성수(외선),성수성수(내선)
12:51,12:57,15:19,15:18
성수성수(외선),성수성수(내선),성수성수(외선),성수성수(내선)
12:56,,15:24,15:23
성수성수(외선),,성수성수(외선),성수성수(내선)
13:01,13:03,15:29,15:27
성수성수(외선),성수성수(내선),성수성수(외선),성수성수(내선)
13:06,13:09,15:34,15:32
성수성수(외선),성수성수(내선),성수성수(외선),성수성수(내선)
13:12,13:15,15:39,15:37
성수성수(외선),성수성수(내선),성수성수(외선),성수성수(내선)
13:18,13:21,15:44,15:42
성수성수(외선),성수성수(내선),성수성수(외선),성수성수(내선)
13:23,13:27,15:49,15:47
성수성수(외선),성수성수(내선),성수성수(외선),성수성수(내선)
13:29,13:33,15:54,15:52
성수성수(외선),성수성수(내선),성수성수(외선),성수성수(내선)
13:35,13:39,,15:57
성수성수(외선),성수성수(내선),,성수성수(내선)
13:41,13:45,,15:59첫
성수성수(외선),성수성수(내선),,성수신도림
13:46,13:50,16:00,16:03
성수성수(외선),성수성수(내선),성수성수(외선),성수성수(내선)
13:52,13:55,16:08,16:08
성수성수(외선),성수성수(내선),성수성수(외선),성수성수(내선)
13:57,,16:15,16:15
성수성수(외선),,신도림성수(외선),성수성수(내선)
14:01,14:02,16:19,16:22
성수성수(외선),성수성수(내선),성수성수(외선),성수성수(내선)
14:06,14:10,16:24,16:28
성수성수(외선),성수성수(내선),성수성수(외선),성수성수(내선)
14:11,14:16,16:30,16:33
성수성수(외선),성수성수(내선),성수성수(외선),성수성수(내선)
14:16,14:21,16:35,16:38
성수성수(외선),성수성수(내선),성수성수(외선),성수성수(내선)
14:21,14:27,16:43,16:43
성수성수(외선),성수성수(내선),성수성수(외선),성수성수(내선)
14:26,14:33,16:48,16:48
성수성수(외선),성수성수(내선),성수성수(외선),성수성수(내선)
14:31,14:39,16:54,16:53
성수성수(외선),성수성수(내선),성수성수(외선),성수성수(내선)
14:36,14:45,16:59,16:58
성수성수(외선),성수성수(내선),성수성수(외선),성수성수(내선)
14:42,14:51,17:04,17:03
성수성수(외선),성수성수(내선),성수성수(외선),성수성수(내선)
14:48,14:57,17:10,17:08
성수성수(외선),성수성수(내선),성수성수(외선),성수성수(내선)
14:53,,17:16,17:13
성수성수(외선),,성수성수(외선),성수성수(내선)
14:59,,17:19,17:18
성수성수(외선),,성수성수,성수신도림
15:05,15:03,17:23,17:21
성수성수(외선),성수성수(내선),성수성수(외선),성수성수(내선)
15:11,15:09,17:29,17:27
성수성수(외선),성수성수(내선),성수성수(외선),성수성수(내선)
15:16,15:15,17:34,17:32
성수성수(외선),성수성수(내선),성수성수(외선),성수성수(내선)
15:22,15:20,17:39,17:36
성수성수(외선),성수성수(내선),성수성수(외선),성수신도림
15:26,15:25,17:44,17:38
성수성수(외선),성수성수(내선),성수성수(외선),성수성수(내선)
15:31,15:31,17:49,17:44
성수성수(외선),성수성수(내선),성수성수(외선),성수성수(내선)
15:36,15:40,17:55,17:48
성수성수(외선),성수성수(내선),성수성수(외선),성수성수(내선)
15:41,15:46,,17:52
성수성수(외선),성수성수(내선),,성수성수
15:46,15:51,,17:58
성수성수(외선),성수성수(내선),,성수성수(내선)
15:51,15:57,18:00,18:03
성수성수(외선),성수성수(내선),성수성수(외선),성수성수(내선)
15:56,,18:05,18:08
성수성수(외선),,성수성수(외선),성수성수(내선)
16:01,16:03,18:13,18:13
성수성수(외선),성수성수(내선),성수성수(외선),성수신도림
16:07,16:09,18:19,18:17
성수성수(외선),성수성수(내선),성수성수(외선),성수성수(내선)
16:12,16:15,18:24,18:22
성수성수(외선),성수성수(내선),성수성수(외선),성수성수(내선)
16:18,16:21,18:29,18:27
성수성수(외선),성수성수(내선),성수성수(외선),성수성수(내선)
16:23,16:27,18:35,18:33
성수성수(외선),성수성수(내선),성수성수(외선),성수성수(내선)
16:29,16:33,18:40,18:38
성수성수(외선),성수성수(내선),성수성수(외선),성수성수(내선)
16:35,16:39,18:46,18:44
성수성수(외선),성수성수(내선),성수성수(외선),성수성수(내선)
16:38,16:45,18:52,18:49
신도림성수(외선),성수성수(내선),성수성수(외선),성수성수(내선)
16:41,16:50,18:58,18:55
성수성수(외선),성수성수(내선),성수성수(외선),성수성수(내선)
16:47,16:56,19:04,19:00
성수성수(외선),성수성수(내선),성수성수(외선),성수성수(내선)
16:51,,19:10,19:06
성수성수(외선),,성수성수(외선),성수성수(내선)
16:55,,19:15,19:11
성수성수(외선),,성수성수(외선),성수성수(내선)
16:59,,19:21,19:17
성수성수(외선),,신도림성수(외선),성수성수(내선)
17:02,17:01,19:24,19:22
성수성수(외선),성수성수(내선),성수성수,성수성수(내선)
17:06,17:06,19:29,19:28
성수성수(외선),성수성수(내선),성수성수(외선),성수성수(내선)
17:11,17:10,19:35,19:34
성수성수(외선),성수성수(내선),성수성수(외선),성수성수(내선)
17:15,17:16,19:41,19:39
성수성수(외선),성수성수(내선),성수성수(외선),성수성수(내선)
17:19,17:21,19:47,19:45
성수성수(외선),성수성수(내선),성수성수(외선),성수성수(내선)
17:22,17:27,19:53,19:50
성수성수(외선),성수성수(내선),성수성수(외선),성수성수(내선)
17:26,17:30,19:59,19:56
성수성수(외선),성수성수(내선),성수성수(외선),성수성수(내선)
17:30,17:33,20:04,20:01
성수성수(외선),성수성수(내선),성수성수(외선),성수성수(내선)
17:34,17:39,20:10,20:07
신도림성수(외선),성수성수(내선),성수성수(외선),성수성수(내선)
17:37,17:45,20:16,20:12
성수성수(외선),성수성수(내선),성수성수(외선),성수성수(내선)
17:41,17:51,20:22,20:18
성수성수(외선),성수성수(내선),성수성수(외선),성수성수(내선)
17:45,17:56,20:28,20:23
성수성수(외선),성수성수(내선),성수성수(외선),성수성수(내선)
17:49,17:59,20:34,20:29
성수성수(외선),성수성수(내선),성수성수(외선),성수성수(내선)
17:53,,20:40,20:35
성수성수(외선),,성수성수(외선),성수성수(내선)
17:56,,20:46,20:40
성수성수(외선),,성수성수(외선),성수성수(내선)
17:59,,20:52,20:46
성수성수(외선),,성수성수(외선),성수성수(내선)
18:05,18:04,20:58,20:52
성수성수(외선),성수성수(내선),성수성수(외선),성수성수(내선)
18:08,18:09,,20:57
성수성수(외선),성수성수(내선),,성수신도림
18:11,18:12,21:04,21:01
성수성수(외선),성수성수(내선),성수성수(외선),성수성수(내선)
18:14,18:15,21:10,21:07
성수성수(외선),성수성수(내선),성수성수(외선),성수성수(내선)
18:17,18:20,21:16,21:14
성수성수(외선),성수성수(내선),성수성수(외선),성수성수(내선)
18:21,18:22,21:22,21:20
성수성수(외선),성수성수(내선),성수성수(외선),성수성수(내선)
18:25,18:26,21:29,21:26
성수성수(외선),성수성수(내선),성수성수(외선),성수성수(내선)
18:29,18:29,21:35,21:31
성수성수(외선),성수성수(내선),성수성수(외선),성수신도림
18:32,18:32,21:41,21:36
성수성수(외선),성수성수(내선),성수성수(외선),성수성수(내선)
18:36,18:36,21:47,21:41
성수성수(외선),성수성수(내선),성수성수(외선),성수성수(내선)
18:41,18:40,21:52,21:47
성수성수(외선),성수성수(내선),성수성수,성수성수(내선)
18:45,18:43,21:57,21:54
성수성수(외선),성수성수(내선),성수성수(외선),성수성수(내선)
18:49,18:46,,21:59
성수성수(외선),성수성수(내선),,성수신도림
18:52,18:50,22:03,22:03
성수성수(외선),성수성수(내선),성수성수(외선),성수성수(내선)
18:56,18:54,22:10,22:11
성수성수(외선),성수성수(내선),성수성수(외선),성수성수(내선)
,18:57,22:15,22:17
,성수성수(내선),성수성수,성수성수(내선)
,18:59,22:23,22:25
,성수성수(내선),성수성수(외선),성수성수(내선)
19:00,19:01,22:30,22:30
성수성수(외선),성수성수(내선),성수성수(외선),성수신도림
19:04,19:03,22:40,22:36
성수성수(외선),성수성수(내선),성수성수(외선),성수성수(내선)
19:07,19:06,22:47,22:43
성수성수,성수성수(내선),성수성수(외선),성수신도림
19:11,19:10,22:58막,22:48
성수성수(외선),성수성수(내선),성수성수(외선),성수성수
19:15,19:15,,22:57막
성수성수(외선),성수성수,,성수성수(내선)
19:19,19:18,23:04,23:05
성수성수(외선),성수성수(내선),성수성수,성수신도림
19:23,19:21,23:10,23:09
성수성수,성수성수(내선),성수성수,성수성수
19:26,19:24,23:17막,23:17막
성수성수(외선),성수성수(내선),성수성수,성수성수
19:35,19:27,23:33막,23:25
성수성수,성수성수(내선),성수삼성,성수신도림
19:38,19:30,23:52막,23:32막
성수성수(외선),성수성수,성수서울대입구,성수을지로입구
19:44,19:34,,23:40
성수성수(외선),성수성수(내선),,성수신도림
19:48,19:39,,23:45막
성수성수(외선),성수성수(내선),,성수홍대입구
19:55,19:42,,23:56막
성수성수(외선),성수성수(내선),,성수신도림
19:59,19:45,,
성수성수(외선),성수신도림,,
,19:47,,
,성수성수(내선),,
,19:50,,
,성수성수,,
,19:52,,
,성수성수(내선),,
,19:56,,
,성수성수(내선),,
,19:59,,
,성수성수(내선),,
20:06,20:03,,
성수성수(외선),성수성수,,
20:11,20:06,,
성수성수(외선),성수성수(내선),,
20:15,20:10,,
성수성수(외선),성수성수(내선),,
20:19,20:13,,
성수성수(외선),성수성수(내선),,
20:23,20:16,,
성수성수(외선),성수성수,,
20:30,20:20,,
성수성수(외선),성수성수(내선),,
20:35,20:24,,
성수성수(외선),성수성수(내선),,
20:40,20:27,,
성수성수(외선),성수성수,,
20:45,20:30,,
성수성수(외선),성수성수(내선),,
20:50,20:33,,
성수성수(외선),성수신도림,,
20:57,20:37,,
성수성수(외선),성수성수(내선),,
,20:42,,
,성수성수,,
,20:47,,
,성수성수(내선),,
,20:51,,
,성수신도림,,
,20:54,,
,성수성수(내선),,
,20:58,,
,성수성수(내선),,
21:08,21:04,,
성수성수(외선),성수성수(내선),,
21:15,21:09,,
성수성수(외선),성수성수(내선),,
21:20,21:14,,
성수성수(외선),성수성수(내선),,
21:29,21:18,,
성수성수(외선),성수신도림,,
21:36,21:21,,
성수성수(외선),성수성수(내선),,
21:41,21:26,,
성수성수(외선),성수성수(내선),,
21:50,21:31,,
성수성수(외선),성수성수(내선),,
21:59,21:36,,
성수성수(외선),성수성수(내선),,
,21:40,,
,성수성수,,
,21:44,,
,성수성수(내선),,
,21:49,,
,성수성수(내선),,
,21:55,,
,성수성수(내선),,
22:05,22:01,,
성수성수(외선),성수성수(내선),,
22:10,22:08,,
성수성수(외선),성수성수(내선),,
22:16,22:17,,
성수성수(외선),성수성수(내선),,
22:21,22:24,,
성수성수(외선),성수성수(내선),,
22:28,22:29,,
성수성수(외선),성수성수(내선),,
22:38,22:35,,
성수성수(외선),성수성수(내선),,
22:45,22:40,,
성수성수(외선),성수성수(내선),,
22:52,22:45,,
성수성수(외선),성수성수(내선),,
,22:51,,
,성수성수(내선),,
,22:56,,
,성수신도림,,
23:00,23:01,,
성수성수(외선),성수성수(내선),,
23:11,23:07,,
성수성수(외선),성수신도림,,
23:21,23:14,,
성수성수(외선),성수성수(내선),,
23:29,23:20,,
성수성수,성수신도림,,
23:36,23:25,,
성수성수(외선),성수성수(내선),,
23:47,23:32,,
성수성수(외선),성수성수,,
,23:39,,
,성수성수(내선),,
,23:48,,
,성수성수,,
,23:54,,
,성수신도림,,
,23:59막,,
,성수성수(내선),,
00:00막,0:05,,
성수성수(외선),성수신도림,,
00:15막,0:09,,
성수성수,성수성수,,
00:32막,00:16막,,
성수삼성,성수성수,,
00:52막,0:23,,
성수서울대입구,성수신도림,,
,00:32막,,
,성수을지로입구,,
,00:44막,,
,성수홍대입구,,
,00:56막,,
,성수신도림,,
