﻿건대입구방면,강변방면,건대입구방면,강변방면
평일,평일,주말,주말
05:42첫,05:34첫,05:42첫,05:34첫
삼성성수(외선),성수성수(내선),삼성성수(외선),성수성수(내선)
,5:44,,5:44
,성수성수(내선),,성수성수(내선)
,5:51,,5:52
,성수성수(내선),,성수성수(내선)
,5:58,6:01,6:02
,성수성수(내선),서울대입구성수(외선),성수성수(내선)
6:02,6:02,6:14,6:07
서울대입구성수(외선),성수성수(내선),신도림성수(외선),성수성수(내선)
6:15,6:08,6:20,6:13
신도림성수(외선),성수성수(내선),신도림성수(외선),성수성수(내선)
6:21,6:14,6:26,6:19
신도림성수(외선),성수성수(내선),홍대입구성수(외선),성수성수(내선)
6:28,6:21,6:32,6:25
홍대입구성수(외선),성수성수(내선),신도림성수(외선),성수성수(내선)
6:33,6:27,6:38,6:31
신도림성수(외선),성수성수(내선),을지로입구성수(외선),성수성수(내선)
6:39,6:31,6:44,6:37
을지로입구성수(외선),성수성수(내선),신도림성수(외선),성수성수(내선)
6:45,6:34,6:50,6:43
신도림성수(외선),성수성수(내선),신도림성수(외선),성수성수(내선)
6:54,6:41,6:56,6:47
성수성수(외선),성수성수(내선),성수성수(외선),성수성수(내선)
6:58,6:44,,6:51
신도림성수(외선),성수성수(내선),,성수성수(내선)
,6:48,,6:57
,성수성수(내선),,성수성수(내선)
,6:54,7:02,7:03
,성수성수(내선),신도림성수(외선),성수성수(내선)
,6:58,7:08,7:08
,성수성수(내선),성수성수(외선),성수성수(내선)
7:04,7:01,7:14,7:13
성수성수(외선),성수성수(내선),성수성수(외선),성수성수(내선)
7:09,7:05,7:20,7:19
신도림성수(외선),성수성수(내선),성수성수(외선),성수성수(내선)
7:14,7:08,7:26,7:24
성수성수(외선),성수성수(내선),성수성수(외선),성수성수(내선)
7:19,7:12,7:32,7:30
신도림성수(외선),성수성수(내선),성수성수(외선),성수성수(내선)
7:24,7:16,7:38,7:35
성수성수(외선),성수성수(내선),성수성수(외선),성수성수(내선)
7:29,7:20,7:44,7:41
신도림성수(외선),성수성수(내선),성수성수(외선),성수성수(내선)
7:34,7:23,7:50,7:46
성수성수(외선),성수성수(내선),성수성수(외선),성수성수(내선)
7:39,7:27,7:56,7:52
신도림성수(외선),성수성수(내선),성수성수(외선),성수성수(내선)
7:43,7:30,,7:57
성수성수(외선),성수성수(내선),,성수성수(내선)
7:49,7:34,8:01,8:03
성수성수(외선),성수성수(내선),성수성수(외선),성수성수(내선)
7:53,7:37,8:07,8:08
성수성수(외선),성수성수(내선),성수성수(외선),성수성수(내선)
7:56,7:40,8:13,8:14
신도림성수(외선),성수성수(내선),성수성수(외선),성수성수(내선)
7:59,7:43,8:19,8:19
성수성수(외선),성수성수(내선),성수성수(외선),성수성수(내선)
,7:47,8:24,8:25
,성수성수(내선),성수성수(외선),성수성수(내선)
,7:50,8:30,8:30
,성수성수(내선),성수성수(외선),성수성수(내선)
,7:53,8:35,8:36
,성수성수(내선),신도림성수(외선),성수성수(내선)
,7:56,8:40,8:41
,성수성수(내선),성수성수(외선),성수성수(내선)
8:02,8:00,8:45,8:47
성수성수(외선),성수성수(내선),성수성수(외선),성수성수(내선)
8:05,8:03,8:51,8:52
성수성수(외선),성수성수(내선),성수성수(외선),성수성수(내선)
8:08,8:06,8:56,8:57
신도림성수(외선),성수성수,성수성수(외선),성수성수
8:11,8:09,8:59,
성수성수(외선),성수성수(내선),성수성수,
8:14,8:13,9:08,9:03
성수성수(외선),성수성수(내선),성수성수(외선),성수성수(내선)
8:17,8:17,9:14,9:09
성수성수(외선),성수성수(내선),성수성수(외선),성수성수(내선)
8:20,8:20,9:20,9:15
신도림성수(외선),성수성수,성수성수(외선),성수성수(내선)
8:24,8:23,9:25,9:20
성수성수(외선),성수성수(내선),신도림성수(외선),성수성수(내선)
8:27,8:27,9:28,9:23
신도림성수(외선),성수성수(내선),성수성수,성수성수(내선)
8:30,8:31,9:31,9:25
성수성수(외선),성수성수(내선),성수성수(외선),성수성수(내선)
8:32,8:34,9:37,9:31
신도림성수(외선),성수성수(내선),성수성수(외선),성수성수(내선)
8:35,8:38,9:43,9:37
신도림성수(외선),성수성수,성수성수(외선),성수성수
8:37,8:41,9:49,9:42
성수성수(외선),성수성수(내선),성수성수(외선),성수성수(내선)
8:40,8:45,9:53,9:47
신도림성수(외선),성수성수(내선),신도림성수(외선),성수성수(내선)
8:42,8:49,9:56,9:53
성수성수(외선),성수성수(내선),성수성수,성수성수(내선)
8:45,8:53,9:59,9:58
신도림성수(외선),성수성수(내선),성수성수(외선),성수성수(내선)
8:47,8:56,10:04,10:04
성수성수(외선),성수성수,성수성수(외선),성수성수(내선)
8:50,8:59,10:10,10:09
신도림성수(외선),성수성수(내선),성수성수(외선),성수성수(내선)
8:52,,10:15,10:15
성수성수(외선),,성수성수(외선),성수성수
8:55,,10:20,10:19
신도림성수(외선),,성수성수(외선),성수성수(내선)
8:57,,10:26,10:26
성수성수,,성수성수(외선),성수성수(내선)
9:00,9:03,10:32,10:31
신도림성수(외선),성수성수(내선),성수성수(외선),성수성수(내선)
9:03,9:06,10:37,10:36
성수성수(외선),성수성수,성수성수(외선),성수성수(내선)
9:05,9:09,10:42,10:39
신도림성수(외선),성수성수(내선),신도림성수(외선),성수성수(내선)
9:07,9:12,10:48,10:42
성수성수(외선),성수성수(내선),성수성수(외선),성수성수(내선)
9:10,9:16,10:53,10:47
성수성수(외선),성수성수(내선),성수성수(외선),성수성수(내선)
9:12,09:19첫,10:59,10:52
성수성수(외선),성수신도림,성수성수(외선),성수성수(내선)
9:16,9:22,,10:57
성수성수(외선),성수성수(내선),,성수성수(내선)
9:18,9:25,11:04,11:03
성수성수(외선),성수성수(내선),성수성수(외선),성수성수(내선)
9:21,9:28,11:10,11:10
성수성수(외선),성수성수(내선),신도림성수(외선),성수성수(내선)
9:25,9:31,11:15,11:16
성수성수(외선),성수신도림,성수성수(외선),성수성수(내선)
9:29,9:34,11:20,11:21
성수성수(외선),성수성수(내선),성수성수(외선),성수성수(내선)
9:31,9:41,11:25,11:27
성수성수,성수성수(내선),성수성수(외선),성수성수(내선)
9:34,9:44,11:30,11:32
성수성수(외선),성수신도림,성수성수(외선),성수성수(내선)
9:36,9:48,11:35,11:36
성수성수(외선),성수성수(내선),성수성수(외선),성수성수(내선)
9:39,9:54,11:40,11:41
성수성수(외선),성수성수(내선),성수성수(외선),성수성수(내선)
9:43,9:58,11:45,11:49
성수성수,성수신도림,성수성수(외선),성수성수(내선)
9:45,,11:50,11:55
성수성수(외선),,성수성수(외선),성수성수(내선)
9:51,,11:55,
성수성수(외선),,성수성수(외선),
9:55,,12:00,12:00
성수성수,,성수성수(외선),성수성수(내선)
9:58,,12:05,12:05
성수성수(외선),,성수성수(외선),성수성수(내선)
10:04,10:01,12:11,12:10
성수성수(외선),성수성수(내선),성수성수(외선),성수성수(내선)
10:06,10:05,12:18,12:14
성수성수(외선),성수성수(내선),성수성수(외선),성수성수(내선)
10:08,10:11,12:25,12:19
성수성수,성수성수(내선),성수성수(외선),성수성수(내선)
10:10,10:15,12:30,12:23
성수성수(외선),성수성수(내선),성수성수(외선),성수성수(내선)
10:13,10:19,12:35,12:28
성수성수(외선),성수성수(내선),성수성수(외선),성수성수(내선)
10:15,10:24,12:40,12:34
성수성수(외선),성수신도림,성수성수(외선),성수성수(내선)
10:18,10:29,12:45,12:41
성수성수,성수성수(내선),성수성수(외선),성수성수(내선)
10:20,10:33,12:50,12:47
성수성수(외선),성수성수(내선),성수성수(외선),성수성수(내선)
10:23,10:39,12:55,12:52
성수성수(외선),성수성수(내선),성수성수(외선),성수성수(내선)
10:25,10:43,,12:57
성수성수(외선),성수신도림,,성수성수(내선)
10:30,10:46,13:00,13:02
성수성수(외선),성수성수(내선),성수성수(외선),성수성수(내선)
10:34,10:52,13:05,13:07
성수성수(외선),성수성수(내선),성수성수(외선),성수성수(내선)
10:38,10:55,13:10,13:13
성수성수,성수신도림,성수성수(외선),성수성수(내선)
10:40,10:58,13:15,13:20
성수성수(외선),성수성수(내선),성수성수(외선),성수성수(내선)
10:46,,13:20,13:25
성수성수(외선),,성수성수(외선),성수성수(내선)
10:49,,13:25,13:30
성수성수,,성수성수(외선),성수성수(내선)
10:54,,13:30,13:35
성수성수(외선),,성수성수(외선),성수성수(내선)
10:59,,13:35,13:40
성수성수(외선),,성수성수(외선),성수성수(내선)
11:04,11:04,13:41,13:44
성수성수(외선),성수성수(내선),성수성수(외선),성수성수(내선)
11:10,11:11,13:48,13:49
성수성수(외선),성수성수(내선),성수성수(외선),성수성수(내선)
11:16,11:17,13:55,13:53
성수성수(외선),성수성수(내선),성수성수(외선),성수성수(내선)
11:21,11:24,,13:58
성수성수(외선),성수성수(내선),,성수성수(내선)
11:27,11:30,14:00,14:04
성수성수(외선),성수성수(내선),성수성수(외선),성수성수(내선)
11:34,11:35,14:05,14:11
성수성수(외선),성수성수(내선),성수성수(외선),성수성수(내선)
11:37,11:40,14:10,14:17
성수성수(외선),성수성수(내선),성수성수(외선),성수성수(내선)
11:41,11:45,14:15,14:22
성수성수(외선),성수성수(내선),성수성수(외선),성수성수(내선)
11:46,11:51,14:20,14:27
성수성수(외선),성수성수(내선),성수성수(외선),성수성수
11:51,,14:25,14:32
성수성수(외선),,성수성수(외선),성수성수(내선)
11:56,,14:30,14:37
성수성수(외선),,성수성수(외선),성수성수(내선)
12:01,12:00,14:35,14:42
성수성수(외선),성수성수(내선),성수성수(외선),성수성수(내선)
12:06,12:05,14:40,14:46
성수성수(외선),성수성수(내선),성수성수(외선),성수성수(내선)
12:11,12:10,14:45,14:51
성수성수(외선),성수성수(내선),성수성수(외선),성수성수(내선)
12:17,12:16,14:50,14:56
성수성수(외선),성수성수(내선),성수성수(외선),성수성수(내선)
12:23,12:22,14:55,
성수성수(외선),성수성수(내선),성수성수(외선),
12:29,12:28,15:00,15:01
성수성수(외선),성수성수(내선),성수성수(외선),성수성수(내선)
12:34,12:34,15:05,15:06
성수성수(외선),성수성수(내선),성수성수(외선),성수성수(내선)
12:40,12:40,15:11,15:11
성수성수(외선),성수성수(내선),성수성수(외선),성수성수(내선)
12:46,12:46,15:18,15:15
성수성수(외선),성수성수(내선),성수성수(외선),성수성수(내선)
12:51,12:53,15:25,15:19첫
성수성수(외선),성수성수(내선),성수성수(외선),성수신도림
12:57,12:58,15:30,15:23
성수성수(외선),성수성수(내선),성수성수(외선),성수성수(내선)
13:03,13:04,15:35,15:28
성수성수(외선),성수성수(내선),성수성수(외선),성수성수(내선)
13:08,13:09,15:40,15:34
성수성수(외선),성수성수(내선),성수성수(외선),성수성수(내선)
13:12,13:14,15:45,15:41
성수성수(외선),성수성수(내선),성수성수(외선),성수성수(내선)
13:17,13:21,15:50,15:47
성수성수(외선),성수성수(내선),성수성수(외선),성수성수(내선)
13:22,13:29,15:55,15:52
성수성수(외선),성수성수(내선),신도림성수(외선),성수성수(내선)
13:26,13:35,,15:57
성수성수(외선),성수성수(내선),,성수성수(내선)
13:32,13:40,16:00,16:02
성수성수(외선),성수성수(내선),성수성수(외선),성수성수(내선)
13:37,13:46,16:05,16:07
성수성수(외선),성수성수(내선),성수성수(외선),성수성수(내선)
13:42,13:52,16:10,16:12
성수성수(외선),성수성수(내선),성수성수(외선),성수성수(내선)
13:47,13:58,16:15,16:17
성수성수(외선),성수성수(내선),성수성수(외선),성수성수(내선)
13:53,,16:20,16:22
성수성수(외선),,성수성수(외선),성수성수(내선)
13:59,,16:25,16:27
성수성수(외선),,성수성수(외선),성수성수(내선)
14:04,14:04,16:30,16:32
성수성수(외선),성수성수(내선),성수성수(외선),성수성수(내선)
14:10,14:10,16:35,16:37
성수성수(외선),성수성수(내선),성수성수(외선),성수신도림
14:16,14:16,16:41,16:42
성수성수(외선),성수성수(내선),성수성수(외선),성수성수(내선)
14:22,14:22,16:49,16:47
성수성수(외선),성수성수(내선),성수성수(외선),성수성수(내선)
14:27,14:28,16:55,16:52
성수성수(외선),성수성수(내선),신도림성수(외선),성수성수(내선)
14:33,14:34,,16:56
성수성수(외선),성수성수(내선),,성수신도림
14:37,14:39,17:00,17:00
성수성수(외선),성수성수(내선),성수성수(외선),성수성수(내선)
14:42,14:44,17:05,17:04
성수성수(외선),성수성수(내선),성수성수(외선),성수성수(내선)
14:47,14:51,17:10,17:07
성수성수(외선),성수성수(내선),성수성수(외선),성수성수(내선)
14:52,14:59,17:16,17:12
성수성수(외선),성수성수(내선),성수성수(외선),성수성수
14:57,,17:22,17:17
성수성수(외선),,성수성수(외선),성수성수(내선)
15:02,15:05,17:28,17:22
성수성수(외선),성수성수(내선),성수성수(외선),성수성수(내선)
15:07,15:10,17:35,17:27
성수성수(외선),성수성수(내선),성수성수(외선),성수성수(내선)
15:12,15:16,17:40,17:32
성수성수(외선),성수성수(내선),성수성수(외선),성수신도림
15:17,15:22,17:45,17:37
성수성수(외선),성수성수(내선),성수성수(외선),성수성수(내선)
15:23,15:28,17:51,17:42
성수성수(외선),성수성수(내선),성수성수(외선),성수성수(내선)
15:29,15:34,17:57,17:48
성수성수(외선),성수성수(내선),성수성수(외선),성수성수(내선)
15:34,15:40,,17:53
성수성수(외선),성수성수(내선),,성수성수(내선)
15:40,15:46,,17:59
성수성수(외선),성수성수(내선),,성수성수(내선)
15:46,15:52,18:00,18:04
성수성수(외선),성수성수(내선),성수성수,성수성수(내선)
15:52,15:58,18:03,18:10
성수성수(외선),성수성수(내선),성수성수(외선),성수성수(내선)
15:57,,18:09,18:15
성수성수(외선),,성수성수(외선),성수성수(내선)
16:02,16:04,18:14,18:21
성수성수(외선),성수성수(내선),성수성수(외선),성수성수(내선)
16:06,16:09,18:19,18:26
성수성수(외선),성수성수(내선),성수성수(외선),성수성수(내선)
16:12,16:15,18:25,18:32
성수성수(외선),성수성수(내선),성수성수(외선),성수성수(내선)
16:17,16:20,18:30,18:37
성수성수(외선),성수성수(내선),성수성수(외선),성수성수(내선)
16:22,16:25,18:35,18:43
성수성수(외선),성수성수(내선),성수성수(외선),성수성수(내선)
16:26,16:29,18:41,18:48
성수성수(외선),성수성수(내선),성수성수(외선),성수성수(내선)
16:32,16:35,18:47,18:54
성수성수(외선),성수성수(내선),성수성수(외선),성수성수(내선)
16:37,16:40,18:53,18:59
성수성수(외선),성수성수(내선),성수성수(외선),성수성수(내선)
16:41,16:46,18:59,
성수성수(외선),성수성수(내선),성수성수(외선),
16:48,16:49,19:04,19:05
성수성수(외선),성수성수(내선),성수성수(외선),성수성수(내선)
16:52,16:52,19:10,19:10
성수성수(외선),성수성수(내선),성수성수(외선),성수성수(내선)
16:59,16:58,19:15,19:16
성수성수(외선),성수성수(내선),성수성수(외선),성수성수(내선)
17:04,17:04,19:21,19:21
성수성수(외선),성수성수(내선),성수성수(외선),성수성수(내선)
17:10,17:10,19:27,19:27
성수성수(외선),성수성수(내선),성수성수(외선),성수성수(내선)
17:16,17:15,19:33,19:32
성수성수(외선),성수성수(내선),성수성수(외선),성수성수(내선)
17:19,17:18,19:39,19:38
신도림성수(외선),성수성수(내선),성수성수(외선),성수성수(내선)
17:22,17:23,19:45,19:43
성수성수(외선),성수성수(내선),성수성수(외선),성수성수(내선)
17:28,17:28,19:51,19:49
성수성수(외선),성수성수(내선),성수성수(외선),성수성수(내선)
17:32,17:31,19:57,19:54
성수성수(외선),성수성수(내선),성수성수(외선),성수성수(내선)
17:36,17:34,20:03,20:00
성수성수(외선),성수성수(내선),신도림성수(외선),성수성수(내선)
17:39,17:39,20:05,20:05
성수성수(외선),성수성수(내선),성수성수,성수성수(내선)
17:43,17:42,20:09,20:11
성수성수(외선),성수성수(내선),성수성수(외선),성수성수(내선)
17:47,17:45,20:15,20:16
성수성수(외선),성수성수(내선),성수성수(외선),성수신도림
17:52,17:48,20:21,20:22
성수성수(외선),성수성수(내선),성수성수(외선),성수성수(내선)
17:56,17:51,20:27,20:27
성수성수(외선),성수성수(내선),성수성수(외선),성수성수(내선)
17:59,17:55,20:33,20:33
성수성수(외선),성수성수(내선),성수성수(외선),성수성수(내선)
,17:59,20:39,20:39
,성수성수(내선),성수성수(외선),성수성수(내선)
18:03,18:02,20:45,20:45
성수성수(외선),성수성수(내선),성수성수(외선),성수성수(내선)
18:07,18:05,20:51,20:51
성수성수(외선),성수성수(내선),성수성수(외선),성수신도림
18:11,18:10,20:57,20:56
성수성수(외선),성수성수(내선),성수성수(외선),성수성수(내선)
18:15,18:13,21:03,21:01
신도림성수(외선),성수성수(내선),성수성수(외선),성수성수(내선)
18:18,18:16,21:09,21:06
성수성수(외선),성수성수(내선),성수성수(외선),성수성수(내선)
18:22,18:18,21:15,21:12
성수성수(외선),성수성수(내선),성수성수(외선),성수성수(내선)
18:26,18:20,21:21,21:18
성수성수(외선),성수성수(내선),성수성수(외선),성수신도림
18:30,18:22,21:27,21:24
성수성수(외선),성수성수(내선),성수성수(외선),성수성수(내선)
18:34,18:25,21:33,21:30
성수성수(외선),성수성수(내선),성수성수(외선),성수성수(내선)
18:37,18:29,21:39,21:36
성수성수(외선),성수성수(내선),성수성수(외선),성수성수(내선)
18:40,18:34,21:45,21:43
성수성수(외선),성수성수,성수성수(외선),성수성수(내선)
18:46,18:37,21:51,21:49
성수성수(외선),성수성수(내선),성수성수(외선),성수신도림
18:49,18:40,21:57,21:56
성수성수(외선),성수성수(내선),성수성수(외선),성수성수(내선)
18:52,18:43,22:03,22:03
성수성수(외선),성수성수(내선),성수성수(외선),성수신도림
18:55,18:46,22:09,22:10
성수성수(외선),성수성수(내선),성수성수(외선),성수성수
18:58,18:49,22:16,22:17막
성수성수(외선),성수성수,성수성수(외선),성수성수(내선)
,18:53,22:22,22:24
,성수성수(내선),성수성수(외선),성수신도림
,18:58,22:29,22:30
,성수성수(내선),성수성수(외선),성수성수
19:02,19:01,22:33,22:37막
성수성수(외선),성수성수(내선),성수성수,성수성수
19:06,19:04,22:36,22:45
성수성수(외선),성수신도림,성수성수(외선),성수신도림
19:09,19:07,22:43,22:52막
성수성수(외선),성수성수(내선),성수성수(외선),성수을지로입구
19:13,19:09,22:50,
성수성수(외선),성수성수,성수성수(외선),
19:17,19:12,22:55,
성수성수(외선),성수성수(내선),성수성수,
19:22,19:15,23:05,23:00
성수성수(외선),성수성수(내선),성수성수(외선),성수신도림
19:26,19:18,23:13,23:07막
성수성수(외선),성수성수(내선),성수성수(외선),성수홍대입구
19:29,19:22,23:19,23:15막
성수성수(외선),성수성수,성수성수(외선),성수신도림
19:33,19:25,23:28,23:26막
성수성수(외선),성수성수(내선),성수성수(외선),성수서울대입구
19:37,19:29,23:37막,23:47막
성수성수(외선),성수성수(내선),성수성수(외선),성수삼성
19:41,19:32,23:43,
성수성수(외선),성수성수(내선),성수성수,
19:45,19:35,23:49,
성수성수(외선),성수성수,성수성수,
19:48,19:39,23:56막,
성수성수,성수성수(내선),성수성수,
19:51,19:43,,
성수성수(외선),성수성수(내선),,
19:56,19:46,,
성수성수(외선),성수성수,,
,19:49,,
,성수성수(내선),,
,19:52,,
,성수신도림,,
,19:56,,
,성수성수(내선),,
20:00,20:01,,
성수성수(외선),성수성수,,
20:04,20:07,,
성수성수,성수성수(내선),,
20:07,20:10,,
성수성수(외선),성수신도림,,
20:15,20:13,,
성수성수,성수성수(내선),,
20:19,20:17,,
성수성수(외선),성수성수(내선),,
20:25,20:23,,
성수성수(외선),성수성수(내선),,
20:29,20:28,,
성수성수(외선),성수성수(내선),,
20:36,20:33,,
성수성수(외선),성수성수(내선),,
20:39,20:37,,
성수성수(외선),성수신도림,,
20:47,20:41,,
성수성수(외선),성수성수(내선),,
20:52,20:45,,
성수성수(외선),성수성수(내선),,
20:56,20:50,,
성수성수(외선),성수성수(내선),,
20:59,20:55,,
성수성수(외선),성수성수(내선),,
,20:59,,
,성수성수,,
21:04,21:03,,
성수성수(외선),성수성수(내선),,
21:10,21:09,,
성수성수(외선),성수성수(내선),,
21:16,21:14,,
성수성수(외선),성수성수(내선),,
21:21,21:20,,
성수성수(외선),성수성수(내선),,
21:26,21:27,,
성수성수(외선),성수성수(내선),,
21:31,21:36,,
성수성수(외선),성수성수(내선),,
21:38,21:43,,
성수성수(외선),성수성수(내선),,
21:48,21:48,,
성수성수(외선),성수성수(내선),,
21:56,21:54,,
성수성수(외선),성수성수(내선),,
,21:59,,
,성수성수(내선),,
22:02,22:04,,
성수성수(외선),성수성수(내선),,
22:10,22:10,,
성수성수(외선),성수성수(내선),,
22:17,22:15,,
성수성수(외선),성수신도림,,
22:22,22:20,,
성수성수(외선),성수성수(내선),,
22:31,22:26,,
성수성수(외선),성수신도림,,
22:40,22:33,,
성수성수(외선),성수성수(내선),,
22:46,22:39,,
성수성수(외선),성수신도림,,
22:51,22:44,,
성수성수(외선),성수성수(내선),,
22:57,22:51,,
성수성수(외선),성수성수,,
,22:58,,
,성수성수(내선),,
23:02,23:07,,
성수성수(외선),성수성수,,
23:10,23:13,,
성수성수(외선),성수신도림,,
23:18,23:18막,,
성수성수(외선),성수성수(내선),,
23:26,23:24,,
성수성수(외선),성수신도림,,
23:33,23:29,,
성수성수(외선),성수성수,,
23:41,23:35막,,
성수성수(외선),성수성수,,
23:52,23:42,,
성수성수(외선),성수신도림,,
,23:51막,,
,성수을지로입구,,
0:02,00:03막,,
성수성수(외선),성수홍대입구,,
0:10,00:15막,,
성수성수,성수신도림,,
0:17,00:28막,,
성수성수(외선),성수서울대입구,,
0:28,00:48막,,
성수성수(외선),성수삼성,,
00:41막,,,
성수성수(외선),,,
00:56막,,,
성수성수,,,
