﻿고속터미널방면,남부터미널방면,고속터미널방면,남부터미널방면
평일,평일,주말,주말
05:33첫,05:39첫,05:34첫,05:39첫
도곡대화,압구정오금,도곡대화,압구정오금
5:40,5:57,5:43,5:57
수서구파발,독립문오금,수서대화,독립문오금
5:48,-,5:52,-
수서대화,-,오금대화,-
5:55,-,5:58,-
오금대화,-,수서구파발,-
6:02,6:10,6:05,6:10
오금대화,구파발오금,오금대화,구파발오금
6:07,6:18,6:10,6:18
수서구파발,구파발오금,수서구파발,구파발오금
6:13,6:28,6:17,6:26
오금대화,대화오금,오금대화,구파발오금
6:21,6:36,6:23,6:33
수서구파발,구파발오금,수서구파발,구파발오금
6:25,6:43,6:29,6:42
오금대화,대화오금,오금대화,대화오금
6:29,6:49,6:35,6:48
수서구파발,구파발오금,수서구파발,구파발오금
6:34,6:56,6:42,6:57
오금대화,대화오금,오금대화,대화오금
6:39,-,6:47,-
수서구파발,-,수서구파발,-
6:44,-,6:54,-
수서대화,-,오금대화,-
6:49,-,7:00,7:03
오금대화,-,오금대화,구파발오금
6:54,-,7:06,7:09
수서구파발,-,오금구파발,대화오금
6:59,-,7:12,7:14
오금대화,-,오금대화,구파발오금
7:04,7:02,7:18,7:22
수서대화,대화오금,오금구파발,대화오금
7:09,7:08,7:24,7:27
오금대화,구파발오금,오금대화,구파발오금
7:13,7:14,7:30,7:33
수서대화,대화오금,오금구파발,대화오금
7:17,7:20,7:36,7:38
오금대화,대화오금,오금대화,구파발오금
7:21,7:25,7:42,7:45
수서구파발,구파발오금,오금구파발,대화오금
7:25,7:31,7:47,7:50
오금대화,대화오금,오금대화,구파발오금
7:30,7:37,7:52,7:56
오금구파발,구파발오금,오금대화,대화오금
7:34,7:41,7:58,-
오금대화,대화오금,오금대화,-
7:38,7:46,8:04,8:03
수서구파발,구파발오금,오금구파발,구파발오금
7:42,7:50,8:10,8:09
오금대화,대화오금,오금대화,대화오금
7:47,7:54,8:16,8:15
오금대화,구파발오금,오금구파발,구파발오금
7:51,7:58,8:22,8:22
오금대화,대화오금,오금대화,대화오금
7:55,-,8:28,8:29
오금구파발,-,오금구파발,대화오금
7:58,-,8:34,8:36
오금대화,-,오금대화,구파발오금
8:02,8:01,8:42,8:43
수서구파발,구파발오금,오금구파발,대화오금
8:06,8:07,8:48,8:49
오금대화,대화수서,오금대화,구파발오금
8:10,8:11,8:54,8:56
오금구파발,구파발오금,오금구파발,대화오금
8:13,8:15,9:00,9:02
오금대화,대화오금,오금대화,구파발오금
8:17,8:18,9:06,9:08
수서구파발,대화수서,오금구파발,대화오금
8:20,8:22,9:12,9:14
오금구파발,구파발오금,오금대화,대화오금
8:24,8:26,9:18,9:20
오금대화,대화오금,오금구파발,구파발오금
8:27,8:30,9:24,9:26
오금구파발,구파발오금,수서대화,대화오금
8:31,8:33,9:30,9:32
수서대화,대화수서,오금구파발,대화오금
8:35,8:38,9:36,9:38
오금구파발,구파발오금,오금대화,대화오금
8:39,8:42,9:42,9:44
오금대화,대화오금,오금대화,대화오금
8:43,8:45,9:48,9:48
오금대화,구파발오금,오금대화,구파발오금
8:47,8:48,9:54,9:55
오금구파발,대화오금,오금구파발,대화오금
8:51,8:52,10:00,10:01
오금대화,구파발수서,오금대화,구파발오금
8:55,8:56,10:06,10:08
오금구파발,대화오금,오금대화,대화오금
9:00,9:00,10:12,10:13
오금대화,구파발수서,오금구파발,구파발오금
9:07,9:04,10:18,10:20
오금구파발,대화오금,오금대화,대화오금
9:12,9:08,10:24,10:26
오금대화,대화오금,오금대화,대화오금
9:17,9:11,10:30,10:31
오금대화,대화오금,오금구파발,구파발오금
9:22,9:14,10:36,10:38
오금대화,구파발오금,오금대화,대화오금
9:27,9:18,10:42,10:44
오금구파발,대화오금,오금구파발,대화오금
9:33,9:22,10:48,10:49
오금대화,대화오금,오금대화,구파발오금
9:38,9:26,10:54,10:56
오금대화,구파발오금,오금구파발,대화오금
9:41,9:30,11:00,11:01
오금구파발,대화오금,오금대화,구파발오금
9:45,9:34,11:06,11:08
오금대화,구파발수서,오금대화,대화오금
9:52,9:38,11:12,11:14
오금대화,대화오금,오금대화,대화오금
9:58,9:42,11:18,11:21
오금구파발,구파발수서,오금구파발,대화오금
-,9:46,11:24,11:27
-,대화오금,오금대화,구파발오금
-,9:49,11:30,11:34
-,구파발수서,오금구파발,대화오금
-,9:54,11:36,11:41
-,대화오금,오금대화,구파발오금
-,9:58,11:42,11:48
-,구파발오금,오금구파발,대화오금
10:03,10:04,11:48,11:55
오금대화,대화오금,오금대화,대화오금
10:07,10:09,11:54,-
오금구파발,구파발수서,오금구파발,-
10:12,10:14,12:00,12:02
오금구파발,대화오금,오금대화,대화오금
10:17,10:19,12:06,12:08
오금대화,대화오금,오금구파발,대화오금
10:22,10:25,12:12,12:14
오금대화,대화오금,오금대화,구파발오금
10:28,10:30,12:18,12:20
오금구파발,대화오금,오금구파발,대화오금
10:34,10:36,12:24,12:26
오금대화,구파발수서,오금대화,구파발오금
10:40,10:42,12:30,12:32
오금구파발,대화오금,오금구파발,대화오금
10:46,10:48,12:36,12:38
오금대화,대화오금,수서대화,구파발오금
10:52,10:55,12:42,12:44
오금대화,대화오금,오금구파발,대화오금
10:59,-,12:48,12:50
오금대화,-,오금대화,구파발오금
11:06,11:02,12:54,12:56
오금구파발,구파발오금,오금구파발,대화오금
11:13,11:09,13:00,13:02
오금대화,대화수서,오금대화,구파발오금
11:20,11:17,13:06,13:08
오금구파발,대화오금,오금구파발,대화오금
11:27,11:26,13:12,13:14
오금대화,대화오금,오금대화,구파발오금
11:33,11:33,13:18,13:20
오금대화,대화오금,오금구파발,대화오금
11:40,11:39,13:24,13:25
오금대화,구파발오금,오금대화,구파발오금
11:47,11:45,13:30,13:31
오금구파발,대화수서,오금구파발,대화오금
11:55,11:52,13:36,13:36
오금대화,대화오금,오금대화,구파발오금
-,11:57,13:42,13:41
-,구파발오금,오금구파발,대화오금
12:02,12:04,13:48,13:46
오금대화,대화오금,오금대화,대화오금
12:12,12:10,13:54,13:51
오금대화,구파발오금,오금구파발,구파발오금
12:22,12:17,-,13:57
오금대화,대화오금,-,대화오금
12:31,12:23,14:00,14:02
오금대화,대화오금,오금대화,구파발오금
12:40,12:30,14:06,14:08
오금대화,대화오금,오금구파발,대화오금
12:48,12:36,14:12,14:14
오금대화,구파발오금,오금대화,구파발오금
12:56,12:42,14:18,14:20
오금구파발,대화오금,오금구파발,대화오금
-,12:49,14:23,14:26
-,대화오금,오금대화,구파발오금
-,12:56,14:29,14:32
-,구파발오금,오금구파발,대화오금
13:04,13:03,14:34,14:38
오금대화,대화오금,오금대화,구파발오금
13:11,13:10,14:39,14:44
오금대화,대화오금,오금대화,대화오금
13:17,13:17,14:44,14:50
오금대화,구파발오금,오금구파발,구파발오금
13:24,13:24,14:49,14:56
오금구파발,대화오금,오금대화,대화오금
13:30,13:31,14:55,-
오금대화,대화오금,오금구파발,-
13:37,13:40,15:00,15:02
오금대화,대화오금,오금대화,구파발오금
13:43,13:49,15:06,15:08
오금구파발,대화오금,오금구파발,대화오금
13:50,13:59,15:12,15:14
오금대화,대화오금,오금대화,구파발오금
13:56,-,15:18,15:20
오금구파발,-,오금구파발,대화오금
14:03,14:08,15:24,15:26
오금대화,대화오금,오금대화,구파발오금
14:09,14:16,15:30,15:32
오금대화,대화오금,오금구파발,대화오금
14:17,14:24,15:36,15:38
오금대화,대화오금,오금대화,구파발오금
14:24,14:32,15:42,15:44
오금구파발,구파발오금,오금구파발,대화오금
14:32,14:39,15:48,15:50
오금대화,대화오금,오금대화,구파발오금
14:41,14:47,15:54,15:56
오금대화,대화오금,오금구파발,대화오금
14:50,14:53,16:00,16:02
오금대화,구파발오금,오금대화,구파발오금
14:59,14:59,16:06,16:08
오금대화,대화오금,오금구파발,대화오금
15:08,15:06,16:12,16:14
오금대화,대화오금,오금대화,구파발오금
15:16,15:12,16:18,16:20
오금대화,구파발오금,오금구파발,대화오금
15:24,15:18,16:24,16:26
오금대화,대화오금,오금대화,구파발오금
15:32,15:25,16:30,16:32
오금대화,대화오금,오금구파발,대화오금
15:39,15:32,16:36,16:38
오금구파발,구파발오금,오금대화,구파발오금
15:46,15:38,16:42,16:44
오금대화,대화오금,오금구파발,대화오금
15:52,15:46,16:48,16:50
오금대화,대화수서,오금대화,구파발오금
15:58,15:52,16:54,16:56
오금대화,구파발오금,오금대화,대화오금
-,15:59,17:00,17:02
-,대화오금,오금대화,구파발오금
16:04,16:07,17:06,17:08
오금구파발,대화오금,오금구파발,대화오금
16:10,16:15,17:12,17:14
오금대화,대화오금,오금대화,구파발오금
16:16,16:25,17:18,17:20
오금구파발,대화오금,오금구파발,대화수서
16:22,16:35,17:24,17:26
오금대화,대화오금,오금대화,구파발오금
16:28,16:44,17:30,17:32
오금대화,대화오금,오금구파발,대화오금
16:34,16:52,17:36,17:38
오금대화,대화오금,오금대화,구파발오금
16:42,-,17:42,17:44
수서대화,-,오금대화,대화오금
16:50,-,17:48,17:50
오금대화,-,오금구파발,구파발오금
16:58,-,17:55,17:56
오금대화,-,오금대화,대화오금
17:06,17:00,18:02,18:02
오금대화,대화오금,오금구파발,구파발오금
17:10,17:08,18:09,18:08
수서구파발,구파발오금,오금대화,대화오금
17:15,17:16,18:16,18:14
오금대화,대화오금,오금대화,구파발오금
17:22,17:21,18:23,18:21
오금구파발,구파발오금,오금구파발,대화오금
17:28,17:27,18:30,18:26
오금대화,대화오금,오금대화,구파발오금
17:34,17:32,18:36,18:33
오금구파발,구파발오금,오금구파발,대화오금
17:39,17:36,18:42,18:39
수서대화,대화오금,오금대화,구파발오금
17:44,17:41,18:48,18:45
오금구파발,대화오금,오금구파발,대화오금
17:48,17:45,18:54,18:51
오금대화,구파발오금,오금대화,구파발오금
17:53,17:49,-,18:57
수서구파발,대화오금,-,대화오금
17:57,17:53,19:00,19:03
오금대화,구파발오금,오금구파발,대화오금
-,17:57,19:06,19:09
-,대화오금,오금대화,대화오금
18:03,18:01,19:12,19:15
수서구파발,구파발오금,오금구파발,대화오금
18:07,18:05,19:18,19:20
오금대화,대화오금,오금대화,구파발오금
18:12,18:09,19:24,19:27
오금대화,구파발오금,오금대화,대화오금
18:16,18:15,19:30,19:32
오금구파발,대화오금,오금대화,구파발수서
18:21,18:22,19:36,19:39
오금대화,대화오금,오금구파발,대화오금
18:25,18:27,19:42,19:45
오금구파발,대화오금,오금대화,구파발오금
18:30,18:31,19:48,19:51
오금대화,구파발오금,오금구파발,대화오금
18:34,18:37,19:54,19:56
오금구파발,대화오금,오금대화,구파발오금
18:38,18:40,20:00,20:03
수서대화,구파발수서,오금구파발,대화오금
18:42,18:44,20:07,20:08
오금구파발,대화오금,오금대화,구파발오금
18:46,18:49,20:14,20:15
오금대화,구파발오금,오금대화,대화오금
18:50,18:53,20:22,20:20
오금구파발,대화오금,오금대화,구파발오금
18:55,18:57,20:30,20:27
오금대화,구파발수서,오금대화,대화수서
19:00,19:01,20:38,20:32
오금구파발,대화오금,오금대화,구파발오금
19:05,19:05,20:45,20:39
오금대화,구파발수서,오금대화,대화수서
19:10,19:09,20:52,20:44
오금구파발,대화오금,오금구파발,구파발오금
19:15,19:12,20:58,20:51
오금대화,구파발오금,오금대화,대화오금
19:20,19:17,-,20:57
오금구파발,대화오금,-,대화오금
19:25,19:21,21:04,21:03
오금대화,구파발오금,오금대화,대화오금
19:30,19:25,21:11,21:08
오금대화,대화수서,오금대화,구파발오금
19:36,19:30,21:18,21:15
오금대화,구파발오금,오금구파발,대화오금
19:41,19:34,21:25,21:20
오금구파발,대화오금,오금대화,구파발수서
19:46,19:39,21:32,21:27
오금대화,대화오금,오금구파발,대화오금
19:51,19:44,21:39,21:32
오금구파발,구파발오금,오금대화,구파발오금
19:57,19:49,21:46,21:39
오금대화,대화오금,오금구파발,대화오금
-,19:54,21:53,21:44
-,구파발오금,오금대화,대화오금
-,19:59,-,21:51
-,대화수서,-,대화수서
20:03,20:04,-,21:59
오금대화,대화오금,-,대화오금
20:08,20:09,22:00,22:07
오금구파발,구파발오금,오금대화,대화오금
20:14,20:14,22:08,22:15
오금대화,대화오금,오금구파발,대화오금
20:19,20:19,22:16,22:22
오금구파발,구파발수서,오금대화,구파발오금
20:25,20:24,22:24,22:31
오금대화,대화오금,오금구파발,대화수서
20:30,20:29,22:31,22:39
오금구파발,구파발오금,오금대화,대화오금
20:35,20:34,22:39,22:46
오금대화,대화오금,오금구파발,구파발오금
20:40,20:39,22:48막,22:54
오금구파발,구파발오금,오금대화,대화수서
20:45,20:43,22:57,-
오금대화,대화오금,오금구파발,-
20:50,20:49,23:06,23:01
오금구파발,대화오금,오금구파발,구파발오금
20:56,20:54,23:15,23:09
오금대화,구파발오금,오금구파발,대화수서
-,20:59,23:24막,23:16
-,대화오금,오금구파발,대화오금
21:02,21:05,23:36막,23:23
오금대화,대화오금,오금독립문,구파발수서
21:08,21:11,23:51막,23:29
오금대화,구파발수서,오금압구정,대화오금
21:14,21:16,-,23:37막
오금구파발,대화오금,-,대화오금
21:19,21:21,-,23:46막
오금대화,구파발오금,-,대화수서
21:25,21:26,-,23:56막
오금대화,대화수서,-,대화도곡
21:30,21:33,-,-
오금구파발,대화오금,-,-
21:35,21:40,-,-
오금대화,구파발오금,-,-
21:41,21:46,-,-
오금구파발,대화오금,-,-
21:46,21:52,-,-
오금대화,구파발오금,-,-
21:53,21:58,-,-
오금구파발,대화수서,-,-
22:00,22:04,-,-
오금대화,대화오금,-,-
22:07,22:13,-,-
오금대화,대화오금,-,-
22:13,22:23,-,-
오금구파발,대화오금,-,-
22:21,22:30,-,-
오금대화,대화오금,-,-
22:30,22:37,-,-
오금대화,대화오금,-,-
22:39,22:45,-,-
오금구파발,대화오금,-,-
22:46,22:50,-,-
오금대화,구파발수서,-,-
22:53,22:57,-,-
오금구파발,대화오금,-,-
23:02,23:05,-,-
오금대화,대화수서,-,-
23:10,23:14,-,-
오금구파발,대화오금,-,-
23:21,23:22,-,-
오금구파발,구파발수서,-,-
23:29막,23:32,-,-
오금대화,대화오금,-,-
23:38,23:41,-,-
오금구파발,대화오금,-,-
23:48,23:52,-,-
오금구파발,대화오금,-,-
0:00,0:06,-,-
오금구파발,대화오금,-,-
00:17막,0:16,-,-
오금구파발,대화수서,-,-
00:32막,00:24막,-,-
오금독립문,구파발오금,-,-
00:51막,0:34,-,-
오금압구정,대화수서,-,-
-,00:42막,-,-
-,구파발수서,-,-
-,00:52막,-,-
-,대화도곡,-,-
