﻿논현방면,고속터미널방면,논현방면,고속터미널방면
평일,평일,주말,주말
05:43첫,05:38첫,05:43첫,05:38첫
내방장암,청담석남,내방장암,청담석남
5:56,5:49,5:56,5:49
신풍장암,건대입구석남,신풍장암,건대입구석남
6:07,6:02,6:07,6:02
온수장암,태릉입구석남,온수도봉산,태릉입구석남
6:17,6:14,6:17,6:14
온수장암,도봉산석남,온수장암,도봉산석남
6:29,6:24,6:28,6:24
석남장암,장암석남,석남도봉산,장암석남
6:36,6:32,6:35,6:34
온수도봉산,도봉산석남,온수도봉산,도봉산석남
6:44,6:39,6:44,6:44
석남장암,도봉산석남,석남장암,장암온수
6:51,6:46,6:52,6:53
온수장암,장암석남,석남도봉산,도봉산석남
6:57,6:53,7:00,7:01
석남도봉산,도봉산석남,온수도봉산,장암석남
-,6:59,7:07,7:08
-,도봉산석남,석남장암,도봉산온수
7:04,7:05,7:14,7:15
온수장암,장암석남,온수도봉산,장암석남
7:10,7:11,7:21,7:22
석남도봉산,도봉산석남,석남장암,도봉산온수
7:16,7:17,7:28,7:29
온수장암,장암석남,석남도봉산,장암석남
7:22,7:23,7:35,7:36
석남도봉산,도봉산석남,석남장암,도봉산온수
7:27,7:29,7:42,7:43
온수장암,장암석남,온수도봉산,도봉산석남
7:34,7:35,7:48,7:50
석남도봉산,도봉산석남,석남장암,장암온수
7:39,7:40,7:55,7:57
온수장암,도봉산석남,온수도봉산,도봉산석남
7:44,7:45,8:01,8:04
석남도봉산,장암석남,석남도봉산,도봉산온수
7:49,7:50,8:08,8:11
온수장암,도봉산석남,온수장암,도봉산석남
7:54,7:54,8:14,8:18
석남도봉산,장암온수,석남도봉산,장암온수
-,7:59,8:21,8:25
-,도봉산석남,온수장암,도봉산석남
8:00,8:03,8:27,8:32
석남장암,장암온수,석남도봉산,도봉산온수
8:04,8:07,8:34,8:38
온수도봉산,도봉산석남,온수장암,도봉산석남
8:08,8:11,8:40,8:45
석남도봉산,도봉산온수,석남도봉산,장암온수
8:12,8:15,8:47,8:52
석남장암,장암석남,온수장암,도봉산석남
8:16,8:19,8:53,8:58
석남도봉산,도봉산온수,석남도봉산,장암온수
8:20,8:22,9:00,9:05
석남도봉산,도봉산석남,온수장암,도봉산석남
8:24,8:25,9:06,9:11
석남장암,도봉산온수,석남도봉산,장암온수
8:28,8:27,9:13,9:18
석남도봉산,도봉산온수,온수장암,도봉산석남
8:32,8:30,9:19,9:24
석남도봉산,장암석남,석남도봉산,장암온수
8:36,8:33,9:26,9:31
온수장암,도봉산온수,온수장암,도봉산석남
8:40,8:36,9:32,9:37
석남도봉산,도봉산온수,석남도봉산,장암온수
8:44,8:39,9:39,9:44
석남도봉산,도봉산석남,온수장암,도봉산석남
8:47,8:42,9:45,9:50
석남수락산,장암온수,석남도봉산,도봉산온수
8:50,8:45,9:52,9:57
석남장암,도봉산온수,온수장암,장암석남
8:53,8:47,9:58,-
석남도봉산,도봉산석남,석남도봉산,-
8:56,8:50,10:05,10:03
석남도봉산,도봉산온수,온수장암,도봉산온수
8:59,8:52,10:12,10:10
석남도봉산,도봉산온수,석남도봉산,장암석남
-,8:55,10:18,10:16
-,장암석남,온수장암,도봉산온수
-,8:58,10:25,10:23
-,도봉산온수,석남도봉산,장암석남
9:03,9:01,10:31,10:29
석남장암,도봉산온수,온수장암,도봉산온수
9:07,9:04,10:38,10:36
석남도봉산,도봉산석남,석남도봉산,장암석남
9:10,9:07,10:44,10:42
석남도봉산,장암온수,온수장암,도봉산온수
9:14,9:10,10:51,10:49
석남도봉산,도봉산온수,석남도봉산,장암석남
9:18,9:13,10:57,10:55
석남장암,도봉산석남,온수장암,도봉산온수
9:22,9:17,11:04,11:02
석남도봉산,장암온수,석남도봉산,장암석남
9:26,9:20,11:10,11:08
석남도봉산,도봉산온수,온수장암,도봉산온수
9:30,9:24,11:17,11:15
석남장암,도봉산석남,석남도봉산,장암석남
9:34,9:28,11:23,11:21
온수도봉산,장암온수,온수장암,도봉산온수
9:38,9:33,11:30,11:28
석남도봉산,도봉산온수,석남도봉산,장암석남
9:42,9:38,11:36,11:34
석남도봉산,장암석남,온수장암,도봉산온수
9:47,9:43,11:43,11:41
석남장암,도봉산온수,석남도봉산,장암석남
9:52,9:48,11:49,11:48
석남도봉산,장암온수,온수장암,도봉산온수
9:57,9:53,11:56,11:54
온수장암,도봉산석남,석남도봉산,장암석남
-,9:59,12:02,12:01
-,장암온수,온수장암,도봉산온수
10:02,10:05,12:09,12:07
석남도봉산,도봉산석남,석남도봉산,장암석남
10:07,10:11,12:15,12:14
온수도봉산,장암온수,온수장암,도봉산온수
10:12,10:17,12:22,12:20
석남장암,도봉산석남,석남도봉산,장암석남
10:18,10:23,12:28,12:27
석남도봉산,장암온수,온수장암,도봉산온수
10:22,10:29,12:35,12:33
석남장암,도봉산석남,석남도봉산,장암석남
10:28,10:35,12:41,12:40
석남도봉산,도봉산온수,온수장암,도봉산온수
10:34,10:41,12:48,12:46
석남장암,장암석남,석남도봉산,장암석남
10:40,10:47,12:54,12:53
석남도봉산,도봉산온수,온수장암,도봉산온수
10:46,10:53,-,12:59
온수장암,장암석남,-,장암석남
10:52,10:59,13:01,13:06
석남도봉산,도봉산온수,석남도봉산,도봉산온수
10:58,-,13:07,13:12
석남장암,-,온수장암,장암석남
11:04,11:05,13:14,13:19
온수도봉산,장암석남,석남도봉산,도봉산온수
11:10,11:11,13:21,13:25
석남장암,도봉산온수,온수장암,장암석남
11:16,11:17,13:27,13:32
석남도봉산,도봉산석남,석남도봉산,도봉산온수
11:22,11:23,13:34,13:38
온수장암,장암온수,온수장암,장암석남
11:28,11:29,13:40,13:45
석남도봉산,도봉산석남,석남도봉산,도봉산온수
11:34,11:35,13:47,13:51
온수장암,장암온수,온수장암,장암석남
11:40,11:41,13:53,13:58
석남도봉산,도봉산석남,석남도봉산,도봉산온수
11:46,11:47,14:00,14:04
온수장암,장암온수,온수장암,장암석남
11:52,11:53,14:06,14:11
석남도봉산,도봉산석남,석남도봉산,도봉산온수
11:58,11:59,14:13,14:17
온수장암,장암온수,온수장암,장암석남
12:04,12:05,14:19,14:24
석남도봉산,도봉산석남,석남도봉산,도봉산온수
12:10,12:11,14:26,14:30
온수장암,장암온수,온수장암,장암석남
12:16,12:17,14:32,14:37
석남도봉산,도봉산석남,석남도봉산,도봉산온수
12:22,12:23,14:39,14:44
온수장암,장암온수,온수장암,장암석남
12:28,12:29,14:45,14:50
석남도봉산,도봉산석남,석남도봉산,도봉산온수
12:34,12:35,14:52,14:57
온수장암,장암온수,온수장암,장암석남
12:40,12:41,14:58,-
석남도봉산,도봉산석남,석남도봉산,-
12:46,12:47,15:05,15:03
온수장암,장암온수,온수장암,도봉산온수
12:52,12:53,15:11,15:10
석남도봉산,도봉산석남,석남도봉산,장암석남
12:58,12:59,15:18,15:16
온수장암,장암온수,온수장암,도봉산온수
13:04,13:05,15:24,15:23
석남도봉산,도봉산석남,석남도봉산,장암석남
13:10,13:11,15:31,15:29
온수장암,장암온수,온수장암,도봉산온수
13:16,13:17,15:37,15:36
석남도봉산,도봉산석남,석남도봉산,장암석남
13:22,13:23,15:44,15:42
온수장암,장암온수,온수장암,도봉산온수
13:28,13:29,15:50,15:49
석남도봉산,도봉산석남,석남도봉산,장암석남
13:34,13:35,15:57,15:55
온수장암,장암온수,온수장암,도봉산온수
13:40,13:41,16:04,16:02
석남도봉산,도봉산석남,석남도봉산,장암석남
13:46,13:47,16:10,16:08
온수장암,장암온수,온수장암,도봉산온수
13:52,13:53,16:17,16:15
석남도봉산,도봉산석남,석남도봉산,장암석남
13:58,13:59,16:23,16:21
온수장암,장암온수,온수장암,도봉산온수
14:04,14:05,16:30,16:28
석남도봉산,도봉산석남,석남도봉산,장암석남
14:10,14:11,16:36,16:34
온수장암,장암온수,온수장암,도봉산온수
14:16,14:17,16:43,16:41
석남도봉산,도봉산석남,석남도봉산,장암석남
14:22,14:23,16:49,16:47
온수장암,장암온수,온수장암,도봉산온수
14:28,14:29,16:56,16:54
석남도봉산,도봉산석남,석남도봉산,장암석남
14:34,14:35,17:02,17:00
온수장암,장암온수,온수장암,도봉산온수
14:40,14:41,17:09,17:07
석남도봉산,도봉산석남,석남도봉산,장암석남
14:46,14:47,17:15,17:13
온수장암,장암온수,온수장암,도봉산온수
14:52,14:53,17:22,17:20
석남도봉산,도봉산석남,석남도봉산,장암석남
14:58,14:59,17:28,17:26
온수장암,장암온수,온수장암,도봉산온수
15:04,15:05,17:35,17:33
석남도봉산,도봉산석남,석남도봉산,장암석남
15:10,15:11,17:41,17:40
온수장암,장암온수,온수장암,도봉산온수
15:16,15:17,17:48,17:46
석남도봉산,도봉산석남,석남도봉산,장암석남
15:22,15:23,17:54,17:53
온수장암,장암온수,온수장암,도봉산온수
15:28,15:29,-,17:59
석남도봉산,도봉산석남,-,장암석남
15:34,15:35,18:01,18:06
온수장암,장암온수,석남도봉산,도봉산온수
15:40,15:41,18:07,18:12
석남도봉산,도봉산석남,온수장암,장암석남
15:46,15:47,18:14,18:19
온수장암,장암온수,석남도봉산,도봉산온수
15:52,15:53,18:20,18:26
석남도봉산,도봉산석남,온수장암,장암석남
15:58,15:59,18:27,18:32
온수장암,장암온수,석남도봉산,도봉산온수
16:04,16:05,18:33,18:38
석남도봉산,도봉산석남,온수장암,장암석남
16:10,16:11,18:40,18:45
온수장암,장암석남,석남도봉산,도봉산온수
16:16,16:17,18:46,18:52
석남도봉산,도봉산석남,온수장암,장암석남
16:22,16:23,18:53,18:58
온수장암,장암온수,석남도봉산,도봉산온수
16:28,16:29,19:00,19:04
석남도봉산,도봉산석남,온수장암,장암석남
16:34,16:35,19:06,19:11
온수장암,장암온수,석남도봉산,도봉산온수
16:40,16:41,19:13,19:17
석남도봉산,도봉산석남,온수장암,장암석남
16:46,16:47,19:20,19:24
온수장암,장암석남,석남도봉산,도봉산온수
16:52,16:53,19:26,19:30
석남도봉산,도봉산석남,온수장암,장암석남
16:58,16:59,19:32,19:37
온수장암,장암석남,석남도봉산,도봉산온수
17:04,17:05,19:39,19:43
석남도봉산,도봉산석남,온수장암,장암석남
17:10,17:11,19:45,19:50
온수장암,장암석남,석남도봉산,도봉산온수
17:16,17:17,19:52,19:56
석남도봉산,도봉산석남,온수장암,장암석남
17:22,17:23,19:59,-
온수장암,장암석남,석남도봉산,-
17:28,17:29,20:05,20:03
석남도봉산,도봉산석남,온수장암,도봉산온수
17:34,17:34,20:12,20:09
온수장암,장암석남,석남도봉산,장암석남
17:39,17:39,20:19,20:16
석남도봉산,도봉산석남,온수장암,도봉산온수
17:44,17:44,20:26,20:23
온수장암,장암석남,석남도봉산,장암석남
17:49,17:50,20:32,20:29
온수도봉산,도봉산석남,온수장암,도봉산온수
17:54,17:55,20:39,20:36
석남도봉산,도봉산석남,석남도봉산,장암석남
17:59,-,20:45,20:42
온수장암,-,온수도봉산,도봉산온수
18:03,18:00,20:52,20:49
석남도봉산,장암석남,석남장암,장암석남
18:08,18:05,20:58,20:55
온수도봉산,도봉산석남,온수도봉산,도봉산온수
18:13,18:10,21:05,21:02
온수장암,장암석남,석남도봉산,장암석남
18:16,18:14,21:11,21:08
석남도봉산,도봉산석남,온수장암,도봉산온수
18:20,18:19,21:18,21:15
온수도봉산,도봉산석남,석남도봉산,장암석남
18:24,18:23,21:24,21:21
온수도봉산,장암석남,온수장암,도봉산온수
18:27,18:26,21:31,21:28
석남도봉산,도봉산온수,석남장암,장암석남
18:30,18:29,21:38,21:35
온수장암,도봉산석남,온수도봉산,도봉산온수
18:33,18:32,21:45,21:41
석남도봉산,도봉산온수,석남장암,장암석남
18:37,18:35,21:52,21:48
온수도봉산,장암석남,온수도봉산,도봉산온수
18:40,18:38,21:59,21:55
온수장암,도봉산온수,석남도봉산,장암석남
18:43,18:42,22:06,22:02
석남도봉산,도봉산석남,온수도봉산,도봉산온수
18:46,18:46,22:13,22:09
온수도봉산,장암온수,석남도봉산,장암석남
18:49,18:51,22:20,22:16
온수도봉산,도봉산석남,온수장암,도봉산온수
18:52,18:55,22:27,22:22
석남장암,도봉산온수,석남도봉산,도봉산석남
18:55,-,22:34,22:29
온수도봉산,-,온수도봉산,장암온수
18:58,-,22:40,22:38
석남도봉산,-,석남장암,도봉산석남
19:01,19:00,22:48,22:46
온수도봉산,장암석남,석남도봉산,장암온수
19:05,19:05,22:57,22:54
석남장암,도봉산온수,석남도봉산,도봉산석남
19:08,19:10,23:08막,23:02
온수도봉산,장암석남,온수장암,장암온수
19:11,19:15,23:17,23:09막
석남도봉산,도봉산온수,석남도봉산,장암석남
19:15,19:20,23:27막,23:15
온수장암,장암석남,석남도봉산,도봉산온수
19:19,19:25,23:37막,23:22
석남도봉산,도봉산온수,석남태릉입구,장암온수
19:24,19:30,23:49막,23:32막
석남도봉산,도봉산석남,온수건대입구,도봉산온수
19:29,19:35,23:58막,23:43막
석남장암,장암온수,석남청담,장암신풍
19:34,19:40,-,23:55막
석남도봉산,도봉산석남,-,도봉산내방
19:39,19:45,-,-
석남장암,도봉산온수,-,-
19:44,19:50,-,-
석남도봉산,장암석남,-,-
19:50,19:55,-,-
석남도봉산,도봉산온수,-,-
19:55,-,-,-
석남장암,-,-,-
20:01,20:00,-,-
석남도봉산,도봉산석남,-,-
20:08,20:06,-,-
석남장암,장암온수,-,-
20:14,20:10,-,-
석남도봉산,도봉산석남,-,-
20:19,20:16,-,-
석남도봉산,장암온수,-,-
20:25,20:22,-,-
석남장암,도봉산석남,-,-
20:31,20:28,-,-
석남도봉산,장암온수,-,-
20:37,20:34,-,-
석남도봉산,도봉산석남,-,-
20:43,20:40,-,-
석남도봉산,장암온수,-,-
20:50,20:46,-,-
석남장암,도봉산석남,-,-
20:57,20:52,-,-
석남도봉산,장암온수,-,-
-,20:58,-,-
-,도봉산석남,-,-
21:04,21:04,-,-
석남도봉산,장암온수,-,-
21:11,21:10,-,-
석남장암,도봉산석남,-,-
21:18,21:17,-,-
석남도봉산,장암온수,-,-
21:25,21:24,-,-
석남도봉산,도봉산석남,-,-
21:33,21:31,-,-
석남장암,장암온수,-,-
21:39,21:38,-,-
온수도봉산,도봉산석남,-,-
21:46,21:45,-,-
석남장암,장암온수,-,-
21:54,21:52,-,-
석남도봉산,도봉산석남,-,-
22:01,22:00,-,-
온수도봉산,장암온수,-,-
22:09,22:07,-,-
석남장암,도봉산석남,-,-
22:16,22:15,-,-
석남도봉산,장암온수,-,-
22:24,22:24,-,-
석남도봉산,도봉산석남,-,-
22:31,22:34,-,-
온수도봉산,도봉산온수,-,-
22:39,22:44,-,-
석남장암,장암석남,-,-
22:46,22:54,-,-
온수도봉산,도봉산온수,-,-
22:54,-,-,-
석남도봉산,-,-,-
23:01,23:04,-,-
석남장암,장암석남,-,-
23:09,23:15,-,-
온수도봉산,도봉산온수,-,-
23:16,23:23,-,-
석남장암,장암석남,-,-
23:29,23:33,-,-
석남도봉산,도봉산온수,-,-
23:41막,23:43,-,-
석남장암,장암석남,-,-
23:57,23:52,-,-
석남도봉산,도봉산온수,-,-
00:11막,00:02막,-,-
석남도봉산,도봉산석남,-,-
0:20,0:12,-,-
온수청담,장암내방,-,-
00:29막,00:22막,-,-
석남태릉입구,도봉산온수,-,-
00:43막,00:37막,-,-
석남건대입구,장암신풍,-,-
