﻿남영방면,노량진방면,남영방면,노량진방면
평일,평일,주말,주말
05:15첫,05:25첫,05:15첫,05:25첫
구로동두천,서울역서동탄,구로동두천,서울역서동탄
5:25,05:35급첫,05:35첫,05:36첫
구로청량리,용산동인천,구로연천,광운대인천
5:35,05:36첫,5:40,5:42
구로동두천,광운대인천,구로청량리,동묘앞서동탄
5:43,5:43,5:49,5:48
부평동두천,창동인천,부평소요산,광운대인천
5:50,5:48,-,05:52급첫
구로청량리,광운대서동탄,-,용산동인천
-,5:54,-,5:54
-,동묘앞인천,-,동묘앞인천
-,5:59,6:02,6:00
-,동묘앞서동탄,인천양주,광운대서동탄
6:02,6:05,6:07,6:06
인천양주,의정부인천,병점광운대,의정부인천
6:06,06:08급,6:13,06:08급
병점광운대,용산부평,인천동두천,용산동인천
06:12급첫,6:11,6:19,6:16
인천동두천,양주인천,병점청량리,광운대서동탄
6:15,6:16,6:25,6:20
병점청량리,광운대서동탄,인천연천,양주인천
6:22,6:20,6:30,06:27급
인천동두천,양주인천,병점청량리,용산동인천
6:26,06:23급,6:38,6:30
병점광운대,용산동인천,인천양주,동묘앞인천
6:30,06:24급첫,6:44,6:34
구로청량리,청량리신창,서동탄광운대,광운대병점
06:35첫,6:28,6:51,6:40
인천연천,동묘앞인천,인천소요산,동묘앞서동탄
6:42,6:33,6:56,06:43급
인천동두천,광운대서동탄,천안청량리,용산동인천
6:46,06:35급,-,6:44
서동탄광운대,용산동인천,-,소요산인천
6:51,6:37,-,6:49
인천소요산,동묘앞인천,-,광운대병점
6:56,6:44,-,6:52
천안청량리,소요산인천,-,동묘앞인천
-,06:44급,-,06:57첫
-,용산동인천,-,청량리신창
-,06:49급첫,-,06:58급
-,청량리천안,-,용산동인천
-,06:50급,7:02,7:02
-,용산동인천,인천양주,양주인천
-,6:53,7:08,7:06
-,동묘앞인천,서동탄광운대,광운대서동탄
-,6:58,7:13,7:10
-,광운대병점,인천동두천,광운대천안
-,06:59급,7:18,7:16
-,용산부평,신창광운대,연천인천
7:01,7:02,7:23,07:16급
인천동두천,양주인천,인천양주,용산동인천
7:05,07:06첫,7:27,7:20
서동탄광운대,광운대신창,서동탄청량리,청량리천안
7:09,07:06급,7:31,7:25
인천동두천,용산동인천,인천연천,의정부인천
7:13,7:09,7:35,07:29급첫
병점청량리,동묘앞인천,천안광운대,청량리천안
7:18,7:13,7:40,7:33
신창광운대,광운대서동탄,인천의정부,광운대병점
7:22,07:13급,7:45,07:34급
인천동두천,용산동인천,병점청량리,용산동인천
7:27,7:17,7:50,7:37
서동탄청량리,연천인천,인천양주,광운대신창
7:32,07:20급,7:54,7:40
인천연천,용산동인천,서동탄광운대,동두천인천
7:35,7:20,7:58,7:44
천안광운대,청량리천안,신창광운대,동묘앞서동탄
7:41,7:25,-,7:49
인천의정부,의정부인천,-,양주인천
7:45,07:28급,-,07:51급
병점청량리,청량리천안,-,용산동인천
7:50,07:31급,-,7:58
인천소요산,용산부평,-,소요산인천
7:54,7:33,8:02,08:01급
서동탄광운대,광운대병점,인천소요산,청량리천안
7:57,7:37,8:06,8:06
인천양주,동두천인천,병점청량리,광운대서동탄
-,7:40,8:09,08:09급
-,광운대신창,인천의정부,용산동인천
-,07:40급,8:13,8:10
-,용산동인천,서동탄동묘앞,동두천인천
-,7:45,8:20,8:17
-,의정부서동탄,인천동두천,연천구로
-,07:47급,8:24,8:21
-,용산동인천,천안청량리,광운대신창
-,7:49,8:28,8:25
-,양주인천,서동탄광운대,동묘앞인천
-,07:52급,8:33,08:29급
-,용산부평,인천연천,청량리천안
-,7:53,8:37,08:30급
-,광운대신창,서동탄광운대,용산동인천
-,7:56,8:42,8:33
-,동두천인천,신창청량리,광운대서동탄
8:00,08:01급,8:47,8:38
신창광운대,용산동인천,인천양주,동묘앞인천
8:03,08:01급,8:53,08:42급
인천동두천,청량리천안,서동탄광운대,용산동인천
8:08,8:06,8:58,8:43
서동탄청량리,의정부서동탄,천안청량리,광운대신창
8:10,08:07급,-,8:47
인천의정부,용산동인천,-,동두천인천
8:14,08:09급첫,-,08:51급
천안광운대,동두천인천,-,청량리천안
08:18급,08:12급,-,08:55급
인천동두천,용산동인천,-,용산동인천
8:22,8:12,-,8:57
서동탄광운대,청량리서동탄,-,광운대서동탄
8:25,8:16,9:01,9:04
인천양주,연천인천,인천소요산,양주구로
8:29,8:20,9:07,9:07
서동탄동묘앞,광운대신창,인천광운대,청량리천안
8:34,08:22급,9:11,09:10급
인천연천,용산동인천,천안광운대,용산동인천
8:38,8:24,09:15급첫,9:11
천안청량리,양주부평,신창청량리,소요산인천
8:42,08:27급,9:18,9:17
인천의정부,청량리천안,인천동두천,광운대서동탄
8:45,08:29급,9:23,9:21
병점광운대,용산구로,서동탄동묘앞,연천인천
8:50,8:30,9:29,9:25
인천양주,동두천인천,천안청량리,청량리천안
8:54,8:34,9:34,9:29
서동탄광운대,광운대서동탄,인천연천,양주인천
8:58,08:34급,9:40,9:34
신창청량리,용산동인천,서동탄광운대,광운대병점
-,8:37,9:44,9:38
-,동두천구로,인천의정부,동두천인천
-,08:39급,9:48,09:42특첫
-,용산구로,신창광운대,용산동인천
-,8:41,09:52급,09:42급첫
-,양주인천,천안청량리,청량리신창
-,08:43급,9:57,9:49
-,용산동인천,인천소요산,광운대서동탄
-,8:44,-,9:53
-,광운대신창,-,양주구로
-,8:47,-,09:53급
-,연천부평,-,용산동인천
-,08:50급,-,9:56
-,청량리천안,-,청량리신창
-,08:53급,10:03,10:02
-,용산동인천,천안광운대,소요산인천
-,8:53,10:08,10:06급
-,동두천인천,인천양주,용산동인천
-,8:56,10:14,10:08
-,광운대서동탄,서동탄광운대,광운대병점
9:01,9:01,10:18,10:15
인천소요산,양주인천,인천동두천,의정부인천
9:08,9:05,10:23,10:19급
인천동묘앞,동두천부평,신창청량리,용산동인천
9:12,09:06급,10:27,10:19
신창광운대,용산동인천,인천양주,청량리천안
09:17급첫,9:08,10:31,10:24
신창청량리,청량리천안,천안광운대,연천인천
9:20,9:13,10:34,10:31
인천양주,소요산인천,인천연천,광운대신창
9:24,09:16급,10:39,10:36
서동탄광운대,용산구로,서동탄광운대,양주인천
9:28,9:17,10:43,10:36특
인천동묘앞,광운대서동탄,인천의정부,용산동인천
9:35,09:21급,10:49,10:39
인천연천,동두천인천,천안광운대,청량리서동탄
9:40,09:22특첫,10:53급,10:44급
서동탄청량리,용산동인천,천안청량리,용산동인천
9:44,09:28급,10:57,10:47
인천의정부,용산동인천,인천광운대,광운대신창
9:49,9:29,-,10:51
천안광운대,광운대신창,-,동두천인천
09:54급,9:34,-,10:56급
신창청량리,동두천인천,-,용산동인천
9:58,9:38,-,10:56급
인천소요산,광운대병점,-,청량리천안
-,09:38급,11:01,11:00
-,용산동인천,병점광운대,광운대인천
-,9:42,11:05,11:05
-,동두천인천,신창청량리,광운대서동탄
-,09:46급,11:08,11:08급
-,청량리천안,인천양주,용산동인천
-,9:50,11:11,11:10
-,의정부인천,서동탄광운대,소요산인천
-,09:50급,11:15급,11:14
-,용산구로,천안청량리,광운대구로
-,9:55,11:20,11:19
-,광운대서동탄,인천동두천,양주인천
-,09:55급,11:24,11:19급
-,용산동인천,천안광운대,용산동인천
10:03,10:01,11:28,11:22급
천안광운대,소요산인천,인천양주,청량리천안
10:07,10:04급,11:33,11:26
인천양주,용산구로,서동탄광운대,광운대신창
10:16급,10:05,11:38급,11:30
인천동두천,청량리신창,천안청량리,연천인천
10:20,10:09급,11:43,11:36
서동탄청량리,용산동인천,인천연천,광운대서동탄
10:24,10:11,11:49,11:37특
인천양주,광운대서동탄,신창광운대,용산동인천
10:29,10:16,11:53,11:39
신창광운대,의정부인천,인천소요산,동두천인천
10:34,10:20,11:58,11:44
인천연천,청량리천안,서동탄광운대,광운대신창
10:39,10:24,-,11:46급
서동탄광운대,연천인천,-,용산동인천
10:45,10:29특,-,11:49
인천의정부,용산동인천,-,의정부인천
10:48급,10:34,-,11:52급
천안청량리,광운대신창,-,청량리천안
10:54,10:37,-,11:56
부평소요산,동두천인천,-,광운대천안
10:59,10:43,12:02,12:01
인천양주,청량리서동탄,인천양주,양주인천
-,10:46급,12:07,12:01급
-,용산동인천,천안광운대,용산동인천
-,10:47,12:10,12:04
-,동두천인천,인천의정부,청량리서동탄
-,10:52,12:14급,12:09
-,양주구로,천안청량리,소요산인천
-,10:55급,12:22,12:13급
-,청량리천안,인천동두천,청량리천안
11:05,11:00,12:27,12:15급
신창광운대,의정부인천,천안광운대,용산동인천
11:09,11:05특,12:31,12:17
구로의정부,용산동인천,인천양주,광운대신창
11:14급,11:06,12:35,12:22
신창청량리,광운대서동탄,서동탄광운대,연천인천
11:17,11:15,12:39,12:26
인천양주,광운대신창,인천연천,광운대서동탄
11:21,11:20,12:43,12:30
서동탄광운대,연천인천,신창광운대,양주인천
11:26,11:24급,12:47급,12:30특
천안청량리,청량리신창,천안청량리,용산동인천
11:29급,11:28,12:54,12:35
인천동두천,청량리서동탄,인천소요산,광운대천안
11:33,11:31급,12:59,12:38급
서동탄광운대,용산동인천,천안광운대,용산동인천
11:37,11:33,-,12:38
인천연천,동두천인천,-,동두천인천
11:41급,11:39급,-,12:43급
천안청량리,동두천인천,-,청량리천안
11:46,11:45,-,12:49
인천의정부,광운대병점,-,의정부인천
11:50,11:49,-,12:53
천안광운대,의정부인천,-,광운대신창
11:54,11:52급,-,12:54급
인천소요산,청량리신창,-,용산구로
11:59,11:57,-,12:59
서동탄광운대,광운대신창,-,양주인천
12:03,12:00,13:05,13:04
인천양주,양주인천,인천양주,광운대서동탄
12:07,12:01급,13:10,13:05급
신창광운대,용산동인천,서동탄광운대,용산동인천
12:10,12:04,13:14,13:08
인천의정부,광운대서동탄,인천의정부,소요산인천
12:16급,12:09,13:18급,13:14
신창청량리,소요산인천,천안청량리,광운대신창
12:21급,12:12급,13:24,13:17급
인천동두천,청량리천안,인천동두천,용산동인천
12:25,12:17급,13:28,13:19
천안광운대,용산동인천,신창광운대,연천인천
12:31,12:18,13:33,13:23급
인천양주,연천인천,인천양주,청량리천안
12:36,12:26,13:37,13:27
서동탄광운대,청량리서동탄,서동탄광운대,광운대서동탄
12:43,12:30,13:44급,13:28급
인천연천,양주인천,천안청량리,용산동인천
12:48,12:36,13:48,13:31
서동탄광운대,광운대천안,인천의정부,양주인천
12:54,12:40급,13:55,13:36
인천양주,동두천인천,신창광운대,광운대천안
12:59,12:45급,13:58,13:40
신창청량리,청량리천안,인천소요산,동두천인천
-,12:51,-,13:44급
-,의정부인천,-,용산구로
-,12:54급,-,13:46급
-,용산동인천,-,청량리천안
-,12:55,-,13:51
-,광운대천안,-,광운대병점
-,12:59,-,13:55
-,양주인천,-,양주인천
13:03,13:03,-,13:58
인천소요산,광운대서동탄,-,광운대서동탄
13:10,13:08,14:05,14:02급
서동탄광운대,소요산인천,서동탄광운대,용산동인천
13:15급,13:14,14:09,14:03
천안청량리,광운대천안,인천양주,소요산인천
13:19,13:19,14:15,14:07
인천양주,양주인천,인천동두천,광운대신창
13:24,13:23급,14:19,14:15
신창광운대,청량리신창,신창청량리,의정부인천
13:31급막,13:25급,14:25,14:16급
인천동두천,용산구로,인천양주,용산동인천
13:36,13:27,14:29,14:18급
서동탄광운대,광운대서동탄,천안광운대,청량리천안
13:40,13:31,14:36,14:23
인천연천,의정부인천,인천연천,연천인천
13:44급,13:35,14:40,14:27
천안청량리,광운대천안,서동탄광운대,광운대서동탄
13:48,13:38급,14:44급,14:31특
인천의정부,동두천인천,천안청량리,용산동인천
13:53,13:44,14:48,14:33
신창청량리,양주인천,인천의정부,양주인천
13:57,13:50,14:52,14:39급
인천소요산,광운대병점,신창광운대,용산동인천
-,13:54,14:56,14:40
-,의정부인천,인천소요산,광운대서동탄
-,13:54급,-,14:44
-,용산동인천,-,동두천인천
-,13:58,-,14:48급
-,광운대서동탄,-,청량리천안
14:02,14:02,-,14:50급
서동탄광운대,소요산인천,-,용산동인천
14:08,14:06,-,14:54
인천양주,청량리천안,-,양주인천
14:14,14:15,-,14:58
인천의정부,의정부인천,-,광운대천안
14:19,14:15급,-,14:59급
신창청량리,용산동인천,-,용산구로
14:24,14:20,15:02,15:04
인천광운대,광운대서동탄,서동탄동묘앞,소요산인천
14:29,14:24,15:07,15:09
천안광운대,연천인천,인천양주,광운대서동탄
14:33,14:29급,15:12,15:15
인천연천,청량리신창,천안광운대,광운대천안
14:38급,14:33,15:17급,15:15급
천안청량리,양주인천,천안청량리,용산동인천
14:42,14:37,15:22,15:20
인천양주,광운대서동탄,인천의정부,의정부인천
14:46,14:41급,15:26,15:23급
서동탄광운대,동두천인천,신창광운대,청량리신창
14:52,14:46급,15:33,15:29
신창광운대,청량리천안,인천연천,연천인천
14:58,14:52,15:36,15:31특
인천소요산,광운대신창,서동탄광운대,용산동인천
-,14:55급,15:40급,15:33
-,용산동인천,천안청량리,광운대서동탄
-,14:56,15:44,15:38
-,양주인천,인천의정부,양주인천
15:03,15:00,15:49,15:40급
서동탄청량리,광운대서동탄,신창광운대,용산동인천
15:07,15:06,15:54,15:43급
인천양주,소요산인천,인천소요산,청량리천안
15:11,15:12,15:59,15:48
신창광운대,청량리천안,서동탄광운대,동두천인천
15:16급,15:18,-,15:53
신창청량리,양주인천,-,광운대신창
15:19,15:22급,-,15:56급
인천의정부,청량리천안,-,용산동인천
15:25,15:27,-,15:57
천안광운대,광운대서동탄,-,의정부인천
15:30,15:31,16:02,16:01
인천연천,연천인천,인천양주,소요산구로
15:37급,15:39,16:06,16:05
신창청량리,양주인천,천안광운대,광운대서동탄
15:40,15:43급,16:09,16:09급
인천동묘앞,청량리천안,인천의정부,용산동인천
15:45,15:46급,16:13급,16:10
인천의정부,용산동인천,천안청량리,양주인천
15:49,15:52,16:17,16:16급
천안광운대,광운대신창,인천동두천,청량리천안
15:52,15:56,16:21,16:20
인천소요산,의정부인천,신창광운대,광운대신창
15:59,-,16:28,16:25
서동탄광운대,-,서동탄광운대,연천인천
16:03,16:05특,16:31,16:26특
인천의정부,용산동인천,인천양주,용산동인천
16:07,16:05,16:36급,16:29
천안광운대,청량리서동탄,천안청량리,광운대병점
16:10,16:12,16:40,16:32
인천동두천,소요산인천,인천연천,양주인천
16:14급,16:13급,16:44,16:32급
천안청량리,용산동인천,신창청량리,용산동인천
16:18,16:16,16:48,16:36
인천양주,광운대천안,인천의정부,광운대서동탄
16:22,16:20,16:57,16:39
신창광운대,의정부인천,서동탄광운대,동두천인천
16:28,16:24급,-,16:42급
서동탄광운대,청량리천안,-,청량리천안
16:32,16:28,-,16:45급
인천연천,광운대서동탄,-,용산동인천
16:36급,16:32급,-,16:47
천안청량리,용산동인천,-,광운대천안
16:40,16:32,-,16:51
인천양주,연천인천,-,양주인천
16:44,16:37,-,16:56
신창광운대,양주인천,-,광운대서동탄
16:47,16:40급,-,16:58급
인천의정부,청량리신창,-,용산동인천
16:52,16:45급막,17:02,17:00
천안청량리,동두천인천,구로의정부,의정부인천
16:56,16:48급,17:05,17:05
부평소요산,용산동인천,신창광운대,광운대병점
16:59,16:53,17:09,17:09
서동탄광운대,의정부인천,인천동묘앞,소요산인천
-,16:57,17:13급,17:11급
-,광운대서동탄,천안청량리,용산동인천
17:02,17:00급,17:17,17:13
인천양주,용산동인천,구로동두천,광운대천안
17:06,17:02,17:21,17:17
신창광운대,양주인천,서동탄광운대,동두천구로
17:10,17:05,17:24,17:20
인천동묘앞,동묘앞서동탄,인천의정부,동묘앞인천
17:13급,17:09,17:28,17:23급
천안청량리,소요산인천,천안광운대,청량리신창
17:17,17:13,17:34,17:28
부평동두천,광운대천안,인천양주,광운대서동탄
17:21,17:15급,17:39,17:30특막
서동탄동묘앞,용산동인천,서동탄광운대,용산동인천
17:24,17:17,17:43급,17:31
인천양주,동묘앞인천,천안청량리,의정부인천
17:28,17:21급,17:48,17:35급
신창광운대,청량리신창,인천양주,용산동인천
17:32,17:22급,17:53,17:35
인천연천,용산동인천,신창광운대,청량리천안
17:35급,17:26,17:57,17:44
천안청량리,광운대서동탄,인천소요산,광운대서동탄
17:39,17:29,-,17:50
인천동두천,연천인천,-,의정부인천
17:43,17:31급,-,17:50급
서동탄광운대,용산동인천,-,용산동인천
17:46,17:34,-,17:54
인천의정부,광운대천안,-,광운대신창
17:51,17:38,-,17:59
천안광운대,양주인천,-,청량리천안
17:55,17:38급,18:03,18:03급
인천양주,용산동인천,서동탄광운대,용산동인천
17:59급,17:41급,18:07급,18:04
천안청량리,청량리신창,천안청량리,소요산인천
-,17:46,18:12,18:14
-,광운대서동탄,인천동두천,의정부인천
-,17:46급,18:16,18:17급
-,용산동인천,신창광운대,용산동인천
-,17:52,18:20,18:18
-,의정부인천,구로양주,광운대서동탄
-,17:54급,18:24,18:22
-,용산동인천,인천광운대,연천인천
-,17:55,18:28,18:26
-,광운대신창,병점광운대,청량리천안
-,17:59,18:32,18:32
-,양주인천,인천동묘앞,광운대서동탄
18:06,18:02,18:37,18:33급
서동탄광운대,청량리서동탄,서동탄광운대,용산동인천
18:10,18:05급,18:41,18:37
인천양주,용산동인천,인천의정부,양주인천
18:14,18:08,18:46급,18:41급
신창광운대,소요산인천,천안청량리,청량리신창
18:19,18:12급,18:50,18:44급
인천동두천,용산동인천,인천동묘앞,용산동인천
18:23,18:14,18:55,18:46
병점광운대,광운대천안,구로소요산,광운대서동탄
18:27,18:17,18:58,18:50
인천양주,의정부인천,신창광운대,양주인천
18:30급,18:17급,-,18:53
천안청량리,용산부평,-,광운대천안
18:35,18:21,-,18:56급
인천연천,청량리서동탄,-,용산동인천
18:39,18:24급,-,18:57
천안광운대,용산동인천,-,의정부인천
18:42,18:24,19:01,19:02
부평동두천,연천인천,인천의정부,소요산인천
18:46,18:30,19:06,19:05
서동탄청량리,광운대신창,인천양주,광운대서동탄
18:49,18:34,19:11,19:06급
인천의정부,의정부인천,서동탄광운대,용산동인천
18:53,18:34특,19:16급,19:10
인천동묘앞,용산동인천,천안청량리,의정부인천
18:57,18:38급,19:21,19:13급막
신창광운대,용산동인천,인천양주,청량리신창
-,18:38,19:24,19:19
-,청량리서동탄,신창광운대,광운대신창
-,18:43,19:28,19:22급
-,양주인천,인천연천,용산동인천
-,18:43급,19:32,19:24
-,용산동인천,서동탄광운대,연천인천
-,18:48,19:36,19:31
-,광운대신창,인천광운대,광운대서동탄
-,18:48급,19:41,19:32급
-,용산동인천,천안청량리,용산동인천
-,18:53,19:46,19:36
-,의정부인천,인천동두천,동두천인천
-,18:56,19:51,19:41
-,광운대천안,신창광운대,광운대신창
-,18:58특,19:55,19:44
-,용산동인천,인천소요산,의정부인천
19:01,19:01,19:59,19:48급
인천양주,소요산인천,서동탄동묘앞,용산동인천
19:05,19:04급,-,19:48
서동탄광운대,용산동인천,-,청량리구로
19:09,19:05,-,19:54
인천소요산,광운대서동탄,-,양주인천
19:13,19:09,-,19:58
신창광운대,양주인천,-,광운대천안
19:17,19:10급,20:05,20:04급
인천동묘앞,용산동인천,인천양주,용산동인천
19:21,19:12급,20:09,20:07
천안청량리,청량리천안,천안광운대,소요산인천
19:24,19:16,20:14급,20:11
인천동두천,광운대신창,천안청량리,광운대신창
19:28,19:19특,20:18,20:16
서동탄광운대,용산동인천,인천의정부,양주인천
19:32,19:19,20:22,20:19
인천양주,연천인천,서동탄광운대,청량리서동탄
19:36,19:24,20:27,20:23급
천안광운대,광운대신창,인천동두천,용산동인천
19:41,19:24급,20:31,20:25
서동탄광운대,용산동인천,신창청량리,연천인천
19:45,19:28,20:35,20:29
인천연천,양주인천,인천양주,동두천인천
19:51,19:31,20:41,20:34
신창광운대,광운대서동탄,구로연천,광운대신창
19:55,19:34특막,20:45,20:39
인천의정부,용산동인천,병점광운대,양주인천
19:59,19:34,20:50,20:40급
서동탄광운대,동두천인천,신창청량리,용산동인천
-,19:39급,20:54,20:42
-,용산동인천,인천의정부,청량리구로
-,19:39급,20:58,20:46
-,청량리천안,서동탄광운대,광운대서동탄
-,19:43,-,20:51
-,광운대서동탄,-,의정부인천
-,19:46급,-,20:55급
-,용산동인천,-,용산동인천
-,19:47,-,20:56
-,양주인천,-,광운대천안
-,19:51,21:03,21:01
-,광운대천안,인천소요산,광운대서동탄
-,19:52급,21:06,21:05
-,용산부평,천안광운대,소요산인천
-,19:56,21:12,21:10
-,의정부인천,인천양주,의정부구로
-,19:58급,21:16급막,21:15급
-,용산동인천,천안청량리,용산동인천
20:06,20:00,21:20,21:15
인천소요산,청량리서동탄,인천의정부,청량리신창
20:10,20:04급,21:25,21:19
천안광운대,용산동인천,신창광운대,연천인천
20:14급,20:04,21:30,21:24
신창청량리,소요산인천,인천연천,광운대병점
20:18,20:11,21:34,21:28
인천양주,광운대천안,서동탄광운대,양주인천
20:25,20:15,21:39,21:31급
인천동두천,양주인천,인천의정부,용산동인천
20:29,20:16급,21:43,21:32막
천안광운대,용산동인천,서동탄동묘앞,청량리신창
20:33,20:19,21:48,21:37
인천양주,광운대서동탄,인천소요산,동두천인천
20:36,20:22,21:55,21:44
서동탄광운대,연천인천,신창광운대,광운대서동탄
20:40,20:25급,21:59,21:46급
인천연천,용산동인천,인천양주,용산동인천
20:48,20:26급막,-,21:49
인천의정부,청량리신창,-,양주인천
20:54,20:30,-,21:54
서동탄청량리,양주인천,-,광운대서동탄
20:59,20:35,22:04,22:00
인천소요산,광운대신창,서동탄동묘앞,청량리천안
-,20:35급,22:08,22:03급
-,용산동인천,인천동두천,용산동인천
-,20:40,22:13,22:06
-,동두천인천,천안청량리,소요산인천
-,20:42급,22:17,22:11
-,용산동인천,인천동묘앞,광운대서동탄
-,20:45,22:23,22:16
-,광운대서동탄,병점광운대,청량리병점
-,20:49,22:28막,22:18급
-,양주인천,인천연천,용산동인천
-,20:55,22:34,22:21
-,광운대천안,천안광운대,연천인천
-,20:55급,22:39,22:26막
-,용산동인천,인천의정부,광운대천안
-,20:59,22:44,22:30
-,의정부인천,병점광운대,양주인천
21:05,21:03급,22:54막,22:35
천안광운대,용산동인천,인천소요산,광운대병점
21:11급,21:04,22:58,22:35급
천안청량리,광운대서동탄,신창광운대,용산동인천
21:16,21:09급,-,22:40
인천양주,용산구로,-,의정부인천
21:20,21:09,-,22:47
신창광운대,동두천인천,-,광운대병점
21:24,21:15,-,22:50
인천의정부,청량리신창,-,동두천인천
21:30,21:16급,-,22:53급막
서동탄광운대,용산동인천,-,용산동인천
21:34,21:19,-,22:56
인천연천,연천인천,-,양주인천
21:39,21:23,23:08,23:02
서동탄광운대,광운대서동탄,서동탄광운대,광운대서동탄
21:42,21:26급,23:18막,23:08
인천양주,용산동인천,인천양주,소요산인천
21:47급,21:28,23:23,23:10급막
신창청량리,동두천인천,서동탄광운대,용산부평
21:50,21:36,23:29막,23:13막
인천소요산,양주인천,인천의정부,청량리서동탄
21:55,21:42,23:36,23:19
천안광운대,광운대신창,서동탄서울역,연천인천
-,21:46,23:42,23:24급막
-,동두천인천,인천광운대,용산구로
-,21:49급,23:54막,23:25막
-,용산동인천,인천광운대,광운대병점
-,21:51,-,23:31막
-,광운대병점,-,의정부인천
-,21:55,-,23:38
-,양주인천,-,양주구로
-,21:59,-,23:50
-,연천구로,-,동두천구로
22:01,22:03급,00:07막,0:01
인천의정부,용산동인천,인천동묘앞,의정부구로
22:06,22:03막,-,00:13막
서동탄동묘앞,청량리신창,-,소요산구로
22:10,22:08,-,-
인천동두천,의정부인천,-,-
22:15급막,22:14,-,-
천안청량리,광운대서동탄,-,-
22:20,22:17급,-,-
인천양주,용산동인천,-,-
22:24,22:20,-,-
서동탄광운대,소요산인천,-,-
22:30,22:25막,-,-
인천의정부,청량리천안,-,-
22:37,22:29,-,-
신창광운대,연천인천,-,-
22:44막,22:35,-,-
인천연천,광운대서동탄,-,-
22:53,22:35급,-,-
신창광운대,용산동인천,-,-
-,22:42,-,-
-,동두천인천,-,-
-,22:47,-,-
-,광운대병점,-,-
-,22:51,-,-
-,청량리구로,-,-
-,22:53급막,-,-
-,용산동인천,-,-
-,22:57,-,-
-,의정부인천,-,-
23:00,23:03,-,-
서동탄광운대,광운대서동탄,-,-
23:07막,23:09급막,-,-
인천소요산,용산부평,-,-
23:14막,23:13,-,-
인천양주,광운대구로,-,-
23:21,23:18,-,-
서동탄광운대,소요산인천,-,-
23:27막,23:23막,-,-
인천의정부,광운대서동탄,-,-
23:36,23:29,-,-
서동탄동묘앞,연천인천,-,-
23:47,23:33,-,-
천안광운대,청량리구로,-,-
23:54막,23:38막,-,-
인천광운대,의정부인천,-,-
-,23:48,-,-
-,양주구로,-,-
00:04막,0:02,-,-
서동탄청량리,양주구로,-,-
00:16막,0:10,-,-
인천동묘앞,광운대구로,-,-
-,00:18막,-,-
-,의정부구로,-,-
