﻿종로3가방면,동대문역사문화공원방면,종로3가방면,동대문역사문화공원방면
평일,평일,주말,주말
05:39첫,05:49첫,05:39첫,05:49첫
왕십리방화,애오개마천,왕십리방화,애오개마천
5:49,-,5:49,-
군자방화,-,군자방화,-
5:57,-,5:57,-
강동방화,-,강동방화,-
6:05,06:03첫,6:05,06:03첫
상일동방화,화곡하남검단산,상일동방화,화곡하남검단산
6:10,6:10,6:12,6:10
마천방화,화곡마천,마천방화,화곡마천
6:18,6:18,6:20,6:18
하남검단산방화,방화하남검단산,하남검단산방화,방화하남검단산
6:23,6:25,6:27,6:26
마천방화,방화마천,마천방화,방화마천
6:29,6:32,6:34,6:33
상일동방화,방화하남검단산,상일동방화,방화하남검단산
6:35,6:39,6:41,6:40
마천방화,방화마천,마천방화,방화마천
6:41,6:46,6:48,6:47
하남검단산방화,방화하남검단산,하남검단산방화,방화하남검단산
6:47,6:53,6:55,6:54
마천방화,방화마천,마천방화,방화마천
6:52,6:59,7:02,7:01
상일동방화,방화하남검단산,상일동방화,방화하남검단산
6:58,-,7:09,7:08
마천방화,-,마천방화,방화마천
7:03,7:05,7:16,7:15
하남검단산방화,방화마천,하남검단산방화,방화하남검단산
7:09,7:12,7:23,7:22
마천방화,방화하남검단산,마천방화,방화마천
7:14,7:17,7:30,7:29
상일동방화,방화마천,하남검단산방화,방화하남검단산
7:19,7:23,7:37,7:36
마천방화,방화하남검단산,마천방화,방화마천
7:24,7:28,7:44,7:43
하남검단산방화,방화마천,하남검단산방화,방화하남검단산
7:29,7:34,7:50,7:50
마천방화,방화하남검단산,마천방화,방화마천
7:33,7:39,7:57,7:57
하남검단산방화,방화마천,하남검단산방화,방화하남검단산
7:38,7:44,8:03,8:03
마천방화,방화하남검단산,마천방화,방화마천
7:42,7:49,8:10,8:10
하남검단산방화,방화마천,하남검단산방화,방화하남검단산
7:47,7:54,8:16,8:16
마천방화,방화하남검단산,마천방화,방화마천
7:51,7:58,8:23,8:23
상일동방화,방화마천,하남검단산방화,방화하남검단산
7:55,-,8:29,8:29
마천방화,-,마천방화,방화마천
7:59,-,8:36,8:36
하남검단산방화,-,하남검단산방화,방화하남검단산
8:03,8:03,8:42,8:42
마천방화,방화하남검단산,마천방화,방화마천
8:07,8:07,8:49,8:49
하남검단산방화,방화마천,하남검단산방화,방화하남검단산
8:11,8:12,8:55,8:55
마천방화,방화상일동,마천방화,방화마천
8:15,8:16,9:02,9:02
하남검단산방화,방화마천,하남검단산방화,방화하남검단산
8:18,8:20,9:08,9:08
마천방화,방화하남검단산,마천방화,방화마천
8:21,8:24,9:15,9:15
상일동방화,방화마천,하남검단산방화,방화하남검단산
8:24,8:28,9:21,9:21
마천방화,방화하남검단산,마천방화,방화마천
8:28,8:32,9:28,9:28
하남검단산방화,방화마천,하남검단산방화,방화하남검단산
8:30,8:36,9:34,9:34
마천방화,방화상일동,마천방화,방화마천
8:33,8:39,9:41,9:41
하남검단산방화,방화마천,하남검단산방화,방화하남검단산
8:35,8:43,9:47,9:47
마천방화,방화하남검단산,마천방화,방화마천
8:38,8:46,9:54,9:54
상일동방화,방화마천,하남검단산방화,방화하남검단산
8:40,8:50,10:00,10:00
하남검단산방화,방화하남검단산,마천방화,방화마천
8:43,8:53,10:07,10:07
마천방화,방화마천,하남검단산방화,방화하남검단산
8:45,8:55,10:13,10:13
상일동방화,방화상일동,마천방화,방화마천
8:48,8:58,10:20,10:20
마천방화,방화마천,하남검단산방화,방화하남검단산
8:51,-,10:26,10:26
하남검단산방화,-,마천방화,방화마천
8:53,-,10:33,10:33
상일동방화,-,하남검단산방화,방화하남검단산
8:57,-,10:39,10:39
마천방화,-,마천방화,방화마천
9:00,9:01,10:46,10:46
하남검단산방화,방화하남검단산,하남검단산방화,방화하남검단산
9:04,9:04,10:52,10:52
마천방화,방화마천,마천방화,방화마천
9:07,9:08,10:59,10:59
하남검단산방화,방화상일동,하남검단산방화,방화하남검단산
9:10,9:11,11:05,11:05
마천방화,방화마천,마천방화,방화마천
9:14,9:14,11:12,11:12
하남검단산방화,방화하남검단산,하남검단산방화,방화하남검단산
9:18,9:18,11:18,11:18
마천방화,방화마천,마천방화,방화마천
9:22,9:21,11:25,11:25
하남검단산방화,방화하남검단산,하남검단산방화,방화하남검단산
9:27,9:25,11:31,11:31
마천방화,방화마천,마천방화,방화마천
9:31,9:29,11:38,11:38
하남검단산방화,방화하남검단산,하남검단산방화,방화하남검단산
9:35,9:33,11:44,11:44
마천방화,방화마천,마천방화,방화마천
9:40,9:37,11:51,11:51
하남검단산방화,방화상일동,하남검단산방화,방화하남검단산
9:45,9:41,11:57,11:57
마천방화,방화마천,마천방화,방화마천
9:50,9:45,12:04,12:04
하남검단산방화,방화하남검단산,하남검단산방화,방화하남검단산
9:55,9:49,12:10,12:10
마천방화,방화마천,마천방화,방화마천
-,9:52,12:17,12:17
-,방화하남검단산,하남검단산방화,방화하남검단산
-,9:57,12:23,12:23
-,방화마천,마천방화,방화마천
10:00,10:01,12:30,12:30
하남검단산방화,방화하남검단산,하남검단산방화,방화하남검단산
10:06,10:06,12:36,12:36
마천방화,방화마천,마천방화,방화마천
10:11,10:11,12:43,12:43
하남검단산방화,방화하남검단산,하남검단산방화,방화하남검단산
10:17,10:16,12:49,12:49
마천방화,방화마천,마천방화,방화마천
10:22,10:21,12:56,12:56
하남검단산방화,방화하남검단산,하남검단산방화,방화하남검단산
10:28,10:26,13:02,13:02
마천방화,방화마천,마천방화,방화마천
10:33,10:32,13:09,13:09
하남검단산방화,방화하남검단산,하남검단산방화,방화하남검단산
10:39,10:38,13:15,13:15
마천방화,방화마천,마천방화,방화마천
10:45,10:45,13:22,13:22
하남검단산방화,방화하남검단산,하남검단산방화,방화하남검단산
10:51,10:51,13:28,13:28
마천방화,방화마천,마천방화,방화마천
10:58,10:58,13:35,13:35
하남검단산방화,방화하남검단산,하남검단산방화,방화하남검단산
11:04,11:04,13:41,13:41
마천방화,방화마천,마천방화,방화마천
11:11,11:11,13:48,13:48
하남검단산방화,방화하남검단산,하남검단산방화,방화하남검단산
11:17,11:17,13:54,13:54
마천방화,방화마천,마천방화,방화마천
11:24,11:24,14:01,14:01
하남검단산방화,방화하남검단산,하남검단산방화,방화하남검단산
11:30,11:30,14:07,14:07
마천방화,방화마천,마천방화,방화마천
11:37,11:37,14:14,14:14
하남검단산방화,방화하남검단산,하남검단산방화,방화하남검단산
11:43,11:43,14:20,14:20
마천방화,방화마천,마천방화,방화마천
11:50,11:50,14:27,14:27
하남검단산방화,방화하남검단산,하남검단산방화,방화하남검단산
11:56,11:56,14:33,14:33
마천방화,방화마천,마천방화,방화마천
12:03,12:03,14:40,14:40
하남검단산방화,방화하남검단산,하남검단산방화,방화하남검단산
12:09,12:09,14:46,14:46
마천방화,방화마천,마천방화,방화마천
12:16,12:16,14:53,14:53
하남검단산방화,방화하남검단산,하남검단산방화,방화하남검단산
12:22,12:22,14:59,14:59
마천방화,방화마천,마천방화,방화마천
12:29,12:29,15:06,15:06
하남검단산방화,방화하남검단산,하남검단산방화,방화하남검단산
12:35,12:35,15:12,15:12
마천방화,방화마천,마천방화,방화마천
12:42,12:42,15:19,15:19
하남검단산방화,방화하남검단산,하남검단산방화,방화하남검단산
12:48,12:48,15:25,15:25
마천방화,방화마천,마천방화,방화마천
12:55,12:55,15:32,15:32
하남검단산방화,방화하남검단산,하남검단산방화,방화하남검단산
13:01,13:01,15:38,15:38
마천방화,방화마천,마천방화,방화마천
13:08,13:08,15:45,15:45
하남검단산방화,방화하남검단산,하남검단산방화,방화하남검단산
13:14,13:14,15:51,15:51
마천방화,방화마천,마천방화,방화마천
13:21,13:21,15:58,15:58
하남검단산방화,방화하남검단산,하남검단산방화,방화하남검단산
13:27,13:27,16:04,16:04
마천방화,방화마천,마천방화,방화마천
13:34,13:34,16:11,16:11
하남검단산방화,방화하남검단산,하남검단산방화,방화하남검단산
13:40,13:40,16:17,16:17
마천방화,방화마천,마천방화,방화마천
13:47,13:47,16:24,16:24
하남검단산방화,방화하남검단산,하남검단산방화,방화하남검단산
13:53,13:53,16:30,16:30
마천방화,방화마천,마천방화,방화마천
14:00,14:00,16:37,16:37
하남검단산방화,방화하남검단산,하남검단산방화,방화하남검단산
14:06,14:06,16:43,16:43
마천방화,방화마천,마천방화,방화마천
14:13,14:13,16:50,16:50
하남검단산방화,방화하남검단산,하남검단산방화,방화하남검단산
14:19,14:19,16:56,16:56
마천방화,방화마천,마천방화,방화마천
14:26,14:26,17:03,17:03
하남검단산방화,방화하남검단산,하남검단산방화,방화하남검단산
14:32,14:32,17:09,17:09
마천방화,방화마천,마천방화,방화마천
14:39,14:39,17:16,17:16
하남검단산방화,방화하남검단산,하남검단산방화,방화하남검단산
14:45,14:45,17:22,17:22
마천방화,방화마천,마천방화,방화마천
14:52,14:52,17:29,17:29
하남검단산방화,방화하남검단산,하남검단산방화,방화하남검단산
14:58,14:58,17:35,17:35
마천방화,방화마천,마천방화,방화마천
15:05,15:05,17:42,17:42
하남검단산방화,방화하남검단산,하남검단산방화,방화하남검단산
15:11,15:11,17:48,17:48
마천방화,방화마천,마천방화,방화마천
15:18,15:18,17:55,17:55
하남검단산방화,방화하남검단산,하남검단산방화,방화하남검단산
15:24,15:24,18:01,18:01
마천방화,방화마천,마천방화,방화마천
15:31,15:31,18:08,18:08
하남검단산방화,방화하남검단산,하남검단산방화,방화하남검단산
15:37,15:37,18:14,18:14
마천방화,방화마천,마천방화,방화마천
15:44,15:44,18:21,18:21
하남검단산방화,방화하남검단산,하남검단산방화,방화하남검단산
15:50,15:50,18:27,18:27
마천방화,방화마천,마천방화,방화마천
15:57,15:57,18:34,18:34
하남검단산방화,방화하남검단산,하남검단산방화,방화하남검단산
16:03,16:03,18:40,18:40
마천방화,방화마천,마천방화,방화마천
16:10,16:10,18:47,18:47
하남검단산방화,방화하남검단산,하남검단산방화,방화하남검단산
16:16,16:16,18:53,18:53
마천방화,방화마천,마천방화,방화마천
16:23,16:23,19:00,19:00
하남검단산방화,방화하남검단산,하남검단산방화,방화하남검단산
16:29,16:29,19:06,19:06
마천방화,방화마천,마천방화,방화마천
16:36,16:36,19:13,19:13
하남검단산방화,방화하남검단산,하남검단산방화,방화하남검단산
16:42,16:42,19:19,19:19
마천방화,방화마천,마천방화,방화마천
16:49,16:49,19:26,19:26
하남검단산방화,방화하남검단산,하남검단산방화,방화하남검단산
16:55,16:55,19:32,19:32
마천방화,방화마천,마천방화,방화마천
17:02,17:02,19:39,19:39
하남검단산방화,방화하남검단산,하남검단산방화,방화하남검단산
17:08,17:08,19:45,19:45
마천방화,방화마천,마천방화,방화마천
17:15,17:14,19:52,19:52
하남검단산방화,방화하남검단산,하남검단산방화,방화하남검단산
17:21,17:20,19:58,19:58
마천방화,방화마천,마천방화,방화마천
17:28,17:26,20:05,20:05
하남검단산방화,방화하남검단산,하남검단산방화,방화하남검단산
17:34,17:32,20:11,20:11
마천방화,방화마천,마천방화,방화마천
17:41,17:38,20:18,20:18
하남검단산방화,방화하남검단산,하남검단산방화,방화하남검단산
17:45,17:43,20:24,20:24
마천방화,방화마천,마천방화,방화마천
17:50,17:48,20:31,20:31
하남검단산방화,방화하남검단산,하남검단산방화,방화하남검단산
17:54,17:52,20:37,20:37
마천방화,방화마천,마천방화,방화마천
17:58,17:56,20:44,20:44
하남검단산방화,방화하남검단산,하남검단산방화,방화하남검단산
18:02,18:00,20:50,20:50
마천방화,방화마천,마천방화,방화마천
18:06,18:04,20:57,20:57
상일동방화,방화하남검단산,하남검단산방화,방화하남검단산
18:10,18:08,21:03,21:03
마천방화,방화마천,마천방화,방화마천
18:14,18:11,21:10,21:10
하남검단산방화,방화하남검단산,하남검단산방화,방화하남검단산
18:18,18:15,21:16,21:16
마천방화,방화마천,마천방화,방화마천
18:21,18:18,21:23,21:23
하남검단산방화,방화하남검단산,하남검단산방화,방화하남검단산
18:24,18:21,21:29,21:29
마천방화,방화마천,마천방화,방화마천
18:27,18:24,21:36,21:36
상일동방화,방화하남검단산,하남검단산방화,방화하남검단산
18:30,18:27,21:42,21:42
마천방화,방화마천,마천방화,방화마천
18:33,18:30,21:49,21:49
하남검단산방화,방화하남검단산,하남검단산방화,방화하남검단산
18:37,18:33,21:55,21:55
마천방화,방화마천,마천방화,방화마천
18:40,18:36,22:02,22:02
하남검단산방화,방화하남검단산,하남검단산방화,방화하남검단산
18:44,18:39,22:08,22:08
마천방화,방화마천,마천방화,방화마천
18:48,18:42,22:15,22:15
하남검단산방화,방화하남검단산,하남검단산방화,방화하남검단산
18:52,18:45,22:21,22:21
마천방화,방화마천,마천방화,방화마천
18:56,18:48,22:28,22:28
상일동방화,방화하남검단산,하남검단산방화,방화하남검단산
-,18:51,22:35,22:36
-,방화마천,마천방화,방화마천
-,18:54,22:43,22:43
-,방화하남검단산,하남검단산방화,방화하남검단산
-,18:58,22:52,22:51
-,방화마천,마천방화,방화마천
19:01,19:01,-,22:59
마천방화,방화하남검단산,-,방화상일동
19:05,19:06,23:01,23:07
하남검단산방화,방화마천,하남검단산방화,방화마천
19:09,19:11,23:11,23:15막
마천방화,방화하남검단산,마천방화,방화하남검단산
19:14,19:16,23:22막,23:23막
하남검단산방화,방화마천,하남검단산방화,방화마천
19:20,19:21,23:33막,23:32
마천방화,방화하남검단산,마천화곡,방화상일동
19:26,19:27,23:42막,23:40막
하남검단산방화,방화마천,하남검단산여의도,방화상일동
19:33,19:33,23:54막,23:48막
마천방화,방화하남검단산,마천애오개,방화군자
19:39,19:40,-,23:56막
하남검단산방화,방화마천,-,방화왕십리
19:46,19:46,-,-
마천방화,방화하남검단산,-,-
19:52,19:53,-,-
하남검단산방화,방화마천,-,-
19:59,19:59,-,-
마천방화,방화하남검단산,-,-
20:05,20:06,-,-
하남검단산방화,방화마천,-,-
20:12,20:13,-,-
마천방화,방화하남검단산,-,-
20:18,20:19,-,-
하남검단산방화,방화마천,-,-
20:25,20:25,-,-
마천방화,방화하남검단산,-,-
20:31,20:32,-,-
하남검단산방화,방화마천,-,-
20:38,20:38,-,-
마천방화,방화하남검단산,-,-
20:44,20:45,-,-
하남검단산방화,방화마천,-,-
20:51,20:51,-,-
마천방화,방화하남검단산,-,-
20:57,20:58,-,-
하남검단산방화,방화마천,-,-
21:04,21:04,-,-
마천방화,방화하남검단산,-,-
21:10,21:11,-,-
하남검단산방화,방화마천,-,-
21:17,21:17,-,-
마천방화,방화하남검단산,-,-
21:23,21:24,-,-
하남검단산방화,방화마천,-,-
21:30,21:30,-,-
마천방화,방화하남검단산,-,-
21:36,21:37,-,-
하남검단산방화,방화마천,-,-
21:43,21:43,-,-
마천방화,방화하남검단산,-,-
21:49,21:50,-,-
하남검단산방화,방화마천,-,-
21:56,21:56,-,-
마천방화,방화하남검단산,-,-
22:02,22:03,-,-
하남검단산방화,방화마천,-,-
22:09,22:09,-,-
마천방화,방화하남검단산,-,-
22:16,22:16,-,-
하남검단산방화,방화마천,-,-
22:23,22:22,-,-
마천방화,방화하남검단산,-,-
22:30,22:29,-,-
하남검단산방화,방화마천,-,-
22:37,22:37,-,-
마천방화,방화하남검단산,-,-
22:45,22:45,-,-
하남검단산방화,방화마천,-,-
22:53,22:52,-,-
마천방화,방화하남검단산,-,-
23:01,23:00,-,-
하남검단산방화,방화마천,-,-
23:09,23:08,-,-
마천방화,방화하남검단산,-,-
23:20,23:16,-,-
하남검단산방화,방화마천,-,-
23:31,23:25,-,-
마천방화,방화하남검단산,-,-
23:44,23:33,-,-
하남검단산방화,방화마천,-,-
23:57,23:42,-,-
마천방화,방화하남검단산,-,-
-,23:51,-,-
-,방화마천,-,-
00:11막,00:00막,-,-
하남검단산방화,방화하남검단산,-,-
00:31막,00:08막,-,-
마천여의도,방화마천,-,-
00:50막,0:16,-,-
하남검단산애오개,방화군자,-,-
-,00:24막,-,-
-,방화상일동,-,-
-,00:42막,-,-
-,방화군자,-,-
