﻿청구방면,행당방면,청구방면,행당방면
평일,평일,주말,주말
05:33첫,05:55첫,05:33첫,05:55첫
왕십리방화,애오개마천,왕십리방화,애오개마천
5:43,-,5:43,-
군자방화,-,군자방화,-
5:51,-,5:51,-
강동방화,-,강동방화,-
5:59,-,5:59,-
상일동방화,-,상일동방화,-
6:04,06:09첫,6:06,06:09첫
마천방화,화곡하남검단산,마천방화,화곡하남검단산
6:12,6:16,6:14,6:16
하남검단산방화,화곡마천,하남검단산방화,화곡마천
6:17,6:24,6:21,6:24
마천방화,방화하남검단산,마천방화,방화하남검단산
6:23,6:31,6:28,6:32
상일동방화,방화마천,상일동방화,방화마천
6:29,6:38,6:35,6:39
마천방화,방화하남검단산,마천방화,방화하남검단산
6:35,6:45,6:42,6:46
하남검단산방화,방화마천,하남검단산방화,방화마천
6:41,6:52,6:49,6:53
마천방화,방화하남검단산,마천방화,방화하남검단산
6:46,6:59,6:56,-
상일동방화,방화마천,상일동방화,-
6:52,-,7:03,7:00
마천방화,-,마천방화,방화마천
6:57,-,7:10,7:07
하남검단산방화,-,하남검단산방화,방화하남검단산
7:03,7:05,7:17,7:14
마천방화,방화하남검단산,마천방화,방화마천
7:08,7:11,7:24,7:21
상일동방화,방화마천,하남검단산방화,방화하남검단산
7:13,7:18,7:31,7:28
마천방화,방화하남검단산,마천방화,방화마천
7:18,7:23,7:38,7:35
하남검단산방화,방화마천,하남검단산방화,방화하남검단산
7:23,7:29,7:44,7:42
마천방화,방화하남검단산,마천방화,방화마천
7:27,7:34,7:51,7:49
하남검단산방화,방화마천,하남검단산방화,방화하남검단산
7:32,7:40,7:57,7:56
마천방화,방화하남검단산,마천방화,방화마천
7:36,7:45,8:04,8:03
하남검단산방화,방화마천,하남검단산방화,방화하남검단산
7:41,7:50,8:10,8:09
마천방화,방화하남검단산,마천방화,방화마천
7:45,7:54,8:17,8:16
상일동방화,방화마천,하남검단산방화,방화하남검단산
7:49,7:59,8:23,8:22
마천방화,방화하남검단산,마천방화,방화마천
7:53,-,8:30,8:29
하남검단산방화,-,하남검단산방화,방화하남검단산
7:57,-,8:36,8:35
마천방화,-,마천방화,방화마천
8:01,8:04,8:43,8:42
하남검단산방화,방화마천,하남검단산방화,방화하남검단산
8:05,8:08,8:49,8:48
마천방화,방화하남검단산,마천방화,방화마천
8:08,8:13,8:56,8:55
하남검단산방화,방화마천,하남검단산방화,방화하남검단산
8:11,8:18,9:02,9:01
마천방화,방화상일동,마천방화,방화마천
8:15,8:22,9:09,9:08
상일동방화,방화마천,하남검단산방화,방화하남검단산
8:18,8:26,9:15,9:14
마천방화,방화하남검단산,마천방화,방화마천
8:21,8:30,9:22,9:21
하남검단산방화,방화마천,하남검단산방화,방화하남검단산
8:24,8:34,9:28,9:27
마천방화,방화하남검단산,마천방화,방화마천
8:26,8:38,9:35,9:34
하남검단산방화,방화마천,하남검단산방화,방화하남검단산
8:29,8:42,9:41,9:40
마천방화,방화상일동,마천방화,방화마천
8:31,8:45,9:48,9:47
상일동방화,방화마천,하남검단산방화,방화하남검단산
8:34,8:49,9:54,9:53
하남검단산방화,방화하남검단산,마천방화,방화마천
8:36,8:52,10:01,10:00
마천방화,방화마천,하남검단산방화,방화하남검단산
8:39,8:56,10:07,10:06
상일동방화,방화하남검단산,마천방화,방화마천
8:41,8:59,10:14,10:13
마천방화,방화마천,하남검단산방화,방화하남검단산
8:44,-,10:20,10:19
하남검단산방화,-,마천방화,방화마천
8:47,-,10:27,10:26
상일동방화,-,하남검단산방화,방화하남검단산
8:50,-,10:33,10:32
마천방화,-,마천방화,방화마천
8:54,-,10:40,10:39
하남검단산방화,-,하남검단산방화,방화하남검단산
8:57,-,10:46,10:45
마천방화,-,마천방화,방화마천
9:00,9:01,10:53,10:52
하남검단산방화,방화상일동,하남검단산방화,방화하남검단산
9:04,9:04,10:59,10:58
마천방화,방화마천,마천방화,방화마천
9:08,9:07,11:06,11:05
하남검단산방화,방화하남검단산,하남검단산방화,방화하남검단산
9:12,9:10,11:12,11:11
마천방화,방화마천,마천방화,방화마천
9:16,9:14,11:19,11:18
하남검단산방화,방화상일동,하남검단산방화,방화하남검단산
9:21,9:17,11:25,11:24
마천방화,방화마천,마천방화,방화마천
9:25,9:20,11:32,11:31
하남검단산방화,방화하남검단산,하남검단산방화,방화하남검단산
9:29,9:24,11:38,11:37
마천방화,방화마천,마천방화,방화마천
9:34,9:27,11:45,11:44
하남검단산방화,방화하남검단산,하남검단산방화,방화하남검단산
9:39,9:31,11:51,11:50
마천방화,방화마천,마천방화,방화마천
9:44,9:35,11:58,11:57
하남검단산방화,방화하남검단산,하남검단산방화,방화하남검단산
9:49,9:39,12:04,12:03
마천방화,방화마천,마천방화,방화마천
9:54,9:43,12:11,12:10
하남검단산방화,방화상일동,하남검단산방화,방화하남검단산
-,9:47,12:17,12:16
-,방화마천,마천방화,방화마천
-,9:51,12:24,12:23
-,방화하남검단산,하남검단산방화,방화하남검단산
-,9:55,12:30,12:29
-,방화마천,마천방화,방화마천
-,9:58,12:37,12:36
-,방화하남검단산,하남검단산방화,방화하남검단산
10:00,10:03,12:43,12:42
마천방화,방화마천,마천방화,방화마천
10:05,10:07,12:50,12:49
하남검단산방화,방화하남검단산,하남검단산방화,방화하남검단산
10:11,10:12,12:56,12:55
마천방화,방화마천,마천방화,방화마천
10:16,10:17,13:03,13:02
하남검단산방화,방화하남검단산,하남검단산방화,방화하남검단산
10:22,10:22,13:09,13:08
마천방화,방화마천,마천방화,방화마천
10:27,10:27,13:16,13:15
하남검단산방화,방화하남검단산,하남검단산방화,방화하남검단산
10:33,10:32,13:22,13:21
마천방화,방화마천,마천방화,방화마천
10:39,10:38,13:29,13:28
하남검단산방화,방화하남검단산,하남검단산방화,방화하남검단산
10:45,10:44,13:35,13:34
마천방화,방화마천,마천방화,방화마천
10:52,10:51,13:42,13:41
하남검단산방화,방화하남검단산,하남검단산방화,방화하남검단산
10:58,10:57,13:48,13:47
마천방화,방화마천,마천방화,방화마천
11:05,11:04,13:55,13:54
하남검단산방화,방화하남검단산,하남검단산방화,방화하남검단산
11:11,11:10,14:01,14:00
마천방화,방화마천,마천방화,방화마천
11:18,11:17,14:08,14:07
하남검단산방화,방화하남검단산,하남검단산방화,방화하남검단산
11:24,11:23,14:14,14:13
마천방화,방화마천,마천방화,방화마천
11:31,11:30,14:21,14:20
하남검단산방화,방화하남검단산,하남검단산방화,방화하남검단산
11:37,11:36,14:27,14:26
마천방화,방화마천,마천방화,방화마천
11:44,11:43,14:34,14:33
하남검단산방화,방화하남검단산,하남검단산방화,방화하남검단산
11:50,11:49,14:40,14:39
마천방화,방화마천,마천방화,방화마천
11:57,11:56,14:47,14:46
하남검단산방화,방화하남검단산,하남검단산방화,방화하남검단산
12:03,12:02,14:53,14:52
마천방화,방화마천,마천방화,방화마천
12:10,12:09,-,14:59
하남검단산방화,방화하남검단산,-,방화하남검단산
12:16,12:15,15:00,15:05
마천방화,방화마천,하남검단산방화,방화마천
12:23,12:22,15:06,15:12
하남검단산방화,방화하남검단산,마천방화,방화하남검단산
12:29,12:28,15:13,15:18
마천방화,방화마천,하남검단산방화,방화마천
12:36,12:35,15:19,15:25
하남검단산방화,방화하남검단산,마천방화,방화하남검단산
12:42,12:41,15:26,15:31
마천방화,방화마천,하남검단산방화,방화마천
12:49,12:48,15:32,15:38
하남검단산방화,방화하남검단산,마천방화,방화하남검단산
12:55,12:54,15:39,15:44
마천방화,방화마천,하남검단산방화,방화마천
13:02,13:01,15:45,15:51
하남검단산방화,방화하남검단산,마천방화,방화하남검단산
13:08,13:07,15:52,15:57
마천방화,방화마천,하남검단산방화,방화마천
13:15,13:14,15:58,-
하남검단산방화,방화하남검단산,마천방화,-
13:21,13:20,16:05,16:04
마천방화,방화마천,하남검단산방화,방화하남검단산
13:28,13:27,16:11,16:10
하남검단산방화,방화하남검단산,마천방화,방화마천
13:34,13:33,16:18,16:17
마천방화,방화마천,하남검단산방화,방화하남검단산
13:41,13:40,16:24,16:23
하남검단산방화,방화하남검단산,마천방화,방화마천
13:47,13:46,16:31,16:30
마천방화,방화마천,하남검단산방화,방화하남검단산
13:54,13:53,16:37,16:36
하남검단산방화,방화하남검단산,마천방화,방화마천
-,13:59,16:44,16:43
-,방화마천,하남검단산방화,방화하남검단산
14:00,14:06,16:50,16:49
마천방화,방화하남검단산,마천방화,방화마천
14:07,14:12,16:57,16:56
하남검단산방화,방화마천,하남검단산방화,방화하남검단산
14:13,14:19,17:03,17:02
마천방화,방화하남검단산,마천방화,방화마천
14:20,14:25,17:10,17:09
하남검단산방화,방화마천,하남검단산방화,방화하남검단산
14:26,14:32,17:16,17:15
마천방화,방화하남검단산,마천방화,방화마천
14:33,14:38,17:23,17:22
하남검단산방화,방화마천,하남검단산방화,방화하남검단산
14:39,14:45,17:29,17:28
마천방화,방화하남검단산,마천방화,방화마천
14:46,14:51,17:36,17:35
하남검단산방화,방화마천,하남검단산방화,방화하남검단산
14:52,14:58,17:42,17:41
마천방화,방화하남검단산,마천방화,방화마천
14:59,-,17:49,17:48
하남검단산방화,-,하남검단산방화,방화하남검단산
15:05,15:04,17:55,17:54
마천방화,방화마천,마천방화,방화마천
15:12,15:11,18:02,18:01
하남검단산방화,방화하남검단산,하남검단산방화,방화하남검단산
15:18,15:17,18:08,18:07
마천방화,방화마천,마천방화,방화마천
15:25,15:24,18:15,18:14
하남검단산방화,방화하남검단산,하남검단산방화,방화하남검단산
15:31,15:30,18:21,18:20
마천방화,방화마천,마천방화,방화마천
15:38,15:37,18:28,18:27
하남검단산방화,방화하남검단산,하남검단산방화,방화하남검단산
15:44,15:43,18:34,18:33
마천방화,방화마천,마천방화,방화마천
15:51,15:50,18:41,18:40
하남검단산방화,방화하남검단산,하남검단산방화,방화하남검단산
15:57,15:56,18:47,18:46
마천방화,방화마천,마천방화,방화마천
16:04,16:03,18:54,18:53
하남검단산방화,방화하남검단산,하남검단산방화,방화하남검단산
16:10,16:09,-,18:59
마천방화,방화마천,-,방화마천
16:17,16:16,19:00,19:06
하남검단산방화,방화하남검단산,마천방화,방화하남검단산
16:23,16:22,19:07,19:12
마천방화,방화마천,하남검단산방화,방화마천
16:30,16:29,19:13,19:19
하남검단산방화,방화하남검단산,마천방화,방화하남검단산
16:36,16:35,19:20,19:25
마천방화,방화마천,하남검단산방화,방화마천
16:43,16:42,19:26,19:32
하남검단산방화,방화하남검단산,마천방화,방화하남검단산
16:49,16:48,19:33,19:38
마천방화,방화마천,하남검단산방화,방화마천
16:56,16:55,19:39,19:45
하남검단산방화,방화하남검단산,마천방화,방화하남검단산
17:02,17:01,19:46,19:51
마천방화,방화마천,하남검단산방화,방화마천
17:09,17:08,19:52,19:58
하남검단산방화,방화하남검단산,마천방화,방화하남검단산
17:15,17:14,19:59,-
마천방화,방화마천,하남검단산방화,-
17:22,17:20,20:05,20:04
하남검단산방화,방화하남검단산,마천방화,방화마천
17:28,17:26,20:12,20:11
마천방화,방화마천,하남검단산방화,방화하남검단산
17:35,17:32,20:18,20:17
하남검단산방화,방화하남검단산,마천방화,방화마천
17:39,17:38,20:25,20:24
마천방화,방화마천,하남검단산방화,방화하남검단산
17:44,17:44,20:31,20:30
하남검단산방화,방화하남검단산,마천방화,방화마천
17:48,17:49,20:38,20:37
마천방화,방화마천,하남검단산방화,방화하남검단산
17:52,17:54,20:44,20:43
하남검단산방화,방화하남검단산,마천방화,방화마천
17:56,17:58,20:51,20:50
마천방화,방화마천,하남검단산방화,방화하남검단산
18:00,18:02,20:57,20:56
상일동방화,방화하남검단산,마천방화,방화마천
18:04,18:06,21:04,21:03
마천방화,방화마천,하남검단산방화,방화하남검단산
18:08,18:10,21:10,21:09
하남검단산방화,방화하남검단산,마천방화,방화마천
18:12,18:14,21:17,21:16
마천방화,방화마천,하남검단산방화,방화하남검단산
18:15,18:17,21:23,21:22
하남검단산방화,방화하남검단산,마천방화,방화마천
18:18,18:21,21:30,21:29
마천방화,방화마천,하남검단산방화,방화하남검단산
18:21,18:24,21:36,21:35
상일동방화,방화하남검단산,마천방화,방화마천
18:24,18:27,21:43,21:42
마천방화,방화마천,하남검단산방화,방화하남검단산
18:27,18:30,21:49,21:48
하남검단산방화,방화하남검단산,마천방화,방화마천
18:31,18:33,21:56,21:55
마천방화,방화마천,하남검단산방화,방화하남검단산
18:34,18:36,22:02,22:01
하남검단산방화,방화하남검단산,마천방화,방화마천
18:38,18:39,22:09,22:08
마천방화,방화마천,하남검단산방화,방화하남검단산
18:42,18:42,22:15,22:14
하남검단산방화,방화하남검단산,마천방화,방화마천
18:46,18:45,22:22,22:21
마천방화,방화마천,하남검단산방화,방화하남검단산
18:50,18:48,22:29,22:27
상일동방화,방화하남검단산,마천방화,방화마천
18:55,18:51,22:37,22:34
마천방화,방화마천,하남검단산방화,방화하남검단산
18:59,18:54,22:46,22:42
하남검단산방화,방화하남검단산,마천방화,방화마천
-,18:57,22:55,22:49
-,방화마천,하남검단산방화,방화하남검단산
19:03,19:00,-,22:57
마천방화,방화하남검단산,-,방화마천
19:08,19:04,23:05,23:05
하남검단산방화,방화마천,마천방화,방화상일동
19:14,19:07,23:16막,23:13
마천방화,방화하남검단산,하남검단산방화,방화마천
19:20,19:12,23:27막,23:21막
하남검단산방화,방화마천,마천화곡,방화하남검단산
19:27,19:17,23:36막,23:29막
마천방화,방화하남검단산,하남검단산여의도,방화마천
19:33,19:22,23:48막,23:38
하남검단산방화,방화마천,마천애오개,방화상일동
19:40,19:27,-,23:46막
마천방화,방화하남검단산,-,방화상일동
19:46,19:33,-,23:54막
하남검단산방화,방화마천,-,방화군자
19:53,19:39,-,00:02막
마천방화,방화하남검단산,-,방화왕십리
19:59,19:46,-,-
하남검단산방화,방화마천,-,-
-,19:52,-,-
-,방화하남검단산,-,-
-,19:59,-,-
-,방화마천,-,-
20:06,20:05,-,-
마천방화,방화하남검단산,-,-
20:12,20:12,-,-
하남검단산방화,방화마천,-,-
20:19,20:19,-,-
마천방화,방화하남검단산,-,-
20:25,20:25,-,-
하남검단산방화,방화마천,-,-
20:32,20:31,-,-
마천방화,방화하남검단산,-,-
20:38,20:38,-,-
하남검단산방화,방화마천,-,-
20:45,20:44,-,-
마천방화,방화하남검단산,-,-
20:51,20:51,-,-
하남검단산방화,방화마천,-,-
20:58,20:57,-,-
마천방화,방화하남검단산,-,-
21:04,21:04,-,-
하남검단산방화,방화마천,-,-
21:11,21:10,-,-
마천방화,방화하남검단산,-,-
21:17,21:17,-,-
하남검단산방화,방화마천,-,-
21:24,21:23,-,-
마천방화,방화하남검단산,-,-
21:30,21:30,-,-
하남검단산방화,방화마천,-,-
21:37,21:36,-,-
마천방화,방화하남검단산,-,-
21:43,21:43,-,-
하남검단산방화,방화마천,-,-
21:50,21:49,-,-
마천방화,방화하남검단산,-,-
21:56,21:56,-,-
하남검단산방화,방화마천,-,-
22:03,22:02,-,-
마천방화,방화하남검단산,-,-
22:10,22:09,-,-
하남검단산방화,방화마천,-,-
22:17,22:15,-,-
마천방화,방화하남검단산,-,-
22:24,22:22,-,-
하남검단산방화,방화마천,-,-
22:31,22:28,-,-
마천방화,방화하남검단산,-,-
22:39,22:35,-,-
하남검단산방화,방화마천,-,-
22:47,22:43,-,-
마천방화,방화하남검단산,-,-
22:55,22:51,-,-
하남검단산방화,방화마천,-,-
-,22:58,-,-
-,방화하남검단산,-,-
23:03,23:06,-,-
마천방화,방화마천,-,-
23:14,23:14,-,-
하남검단산방화,방화하남검단산,-,-
23:25,23:22,-,-
마천방화,방화마천,-,-
23:38,23:31,-,-
하남검단산방화,방화하남검단산,-,-
23:51,23:39,-,-
마천방화,방화마천,-,-
-,23:48,-,-
-,방화하남검단산,-,-
-,23:57,-,-
-,방화마천,-,-
00:05막,00:06막,-,-
하남검단산방화,방화하남검단산,-,-
00:25막,00:14막,-,-
마천여의도,방화마천,-,-
00:45막,0:22,-,-
하남검단산애오개,방화군자,-,-
-,00:30막,-,-
-,방화상일동,-,-
-,00:48막,-,-
-,방화군자,-,-
