﻿여의나루방면,공덕방면,여의나루방면,공덕방면
평일,평일,주말,주말
05:40첫,05:50첫,05:40첫,05:50첫
애오개방화,화곡하남검단산,애오개방화,화곡하남검단산
5:52,05:57첫,5:52,05:57첫
왕십리방화,화곡마천,왕십리방화,화곡마천
6:02,6:05,6:02,6:05
군자방화,방화하남검단산,군자방화,방화하남검단산
6:10,6:12,6:10,6:13
강동방화,방화마천,강동방화,방화마천
6:18,6:19,6:18,6:20
상일동방화,방화하남검단산,상일동방화,방화하남검단산
6:23,6:26,6:26,6:27
마천방화,방화마천,마천방화,방화마천
6:31,6:33,6:34,6:34
하남검단산방화,방화하남검단산,하남검단산방화,방화하남검단산
6:37,6:40,6:41,6:41
마천방화,방화마천,마천방화,방화마천
6:42,6:46,6:48,6:48
상일동방화,방화하남검단산,상일동방화,방화하남검단산
6:48,6:52,6:55,6:55
마천방화,방화마천,마천방화,방화마천
6:54,6:59,7:02,7:02
하남검단산방화,방화하남검단산,하남검단산방화,방화하남검단산
7:00,7:04,7:09,7:09
마천방화,방화마천,마천방화,방화마천
7:06,7:10,7:16,7:16
상일동방화,방화하남검단산,상일동방화,방화하남검단산
7:11,7:15,7:23,7:23
마천방화,방화마천,마천방화,방화마천
7:17,7:21,7:30,7:30
하남검단산방화,방화하남검단산,하남검단산방화,방화하남검단산
7:22,7:26,7:37,7:37
마천방화,방화마천,마천방화,방화마천
7:27,7:31,7:44,7:44
상일동방화,방화하남검단산,하남검단산방화,방화하남검단산
7:32,7:35,7:51,7:50
마천방화,방화마천,마천방화,방화마천
7:37,7:40,7:57,7:57
하남검단산방화,방화하남검단산,하남검단산방화,방화하남검단산
7:42,7:45,8:04,8:03
마천방화,방화마천,마천방화,방화마천
7:47,7:49,8:10,8:10
하남검단산방화,방화하남검단산,하남검단산방화,방화하남검단산
7:51,7:54,8:17,8:16
마천방화,방화마천,마천방화,방화마천
7:56,7:59,8:23,8:23
하남검단산방화,방화상일동,하남검단산방화,방화하남검단산
8:00,8:03,8:30,8:29
마천방화,방화마천,마천방화,방화마천
8:05,8:07,8:36,8:36
상일동방화,방화하남검단산,하남검단산방화,방화하남검단산
8:09,8:11,8:43,8:42
마천방화,방화마천,마천방화,방화마천
8:13,8:15,8:49,8:49
하남검단산방화,방화하남검단산,하남검단산방화,방화하남검단산
8:17,8:19,8:56,8:55
마천방화,방화마천,마천방화,방화마천
8:21,8:22,9:02,9:02
하남검단산방화,방화상일동,하남검단산방화,방화하남검단산
8:25,8:26,9:09,9:08
마천방화,방화마천,마천방화,방화마천
8:28,8:29,9:15,9:15
하남검단산방화,방화하남검단산,하남검단산방화,방화하남검단산
8:31,8:33,9:22,9:21
마천방화,방화마천,마천방화,방화마천
8:34,8:36,9:28,9:28
상일동방화,방화하남검단산,하남검단산방화,방화하남검단산
8:38,8:39,9:35,9:34
마천방화,방화마천,마천방화,방화마천
8:41,8:42,9:41,9:41
하남검단산방화,방화상일동,하남검단산방화,방화하남검단산
8:44,8:45,9:48,9:47
마천방화,방화마천,마천방화,방화마천
8:46,8:48,9:54,9:54
하남검단산방화,방화하남검단산,하남검단산방화,방화하남검단산
8:49,8:51,10:01,10:00
마천방화,방화마천,마천방화,방화마천
8:51,8:54,10:07,10:07
상일동방화,방화상일동,하남검단산방화,방화하남검단산
8:54,8:57,10:14,10:13
하남검단산방화,방화마천,마천방화,방화마천
8:56,-,10:20,10:20
마천방화,-,하남검단산방화,방화하남검단산
8:59,-,10:27,10:26
상일동방화,-,마천방화,방화마천
9:01,9:01,10:33,10:33
마천방화,방화하남검단산,하남검단산방화,방화하남검단산
9:04,9:04,10:40,10:39
하남검단산방화,방화마천,마천방화,방화마천
9:07,9:08,10:46,10:46
상일동방화,방화하남검단산,하남검단산방화,방화하남검단산
9:10,9:12,10:53,10:52
마천방화,방화마천,마천방화,방화마천
9:14,9:16,10:59,10:59
하남검단산방화,방화하남검단산,하남검단산방화,방화하남검단산
9:17,9:20,11:06,11:05
마천방화,방화마천,마천방화,방화마천
9:20,9:24,11:12,11:12
하남검단산방화,방화상일동,하남검단산방화,방화하남검단산
9:24,9:28,11:19,11:18
마천방화,방화마천,마천방화,방화마천
9:28,9:32,11:25,11:25
하남검단산방화,방화하남검단산,하남검단산방화,방화하남검단산
9:32,9:36,11:32,11:31
마천방화,방화마천,마천방화,방화마천
9:36,9:39,11:38,11:38
하남검단산방화,방화하남검단산,하남검단산방화,방화하남검단산
9:40,9:44,11:45,11:44
마천방화,방화마천,마천방화,방화마천
9:44,9:48,11:51,11:51
하남검단산방화,방화하남검단산,하남검단산방화,방화하남검단산
9:49,9:53,11:58,11:57
마천방화,방화마천,마천방화,방화마천
9:53,9:58,12:04,12:04
하남검단산방화,방화하남검단산,하남검단산방화,방화하남검단산
9:59,-,12:11,12:10
마천방화,-,마천방화,방화마천
10:03,10:03,12:17,12:17
하남검단산방화,방화마천,하남검단산방화,방화하남검단산
10:09,10:08,12:24,12:23
마천방화,방화하남검단산,마천방화,방화마천
10:14,10:13,12:30,12:30
하남검단산방화,방화마천,하남검단산방화,방화하남검단산
10:19,10:19,12:37,12:36
마천방화,방화하남검단산,마천방화,방화마천
10:24,10:25,12:43,12:43
하남검단산방화,방화마천,하남검단산방화,방화하남검단산
10:30,10:32,12:50,12:49
마천방화,방화하남검단산,마천방화,방화마천
10:36,10:38,12:56,12:56
하남검단산방화,방화마천,하남검단산방화,방화하남검단산
10:41,10:45,13:03,13:02
마천방화,방화하남검단산,마천방화,방화마천
10:47,10:51,13:09,13:09
하남검단산방화,방화마천,하남검단산방화,방화하남검단산
10:53,10:58,13:16,13:15
마천방화,방화하남검단산,마천방화,방화마천
10:59,-,13:22,13:22
하남검단산방화,-,하남검단산방화,방화하남검단산
11:05,11:04,13:29,13:28
마천방화,방화마천,마천방화,방화마천
11:11,11:11,13:35,13:35
하남검단산방화,방화하남검단산,하남검단산방화,방화하남검단산
11:18,11:17,13:42,13:41
마천방화,방화마천,마천방화,방화마천
11:24,11:24,13:48,13:48
하남검단산방화,방화하남검단산,하남검단산방화,방화하남검단산
11:31,11:30,13:55,13:54
마천방화,방화마천,마천방화,방화마천
11:37,11:37,14:01,14:01
하남검단산방화,방화하남검단산,하남검단산방화,방화하남검단산
11:44,11:43,14:08,14:07
마천방화,방화마천,마천방화,방화마천
11:50,11:50,14:14,14:14
하남검단산방화,방화하남검단산,하남검단산방화,방화하남검단산
11:57,11:56,14:21,14:20
마천방화,방화마천,마천방화,방화마천
12:03,12:03,14:27,14:27
하남검단산방화,방화하남검단산,하남검단산방화,방화하남검단산
12:10,12:09,14:34,14:33
마천방화,방화마천,마천방화,방화마천
12:16,12:16,14:40,14:40
하남검단산방화,방화하남검단산,하남검단산방화,방화하남검단산
12:23,12:22,14:47,14:46
마천방화,방화마천,마천방화,방화마천
12:29,12:29,14:53,14:53
하남검단산방화,방화하남검단산,하남검단산방화,방화하남검단산
12:36,12:35,-,14:59
마천방화,방화마천,-,방화마천
12:42,12:42,15:00,15:06
하남검단산방화,방화하남검단산,마천방화,방화하남검단산
12:49,12:48,15:06,15:12
마천방화,방화마천,하남검단산방화,방화마천
12:55,12:55,15:13,15:19
하남검단산방화,방화하남검단산,마천방화,방화하남검단산
13:02,13:01,15:19,15:25
마천방화,방화마천,하남검단산방화,방화마천
13:08,13:08,15:26,15:32
하남검단산방화,방화하남검단산,마천방화,방화하남검단산
13:15,13:14,15:32,15:38
마천방화,방화마천,하남검단산방화,방화마천
13:21,13:21,15:39,15:45
하남검단산방화,방화하남검단산,마천방화,방화하남검단산
13:28,13:27,15:45,15:51
마천방화,방화마천,하남검단산방화,방화마천
13:34,13:34,15:52,15:58
하남검단산방화,방화하남검단산,마천방화,방화하남검단산
13:41,13:40,15:58,-
마천방화,방화마천,하남검단산방화,-
13:47,13:47,16:05,16:04
하남검단산방화,방화하남검단산,마천방화,방화마천
13:54,13:53,16:11,16:11
마천방화,방화마천,하남검단산방화,방화하남검단산
14:00,14:00,16:18,16:17
하남검단산방화,방화하남검단산,마천방화,방화마천
14:07,14:06,16:24,16:24
마천방화,방화마천,하남검단산방화,방화하남검단산
14:13,14:13,16:31,16:30
하남검단산방화,방화하남검단산,마천방화,방화마천
14:20,14:19,16:37,16:37
마천방화,방화마천,하남검단산방화,방화하남검단산
14:26,14:26,16:44,16:43
하남검단산방화,방화하남검단산,마천방화,방화마천
14:33,14:32,16:50,16:50
마천방화,방화마천,하남검단산방화,방화하남검단산
14:39,14:39,16:57,16:56
하남검단산방화,방화하남검단산,마천방화,방화마천
14:46,14:45,17:03,17:03
마천방화,방화마천,하남검단산방화,방화하남검단산
14:52,14:52,17:10,17:09
하남검단산방화,방화하남검단산,마천방화,방화마천
14:59,14:58,17:16,17:16
마천방화,방화마천,하남검단산방화,방화하남검단산
15:05,15:05,17:23,17:22
하남검단산방화,방화하남검단산,마천방화,방화마천
15:12,15:11,17:29,17:29
마천방화,방화마천,하남검단산방화,방화하남검단산
15:18,15:18,17:36,17:35
하남검단산방화,방화하남검단산,마천방화,방화마천
15:25,15:24,17:42,17:42
마천방화,방화마천,하남검단산방화,방화하남검단산
15:31,15:31,17:49,17:48
하남검단산방화,방화하남검단산,마천방화,방화마천
15:38,15:37,17:55,17:55
마천방화,방화마천,하남검단산방화,방화하남검단산
15:44,15:44,18:02,18:01
하남검단산방화,방화하남검단산,마천방화,방화마천
15:51,15:50,18:08,18:08
마천방화,방화마천,하남검단산방화,방화하남검단산
15:57,15:57,18:15,18:14
하남검단산방화,방화하남검단산,마천방화,방화마천
16:04,16:03,18:21,18:21
마천방화,방화마천,하남검단산방화,방화하남검단산
16:10,16:10,18:28,18:27
하남검단산방화,방화하남검단산,마천방화,방화마천
16:17,16:16,18:34,18:34
마천방화,방화마천,하남검단산방화,방화하남검단산
16:23,16:23,18:41,18:40
하남검단산방화,방화하남검단산,마천방화,방화마천
16:30,16:29,18:47,18:47
마천방화,방화마천,하남검단산방화,방화하남검단산
16:36,16:36,18:54,18:53
하남검단산방화,방화하남검단산,마천방화,방화마천
16:43,16:42,19:00,19:00
마천방화,방화마천,하남검단산방화,방화하남검단산
16:49,16:49,19:07,19:06
하남검단산방화,방화하남검단산,마천방화,방화마천
16:56,16:55,19:13,19:13
마천방화,방화마천,하남검단산방화,방화하남검단산
17:02,17:01,19:20,19:19
하남검단산방화,방화하남검단산,마천방화,방화마천
17:09,17:07,19:26,19:26
마천방화,방화마천,하남검단산방화,방화하남검단산
17:15,17:13,19:33,19:32
하남검단산방화,방화하남검단산,마천방화,방화마천
17:22,17:19,19:39,19:39
마천방화,방화마천,하남검단산방화,방화하남검단산
17:28,17:25,19:46,19:45
하남검단산방화,방화하남검단산,마천방화,방화마천
17:35,17:30,19:52,19:52
마천방화,방화마천,하남검단산방화,방화하남검단산
17:41,17:35,19:59,19:58
하남검단산방화,방화하남검단산,마천방화,방화마천
17:48,17:39,20:05,20:05
마천방화,방화마천,하남검단산방화,방화하남검단산
17:54,17:43,20:12,20:11
하남검단산방화,방화하남검단산,마천방화,방화마천
17:59,17:47,20:18,20:18
마천방화,방화마천,하남검단산방화,방화하남검단산
-,17:51,20:25,20:24
-,방화하남검단산,마천방화,방화마천
-,17:55,20:31,20:31
-,방화마천,하남검단산방화,방화하남검단산
-,17:58,20:38,20:37
-,방화하남검단산,마천방화,방화마천
18:04,18:02,20:44,20:44
하남검단산방화,방화마천,하남검단산방화,방화하남검단산
18:08,18:05,20:51,20:50
마천방화,방화하남검단산,마천방화,방화마천
18:12,18:08,20:57,20:57
하남검단산방화,방화마천,하남검단산방화,방화하남검단산
18:16,18:11,21:04,21:03
마천방화,방화하남검단산,마천방화,방화마천
18:19,18:14,21:10,21:10
상일동방화,방화마천,하남검단산방화,방화하남검단산
18:24,18:17,21:17,21:16
마천방화,방화하남검단산,마천방화,방화마천
18:27,18:20,21:23,21:23
하남검단산방화,방화마천,하남검단산방화,방화하남검단산
18:31,18:23,21:30,21:29
마천방화,방화하남검단산,마천방화,방화마천
18:34,18:26,21:36,21:36
하남검단산방화,방화마천,하남검단산방화,방화하남검단산
18:38,18:29,21:43,21:42
마천방화,방화하남검단산,마천방화,방화마천
18:41,18:32,21:49,21:49
상일동방화,방화마천,하남검단산방화,방화하남검단산
18:44,18:35,21:56,21:55
마천방화,방화하남검단산,마천방화,방화마천
18:47,18:38,22:02,22:02
하남검단산방화,방화마천,하남검단산방화,방화하남검단산
18:50,18:41,22:09,22:08
마천방화,방화하남검단산,마천방화,방화마천
18:54,18:45,22:15,22:15
하남검단산방화,방화마천,하남검단산방화,방화하남검단산
18:58,18:48,22:22,22:23
마천방화,방화하남검단산,마천방화,방화마천
-,18:53,22:28,22:30
-,방화마천,하남검단산방화,방화하남검단산
-,18:58,22:35,22:38
-,방화하남검단산,마천방화,방화마천
19:02,19:03,22:42,22:46
하남검단산방화,방화마천,하남검단산방화,방화상일동
19:06,19:08,22:49,22:54
마천방화,방화하남검단산,마천방화,방화마천
19:10,19:14,22:57,-
상일동방화,방화마천,하남검단산방화,-
19:14,19:20,23:06,23:02막
마천방화,방화하남검단산,마천방화,방화하남검단산
19:18,19:27,23:15,23:10막
하남검단산방화,방화마천,하남검단산방화,방화마천
19:22,19:33,23:25,23:19
마천방화,방화하남검단산,마천방화,방화상일동
19:27,19:40,23:35막,23:27막
하남검단산방화,방화마천,하남검단산방화,방화상일동
19:34,19:46,23:47막,23:35막
마천방화,방화하남검단산,마천화곡,방화군자
19:40,19:53,23:56막,23:43막
하남검단산방화,방화마천,하남검단산여의도,방화왕십리
19:46,-,-,23:56막
마천방화,-,-,방화애오개
19:53,-,-,-
하남검단산방화,-,-,-
19:59,-,-,-
마천방화,-,-,-
20:06,20:00,-,-
하남검단산방화,방화하남검단산,-,-
20:12,20:06,-,-
마천방화,방화마천,-,-
20:19,20:12,-,-
하남검단산방화,방화하남검단산,-,-
20:25,20:19,-,-
마천방화,방화마천,-,-
20:32,20:25,-,-
하남검단산방화,방화하남검단산,-,-
20:38,20:32,-,-
마천방화,방화마천,-,-
20:45,20:38,-,-
하남검단산방화,방화하남검단산,-,-
20:51,20:45,-,-
마천방화,방화마천,-,-
20:58,20:51,-,-
하남검단산방화,방화하남검단산,-,-
-,20:58,-,-
-,방화마천,-,-
21:04,21:04,-,-
마천방화,방화하남검단산,-,-
21:11,21:11,-,-
하남검단산방화,방화마천,-,-
21:17,21:17,-,-
마천방화,방화하남검단산,-,-
21:24,21:24,-,-
하남검단산방화,방화마천,-,-
21:30,21:30,-,-
마천방화,방화하남검단산,-,-
21:37,21:37,-,-
하남검단산방화,방화마천,-,-
21:43,21:43,-,-
마천방화,방화하남검단산,-,-
21:50,21:50,-,-
하남검단산방화,방화마천,-,-
21:56,21:56,-,-
마천방화,방화하남검단산,-,-
22:03,22:03,-,-
하남검단산방화,방화마천,-,-
22:09,22:09,-,-
마천방화,방화하남검단산,-,-
22:16,22:16,-,-
하남검단산방화,방화마천,-,-
22:23,22:24,-,-
마천방화,방화하남검단산,-,-
22:30,22:32,-,-
하남검단산방화,방화마천,-,-
22:37,22:39,-,-
마천방화,방화하남검단산,-,-
22:44,22:47,-,-
하남검단산방화,방화마천,-,-
22:51,22:55,-,-
마천방화,방화하남검단산,-,-
22:59,-,-,-
하남검단산방화,-,-,-
23:07,23:03,-,-
마천방화,방화마천,-,-
23:15,23:12,-,-
하남검단산방화,방화하남검단산,-,-
23:23,23:20,-,-
마천방화,방화마천,-,-
23:33,23:29,-,-
하남검단산방화,방화하남검단산,-,-
23:45,23:38,-,-
마천방화,방화마천,-,-
23:57,23:47막,-,-
하남검단산방화,방화하남검단산,-,-
-,23:55막,-,-
-,방화마천,-,-
0:10,0:03,-,-
마천방화,방화군자,-,-
00:24막,00:11막,-,-
하남검단산방화,방화상일동,-,-
00:44막,00:29막,-,-
마천여의도,방화군자,-,-
-,00:49막,-,-
-,방화애오개,-,-
