삼각지방면,이촌방면,삼각지방면,이촌방면
평일,평일,주말,주말
05:43첫,05:55첫,05:43첫,05:56첫
남태령진접,한성대입구오이도,남태령진접,한성대입구오이도
5:54,-,5:56,-
산본당고개,-,사당진접,-
6:03,6:07,6:07,6:07
사당당고개,노원오이도,산본당고개,노원사당
6:11,6:12,6:16,6:12
안산당고개,당고개사당,사당진접,당고개오이도
6:19,6:18,6:24,6:18
사당당고개,당고개오이도,안산당고개,당고개사당
6:26,6:22,6:31,6:24
오이도당고개,진접사당,안산당고개,당고개오이도
6:34,6:27,6:37,6:30
오이도당고개,당고개오이도,사당진접,진접사당
6:41,6:33,6:43,6:36
사당진접,당고개사당,오이도당고개,당고개오이도
6:45,6:38,6:49,6:42
오이도당고개,당고개오이도,사당진접,진접사당
6:49,6:43,6:55,6:48
사당진접,진접사당,오이도당고개,당고개안산
6:52,6:47,-,6:54
오이도당고개,당고개오이도,-,진접사당
6:57,6:51,7:01,7:00
오이도당고개,창동사당,사당당고개,당고개오이도
-,6:55,7:07,7:06
-,당고개오이도,오이도당고개,당고개사당
-,6:59,7:13,7:12
-,진접사당,사당진접,당고개오이도
7:01,7:03,7:19,7:18
사당진접,당고개오이도,오이도당고개,진접사당
7:06,7:06,7:25,7:24
오이도당고개,창동사당,사당진접,당고개오이도
7:10,7:11,7:31,7:30
사당진접,당고개안산,오이도당고개,당고개사당
7:15,7:15,7:37,7:36
오이도당고개,진접사당,사당당고개,당고개오이도
7:19,7:19,7:43,7:42
사당진접,당고개오이도,오이도당고개,당고개오이도
7:23,7:23,7:49,7:48
오이도당고개,창동사당,사당진접,진접사당
7:27,7:26,7:55,7:54
사당진접,당고개오이도,오이도당고개,당고개오이도
7:30,7:29,8:01,8:00
오이도당고개,진접사당,사당당고개,당고개안산
7:36,7:32,8:07,8:06
안산당고개,당고개안산,오이도당고개,진접사당
7:40,7:36,8:12,8:11
사당진접,당고개사당,안산당고개,당고개오이도
7:42,7:39,8:19,8:18
오이도당고개,당고개오이도,오이도당고개,당고개오이도
7:46,7:44,8:25,8:24
사당당고개,당고개오이도,사당진접,진접사당
07:49급첫,7:47,8:31,8:30
오이도당고개,진접사당,오이도당고개,당고개오이도
7:52,7:50,8:37,8:36
사당진접,당고개오이도,오이도당고개,당고개사당
7:55,7:54,8:43,8:42
안산당고개,당고개사당,사당당고개,당고개오이도
7:58,7:57,8:49,8:48
사당당고개,당고개오이도,오이도당고개,진접사당
8:01,8:00,8:55,8:54
오이도당고개,창동사당,사당당고개,당고개오이도
8:04,8:03,9:01,9:00
사당진접,당고개안산,오이도당고개,진접사당
08:07급,8:07,9:07,9:06
오이도당고개,진접사당,사당당고개,당고개오이도
8:12,8:10,9:13,9:12
오이도당고개,당고개오이도,오이도당고개,당고개사당
8:15,8:14,9:18,9:18
사당진접,당고개오이도,사당진접,당고개오이도
8:17,8:17,9:23,9:24
안산당고개,진접사당,안산당고개,진접사당
8:21,8:20,9:28,9:30
사당당고개,당고개안산,오이도당고개,당고개오이도
8:24,8:24,9:33,9:36
오이도당고개,진접사당,사당당고개,진접사당
8:28,8:27,9:38,9:42
사당진접,당고개오이도,오이도당고개,당고개오이도
8:31,8:30,9:44,9:48
오이도당고개,창동사당,사당당고개,당고개사당
8:34,8:32,9:49,9:54
사당진접,당고개오이도,오이도당고개,당고개오이도
8:37,8:35,9:55,-
오이도당고개,진접사당,사당진접,-
8:41,8:38,10:01,10:00
오이도당고개,창동오이도,오이도당고개,진접사당
8:47,8:40,10:07,10:06
오이도당고개,당고개안산,사당진접,당고개안산
8:50,8:45,10:13,10:12
사당진접,진접사당,오이도당고개,당고개오이도
8:53,8:50,10:19,10:18
오이도당고개,당고개오이도,사당당고개,진접사당
8:56,8:54,10:25,10:24
사당당고개,진접사당,오이도당고개,당고개오이도
08:59급,8:57,10:31,10:30
오이도당고개,당고개오이도,사당진접,진접사당
9:01,9:02,10:37,10:36
사당당고개,진접사당,오이도당고개,당고개오이도
9:04,9:04,10:42,10:42
오이도당고개,당고개오이도,오이도당고개,진접사당
9:07,9:10,10:48,10:48
사당진접,당고개오이도,사당진접,당고개오이도
09:10급막,9:14,10:54,10:54
오이도당고개,진접사당,오이도당고개,당고개사당
9:14,9:17,11:00,11:00
사당당고개,당고개안산,사당당고개,당고개오이도
9:16,9:22,11:06,11:06
오이도당고개,당고개오이도,오이도당고개,진접사당
9:24,9:26,11:12,11:12
오이도당고개,진접사당,사당당고개,당고개오이도
9:28,9:29,11:18,11:18
사당진접,당고개오이도,오이도당고개,당고개사당
9:32,9:32,11:23,11:24
안산당고개,진접사당,사당진접,당고개오이도
9:39,9:35,11:27,11:30
오이도당고개,당고개안산,오이도당고개,진접사당
9:42,9:41,11:34,11:36
사당진접,당고개오이도,오이도당고개,당고개오이도
9:47,9:46,11:38,11:42
안산당고개,진접사당,사당진접,진접사당
9:51,9:51,11:43,11:48
사당당고개,당고개오이도,오이도당고개,당고개오이도
9:55,9:56,11:48,11:54
오이도당고개,진접사당,사당당고개,당고개사당
9:59,-,11:53,-
사당진접,-,오이도당고개,-
10:05,10:01,11:58,-
오이도당고개,당고개오이도,오이도당고개,-
10:10,10:06,12:03,12:00
사당당고개,진접사당,사당당고개,당고개오이도
10:15,10:11,12:08,12:06
오이도당고개,당고개오이도,오이도당고개,진접사당
10:20,10:15,12:13,12:12
사당진접,당고개안산,사당진접,당고개오이도
10:25,10:20,12:18,12:17
오이도당고개,진접사당,오이도당고개,당고개오이도
10:30,10:24,12:23,12:21
사당진접,당고개오이도,오이도당고개,진접사당
10:35,10:28,12:28,12:25
오이도당고개,당고개사당,사당진접,당고개안산
10:40,10:32,12:33,12:29
사당당고개,진접사당,오이도당고개,당고개사당
10:45,10:34,12:38,12:33
오이도당고개,당고개오이도,사당당고개,당고개오이도
10:51,10:39,12:41,12:37
사당당고개,진접사당,안산당고개,진접사당
10:55,10:44,12:48,12:42
오이도당고개,당고개오이도,오이도당고개,당고개오이도
-,10:50,12:52,12:47
-,당고개사당,사당진접,당고개사당
-,10:55,12:56,12:52
-,당고개오이도,안산당고개,당고개오이도
11:00,11:02,-,12:57
사당당고개,진접사당,-,진접사당
11:04,11:06,13:00,13:02
오이도당고개,당고개오이도,사당당고개,당고개오이도
11:07,11:12,13:04,13:07
사당진접,진접사당,오이도당고개,당고개안산
11:11,11:17,13:08,13:12
사당당고개,당고개오이도,사당진접,진접사당
11:15,11:23,13:13,13:17
오이도당고개,당고개사당,오이도당고개,당고개오이도
11:20,11:28,13:18,13:21
사당진접,당고개오이도,사당당고개,당고개사당
11:26,11:33,13:23,13:25
오이도당고개,진접사당,오이도당고개,당고개오이도
11:32,11:39,13:28,13:29
사당진접,당고개오이도,사당진접,진접사당
11:35,11:45,13:33,13:33
오이도당고개,진접사당,오이도당고개,당고개오이도
11:38,11:50,13:38,13:37
오이도당고개,당고개오이도,오이도당고개,당고개사당
11:43,11:57,13:43,13:42
사당진접,당고개오이도,사당진접,당고개오이도
11:48,-,13:48,13:47
오이도당고개,-,오이도당고개,진접사당
11:54,-,13:52,13:52
사당진접,-,사당당고개,당고개오이도
12:02,12:03,13:56,13:57
오이도당고개,진접사당,안산당고개,당고개오이도
12:07,12:09,14:00,14:02
사당진접,당고개오이도,사당진접,진접사당
12:12,12:15,14:04,14:07
오이도당고개,당고개사당,오이도당고개,당고개오이도
12:16,12:21,14:08,14:12
사당진접,당고개오이도,사당당고개,당고개사당
12:22,12:27,14:13,14:17
오이도당고개,진접사당,오이도당고개,당고개안산
12:29,12:33,14:18,14:22
안산당고개,당고개안산,사당진접,당고개오이도
12:34,12:37,14:23,14:26
사당진접,진접사당,오이도당고개,진접사당
12:40,12:40,14:28,14:30
오이도당고개,당고개오이도,오이도당고개,당고개안산
12:45,12:46,14:33,14:34
사당진접,당고개사당,사당진접,당고개사당
12:50,12:51,14:38,14:38
오이도당고개,당고개오이도,오이도당고개,당고개오이도
12:58,12:57,14:43,14:42
오이도당고개,진접사당,사당당고개,진접사당
13:03,13:02,14:48,14:47
사당진접,당고개오이도,오이도당고개,당고개오이도
13:08,13:13,14:53,14:52
오이도당고개,당고개오이도,오이도당고개,당고개사당
13:13,13:18,14:57,14:57
사당진접,진접사당,사당진접,당고개오이도
13:19,13:24,15:01,15:02
오이도당고개,당고개오이도,안산당고개,진접사당
13:25,13:29,15:05,15:07
사당당고개,진접사당,사당당고개,당고개안산
13:33,13:35,15:09,15:12
오이도당고개,당고개오이도,오이도당고개,당고개오이도
13:38,13:41,15:13,15:17
사당진접,진접사당,사당진접,진접사당
13:44,13:46,15:18,15:22
오이도당고개,당고개오이도,오이도당고개,당고개오이도
13:49,13:51,15:23,15:26
사당당고개,진접사당,사당당고개,당고개사당
13:53,13:56,15:28,15:30
오이도당고개,당고개오이도,오이도당고개,당고개오이도
13:57,-,15:33,15:34
사당진접,-,사당진접,진접사당
14:03,14:04,15:38,15:38
오이도당고개,당고개오이도,오이도당고개,당고개안산
14:09,14:10,15:43,15:42
사당진접,진접사당,안산당고개,당고개사당
14:15,14:15,15:48,15:47
오이도당고개,당고개오이도,사당진접,당고개오이도
14:22,14:20,15:53,15:52
사당진접,진접사당,오이도당고개,진접사당
14:27,14:25,15:57,15:57
오이도당고개,당고개오이도,사당당고개,당고개오이도
14:33,14:30,16:01,16:02
오이도당고개,진접사당,오이도당고개,당고개안산
14:39,14:33,16:05,16:07
사당진접,당고개오이도,사당진접,진접사당
14:45,14:38,16:09,16:12
오이도당고개,진접사당,오이도당고개,당고개오이도
14:51,14:43,16:13,16:17
사당진접,당고개오이도,사당당고개,당고개사당
14:57,14:49,16:18,16:22
오이도당고개,진접사당,오이도당고개,당고개안산
-,14:54,16:23,16:27
-,당고개오이도,사당진접,당고개오이도
15:01,15:02,16:27,16:31
안산당고개,당고개사당,오이도당고개,진접사당
15:07,15:08,16:34,16:35
사당진접,당고개오이도,오이도당고개,당고개안산
15:12,15:14,16:38,16:39
오이도당고개,진접사당,사당당고개,당고개사당
15:17,15:19,16:43,16:43
사당당고개,당고개오이도,오이도당고개,당고개오이도
15:22,15:24,16:48,16:47
오이도당고개,당고개사당,사당진접,진접사당
15:29,15:28,16:53,16:52
사당진접,당고개오이도,안산당고개,당고개오이도
15:36,15:34,16:58,16:57
오이도당고개,진접사당,오이도당고개,당고개사당
15:41,15:39,17:02,17:02
사당진접,당고개오이도,사당당고개,당고개오이도
15:47,15:45,17:07,17:07
오이도당고개,진접사당,오이도당고개,진접사당
15:51,15:50,17:10,17:12
사당당고개,당고개오이도,사당진접,당고개오이도
15:55,15:58,17:14,17:17
오이도당고개,진접사당,안산당고개,당고개오이도
15:58,-,17:18,17:22
사당진접,-,사당당고개,진접사당
16:01,16:02,17:23,17:27
안산당고개,당고개오이도,오이도당고개,당고개오이도
16:05,16:08,17:28,17:32
사당당고개,당고개오이도,사당진접,당고개사당
16:09,16:15,17:33,17:37
오이도당고개,진접사당,오이도당고개,당고개오이도
16:15,16:21,17:38,17:42
사당진접,당고개오이도,사당진접,당고개오이도
16:21,16:27,17:41,17:47
오이도당고개,진접사당,안산당고개,진접사당
16:27,16:32,17:48,17:52
사당진접,당고개오이도,오이도당고개,당고개오이도
16:32,16:37,17:53,17:57
오이도당고개,당고개오이도,사당진접,진접사당
16:38,16:43,17:58,-
오이도당고개,진접사당,안산당고개,-
16:44,16:47,18:03,18:02
사당진접,당고개오이도,오이도당고개,당고개오이도
16:50,16:52,18:08,18:07
오이도당고개,당고개사당,사당진접,당고개오이도
16:57,16:57,18:14,18:12
사당진접,당고개오이도,오이도당고개,진접사당
17:01,17:04,18:20,18:18
오이도당고개,진접사당,사당당고개,당고개오이도
17:08,17:11,18:25,18:24
오이도당고개,당고개오이도,오이도당고개,당고개사당
17:12,17:16,18:30,18:30
사당진접,진접사당,사당진접,당고개오이도
17:17,17:21,18:35,18:36
오이도당고개,당고개오이도,오이도당고개,진접사당
17:22,17:25,18:40,18:42
사당진접,당고개사당,안산당고개,당고개오이도
17:28,17:29,18:45,18:49
오이도당고개,당고개오이도,사당진접,당고개오이도
17:33,17:33,18:50,18:54
사당진접,진접사당,오이도당고개,진접사당
17:37,17:36,18:56,-
안산당고개,당고개오이도,사당당고개,-
17:42,17:40,19:02,19:00
오이도당고개,당고개사당,오이도당고개,당고개오이도
17:47,17:43,19:08,19:06
사당진접,당고개오이도,사당진접,당고개사당
17:51,17:47,19:14,19:11
오이도당고개,진접사당,안산당고개,당고개오이도
17:55,17:51,19:20,19:16
사당당고개,창동오이도,오이도당고개,진접사당
17:58,17:54,19:26,19:21
안산당고개,당고개사당,사당진접,당고개오이도
-,17:58,19:32,19:26
-,당고개오이도,오이도당고개,당고개오이도
18:02,18:01,19:38,19:31
사당진접,진접사당,사당당고개,진접사당
18:06,18:05,19:44,19:36
오이도당고개,당고개오이도,오이도당고개,당고개오이도
18:10,18:09,19:50,19:42
사당당고개,당고개사당,사당진접,진접사당
18:13,18:12,19:56,19:48
안산당고개,당고개오이도,오이도당고개,당고개오이도
18:17,18:16,-,19:54
사당진접,창동사당,-,당고개사당
18:21,18:19,20:02,20:00
오이도당고개,당고개오이도,사당당고개,당고개오이도
18:24,18:22,20:08,20:05
사당당고개,진접사당,오이도당고개,진접사당
18:28,18:25,20:14,20:10
오이도당고개,당고개오이도,사당진접,당고개오이도
18:31,18:29,20:20,20:15
사당진접,당고개사당,오이도당고개,당고개안산
18:34,18:35,20:26,20:20
안산당고개,당고개오이도,사당당고개,진접사당
18:38,18:38,20:32,20:25
사당당고개,진접사당,오이도당고개,당고개오이도
18:42,18:41,20:38,20:30
오이도당고개,당고개오이도,사당진접,당고개사당
18:46,18:44,20:44,20:35
사당진접,당고개사당,오이도당고개,당고개오이도
18:49,18:47,20:50,20:40
오이도당고개,당고개오이도,사당진접,당고개오이도
18:52,18:51,20:55,20:45
사당당고개,진접사당,오이도당고개,진접사당
18:56,18:54,-,20:50
오이도당고개,당고개안산,-,당고개오이도
-,18:58,-,20:55
-,진접사당,-,당고개오이도
19:00,19:01급첫,21:03,21:00
사당진접,당고개오이도,오이도당고개,진접사당
19:04,19:05,21:08,21:06
오이도당고개,당고개사당,사당진접,당고개오이도
19:08,19:09,21:14,21:12
사당당고개,창동오이도,오이도당고개,진접사당
19:10,19:12,21:20,21:18
오이도당고개,진접사당,사당당고개,당고개오이도
19:15,19:15,21:26,21:24
사당진접,당고개오이도,오이도당고개,당고개사당
19:18,19:19,21:32,21:30
오이도당고개,당고개안산,사당진접,당고개오이도
19:21,19:23,21:38,21:36
사당당고개,진접사당,오이도당고개,진접사당
19:24,19:26,21:44,21:42
오이도당고개,당고개오이도,사당당고개,당고개오이도
19:28,19:30,21:50,21:48
사당진접,당고개사당,오이도당고개,당고개사당
19:32,19:33,21:56,21:54
오이도당고개,당고개오이도,사당진접,당고개오이도
19:35,19:37,22:02,22:00
사당당고개,진접사당,오이도당고개,진접사당
19:38,19:40,22:08,22:06
오이도당고개,당고개오이도,사당당고개,당고개오이도
19:42,19:44,22:14,22:12
사당진접,당고개사당,오이도당고개,당고개사당
19:46,19:48,22:20,22:18
오이도당고개,당고개오이도,사당진접,당고개오이도
19:51,19:52,22:26,22:24
사당당고개,진접사당,오이도당고개,진접사당
19:54,19:56,22:32,22:28
오이도당고개,당고개오이도,사당당고개,당고개안산
19:58,-,22:38,22:35
사당진접,-,오이도당고개,당고개오이도
20:03,20:00,22:46,22:42
오이도당고개,당고개사당,사당진접,진접사당
20:07,20:04,22:54,22:51막
사당당고개,당고개오이도,오이도당고개,당고개오이도
20:10,20:08,-,22:57
오이도당고개,진접사당,-,진접사당
20:14,20:12급,23:02막,23:04
사당진접,당고개오이도,사당진접,당고개안산
20:19,20:15,23:10,23:17
오이도당고개,당고개사당,오이도당고개,당고개사당
20:23,20:19,23:18막,23:27막
사당당고개,진접사당,사당당고개,당고개안산
20:26,20:23,23:26막,23:38
오이도당고개,당고개오이도,오이도노원,진접사당
20:30,20:27,23:42막,23:49막
사당진접,당고개사당,오이도한성대입구,당고개산본
20:35,20:30,-,-
오이도당고개,당고개오이도,-,-
20:39,20:34,-,-
사당당고개,진접사당,-,-
20:44,20:39,-,-
오이도당고개,당고개오이도,-,-
20:48,20:46,-,-
사당진접,당고개오이도,-,-
20:51,20:49,-,-
안산당고개,진접사당,-,-
20:56,20:52,-,-
사당당고개,당고개안산,-,-
-,20:56,-,-
-,당고개사당,-,-
-,20:59급막,-,-
-,당고개오이도,-,-
21:01,21:04,-,-
오이도당고개,진접사당,-,-
21:04,21:07,-,-
사당진접,당고개오이도,-,-
21:07,21:12,-,-
오이도당고개,당고개사당,-,-
21:12,21:16,-,-
사당당고개,당고개오이도,-,-
21:17,21:21,-,-
오이도당고개,진접사당,-,-
21:22,21:26,-,-
사당진접,당고개오이도,-,-
21:26,21:31,-,-
안산당고개,당고개안산,-,-
21:30,21:34,-,-
오이도당고개,진접사당,-,-
21:33,21:38,-,-
사당당고개,창동오이도,-,-
21:36,21:45,-,-
안산당고개,당고개오이도,-,-
21:38,21:49,-,-
사당진접,진접사당,-,-
21:41,21:54,-,-
오이도당고개,당고개안산,-,-
21:46,-,-,-
사당당고개,-,-,-
21:54,-,-,-
오이도당고개,-,-,-
21:58,-,-,-
사당진접,-,-,-
22:04,22:01,-,-
사당당고개,당고개오이도,-,-
22:08,22:07,-,-
오이도당고개,진접사당,-,-
22:16,22:14,-,-
오이도당고개,당고개오이도,-,-
22:23,22:19,-,-
사당진접,진접사당,-,-
22:31,22:23,-,-
오이도당고개,당고개안산,-,-
22:38,22:31,-,-
사당당고개,당고개오이도,-,-
22:45,22:35,-,-
오이도당고개,진접사당,-,-
22:52,22:42,-,-
사당진접,당고개오이도,-,-
22:59,22:49,-,-
오이도당고개,진접사당,-,-
-,22:54,-,-
-,당고개오이도,-,-
23:05,23:02,-,-
사당진접,당고개안산,-,-
23:11,23:07,-,-
오이도당고개,진접사당,-,-
23:18,23:18막,-,-
사당진접,당고개오이도,-,-
23:26,23:27,-,-
오이도당고개,진접사당,-,-
23:39,23:33막,-,-
오이도당고개,당고개안산,-,-
23:46,23:40,-,-
사당진접,진접사당,-,-
23:52,23:47,-,-
오이도당고개,당고개사당,-,-
-,23:57막,-,-
-,당고개금정,-,-
00:00막,0:10,-,-
사당진접,진접사당,-,-
0:09,0:29,-,-
오이도당고개,진접사당,-,-
00:23막,00:51막,-,-
사당당고개,진접사당,-,-
00:42막,-,-,-
오이도한성대입구,-,-,-
