회현방면,숙대입구방면,회현방면,숙대입구방면
평일,평일,주말,주말
05:33첫,05:49첫,05:34첫,05:50첫
서울역진접,한성대입구오이도,서울역당고개,한성대입구오이도
5:49,-,05:49첫,-
남태령진접,-,남태령진접,-
6:00,6:02,6:01,6:02
산본당고개,노원오이도,사당진접,노원사당
6:08,6:07,6:13,6:07
사당당고개,당고개사당,산본당고개,당고개오이도
6:17,6:13,6:21,6:13
안산당고개,당고개오이도,사당진접,당고개사당
6:24,6:16,6:29,6:19
사당당고개,진접사당,안산당고개,당고개오이도
6:31,6:22,6:36,6:25
오이도당고개,당고개오이도,안산당고개,진접사당
6:39,6:27,6:42,6:31
오이도당고개,당고개사당,사당진접,당고개오이도
6:46,6:33,6:48,6:37
사당진접,당고개오이도,오이도당고개,진접사당
6:50,6:37,6:54,6:43
오이도당고개,진접사당,사당진접,당고개안산
6:55,6:42,-,6:49
사당진접,당고개오이도,-,진접사당
6:57,6:46,-,6:55
오이도당고개,창동사당,-,당고개오이도
-,6:50,7:00,7:01
-,당고개오이도,오이도당고개,당고개사당
-,6:54,7:06,7:07
-,진접사당,사당당고개,당고개오이도
-,6:58,7:12,7:13
-,당고개오이도,오이도당고개,진접사당
7:02,7:01,7:18,7:19
오이도당고개,창동사당,사당진접,당고개오이도
7:07,7:06,7:24,7:25
사당진접,당고개안산,오이도당고개,당고개사당
7:11,7:10,7:30,7:31
오이도당고개,진접사당,사당진접,당고개오이도
7:16,7:14,7:36,7:37
사당진접,당고개오이도,오이도당고개,당고개오이도
7:20,7:17,7:42,7:43
오이도당고개,창동사당,사당당고개,진접사당
7:24,7:21,7:48,7:49
사당진접,당고개오이도,오이도당고개,당고개오이도
7:28,7:24,7:54,7:55
오이도당고개,진접사당,사당진접,당고개안산
7:32,7:27,8:00,8:01
사당진접,당고개안산,오이도당고개,진접사당
7:36,7:31,8:06,8:06
오이도당고개,당고개사당,사당당고개,당고개오이도
7:42,7:34,8:12,8:13
안산당고개,당고개오이도,오이도당고개,당고개오이도
7:45,7:39,8:18,8:19
사당진접,당고개오이도,안산당고개,진접사당
7:48,7:42,8:24,8:25
오이도당고개,진접사당,오이도당고개,당고개오이도
7:51,7:45,8:30,8:31
사당당고개,당고개오이도,사당진접,당고개사당
07:54급첫,7:49,8:36,8:37
오이도당고개,당고개사당,오이도당고개,당고개오이도
7:58,7:52,8:42,8:43
사당진접,당고개오이도,오이도당고개,진접사당
-,7:55,8:48,8:49
-,창동사당,사당당고개,당고개오이도
-,7:58,8:54,8:55
-,당고개안산,오이도당고개,진접사당
8:01,8:02,9:00,9:01
안산당고개,진접사당,사당당고개,당고개오이도
8:03,8:05,9:06,9:07
사당당고개,당고개오이도,오이도당고개,당고개사당
8:06,8:09,9:12,9:13
오이도당고개,당고개오이도,사당당고개,당고개오이도
8:09,8:12,9:18,9:19
사당진접,진접사당,오이도당고개,진접사당
08:12급,8:15,9:23,9:25
오이도당고개,당고개안산,사당진접,당고개오이도
8:17,8:18,9:28,9:31
오이도당고개,진접사당,안산당고개,진접사당
8:20,8:22,9:33,9:37
사당진접,당고개오이도,오이도당고개,당고개오이도
8:23,8:24,9:38,9:43
안산당고개,창동사당,사당당고개,당고개사당
8:26,8:27,9:43,9:49
사당당고개,당고개오이도,오이도당고개,당고개오이도
8:29,8:30,9:49,9:55
오이도당고개,진접사당,사당당고개,진접사당
8:33,8:32,9:54,-
사당진접,창동오이도,오이도당고개,-
8:37,8:35,10:00,10:01
오이도당고개,당고개안산,사당진접,당고개안산
8:39,8:40,10:06,10:07
사당진접,진접사당,오이도당고개,당고개오이도
8:42,8:45,10:12,10:13
오이도당고개,당고개오이도,사당진접,진접사당
8:46,8:49,10:18,10:19
오이도당고개,진접사당,오이도당고개,당고개오이도
8:52,8:52,10:24,10:25
오이도당고개,당고개오이도,사당당고개,진접사당
8:55,8:56,10:30,10:31
사당진접,진접사당,오이도당고개,당고개오이도
8:58,8:59,10:36,10:37
오이도당고개,당고개오이도,사당진접,진접사당
9:01,9:05,10:42,10:43
사당당고개,당고개오이도,오이도당고개,당고개오이도
09:04급,9:09,10:47,10:49
오이도당고개,진접사당,오이도당고개,당고개사당
9:07,9:12,10:53,10:55
사당당고개,당고개안산,사당진접,당고개오이도
9:10,9:16,10:59,-
오이도당고개,당고개오이도,오이도당고개,-
9:12,9:21,11:05,11:01
사당진접,진접사당,사당당고개,진접사당
09:16급막,9:24,11:11,11:07
오이도당고개,당고개오이도,오이도당고개,당고개오이도
9:19,9:27,11:17,11:13
사당당고개,진접사당,사당당고개,당고개사당
9:22,9:30,11:23,11:19
오이도당고개,당고개안산,오이도당고개,당고개오이도
9:29,9:35,11:28,11:25
오이도당고개,당고개오이도,사당진접,진접사당
9:33,9:40,11:32,11:31
사당진접,진접사당,오이도당고개,당고개오이도
9:37,9:46,11:39,11:37
안산당고개,당고개오이도,오이도당고개,진접사당
9:44,9:51,11:43,11:43
오이도당고개,진접사당,사당진접,당고개오이도
9:48,9:56,11:48,11:49
사당진접,당고개오이도,오이도당고개,당고개사당
9:53,-,11:53,11:55
안산당고개,-,사당당고개,당고개오이도
9:56,-,11:58,-
사당당고개,-,오이도당고개,-
10:00,10:01,12:03,12:01
오이도당고개,진접사당,오이도당고개,진접사당
10:04,10:06,12:08,12:07
사당진접,당고개오이도,사당당고개,당고개오이도
10:10,10:10,12:13,12:12
오이도당고개,당고개안산,오이도당고개,당고개오이도
10:15,10:15,12:18,12:16
사당당고개,진접사당,사당진접,진접사당
10:20,10:19,12:23,12:20
오이도당고개,당고개오이도,오이도당고개,당고개안산
10:25,10:23,12:28,12:24
사당진접,당고개사당,오이도당고개,당고개사당
10:30,10:26,12:33,12:28
오이도당고개,진접사당,사당진접,당고개오이도
10:35,10:29,12:38,12:32
사당진접,당고개오이도,오이도당고개,진접사당
10:40,10:34,12:43,12:37
오이도당고개,진접사당,사당당고개,당고개오이도
10:45,10:39,12:47,12:42
사당당고개,당고개오이도,안산당고개,당고개사당
10:50,10:44,12:53,12:47
오이도당고개,당고개사당,오이도당고개,당고개오이도
10:56,10:50,12:57,12:52
사당당고개,당고개오이도,사당진접,진접사당
-,10:57,-,12:57
-,진접사당,-,당고개오이도
11:00,11:01,13:01,13:02
오이도당고개,당고개오이도,안산당고개,당고개안산
11:05,11:07,13:05,13:07
사당당고개,진접사당,사당당고개,진접사당
11:09,11:12,13:09,13:12
오이도당고개,당고개오이도,오이도당고개,당고개오이도
11:13,11:17,13:13,13:16
사당진접,당고개사당,사당진접,당고개사당
11:16,11:23,13:18,13:20
사당당고개,당고개오이도,오이도당고개,당고개오이도
11:20,11:28,13:23,13:24
오이도당고개,진접사당,사당당고개,진접사당
11:26,11:34,13:28,13:28
사당진접,당고개오이도,오이도당고개,당고개오이도
11:32,11:39,13:33,13:32
오이도당고개,진접사당,사당진접,당고개사당
11:37,11:45,13:38,13:37
사당진접,당고개오이도,오이도당고개,당고개오이도
11:40,11:52,13:43,13:42
오이도당고개,당고개오이도,오이도당고개,진접사당
11:43,11:58,13:48,13:47
오이도당고개,진접사당,사당진접,당고개오이도
11:48,-,13:53,13:52
사당진접,-,오이도당고개,당고개오이도
11:53,-,13:57,13:57
오이도당고개,-,사당당고개,진접사당
12:00,12:04,14:01,14:02
사당진접,당고개오이도,안산당고개,당고개오이도
12:07,12:10,14:05,14:07
오이도당고개,당고개사당,사당진접,당고개사당
12:12,12:16,14:09,14:12
사당진접,당고개오이도,오이도당고개,당고개안산
12:17,12:22,14:13,14:17
오이도당고개,진접사당,사당당고개,당고개오이도
12:21,12:28,14:18,14:21
사당진접,당고개안산,오이도당고개,진접사당
12:27,12:31,14:23,14:25
오이도당고개,진접사당,사당진접,당고개안산
12:35,12:35,14:28,14:29
안산당고개,당고개오이도,오이도당고개,당고개사당
12:39,12:40,14:33,14:33
사당진접,당고개사당,오이도당고개,당고개오이도
12:45,12:46,14:38,14:37
오이도당고개,당고개오이도,사당진접,진접사당
12:50,12:52,14:43,14:42
사당진접,진접사당,오이도당고개,당고개오이도
12:55,12:57,14:48,14:47
오이도당고개,당고개오이도,사당당고개,당고개사당
13:03,13:08,14:53,14:52
오이도당고개,당고개오이도,오이도당고개,당고개오이도
13:08,13:13,14:58,14:57
사당진접,진접사당,오이도당고개,진접사당
13:13,13:18,15:02,15:02
오이도당고개,당고개오이도,사당진접,당고개안산
13:19,13:23,15:06,15:07
사당진접,진접사당,안산당고개,당고개오이도
13:24,13:30,15:10,15:12
오이도당고개,당고개오이도,사당당고개,진접사당
13:31,13:35,15:14,15:17
사당당고개,진접사당,오이도당고개,당고개오이도
13:38,13:41,15:18,15:21
오이도당고개,당고개오이도,사당진접,당고개사당
13:43,13:46,15:23,15:25
사당진접,진접사당,오이도당고개,당고개오이도
13:49,13:51,15:28,15:29
오이도당고개,당고개오이도,사당당고개,진접사당
13:54,13:59,15:33,15:33
사당당고개,당고개오이도,오이도당고개,당고개안산
13:58,-,15:38,15:37
오이도당고개,-,사당진접,당고개사당
14:03,14:04,15:43,15:42
사당진접,진접사당,오이도당고개,당고개오이도
14:08,14:10,15:48,15:47
오이도당고개,당고개오이도,안산당고개,진접사당
14:14,14:15,15:53,15:52
사당진접,진접사당,사당진접,당고개오이도
14:20,14:20,15:58,15:57
오이도당고개,당고개오이도,오이도당고개,당고개안산
14:27,14:24,16:02,16:02
사당진접,진접사당,사당당고개,진접사당
14:32,14:28,16:06,16:07
오이도당고개,당고개오이도,오이도당고개,당고개오이도
14:38,14:32,16:10,16:12
오이도당고개,진접사당,사당진접,당고개사당
14:44,14:38,16:14,16:17
사당진접,당고개오이도,오이도당고개,당고개안산
14:50,14:44,16:18,16:22
오이도당고개,진접사당,사당당고개,당고개오이도
14:57,14:49,16:23,16:26
사당진접,당고개오이도,오이도당고개,진접사당
-,14:56,16:28,16:30
-,당고개사당,사당진접,당고개안산
15:02,15:03,16:32,16:34
오이도당고개,당고개오이도,오이도당고개,당고개사당
15:07,15:09,16:39,16:38
안산당고개,진접사당,오이도당고개,당고개오이도
15:12,15:14,16:43,16:42
사당진접,당고개오이도,사당당고개,진접사당
15:17,15:19,16:48,16:47
오이도당고개,당고개사당,오이도당고개,당고개오이도
15:22,15:23,16:53,16:52
사당당고개,당고개오이도,사당진접,당고개사당
15:27,15:28,16:58,16:57
오이도당고개,진접사당,안산당고개,당고개오이도
15:35,15:34,17:03,17:02
사당진접,당고개오이도,오이도당고개,진접사당
15:41,15:40,17:07,17:07
오이도당고개,진접사당,사당당고개,당고개오이도
15:46,15:45,17:12,17:12
사당진접,당고개오이도,오이도당고개,당고개오이도
15:52,15:52,17:15,17:17
오이도당고개,진접사당,사당진접,진접사당
15:56,15:57,17:19,17:22
사당당고개,당고개오이도,안산당고개,당고개오이도
16:00,16:03,17:23,17:27
오이도당고개,당고개오이도,사당당고개,당고개사당
16:03,16:10,17:28,17:32
사당진접,진접사당,오이도당고개,당고개오이도
16:07,16:16,17:33,17:37
안산당고개,당고개오이도,사당진접,당고개오이도
16:10,16:22,17:38,17:42
사당당고개,진접사당,오이도당고개,진접사당
16:14,16:27,17:43,17:47
오이도당고개,당고개오이도,사당진접,당고개오이도
16:20,16:32,17:47,17:52
사당진접,당고개오이도,안산당고개,진접사당
16:26,16:37,17:53,17:57
오이도당고개,진접사당,오이도당고개,당고개오이도
16:32,16:42,17:58,-
사당진접,당고개오이도,사당진접,-
16:37,16:47,18:03,18:02
오이도당고개,당고개사당,안산당고개,당고개오이도
16:43,16:52,18:08,18:07
오이도당고개,당고개오이도,오이도당고개,진접사당
16:49,16:58,18:13,18:13
사당진접,진접사당,사당진접,당고개오이도
16:55,-,18:19,18:19
오이도당고개,-,오이도당고개,당고개사당
17:02,17:06,18:25,18:25
사당진접,당고개오이도,사당당고개,당고개오이도
17:06,17:11,18:30,18:31
오이도당고개,진접사당,오이도당고개,진접사당
17:13,17:15,18:35,18:37
오이도당고개,당고개오이도,사당진접,당고개오이도
17:17,17:20,18:40,18:44
사당진접,당고개사당,오이도당고개,당고개오이도
17:22,17:24,18:45,18:49
오이도당고개,당고개오이도,안산당고개,진접사당
17:27,17:28,18:50,18:55
사당진접,진접사당,사당진접,당고개오이도
17:33,17:31,18:55,-
오이도당고개,당고개오이도,오이도당고개,-
17:38,17:35,19:01,19:01
사당진접,당고개사당,사당당고개,당고개사당
17:43,17:38,19:07,19:06
안산당고개,당고개오이도,오이도당고개,당고개오이도
17:47,17:42,19:13,19:11
오이도당고개,진접사당,사당진접,진접사당
17:52,17:45,19:19,19:16
사당진접,창동오이도,안산당고개,당고개오이도
17:56,17:49,19:25,19:21
오이도당고개,당고개사당,오이도당고개,당고개오이도
-,17:52,19:31,19:26
-,당고개오이도,사당진접,진접사당
-,17:56,19:37,19:31
-,진접사당,오이도당고개,당고개오이도
18:00,18:00,19:43,19:37
사당당고개,당고개오이도,사당당고개,진접사당
18:04,18:03,19:49,19:43
안산당고개,당고개사당,오이도당고개,당고개오이도
18:07,18:07,19:55,19:49
사당진접,당고개오이도,사당진접,당고개사당
18:11,18:10,-,19:55
오이도당고개,창동사당,-,당고개오이도
18:16,18:13,20:01,20:00
사당당고개,당고개오이도,오이도당고개,진접사당
18:19,18:17,20:07,20:05
안산당고개,진접사당,사당당고개,당고개오이도
18:22,18:20,20:13,20:10
사당진접,당고개오이도,오이도당고개,당고개안산
18:26,18:23,20:19,20:15
오이도당고개,당고개사당,사당진접,진접사당
18:30,18:30,20:25,20:20
사당당고개,당고개오이도,오이도당고개,당고개오이도
18:33,18:33,20:31,20:25
오이도당고개,진접사당,사당당고개,당고개사당
18:37,18:36,20:37,20:30
사당진접,당고개오이도,오이도당고개,당고개오이도
18:40,18:39,20:43,20:35
안산당고개,당고개사당,사당진접,당고개오이도
18:43,18:42,20:49,20:40
사당당고개,당고개오이도,오이도당고개,진접사당
18:47,18:45,20:55,20:45
오이도당고개,진접사당,사당진접,당고개오이도
18:51,18:49,-,20:50
사당진접,당고개안산,-,당고개오이도
18:54,18:53,-,20:55
오이도당고개,진접사당,-,진접사당
18:58,18:56급첫,21:00,21:01
사당당고개,당고개오이도,오이도당고개,당고개오이도
19:01,19:00,21:08,21:07
오이도당고개,당고개사당,오이도당고개,진접사당
19:05,19:03,21:13,21:13
사당진접,창동오이도,사당진접,당고개오이도
19:09,19:07,21:19,21:19
오이도당고개,진접사당,오이도당고개,당고개사당
19:13,19:10,21:25,21:25
사당당고개,당고개오이도,사당당고개,당고개오이도
19:16,19:14,21:31,21:31
오이도당고개,당고개안산,오이도당고개,진접사당
19:20,19:17,21:37,21:37
사당진접,진접사당,사당진접,당고개오이도
19:23,19:21,21:43,21:43
오이도당고개,당고개오이도,오이도당고개,당고개사당
19:26,19:25,21:49,21:49
사당당고개,당고개사당,사당당고개,당고개오이도
19:29,19:28,21:55,21:55
오이도당고개,당고개오이도,오이도당고개,진접사당
19:33,19:32,22:01,22:01
사당진접,진접사당,사당진접,당고개오이도
19:37,19:35,22:07,22:07
오이도당고개,당고개오이도,오이도당고개,당고개사당
19:40,19:39,22:13,22:13
사당당고개,당고개사당,사당당고개,당고개오이도
19:44,19:43,22:19,22:19
오이도당고개,당고개오이도,오이도당고개,진접사당
19:48,19:47,22:25,22:23
사당진접,진접사당,사당진접,당고개안산
19:51,19:51,22:31,22:30
오이도당고개,당고개오이도,오이도당고개,당고개오이도
19:56,19:55,22:37,22:37
사당당고개,당고개사당,사당당고개,진접사당
19:59,19:59,22:43,22:46막
오이도당고개,당고개오이도,오이도당고개,당고개오이도
20:04,20:03,22:51,22:52
사당진접,진접사당,사당진접,진접사당
20:08,20:07급,22:59,22:59
오이도당고개,당고개오이도,오이도당고개,당고개안산
20:12,20:10,23:07막,23:12
사당당고개,당고개사당,사당진접,당고개사당
20:15,20:13,23:15,23:22막
오이도당고개,진접사당,오이도당고개,당고개안산
20:20,20:17,23:23막,23:33
사당진접,당고개오이도,사당당고개,진접사당
20:24,20:21,23:31막,23:44막
오이도당고개,당고개사당,오이도노원,당고개산본
20:28,20:25,23:47막,-
사당당고개,당고개오이도,오이도한성대입구,-
20:31,20:29,-,-
오이도당고개,진접사당,-,-
20:36,20:34,-,-
사당진접,당고개오이도,-,-
20:40,20:41,-,-
오이도당고개,당고개오이도,-,-
20:44,20:44,-,-
사당당고개,진접사당,-,-
20:49,20:47,-,-
오이도당고개,당고개안산,-,-
20:53,20:50,-,-
사당진접,당고개사당,-,-
20:57,20:54급막,-,-
안산당고개,당고개오이도,-,-
-,20:58,-,-
-,진접사당,-,-
21:01,21:02,-,-
사당당고개,당고개오이도,-,-
21:06,21:07,-,-
오이도당고개,당고개사당,-,-
21:09,21:11,-,-
사당진접,당고개오이도,-,-
21:12,21:16,-,-
오이도당고개,진접사당,-,-
21:17,21:21,-,-
사당당고개,당고개오이도,-,-
21:22,21:26,-,-
오이도당고개,당고개안산,-,-
21:27,21:29,-,-
사당진접,진접사당,-,-
21:32,21:33,-,-
안산당고개,창동오이도,-,-
21:35,21:40,-,-
오이도당고개,당고개오이도,-,-
21:38,21:44,-,-
사당당고개,진접사당,-,-
21:41,21:49,-,-
안산당고개,당고개안산,-,-
21:44,21:56,-,-
사당진접,당고개오이도,-,-
21:46,-,-,-
오이도당고개,-,-,-
21:51,-,-,-
사당당고개,-,-,-
21:59,-,-,-
오이도당고개,-,-,-
22:03,22:02,-,-
사당진접,진접사당,-,-
22:09,22:09,-,-
사당당고개,당고개오이도,-,-
22:13,22:14,-,-
오이도당고개,진접사당,-,-
22:21,22:18,-,-
오이도당고개,당고개안산,-,-
22:28,22:26,-,-
사당진접,당고개오이도,-,-
22:36,22:30,-,-
오이도당고개,진접사당,-,-
22:43,22:37,-,-
사당당고개,당고개오이도,-,-
22:50,22:44,-,-
오이도당고개,진접사당,-,-
22:57,22:49,-,-
사당진접,당고개오이도,-,-
-,22:57,-,-
-,당고개안산,-,-
23:04,23:02,-,-
오이도당고개,진접사당,-,-
23:10,23:13막,-,-
사당진접,당고개오이도,-,-
23:16,23:22,-,-
오이도당고개,진접사당,-,-
23:23,23:28막,-,-
사당진접,당고개안산,-,-
23:31,23:35,-,-
오이도당고개,진접사당,-,-
23:44,23:42,-,-
오이도당고개,당고개사당,-,-
23:51,23:52막,-,-
사당진접,당고개금정,-,-
23:57,-,-,-
오이도당고개,-,-,-
00:05막,0:05,-,-
사당진접,진접사당,-,-
0:15,0:24,-,-
오이도당고개,진접사당,-,-
00:28막,00:46막,-,-
사당당고개,진접사당,-,-
00:47막,-,-,-
오이도한성대입구,-,-,-
