송길동,qwer1234,0000,010826-5050303,010-2345-6789,과장,2,역삼,5
정유진,ab12xyz,p@55w^rd,001229-5544065,010-1234-5678,과장,1,동대문,4
김윤호,cd34abc,Secur1t!,9611201-1024929,010-2345-6789,과장,2,강남,4
이현석,ef56def,Pa$$w0rd,010826-5050303,010-3456-7890,대리,4,수유,3
정태영,gh78ghi,3x@mpl3!,991107-6219040,010-4567-8901,대리,4,충무로,3
김영준,ij90jkl,p@ssw0r^,851003-8925046,010-5678-9012,대리,9,석촌,3
이은지,mn12mno,7estP@55,9480130-251046,010-6789-0123,대리,9,고속터미널,3
정현우,pq34pqr,Str0ng^!,680912-6361858,010-7890-1234,대리,8,천호,3
김지은,rs56stu,p@55w0rd,770723-1114354,010-8901-2345,사원,5,을지로4가,2
이영희,uv78vwx,P@55c0d3,950818-8339177,010-9012-3456,사원,5,왕심리,2
정종호,wx90yza,P@$$w0rd,940406-7819972,010-0123-4567,사원,5,군자,2
김예은,bc12bcd,9ecure^!,980504-1238167,010-9876-5432,사원,6,태릉입구,2
이영호,de34def,Pa$$w0rd!,980504-1238367,010-8765-4321,사원,6,고려대,2
정준영,fg56ghi,8tr0ng^!,000714-4918267,010-7654-3210,사원,6,공덕,2
김영지,hi78hij,1x@mpl3!,0150726-3884285,010-6543-2109,사원,6,신당,2
이준호,kl90klm,P@$$w0rd^,9130528-3400907,010-5432-1098,사원,4,이촌,2
정수진,apple1a,7rongP@55,960806-6250130,010-4321-0987,사원,4,동작,2
김수진,grape2b,P@$$c0d3,570816-5098930,010-3210-9876,사원,7,숭실대입구,2
이지훈,mango3c,P@ssw0rd^,740727-6450433,010-2109-8765,사원,4,대공원,2
정세라,lemon4d,P@ssw0rd!,010202-3283456,010-1098-7654,부장,4,미아사거리,4
김서연,peach5e,p@ssw0rd^!,9840620-4728892,010-0987-6543,부장,5,여의나루,4
이유진,banana6f,Str0ng^@!,671111-1181759,010-1234-5678,부장,5,광화문,4
정윤호,orange7g,9ecure^@,821203-2691791,010-2345-6789,사원,5,서대문,2
김현아,cherry8h,Pa$$c0d3!,021124-4896891,010-3456-7890,사원,1,노량진,2
이준영,kiwi9i,P@ssw0rd3,921001-7109023,010-4567-8901,사원,1,신도림,2
정지은,melon0j,P@$$w0rd^!,011222-4261149,010-5678-9012,사원,7,건대입구,2
김세라,berry1k,7rongP@55!,780528-639803,010-6789-0123,안전요원,6,삼각지,2
이종호,pineapple2l,3x@mpl3^,950423-6135985,010-7890-1234,안전요원,1,가산디지털단지,2
정지훈,apricot3m,P@$$w0rd@,961218-9684576,010-8901-2345,안전요원,4,경마공원,2
김지원,coconut4n,Str0ngP@55,010226-6328540,010-9012-3456,안전요원,3,고속터미널,2
이태원,bluebe5o,P@ssw0rd@!,1061229-6691056,010-0123-4567,안전요원,3,도곡,2
