김쌍용,asdf1234,0,980504-1234567,010-1234-5678,없음,없음
김태영,hijk8901,T3&y#P@!,980504-1234767,010-2345-6789,없음,없음
이지민,efgh5678,q@7^zB6&,000714-4918258,010-3456-7890,없음,없음
박준호,ijkl9012,2F!9h#Q@,0150726-3884276,010-4567-8901,없음,없음
최수빈,mnop3456,p@G6^9!q,9130528-3400898,010-5678-9012,없음,없음
정현우,qrst7890,J@b#6z5&,960806-6250121,010-6789-0123,없음,없음
강민지,uvwx2345,h3^@L9Y!,570816-5098921,010-7890-1234,없음,없음
윤준영,yzab6789,X@k#2r9&,740727-6450424,010-8901-2345,없음,없음
장은지,cdef0123,6t@!Y#8x,010202-3283447,010-9012-3456,없음,없음
문지훈,ghij4567,4W#y^!F6,9840620-4728883,010-0123-4567,없음,없음
송지원,klmn8901,M@P2^6!t,671111-1181750,010-9876-5432,없음,없음
임영희,opqr2345,5^Hr@7#z,821203-2691782,010-8765-4321,없음,없음
오종호,stuv6789,k#Jt@3!x,021124-4896882,010-7654-3210,없음,없음
백예은,wxyz0123,9@7^D#rK,921001-7109014,010-6543-2109,없음,없음
허지우,bcde4567,!P3^R7@q,011222-4261140,010-5432-1098,없음,없음
신민수,fghi8901,E@f6!#8N,780528-639794,010-4321-0987,없음,없음
전은영,jklm2345,b#9A@3!p,950423-6135976,010-3210-9876,없음,없음
고성우,nopq6789,q7R!9#Y@,961218-9684567,010-2109-8765,없음,없음
권정호,rstu0123,5!#x9@6F,010226-6328531,010-1098-7654,없음,없음
황지현,vwxy4567,L@J!k#3m,1061229-6691047,010-0987-6543,없음,없음
안민영,zabc8901,8H#x7@J!,970316-4541696,010-1234-5678,없음,없음
손성훈,defg2345,9P@R!&3s,001229-5544057,010-2345-6789,없음,없음
배수진,hijk6789,F!r2@L#6,9611201-1024921,010-3456-7890,없음,없음
서준혁,lmno0123,3x@!y#8Q,010826-5050295,010-4567-8901,없음,없음
심수연,pqrs4567,6@b#T!8z,991107-6219032,010-5678-9012,없음,없음
김현정,tuvw8901,R@7^Y#t3,851003-8925038,010-6789-0123,없음,없음
이민수,xyza2345,8z!#F^G9,9480130-251038,010-7890-1234,없음,없음
정은지,bcde6789,@N9y#6!W,680912-6361850,010-8901-2345,없음,없음
오영호,fghi0123,6^p#9!Z@,770723-1114346,010-9012-3456,없음,없음
유지윤,jklm4567,!M@9p#3X,950818-8339169,010-0123-4567,없음,없음
조민재,nopq8901,5!T7#^yR,940406-7819964,010-9876-5432,없음,없음
박현수,rstu2345,Q#z6&7@!,980504-1234967,010-8765-4321,없음,없음
한영호,vwxy6789,4^@F!J8x,980504-1235167,010-7654-3210,없음,없음
나은주,zabc0123,V7&@t#9!,000714-4918259,010-6543-2109,없음,없음
구민석,defg4567,8x!F@^r6,0150726-3884277,010-5432-1098,없음,없음
임현진,hijk8901,!K3#r7p@,9130528-3400899,010-4321-0987,없음,없음
유혜진,lmno2345,Y@t#5&3x,960806-6250122,010-3210-9876,없음,없음
김윤호,pqrs6789,6^k#Q@9!,570816-5098922,010-2109-8765,없음,없음
김영준,tuvw0123,9#mR7@!y,740727-6450425,010-1098-7654,없음,없음
김지은,xyza4567,!z^P7@6N,010202-3283448,010-0987-6543,없음,없음
김현아,bcde8901,G@8!#p3Z,9840620-4728884,010-1234-5678,없음,없음
이서연,fghi2345,r7!t#P@5,671111-1181751,010-2345-6789,없음,없음
이지혜,jklm6789,3Y@k#^6n,821203-2691783,010-3456-7890,없음,없음
이지은,nopq0123,7&9@t#X!,021124-4896883,010-4567-8901,없음,없음
박성민,rstu4567,J@!7R2#k,921001-7109015,010-5678-9012,없음,없음
최은찬,vwxy8901,m#Q9^@3!,011222-4261141,010-6789-0123,없음,없음
정지민,zabc2345,7B@T#^3n,780528-639795,010-7890-1234,없음,없음
강지영,defg6789,!9@y7#tK,950423-6135977,010-8901-2345,없음,없음
최유진,hijk0123,8T^9@!Rq,961218-9684568,010-9012-3456,없음,없음
조영희,lmno4567,@n7^6#F!,010226-6328532,010-0123-4567,없음,없음
정현진,pqrs8901,W@r!7#9y,1061229-6691048,010-9876-5432,없음,없음
장은주,tuvw2345,6z^R!@7x,970316-4541697,010-8765-4321,없음,없음
황영재,xyza6789,9Q&3@^j!,001229-5544058,010-7654-3210,없음,없음
신지아,bcde0123,P@9#r6&!,9611201-1024922,010-6543-2109,없음,없음
전영훈,fghi4567,7K!#&9x@,010826-5050296,010-5432-1098,없음,없음
이은지,jklm8901,!z9@3#V6,991107-6219033,010-4321-0987,없음,없음
임지현,nopq2345,H@X3^!5#,851003-8925039,010-3210-9876,없음,없음
장수빈,rstu6789,6!T@j9#x,9480130-251039,010-2109-8765,없음,없음
손승우,vwxy0123,@4#J^6!7,680912-6361851,010-1098-7654,없음,없음
임승현,zabc4567,9r6@!P#X,770723-1114347,010-0987-6543,없음,없음
송지은,defg8901,2&@G7#q!,950818-8339170,010-1234-5678,없음,없음
강영호,hijk2345,Y!#^t8@7,940406-7819965,010-2345-6789,없음,없음
김윤지,lmno6789,6q@^!9#M,980504-1235367,010-3456-7890,없음,없음
김은영,pqrs0123,N&@3#9^7,980504-1235567,010-4567-8901,없음,없음
김성민,tuvw4567,7R@p^3#!,000714-4918260,010-5678-9012,없음,없음
이은정,xyza8901,8#J!9&k@,0150726-3884278,010-6789-0123,없음,없음
이승호,bcde2345,q9@&3#R!,9130528-3400900,010-7890-1234,없음,없음
정민수,fghi6789,^!9X@6#t,960806-6250123,010-8901-2345,없음,없음
이수빈,jklm0123,7#R&^3@y,570816-5098923,010-9012-3456,없음,없음
박준우,nopq4567,@Z3#6!j7,740727-6450426,010-0123-4567,없음,없음
최민정,rstu8901,9t!R#^7@,010202-3283449,010-9876-5432,없음,없음
최승민,vwxy2345,B@6&!z3#,9840620-4728885,010-8765-4321,없음,없음
이지석,zabc6789,3k^9!@y#,671111-1181752,010-7654-3210,없음,없음
장지원,defg0123,U@!t#8&7,821203-2691784,010-6543-2109,없음,없음
안현석,hijk4567,9!^p6#Q@,021124-4896884,010-5432-1098,없음,없음
김예진,lmno8901,6W@!#8&r,921001-7109016,010-4321-0987,없음,없음
정승현,pqrs2345,7j@9^#K!,011222-4261142,010-3210-9876,없음,없음
박태영,tuvw6789,D#6!9^@j,780528-639796,010-2109-8765,없음,없음
최은지,xyza0123,5p^@!#7J,950423-6135978,010-1098-7654,없음,없음
고영호,bcde4567,^T@6j!7#,961218-9684569,010-0987-6543,없음,없음
박지은,fghi8901,9N@&!#7z,010226-6328533,010-1234-5678,없음,없음
김태우,jklm2345,V!j@7&^#,1061229-6691049,010-2345-6789,없음,없음
정수진,nopq6789,8&@R3#!k,970316-4541698,010-3456-7890,없음,없음
홍민지,rstu0123,^7G!#9@p,001229-5544059,010-4567-8901,없음,없음
오현우,vwxy4567,9z&!R#8@,9611201-1024923,010-5678-9012,없음,없음
손정호,zabc8901,6^r@#T9!,010826-5050297,010-6789-0123,없음,없음
윤지민,defg2345,!6Q@^&9t,991107-6219034,010-7890-1234,없음,없음
이현수,hijk6789,8X&9@#^6,851003-8925040,010-8901-2345,없음,없음
박승우,lmno0123,^6@R9!7#,9480130-251040,010-9012-3456,없음,없음
김지혜,pqrs4567,9^F!@#p6,680912-6361852,010-0123-4567,없음,없음
김현진,tuvw8901,7y@^j#!9,770723-1114348,010-9876-5432,없음,없음
강예은,xyza2345,@6!R#9&X,950818-8339171,010-8765-4321,없음,없음
박영희,bcde6789,9!T@7#p^,940406-7819966,010-7654-3210,없음,없음
정지원,fghi0123,7j^&@9!R,980504-1235767,010-6543-2109,없음,없음
조현진,jklm4567,6#^Q@7!F,980504-1235967,010-5432-1098,없음,없음
박정민,nopq8901,&R@6!9^7,000714-4918261,010-4321-0987,없음,없음
최수연,rstu2345,9!p^@#q7,0150726-3884279,010-3210-9876,없음,없음
이재은,vwxy6789,6#j!@9&R,9130528-3400901,010-2109-8765,없음,없음
송수빈,zabc0123,&9T@7^#j,960806-6250124,010-1098-7654,없음,없음
백지윤,defg4567,7!Q@#9&r,570816-5098924,010-0987-6543,없음,없음
김현영,12abcd34,^6R!@7#9,740727-6450427,010-1234-5678,없음,없음
김현지,56efgh78,R@7T#6^A,010202-3283450,010-2345-6789,없음,없음
박승민,90ijkl12,b#9P@5^C,9840620-4728886,010-3456-7890,없음,없음
정민지,34mnop56,4^D!8#F@,671111-1181753,010-4567-8901,없음,없음
송현우,78qrst90,E@3&^7#G,821203-2691785,010-5678-9012,없음,없음
안은지,23uvwx45,m#6^@9!J,021124-4896885,010-6789-0123,없음,없음
임지윤,67yzab89,7@8^#P!K,921001-7109017,010-7890-1234,없음,없음
황현정,01cdef23,9^Q!@6#L,011222-4261143,010-8901-2345,없음,없음
손지현,45ghij67,N@2^8#R!,780528-639797,010-9012-3456,없음,없음
박승준,89klmn01,h#6^@9&S,950423-6135979,010-0123-4567,없음,없음
이수진,23opqr45,5@U^#3!W,961218-9684570,010-9876-5432,없음,없음
오은지,67stuv89,C@4^#7!X,010226-6328534,010-8765-4321,없음,없음
임정호,01wxyz23,f#9@2^!Y,1061229-6691050,010-7654-3210,없음,없음
조성민,45bcde67,7@5^#B!Z,970316-4541699,010-6543-2109,없음,없음
최정호,89fghi01,9@6^#4!C,001229-5544060,010-5432-1098,없음,없음
정예은,23jklm45,2^7!#D@E,9611201-1024924,010-4321-0987,없음,없음
김재현,67nopq89,V@8#3^!F,010826-5050298,010-3210-9876,없음,없음
박승연,01rstu23,p#9^@6!G,991107-6219035,010-2109-8765,없음,없음
이태영,45vwxy67,3@4^!#H&,851003-8925041,010-1098-7654,없음,없음
박승희,89zabcd01,W@5^#7!I,9480130-251041,010-0987-6543,없음,없음
강수빈,23defg45,9@6^#2!J,680912-6361853,010-1234-5678,없음,없음
심지원,67hijk89,4@7^#8!K,770723-1114349,010-2345-6789,없음,없음
장민수,01lmno23,U@3^#6!L,950818-8339172,010-3456-7890,없음,없음
백민석,45pqrs67,6@4^#9!M,940406-7819967,010-4567-8901,없음,없음
이현정,89tuvw01,8^2!#N@P,980504-1236167,010-5678-9012,없음,없음
장현수,23xyza45,H@3^5!Q,980504-1236367,010-6789-0123,없음,없음
송윤호,67bcde89,7^5!@R#S,000714-4918262,010-7890-1234,없음,없음
안지은,01fghi23,2@6^#7!T,0150726-3884280,010-8901-2345,없음,없음
박예은,45jklm67,D@8^#3!U,9130528-3400902,010-9012-3456,없음,없음
최승연,89nopq01,8^7!@V#W,960806-6250125,010-0123-4567,없음,없음
김은경,23rstu45,J@4^#6!X,570816-5098925,010-9876-5432,없음,없음
이승민,67vwxy89,9@7^#4!Y,740727-6450428,010-8765-4321,없음,없음
김성우,01zabcd23,5^3!#Z@!,010202-3283451,010-7654-3210,없음,없음
김민지,45defg67,4@8^#2!B,9840620-4728887,010-6543-2109,없음,없음
심은지,89hijk01,F@6^#8!C,671111-1181754,010-5432-1098,없음,없음
안승민,23lmno45,3^7!#D@E,821203-2691786,010-4321-0987,없음,없음
박정훈,67pqrs89,7^4!@F#G,021124-4896886,010-3210-9876,없음,없음
이영희,01tuvw23,9@5^#2!H,921001-7109018,010-2109-8765,없음,없음
조혜진,45xyza67,5@6^#8!I,011222-4261144,010-1098-7654,없음,없음
최지윤,89bcde01,3^4!#J@K,780528-639798,010-0987-6543,없음,없음
임민수,23fghi45,L@8^#5!M,950423-6135980,010-1234-5678,없음,없음
정민호,67jklm89,4^9!#N@P,961218-9684571,010-2345-6789,없음,없음
장지민,01nopq23,7@3^#6!Q,010226-6328535,010-3456-7890,없음,없음
안지민,45rstu67,5^6!#R@S,1061229-6691051,010-4567-8901,없음,없음
송은지,89vwxy01,8^3!#T@U,970316-4541700,010-5678-9012,없음,없음
박은지,23zabcd45,9@4^#7!V,001229-5544061,010-6789-0123,없음,없음
최은정,67defg89,2@5^#8!W,9611201-1024925,010-7890-1234,없음,없음
김승연,01hijk23,3^6!#X@Y,010826-5050299,010-8901-2345,없음,없음
조민지,45lmno67,4@7^#9!Z,991107-6219036,010-9012-3456,없음,없음
강승호,89pqrs01,6^3!#B@C,851003-8925042,010-0123-4567,없음,없음
김민수,23tuvw45,7@8^#2!D,9480130-251042,010-9876-5432,없음,없음
김현석,67xyza89,9^4!#E@F,680912-6361854,010-8765-4321,없음,없음
윤영준,01bcde23,5^7!#G@H,770723-1114350,010-7654-3210,없음,없음
안지윤,45fghi67,4@8^#3!I,950818-8339173,010-6543-2109,없음,없음
김유진,89jklm01,2^6!#J@K,940406-7819968,010-5432-1098,없음,없음
손영호,23nopq45,3^9!#L@M,980504-1236567,010-4321-0987,없음,없음
이정민,67rstu89,4@5^#N@P,980504-1236767,010-3210-9876,없음,없음
최승현,01vwxy23,6^3!#Q@R,000714-4918263,010-2109-8765,없음,없음
장민지,45zabcd67,7^4!#S@T,0150726-3884281,010-1098-7654,없음,없음
박수빈,89defg01,8^5!#U@V,9130528-3400903,010-0987-6543,없음,없음
최현우,23hijk45,9^6!#W@X,960806-6250126,010-1234-5678,없음,없음
홍수진,67lmno89,5^7!#Y@Z,570816-5098926,010-2345-6789,없음,없음
김은지,01pqrs23,3^8!#B@C,740727-6450429,010-3456-7890,없음,없음
김민서,45tuvw67,2^9!#D@E,010202-3283452,010-4567-8901,없음,없음
박수현,89xyza01,4@6^#F@G,9840620-4728888,010-5678-9012,없음,없음
최영호,23bcde45,5^8!#H@I,671111-1181755,010-6789-0123,없음,없음
황성민,67fghi89,7@9^#J@K,821203-2691787,010-7890-1234,없음,없음
김민경,01jklm23,8^4!#L@M,021124-4896887,010-8901-2345,없음,없음
장민영,45nopq67,9^5!#N@P,921001-7109019,010-9012-3456,없음,없음
안수빈,89rstu01,6^7!#Q@R,011222-4261145,010-0123-4567,없음,없음
이민경,23vwxy45,4@8^#S@T,780528-639799,010-9876-5432,없음,없음
김승민,67zabcd89,3^9!#U@V,950423-6135981,010-8765-4321,없음,없음
조영호,01defg23,5^6!#W@X,961218-9684572,010-7654-3210,없음,없음
강은지,45hijk67,2^7!#Y@Z,010226-6328536,010-6543-2109,없음,없음
이지수,89lmno01,3@9^#B@C,1061229-6691052,010-5432-1098,없음,없음
안현지,23pqrs45,4^6!#D@E,970316-4541701,010-4321-0987,없음,없음
김수빈,67tuvw89,5^8!#F@G,001229-5544062,010-3210-9876,없음,없음
이승준,01xyza23,6^7!#H@I,9611201-1024926,010-2109-8765,없음,없음
장영희,45bcde67,7^9!#J@K,010826-5050300,010-1098-7654,없음,없음
최지은,89fghi01,8^5!#L@M,991107-6219037,010-0987-6543,없음,없음
김민재,23jklm45,9^6!#N@P,851003-8925043,010-1234-5678,없음,없음
손정민,67nopq89,2^8!#Q@R,9480130-251043,010-2345-6789,없음,없음
정지영,01rstu23,3^9!#S@T,680912-6361855,010-3456-7890,없음,없음
박승아,45vwxy67,4^7!#U@V,770723-1114351,010-4567-8901,없음,없음
장민혁,89zabcd01,5^8!#W@X,950818-8339174,010-5678-9012,없음,없음
송승민,23defg45,6^9!#Y@Z,940406-7819969,010-6789-0123,없음,없음
박수진,67hijk89,7^5!#B@C,980504-1236967,010-7890-1234,없음,없음
최지혜,01lmno23,8^6!#D@E,980504-1237167,010-8901-2345,없음,없음
김예지,45pqrs67,9^7!#F@G,000714-4918264,010-9012-3456,없음,없음
이현지,89tuvw01,2^9!#H@I,0150726-3884282,010-0123-4567,없음,없음
안지현,23xyza45,3^6!#J@K,9130528-3400904,010-9876-5432,없음,없음
강지혜,67bcde89,4^7!#L@M,960806-6250127,010-8765-4321,없음,없음
김승훈,01fghi23,5^8!#N@P,570816-5098927,010-7654-3210,없음,없음
김지민,45jklm67,6^9!#Q@R,740727-6450430,010-6543-2109,없음,없음
이지원,89nopq01,7^5!#S@T,010202-3283453,010-5432-1098,없음,없음
최예은,23rstu45,8^6!#U@V,9840620-4728889,010-4321-0987,없음,없음
정수빈,67vwxy89,9^7!#W@X,671111-1181756,010-3210-9876,없음,없음
강준영,01zabcd23,2^8!#Y@Z,821203-2691788,010-2109-8765,없음,없음
조현우,45defg67,3^6!#B@C,021124-4896888,010-1098-7654,없음,없음
윤민지,89hijk01,4^7!#D@E,921001-7109020,010-0987-6543,없음,없음
임태영,abc12de,5^8!#F@G,011222-4261146,010-1234-5678,없음,없음
황수빈,xyz34fg,p@5T7#^!,780528-639800,010-2345-6789,없음,없음
백은지,mno56hi,Q@9^b3&!,950423-6135982,010-3456-7890,없음,없음
정지훈,pqr78jk,8#^@6tJ!,961218-9684573,010-4567-8901,없음,없음
한지민,stu90lm,R@2m7#^!,010226-6328537,010-5678-9012,없음,없음
송영희,def12no,!K4^F9@p,1061229-6691053,010-6789-0123,없음,없음
김종호,ghi34pq,d9@^#2T!,970316-4541702,010-7890-1234,없음,없음
안예은,jkl56rs,5@u#3&^!,001229-5544063,010-8901-2345,없음,없음
유지민,tuv78wx,A@!6r#8^,9611201-1024927,010-9012-3456,없음,없음
서지훈,yza90bc,f7#^!@D4,010826-5050301,010-0123-4567,없음,없음
고예원,nop12de,!6&^R@7#,991107-6219038,010-9876-5432,없음,없음
문수빈,fgh34fg,g@1^#N9!,851003-8925044,010-8765-4321,없음,없음
이현우,ijk56hi,B@3&^!z,9480130-251044,010-7654-3210,없음,없음
박지원,lmn78jk,6@9&^!P#,680912-6361856,010-6543-2109,없음,없음
박정호,qrs90lm,C@4#9^!,770723-1114352,010-5432-1098,없음,없음
이지현,vwx12no,H@8!3^&,950818-8339175,010-4321-0987,없음,없음
최지원,yza34pq,5@&^!G9#,940406-7819970,010-3210-9876,없음,없음
정영희,bcd56rs,7@2#^!d8,980504-1237367,010-2109-8765,없음,없음
김채원,pqr78wx,J@9^h!3,980504-1237567,010-1098-7654,없음,없음
이민영,stu90bc,4#6@^!B9,000714-4918265,010-0987-6543,없음,없음
최현석,efg12de,8@&^!L2#,0150726-3884283,010-1234-5678,없음,없음
김소연,hij34fg,!m@9^4#,9130528-3400905,010-2345-6789,없음,없음
박유진,klm56hi,5@3!^P#8,960806-6250128,010-3456-7890,없음,없음
이정은,nop78jk,R@7^#n!,570816-5098928,010-4567-8901,없음,없음
최민지,qrs90lm,6@^!A2#,740727-6450431,010-5678-9012,없음,없음
정서연,tuv12no,T@5^9!#,010202-3283454,010-6789-0123,없음,없음
김준영,wxy34pq,9@3#^i!,9840620-4728890,010-7890-1234,없음,없음
최태영,yza56rs,Q@^5!r#,671111-1181757,010-8901-2345,없음,없음
정현정,bcd78wx,3@9&^J!,821203-2691789,010-9012-3456,없음,없음
김현우,efg90bc,6@#7^!N,021124-4896889,010-0123-4567,없음,없음
최영희,hij12de,w@^8!3#,921001-7109021,010-9876-5432,없음,없음
김정호,klm34fg,9@6!^U#,011222-4261147,010-8765-4321,없음,없음
정성우,nop56hi,5#8@^!S,780528-639801,010-7654-3210,없음,없음
김지훈,qrs78jk,A@!3#7^,950423-6135983,010-6543-2109,없음,없음
정유진,tuv90lm,2@&^B9!,961218-9684574,010-5432-1098,없음,없음
이현석,wxy12no,6@9^#z!,010226-6328538,010-4321-0987,없음,없음
정태영,yza34pq,7@1!^d#,1061229-6691054,010-3210-9876,없음,없음
정종호,bcd56rs,9@^k!8#,970316-4541703,010-2109-8765,없음,없음
김예은,efg78wx,b@2#^!G,001229-5544064,010-1098-7654,없음,없음
이영호,hij90bc,8@!^N9#,9611201-1024928,010-0987-6543,없음,없음
정준영,klm12de,6@7^!B#,010826-5050302,010-1234-5678,없음,없음
김영지,nop34fg,c@9&^!1,991107-6219039,010-2345-6789,없음,없음
이준호,qrs56hi,d@^4#7!,851003-8925045,010-3456-7890,없음,없음
김수진,tuv78jk,9@5!^P#,9480130-251045,010-4567-8901,없음,없음
이지훈,wxy90lm,e@1^#N!,680912-6361857,010-5678-9012,없음,없음
정세라,yza12no,3@&^!T8,770723-1114353,010-6789-0123,없음,없음
김서연,bcd34pq,F@9#^j!,950818-8339176,010-7890-1234,없음,없음
이유진,efg56rs,g@^4!5#,940406-7819971,010-8901-2345,없음,없음
정윤호,hij78wx,4@^!B6#,980504-1237767,010-9012-3456,없음,없음
이준영,klm90bc,6@7#^!i,980504-1237967,010-0123-4567,없음,없음
정지은,nop12de,9@^j!3#,000714-4918266,010-9876-5432,없음,없음
김세라,qrs34fg,h@#5^!8,0150726-3884284,010-8765-4321,없음,없음
이종호,tuv56hi,6@^G#9!,9130528-3400906,010-7654-3210,없음,없음
김지원,wxy78jk,i@3^!2#,960806-6250129,010-6543-2109,없음,없음
이태원,yza90lm,9@#6^!j,570816-5098929,010-5432-1098,없음,없음
정현아,bcd12no,3@^9!U#,740727-6450432,010-4321-0987,없음,없음
이예은,efg34pq,k@5#^!L,010202-3283455,010-3210-9876,없음,없음
정혜진,hij56rs,6@^!W9#,9840620-4728891,010-2109-8765,없음,없음
이예진,klm78wx,9@!8#^x,671111-1181758,010-1098-7654,없음,없음
이현아,nop90bc,l@#3^!2,821203-2691790,010-0987-6543,없음,없음
정영호,qrs12de,7@^4!y#,021124-4896890,010-1234-5678,없음,없음
김지수,tuv34fg,9@^!J7#,921001-7109022,010-2345-6789,없음,없음
정태원,wxy56hi,4@#T^!8,011222-4261148,010-3456-7890,없음,없음
김서진,yza78jk,m@^2!6#,780528-639802,010-4567-8901,없음,없음
이정호,bcd90lm,6@!N#^4,950423-6135984,010-5678-9012,없음,없음
정성민,efg12no,9@#5!o^,961218-9684575,010-6789-0123,없음,없음
김지현,hij34pq,7@^!9#P,010226-6328539,010-7890-1234,없음,없음
이성우,klm56rs,9@^6!q#,1061229-6691055,010-8901-2345,없음,없음
정민영,nop78wx,5@9#^R!,970316-4541704,010-9012-3456,없음,없음
김세연,qrs90bc,n@^6!8#,001229-5544065,010-0123-4567,없음,없음
이수연,tuv12de,7@2!^j#,9611201-1024929,010-9876-5432,없음,없음
정영훈,wxy34fg,o@#7^!9,010826-5050303,010-8765-4321,없음,없음
김수연,yza56hi,9@^2!8#,991107-6219040,010-7654-3210,없음,없음
이현진,bcd78jk,8@5!^S#,851003-8925046,010-6543-2109,없음,없음
김준호,efg90lm,p@^9#4!,9480130-251046,010-5432-1098,없음,없음
이영민,hij12no,7@#8^!t,680912-6361858,010-4321-0987,없음,없음
정성훈,klm34pq,9@^3!6#,770723-1114354,010-3210-9876,없음,없음
김지윤,nop56rs,q@2!^#8,950818-8339177,010-2109-8765,없음,없음
이예지,qrs78wx,9@^r!5#,940406-7819972,010-1098-7654,없음,없음
정현지,tuv90bc,3@!^t#6,980504-1238167,010-0987-6543,없음,없음
정예진,wxy12de,9@u#^!7,980504-1238367,010-1234-5678,없음,없음
김정은,yza34fg,r@^9!8#,000714-4918267,010-2345-6789,없음,없음
이영훈,bcd56hi,7@!v#^9,0150726-3884285,010-3456-7890,없음,없음
김세은,efg78jk,9@^#5w!,9130528-3400907,010-4567-8901,없음,없음
이서진,hij90lm,7@2!^x#,960806-6250130,010-5678-9012,없음,없음
정지수,klm12no,9@#3^!y,570816-5098930,010-6789-0123,없음,없음
김서현,nop34pq,s@^6!9#,740727-6450433,010-7890-1234,없음,없음
정수연,qrs56rs,6@!z#^9,010202-3283456,010-8901-2345,없음,없음
이서현,tuv78wx,9@^#7A!,9840620-4728892,010-9012-3456,없음,없음
정현서,wxy90bc,7@4!^B#,671111-1181759,010-0123-4567,없음,없음
김수현,yza12de,9@^#5C!,821203-2691791,010-9876-5432,없음,없음
이예나,bcd34fg,t@^7!D#,021124-4896891,010-8765-4321,없음,없음
정예나,efg56hi,9@4!E^#,921001-7109023,010-7654-3210,없음,없음
김수아,hij78jk,6@#F!^9,011222-4261149,010-6543-2109,없음,없음
이수아,klm90lm,u@9^#G!,780528-639803,010-5432-1098,없음,없음
정예린,nop12no,9@^H!3#,950423-6135985,010-4321-0987,없음,없음
김예린,qrs34pq,v@3!^I#,961218-9684576,010-3210-9876,없음,없음
이예린,tuv56rs,9@^J!5#,010226-6328540,010-2109-8765,없음,없음
정지아,wxy78wx,w@^6!7#,1061229-6691056,010-1098-7654,없음,없음
이지아,yza90bc,9@2!^K#,970316-4541705,010-0987-6543,없음,없음
정지연,dsff120d,x@^9!L#,001229-5544066,010-3244-3243,없음,없음
