﻿합정방면,광흥창방면,합정방면,광흥창방면
평일,평일,주말,주말
05:33첫,05:42첫,05:33첫,05:42첫
대흥응암순환,새절신내,대흥응암순환,새절신내
5:42,5:53,5:42,5:53
공덕응암순환,독바위봉화산,공덕응암순환,독바위봉화산
5:51,-,5:51,-
한강진응암순환,-,한강진응암순환,-
5:58,-,5:58,-
안암응암순환,-,안암응암순환,-
6:06,6:04,6:06,6:04
상월곡응암순환,응암신내,상월곡응암순환,응암신내
6:12,6:15,6:12,6:15
봉화산응암순환,응암봉화산,봉화산응암순환,응암봉화산
6:20,6:25,6:22,6:24
봉화산응암순환,응암신내,봉화산응암순환,응암신내
6:27,6:32,6:31,6:32
신내응암순환,응암봉화산,신내응암순환,응암봉화산
6:34,6:40,6:39,6:40
봉화산응암순환,응암신내,봉화산응암순환,응암신내
6:41,6:47,6:48,6:47
봉화산응암순환,응암봉화산,신내응암순환,응암봉화산
6:48,6:54,6:57,6:54
신내응암순환,응암신내,신내응암순환,응암봉화산
6:54,-,7:06,7:03
봉화산응암순환,-,봉화산응암순환,응암신내
7:00,7:01,7:15,7:12
신내응암순환,응암봉화산,신내응암순환,응암봉화산
7:06,7:08,7:24,7:20
봉화산응암순환,응암신내,봉화산응암순환,응암봉화산
7:11,7:15,7:33,7:29
봉화산응암순환,응암봉화산,신내응암순환,응암신내
7:17,7:22,7:42,7:38
신내응암순환,응암신내,봉화산응암순환,응암봉화산
7:22,7:29,7:51,7:47
봉화산응암순환,응암봉화산,신내응암순환,응암봉화산
7:26,7:35,-,7:56
봉화산응암순환,응암봉화산,-,응암신내
7:31,7:41,8:00,8:05
봉화산응암순환,응암신내,봉화산응암순환,응암봉화산
7:35,7:47,8:09,8:14
신내응암순환,응암봉화산,신내응암순환,응암봉화산
7:40,7:51,8:18,8:23
봉화산응암순환,새절봉화산,봉화산응암순환,응암신내
7:44,7:54,8:27,8:32
봉화산응암순환,응암봉화산,신내응암순환,응암봉화산
7:48,7:58,8:36,8:41
봉화산응암순환,응암신내,봉화산응암순환,응암봉화산
7:52,-,8:45,8:50
신내응암순환,-,봉화산응암순환,응암신내
7:56,-,8:54,8:59
봉화산응암순환,-,신내응암순환,응암봉화산
8:00,8:03,9:03,9:08
봉화산응암순환,응암봉화산,봉화산응암순환,응암봉화산
8:04,8:08,9:12,9:17
봉화산응암순환,응암봉화산,봉화산응암순환,응암신내
8:08,8:12,9:21,9:26
신내응암순환,응암봉화산,신내응암순환,응암봉화산
8:12,8:17,9:30,9:35
봉화산응암순환,응암봉화산,봉화산응암순환,응암봉화산
8:16,8:21,9:39,9:44
봉화산응암순환,응암신내,봉화산응암순환,응암신내
8:20,8:25,9:48,9:53
봉화산응암순환,응암봉화산,신내응암순환,응암봉화산
8:24,8:29,9:57,-
신내응암순환,응암봉화산,봉화산응암순환,-
8:28,8:33,10:06,10:02
봉화산응암순환,응암봉화산,봉화산응암순환,응암봉화산
8:32,8:37,10:15,10:11
봉화산응암순환,응암봉화산,신내응암순환,응암신내
8:36,8:41,10:24,10:20
봉화산응암순환,응암봉화산,봉화산응암순환,응암봉화산
8:40,8:45,10:33,10:29
신내응암순환,응암신내,봉화산응암순환,응암봉화산
8:44,8:49,10:42,10:38
봉화산응암순환,응암봉화산,신내응암순환,응암신내
8:48,8:53,10:51,10:47
봉화산응암순환,응암봉화산,봉화산응암순환,응암봉화산
8:52,8:57,-,10:56
봉화산응암순환,응암봉화산,-,응암봉화산
8:56,-,11:00,11:05
신내응암순환,-,봉화산응암순환,응암신내
9:01,9:01,11:09,11:14
봉화산응암순환,응암봉화산,신내응암순환,응암봉화산
9:05,9:05,11:18,11:23
봉화산응암순환,응암봉화산,봉화산응암순환,응암봉화산
9:10,9:09,11:27,11:32
봉화산새절,응암신내,봉화산응암순환,응암신내
9:15,9:13,11:36,11:41
신내응암순환,응암봉화산,신내응암순환,응암봉화산
9:20,9:17,11:45,11:50
봉화산응암순환,응암봉화산,봉화산응암순환,응암봉화산
9:26,9:21,11:54,11:59
봉화산응암순환,응암봉화산,봉화산응암순환,응암신내
9:32,9:25,12:03,12:08
신내응암순환,응암봉화산,신내응암순환,응암봉화산
9:39,9:29,12:12,12:17
봉화산응암순환,응암봉화산,봉화산응암순환,응암봉화산
9:46,9:33,12:21,12:26
봉화산응암순환,응암신내,봉화산응암순환,응암신내
9:54,9:38,12:30,12:35
신내응암순환,응암봉화산,신내응암순환,응암봉화산
-,9:42,12:39,12:44
-,응암봉화산,봉화산응암순환,응암봉화산
-,9:48,12:48,12:53
-,응암봉화산,봉화산응암순환,응암신내
-,9:56,12:57,-
-,응암신내,신내응암순환,-
10:02,10:02,13:06,13:02
봉화산응암순환,응암봉화산,봉화산응암순환,응암봉화산
10:10,10:07,13:15,13:11
봉화산응암순환,응암봉화산,봉화산응암순환,응암봉화산
10:18,10:13,13:24,13:20
신내응암순환,응암봉화산,신내응암순환,응암신내
10:26,10:20,13:33,13:29
봉화산응암순환,응암신내,봉화산응암순환,응암봉화산
10:34,10:27,13:42,13:38
봉화산응암순환,응암봉화산,봉화산응암순환,응암봉화산
10:42,10:35,13:51,13:47
신내응암순환,응암봉화산,신내응암순환,응암신내
10:50,10:43,-,13:56
봉화산응암순환,응암신내,-,응암봉화산
10:58,10:51,14:00,14:05
봉화산응암순환,응암봉화산,봉화산응암순환,응암봉화산
-,10:59,14:09,14:14
-,응암봉화산,봉화산응암순환,응암신내
11:06,11:07,14:18,14:23
신내응암순환,응암신내,신내응암순환,응암봉화산
11:14,11:15,14:27,14:32
봉화산응암순환,응암봉화산,봉화산응암순환,응암봉화산
11:22,11:23,14:36,14:41
봉화산응암순환,응암봉화산,봉화산응암순환,응암신내
11:30,11:31,14:45,14:50
신내응암순환,응암신내,신내응암순환,응암봉화산
11:38,11:39,14:54,14:59
봉화산응암순환,응암봉화산,봉화산응암순환,응암봉화산
11:46,11:47,15:03,15:08
봉화산응암순환,응암봉화산,봉화산응암순환,응암신내
11:54,11:55,15:12,15:17
신내응암순환,응암신내,신내응암순환,응암봉화산
12:02,12:03,15:21,15:26
봉화산응암순환,응암봉화산,봉화산응암순환,응암봉화산
12:10,12:11,15:30,15:35
봉화산응암순환,응암봉화산,봉화산응암순환,응암신내
12:17,12:19,15:39,15:44
신내응암순환,응암신내,신내응암순환,응암봉화산
12:25,12:27,15:48,15:53
봉화산응암순환,응암봉화산,봉화산응암순환,응암봉화산
12:33,12:35,15:57,-
봉화산응암순환,응암봉화산,봉화산응암순환,-
12:41,12:43,16:06,16:02
신내응암순환,응암신내,신내응암순환,응암신내
12:49,12:51,16:15,16:11
봉화산응암순환,응암봉화산,봉화산응암순환,응암봉화산
12:57,12:59,16:24,16:20
봉화산응암순환,응암봉화산,봉화산응암순환,응암봉화산
13:05,13:06,16:33,16:29
신내응암순환,응암신내,신내응암순환,응암신내
13:13,13:14,16:42,16:38
봉화산응암순환,응암봉화산,봉화산응암순환,응암봉화산
13:21,13:22,16:51,16:47
봉화산응암순환,응암봉화산,봉화산응암순환,응암봉화산
13:29,13:30,-,16:56
신내응암순환,응암신내,-,응암신내
13:37,13:38,17:00,17:05
봉화산응암순환,응암봉화산,신내응암순환,응암봉화산
13:45,13:46,17:09,17:14
봉화산응암순환,응암봉화산,봉화산응암순환,응암봉화산
13:53,13:54,17:18,17:23
신내응암순환,응암신내,봉화산응암순환,응암신내
14:01,14:02,17:27,17:32
봉화산응암순환,응암봉화산,신내응암순환,응암봉화산
14:09,14:10,17:36,17:41
봉화산응암순환,응암봉화산,봉화산응암순환,응암봉화산
14:17,14:18,17:45,17:50
신내응암순환,응암신내,봉화산응암순환,응암신내
14:25,14:26,17:54,17:59
봉화산응암순환,응암봉화산,신내응암순환,응암봉화산
14:33,14:34,18:03,18:08
봉화산응암순환,응암봉화산,봉화산응암순환,응암봉화산
14:40,14:42,18:12,18:17
신내응암순환,응암신내,봉화산응암순환,응암신내
14:48,14:50,18:21,18:26
봉화산응암순환,응암봉화산,신내응암순환,응암봉화산
14:56,14:58,18:30,18:35
봉화산응암순환,응암봉화산,봉화산응암순환,응암봉화산
15:04,15:06,18:39,18:44
신내응암순환,응암신내,봉화산응암순환,응암신내
15:12,15:14,18:48,18:53
봉화산응암순환,응암봉화산,신내응암순환,응암봉화산
15:20,15:22,18:57,-
봉화산응암순환,응암봉화산,봉화산응암순환,-
15:28,15:29,19:06,19:02
신내응암순환,응암신내,봉화산응암순환,응암봉화산
15:36,15:37,19:15,19:11
봉화산응암순환,응암봉화산,신내응암순환,응암신내
15:44,15:45,19:24,19:20
봉화산응암순환,응암봉화산,봉화산응암순환,응암봉화산
15:52,15:53,19:33,19:29
신내응암순환,응암신내,봉화산응암순환,응암봉화산
16:00,16:01,19:42,19:38
봉화산응암순환,응암봉화산,신내응암순환,응암신내
16:08,16:09,19:51,19:47
봉화산응암순환,응암봉화산,봉화산응암순환,응암봉화산
16:16,16:17,-,19:56
신내응암순환,응암신내,-,응암봉화산
16:24,16:25,20:00,20:05
봉화산응암순환,응암봉화산,봉화산응암순환,응암신내
16:32,16:33,20:09,20:14
봉화산응암순환,응암봉화산,신내응암순환,응암봉화산
16:40,16:41,20:18,20:23
신내응암순환,응암신내,봉화산응암순환,응암봉화산
16:48,16:49,20:27,20:32
봉화산응암순환,응암봉화산,봉화산응암순환,응암신내
16:55,16:57,20:36,20:41
봉화산응암순환,응암봉화산,신내응암순환,응암봉화산
17:01,17:05,20:45,20:50
신내응암순환,응암신내,봉화산응암순환,응암봉화산
17:07,17:13,20:54,20:59
봉화산응암순환,응암봉화산,봉화산응암순환,응암신내
17:13,17:21,21:03,21:08
봉화산응암순환,응암신내,신내응암순환,응암봉화산
17:19,17:30,21:12,21:17
봉화산응암순환,응암봉화산,봉화산응암순환,응암봉화산
17:25,17:37,21:22,21:26
신내응암순환,응암신내,봉화산응암순환,응암신내
17:31,17:43,21:32,21:35
봉화산응암순환,응암봉화산,신내응암순환,응암봉화산
17:37,17:48,21:42,21:44
봉화산응암순환,응암봉화산,봉화산응암순환,응암신내
17:43,17:55,21:52,21:53
봉화산응암순환,응암신내,봉화산응암순환,응암봉화산
17:49,-,22:02,22:03
신내응암순환,-,신내응암순환,응암봉화산
17:55,-,22:12,22:13
봉화산응암순환,-,봉화산응암순환,응암신내
18:01,18:00,22:22,22:23
봉화산응암순환,응암봉화산,봉화산응암순환,응암봉화산
18:07,18:06,22:32,22:33
봉화산응암순환,응암봉화산,신내응암순환,응암봉화산
18:13,18:12,22:42,22:43
신내응암순환,응암신내,봉화산응암순환,응암신내
18:19,18:18,22:53,22:53
봉화산응암순환,응암봉화산,신내응암순환,응암봉화산
18:25,18:24,23:04,23:03막
봉화산응암순환,응암봉화산,봉화산응암순환,응암신내
18:31,18:30,23:15,23:13
봉화산응암순환,응암봉화산,신내응암순환,응암봉화산
18:36,18:36,23:27막,23:23막
신내응암순환,응암신내,봉화산응암순환,응암봉화산
18:42,18:42,23:39막,23:34막
봉화산응암순환,응암봉화산,신내독바위,응암안암
18:47,18:48,23:50막,23:46막
봉화산응암순환,응암봉화산,봉화산응암,응암한강진
18:52,18:54,-,23:56막
신내응암순환,응암신내,-,응암공덕
18:57,-,-,-
봉화산응암순환,-,-,-
19:02,19:00,-,-
봉화산응암순환,응암봉화산,-,-
19:08,19:06,-,-
신내응암순환,응암봉화산,-,-
19:14,19:12,-,-
봉화산응암순환,응암봉화산,-,-
19:20,19:18,-,-
봉화산응암순환,응암신내,-,-
19:26,19:23,-,-
신내응암순환,응암봉화산,-,-
19:32,19:28,-,-
봉화산응암순환,응암봉화산,-,-
19:39,19:33,-,-
봉화산응암순환,응암신내,-,-
19:46,19:38,-,-
신내응암순환,응암봉화산,-,-
19:53,19:43,-,-
봉화산응암순환,응암봉화산,-,-
-,19:49,-,-
-,응암봉화산,-,-
-,19:55,-,-
-,응암봉화산,-,-
20:00,20:01,-,-
봉화산응암순환,응암신내,-,-
20:07,20:07,-,-
신내응암순환,응암봉화산,-,-
20:14,20:14,-,-
봉화산응암순환,응암신내,-,-
20:21,20:20,-,-
봉화산응암순환,응암봉화산,-,-
20:28,20:27,-,-
신내응암순환,응암봉화산,-,-
20:35,20:34,-,-
봉화산응암순환,응암신내,-,-
20:42,20:41,-,-
봉화산응암순환,응암봉화산,-,-
20:50,20:48,-,-
신내응암순환,응암봉화산,-,-
20:58,20:55,-,-
봉화산응암순환,응암신내,-,-
21:06,21:02,-,-
신내응암순환,응암봉화산,-,-
21:14,21:09,-,-
봉화산응암순환,응암봉화산,-,-
21:22,21:16,-,-
봉화산응암순환,응암신내,-,-
21:29,21:23,-,-
신내응암순환,응암봉화산,-,-
21:38,21:31,-,-
봉화산응암순환,응암봉화산,-,-
21:46,21:39,-,-
신내응암순환,응암봉화산,-,-
21:55,21:47,-,-
봉화산응암순환,응암신내,-,-
-,21:55,-,-
-,응암봉화산,-,-
22:04,22:03,-,-
신내응암순환,응암신내,-,-
22:13,22:11,-,-
봉화산응암순환,응암봉화산,-,-
22:21,22:20,-,-
봉화산응암순환,응암신내,-,-
22:29,22:28,-,-
신내응암순환,응암봉화산,-,-
22:38,22:37,-,-
봉화산응암순환,응암신내,-,-
22:47,22:45,-,-
신내응암순환,응암봉화산,-,-
22:56,22:54,-,-
봉화산응암순환,응암신내,-,-
23:06,23:02,-,-
봉화산응암순환,응암봉화산,-,-
23:15,23:10,-,-
신내응암순환,응암신내,-,-
23:27,23:19,-,-
봉화산응암순환,응암봉화산,-,-
23:35,23:28,-,-
신내응암순환,응암봉화산,-,-
23:43,23:37,-,-
봉화산응암순환,응암신내,-,-
23:53,23:47,-,-
신내응암순환,응암봉화산,-,-
-,23:57막,-,-
-,응암신내,-,-
0:02,0:08,-,-
봉화산독바위,응암봉화산,-,-
0:11,00:16막,-,-
신내응암순환,응암봉화산,-,-
00:26막,0:24,-,-
신내응암순환,응암대흥,-,-
00:42막,00:34막,-,-
신내새절,응암한강진,-,-
-,00:53막,-,-
-,응암공덕,-,-
