﻿삼각지방면,이태원방면,삼각지방면,이태원방면
평일,평일,주말,주말
05:39첫,05:39첫,05:39첫,05:39첫
한강진응암순환,공덕신내,한강진응암순환,공덕신내
5:47,5:54,5:47,5:54
안암응암순환,새절신내,안암응암순환,새절신내
5:54,,5:54,
상월곡응암순환,,상월곡응암순환,
6:01,6:05,6:01,6:05
봉화산응암순환,독바위봉화산,봉화산응암순환,독바위봉화산
6:08,6:15,6:10,6:15
봉화산응암순환,응암신내,봉화산응암순환,응암신내
6:15,6:26,6:19,6:26
신내응암순환,응암봉화산,신내응암순환,응암봉화산
6:22,6:36,6:28,6:35
봉화산응암순환,응암신내,봉화산응암순환,응암신내
6:29,6:44,6:37,6:44
봉화산응암순환,응암봉화산,신내응암순환,응암봉화산
6:36,6:51,6:46,6:51
신내응암순환,응암신내,신내응암순환,응암신내
6:42,6:59,6:55,6:59
봉화산응암순환,응암봉화산,봉화산응암순환,응암봉화산
6:48,,7:04,7:06
신내응암순환,,신내응암순환,응암봉화산
6:54,,7:13,7:15
봉화산응암순환,,봉화산응암순환,응암신내
6:59,,7:22,7:24
봉화산응암순환,,신내응암순환,응암봉화산
7:05,7:06,7:31,7:32
신내응암순환,응암신내,봉화산응암순환,응암봉화산
7:10,7:13,7:40,7:41
봉화산응암순환,응암봉화산,신내응암순환,응암신내
7:14,7:20,7:49,7:50
봉화산응암순환,응암신내,봉화산응암순환,응암봉화산
7:19,7:27,7:58,7:59
봉화산응암순환,응암봉화산,신내응암순환,응암봉화산
7:24,7:34,8:07,8:08
신내응암순환,응암신내,봉화산응암순환,응암신내
7:28,7:41,8:16,8:17
봉화산응암순환,응암봉화산,신내응암순환,응암봉화산
7:32,7:47,8:25,8:26
봉화산응암순환,응암봉화산,봉화산응암순환,응암봉화산
7:36,7:53,8:34,8:35
봉화산응암순환,응암신내,봉화산응암순환,응암신내
7:40,7:59,8:43,8:44
신내응암순환,응암봉화산,신내응암순환,응암봉화산
7:44,,8:52,8:53
봉화산응암순환,,봉화산응암순환,응암봉화산
7:48,,9:01,9:02
봉화산응암순환,,봉화산응암순환,응암신내
7:52,,9:10,9:11
봉화산응암순환,,신내응암순환,응암봉화산
7:56,,9:19,9:20
신내응암순환,,봉화산응암순환,응암봉화산
8:00,8:02,9:28,9:29
봉화산응암순환,새절봉화산,봉화산응암순환,응암신내
8:04,8:06,9:37,9:38
봉화산응암순환,응암봉화산,신내응암순환,응암봉화산
8:08,8:10,9:46,9:47
봉화산응암순환,응암신내,봉화산응암순환,응암봉화산
8:12,8:15,9:55,9:56
신내응암순환,응암봉화산,봉화산응암순환,응암신내
8:16,8:19,10:04,10:05
봉화산응암순환,응암봉화산,신내응암순환,응암봉화산
8:20,8:24,10:13,10:14
봉화산응암순환,응암봉화산,봉화산응암순환,응암봉화산
8:24,8:28,10:22,10:23
봉화산응암순환,응암봉화산,봉화산응암순환,응암신내
8:28,8:33,10:31,10:32
신내응암순환,응암신내,신내응암순환,응암봉화산
8:32,8:37,10:40,10:41
봉화산응암순환,응암봉화산,봉화산응암순환,응암봉화산
8:36,8:41,10:49,10:50
봉화산응암순환,응암봉화산,봉화산응암순환,응암신내
8:40,8:45,10:58,10:59
봉화산응암순환,응암봉화산,신내응암순환,응암봉화산
8:44,8:49,11:07,11:08
신내응암순환,응암봉화산,봉화산응암순환,응암봉화산
8:49,8:53,11:16,11:17
봉화산응암순환,응암봉화산,봉화산응암순환,응암신내
8:53,8:57,11:25,11:26
봉화산응암순환,응암신내,신내응암순환,응암봉화산
8:58,,11:34,11:35
봉화산새절,,봉화산응암순환,응암봉화산
9:03,9:01,11:43,11:44
신내응암순환,응암봉화산,봉화산응암순환,응암신내
9:08,9:05,11:52,11:53
봉화산응암순환,응암봉화산,신내응암순환,응암봉화산
9:14,9:09,12:01,12:02
봉화산응암순환,응암봉화산,봉화산응암순환,응암봉화산
9:20,9:13,12:10,12:11
신내응암순환,응암봉화산,봉화산응암순환,응암신내
9:27,9:17,12:19,12:20
봉화산응암순환,응암봉화산,신내응암순환,응암봉화산
9:34,9:21,12:28,12:29
봉화산응암순환,응암신내,봉화산응암순환,응암봉화산
9:42,9:25,12:37,12:38
신내응암순환,응암봉화산,봉화산응암순환,응암신내
9:50,9:29,12:46,12:47
봉화산응암순환,응암봉화산,신내응암순환,응암봉화산
9:58,9:33,12:55,12:56
봉화산응암순환,응암봉화산,봉화산응암순환,응암봉화산
,9:37,13:04,13:05
,응암봉화산,봉화산응암순환,응암신내
,9:41,13:13,13:14
,응암봉화산,신내응암순환,응암봉화산
,9:45,13:22,13:23
,응암신내,봉화산응암순환,응암봉화산
,9:50,13:31,13:32
,응암봉화산,봉화산응암순환,응암신내
,9:54,13:40,13:41
,응암봉화산,신내응암순환,응암봉화산
10:06,10:00,13:49,13:50
신내응암순환,응암봉화산,봉화산응암순환,응암봉화산
10:14,10:08,13:58,13:59
봉화산응암순환,응암신내,봉화산응암순환,응암신내
10:22,10:14,14:07,14:08
봉화산응암순환,응암봉화산,신내응암순환,응암봉화산
10:30,10:19,14:16,14:17
신내응암순환,응암봉화산,봉화산응암순환,응암봉화산
10:38,10:25,14:25,14:26
봉화산응암순환,응암봉화산,봉화산응암순환,응암신내
10:46,10:32,14:34,14:35
봉화산응암순환,응암신내,신내응암순환,응암봉화산
10:54,10:39,14:43,14:44
신내응암순환,응암봉화산,봉화산응암순환,응암봉화산
,10:47,14:52,14:53
,응암봉화산,봉화산응암순환,응암신내
,10:55,15:01,15:02
,응암신내,신내응암순환,응암봉화산
11:02,11:03,15:10,15:11
봉화산응암순환,응암봉화산,봉화산응암순환,응암봉화산
11:10,11:11,15:19,15:20
봉화산응암순환,응암봉화산,봉화산응암순환,응암신내
11:18,11:19,15:28,15:29
신내응암순환,응암신내,신내응암순환,응암봉화산
11:26,11:27,15:37,15:38
봉화산응암순환,응암봉화산,봉화산응암순환,응암봉화산
11:34,11:35,15:46,15:47
봉화산응암순환,응암봉화산,봉화산응암순환,응암신내
11:42,11:43,15:55,15:56
신내응암순환,응암신내,신내응암순환,응암봉화산
11:50,11:51,16:04,16:05
봉화산응암순환,응암봉화산,봉화산응암순환,응암봉화산
11:58,11:59,16:13,16:14
봉화산응암순환,응암봉화산,봉화산응암순환,응암신내
12:05,12:07,16:22,16:23
신내응암순환,응암신내,신내응암순환,응암봉화산
12:13,12:15,16:31,16:32
봉화산응암순환,응암봉화산,봉화산응암순환,응암봉화산
12:21,12:23,16:40,16:41
봉화산응암순환,응암봉화산,봉화산응암순환,응암신내
12:29,12:31,16:49,16:50
신내응암순환,응암신내,신내응암순환,응암봉화산
12:37,12:39,16:58,16:59
봉화산응암순환,응암봉화산,봉화산응암순환,응암봉화산
12:45,12:47,17:07,17:08
봉화산응암순환,응암봉화산,봉화산응암순환,응암신내
12:53,12:55,17:16,17:17
신내응암순환,응암신내,신내응암순환,응암봉화산
13:01,13:03,17:25,17:26
봉화산응암순환,응암봉화산,봉화산응암순환,응암봉화산
13:09,13:11,17:34,17:35
봉화산응암순환,응암봉화산,봉화산응암순환,응암신내
13:17,13:18,17:43,17:44
신내응암순환,응암신내,신내응암순환,응암봉화산
13:25,13:26,17:52,17:53
봉화산응암순환,응암봉화산,봉화산응암순환,응암봉화산
13:33,13:34,18:01,18:02
봉화산응암순환,응암봉화산,봉화산응암순환,응암신내
13:41,13:42,18:10,18:11
신내응암순환,응암신내,신내응암순환,응암봉화산
13:49,13:50,18:19,18:20
봉화산응암순환,응암봉화산,봉화산응암순환,응암봉화산
13:57,13:58,18:28,18:29
봉화산응암순환,응암봉화산,봉화산응암순환,응암신내
14:05,14:06,18:37,18:38
신내응암순환,응암신내,신내응암순환,응암봉화산
14:13,14:14,18:46,18:47
봉화산응암순환,응암봉화산,봉화산응암순환,응암봉화산
14:21,14:22,18:55,18:56
봉화산응암순환,응암봉화산,봉화산응암순환,응암신내
14:28,14:30,19:04,19:05
신내응암순환,응암신내,신내응암순환,응암봉화산
14:36,14:38,19:13,19:14
봉화산응암순환,응암봉화산,봉화산응암순환,응암봉화산
14:44,14:46,19:22,19:23
봉화산응암순환,응암봉화산,봉화산응암순환,응암신내
14:52,14:54,19:31,19:32
신내응암순환,응암신내,신내응암순환,응암봉화산
15:00,15:02,19:40,19:41
봉화산응암순환,응암봉화산,봉화산응암순환,응암봉화산
15:08,15:10,19:49,19:50
봉화산응암순환,응암봉화산,봉화산응암순환,응암신내
15:16,15:18,19:58,19:59
신내응암순환,응암신내,신내응암순환,응암봉화산
15:24,15:26,20:07,20:08
봉화산응암순환,응암봉화산,봉화산응암순환,응암봉화산
15:32,15:34,20:16,20:17
봉화산응암순환,응암봉화산,봉화산응암순환,응암신내
15:40,15:41,20:25,20:26
신내응암순환,응암신내,신내응암순환,응암봉화산
15:48,15:49,20:34,20:35
봉화산응암순환,응암봉화산,봉화산응암순환,응암봉화산
15:56,15:57,20:43,20:44
봉화산응암순환,응암봉화산,봉화산응암순환,응암신내
16:04,16:05,20:52,20:53
신내응암순환,응암신내,신내응암순환,응암봉화산
16:12,16:13,21:01,21:02
봉화산응암순환,응암봉화산,봉화산응암순환,응암봉화산
16:20,16:21,21:11,21:11
봉화산응암순환,응암봉화산,봉화산응암순환,응암신내
16:28,16:29,21:21,21:20
신내응암순환,응암신내,신내응암순환,응암봉화산
16:36,16:37,21:31,21:29
봉화산응암순환,응암봉화산,봉화산응암순환,응암봉화산
16:43,16:45,21:41,21:38
봉화산응암순환,응암봉화산,봉화산응암순환,응암신내
16:50,16:53,21:51,21:47
신내응암순환,응암신내,신내응암순환,응암봉화산
16:55,,,21:56
봉화산응암순환,,,응암신내
17:01,17:01,22:01,22:05
봉화산응암순환,응암봉화산,봉화산응암순환,응암봉화산
17:07,17:09,22:11,22:15
봉화산응암순환,응암봉화산,봉화산응암순환,응암봉화산
17:13,17:17,22:21,22:25
신내응암순환,응암신내,신내응암순환,응암신내
17:19,17:25,22:31,22:35
봉화산응암순환,응암봉화산,봉화산응암순환,응암봉화산
17:25,17:33,22:41,22:45
봉화산응암순환,응암신내,신내응암순환,응암봉화산
17:31,17:42,22:53,22:55
봉화산응암순환,응암봉화산,봉화산응암순환,응암신내
17:37,17:49,23:03,23:05
신내응암순환,응암신내,신내응암순환,응암봉화산
17:43,17:55,23:15막,23:15막
봉화산응암순환,응암봉화산,봉화산응암순환,응암신내
17:49,,23:27막,23:25
봉화산응암순환,,신내독바위,응암봉화산
17:55,,23:38막,23:35막
봉화산응암순환,,봉화산응암,응암봉화산
18:01,18:00,23:49막,23:46막
신내응암순환,응암봉화산,신내대흥,응암안암
18:07,18:07,,23:57막
봉화산응암순환,응암신내,,응암한강진
18:13,18:12,00:00막,
봉화산응암순환,응암봉화산,봉화산공덕,
18:19,18:18,,
봉화산응암순환,응암봉화산,,
18:24,18:24,,
신내응암순환,응암신내,,
18:30,18:30,,
봉화산응암순환,응암봉화산,,
18:35,18:36,,
봉화산응암순환,응암봉화산,,
18:40,18:42,,
신내응암순환,응암봉화산,,
18:45,18:48,,
봉화산응암순환,응암신내,,
18:50,18:54,,
봉화산응암순환,응암봉화산,,
18:56,,,
신내응암순환,,,
19:02,19:00,,
봉화산응암순환,응암봉화산,,
19:08,19:06,,
봉화산응암순환,응암신내,,
19:14,19:12,,
신내응암순환,응암봉화산,,
19:20,19:18,,
봉화산응암순환,응암봉화산,,
19:27,19:24,,
봉화산응암순환,응암봉화산,,
19:34,19:30,,
신내응암순환,응암신내,,
19:41,19:35,,
봉화산응암순환,응암봉화산,,
19:48,19:40,,
봉화산응암순환,응암봉화산,,
19:55,19:45,,
신내응암순환,응암신내,,
,19:50,,
,응암봉화산,,
,19:55,,
,응암봉화산,,
20:02,20:01,,
봉화산응암순환,응암봉화산,,
20:09,20:07,,
봉화산응암순환,응암봉화산,,
20:16,20:13,,
신내응암순환,응암신내,,
20:23,20:19,,
봉화산응암순환,응암봉화산,,
20:30,20:26,,
봉화산응암순환,응암신내,,
20:38,20:32,,
신내응암순환,응암봉화산,,
20:46,20:39,,
봉화산응암순환,응암봉화산,,
20:54,20:46,,
신내응암순환,응암신내,,
,20:53,,
,응암봉화산,,
21:02,21:00,,
봉화산응암순환,응암봉화산,,
21:10,21:07,,
봉화산응암순환,응암신내,,
21:17,21:14,,
신내응암순환,응암봉화산,,
21:27,21:21,,
봉화산응암순환,응암봉화산,,
21:34,21:28,,
신내응암순환,응암신내,,
21:43,21:35,,
봉화산응암순환,응암봉화산,,
21:52,21:43,,
신내응암순환,응암봉화산,,
,21:51,,
,응암봉화산,,
,21:59,,
,응암신내,,
22:01,22:07,,
봉화산응암순환,응암봉화산,,
22:09,22:15,,
봉화산응암순환,응암신내,,
22:17,22:22,,
신내응암순환,응암봉화산,,
22:26,22:31,,
봉화산응암순환,응암신내,,
22:35,22:40,,
신내응암순환,응암봉화산,,
22:44,22:49,,
봉화산응암순환,응암신내,,
22:54,22:57,,
봉화산응암순환,응암봉화산,,
23:04,23:06,,
신내응암순환,응암신내,,
23:15,23:14,,
봉화산응암순환,응암봉화산,,
23:23,23:22,,
신내응암순환,응암신내,,
23:31,23:31,,
봉화산응암순환,응암봉화산,,
23:41,23:40,,
신내응암순환,응암봉화산,,
23:50,23:49,,
봉화산독바위,응암신내,,
23:59,23:59,,
신내응암순환,응암봉화산,,
00:14막,00:08막,,
신내응암순환,응암신내,,
00:30막,0:20,,
신내새절,응암봉화산,,
00:49막,00:28막,,
신내공덕,응암봉화산,,
,00:46막,,
,응암한강진,,
