﻿녹사평방면,한강진방면,녹사평방면,한강진방면
평일,평일,주말,주말
05:38첫,05:41첫,05:38첫,05:41첫
한강진응암순환,공덕신내,한강진응암순환,공덕신내
5:45,5:55,5:45,5:55
안암응암순환,새절신내,안암응암순환,새절신내
5:53,,5:53,
상월곡응암순환,,상월곡응암순환,
5:59,,5:59,
봉화산응암순환,,봉화산응암순환,
6:06,6:06,6:09,6:06
봉화산응암순환,독바위봉화산,봉화산응암순환,독바위봉화산
6:13,6:17,6:18,6:17
신내응암순환,응암신내,신내응암순환,응암신내
6:20,6:28,6:26,6:28
봉화산응암순환,응암봉화산,봉화산응암순환,응암봉화산
6:27,6:38,6:35,6:37
봉화산응암순환,응암신내,신내응암순환,응암신내
6:34,6:46,6:44,6:46
신내응암순환,응암봉화산,신내응암순환,응암봉화산
6:40,6:53,6:53,6:53
봉화산응암순환,응암신내,봉화산응암순환,응암신내
6:46,,7:02,7:01
신내응암순환,,신내응암순환,응암봉화산
6:52,,7:11,7:08
봉화산응암순환,,봉화산응암순환,응암봉화산
6:58,,7:20,7:17
봉화산응암순환,,신내응암순환,응암신내
7:03,7:01,7:29,7:26
신내응암순환,응암봉화산,봉화산응암순환,응암봉화산
7:08,7:08,7:38,7:34
봉화산응암순환,응암신내,신내응암순환,응암봉화산
7:13,7:15,7:47,7:43
봉화산응암순환,응암봉화산,봉화산응암순환,응암신내
7:18,7:22,7:56,7:52
봉화산응암순환,응암신내,신내응암순환,응암봉화산
7:22,7:29,8:05,8:01
신내응암순환,응암봉화산,봉화산응암순환,응암봉화산
7:27,7:36,8:14,8:10
봉화산응암순환,응암신내,신내응암순환,응암신내
7:31,7:43,8:23,8:19
봉화산응암순환,응암봉화산,봉화산응암순환,응암봉화산
7:35,7:49,8:32,8:28
봉화산응암순환,응암봉화산,봉화산응암순환,응암봉화산
7:39,7:55,8:41,8:37
신내응암순환,응암신내,신내응암순환,응암신내
7:42,,8:50,8:46
봉화산응암순환,,봉화산응암순환,응암봉화산
7:46,,8:59,8:55
봉화산응암순환,,봉화산응암순환,응암봉화산
7:50,,9:08,9:04
봉화산응암순환,,신내응암순환,응암신내
7:55,,9:17,9:13
신내응암순환,,봉화산응암순환,응암봉화산
7:59,,9:26,9:22
봉화산응암순환,,봉화산응암순환,응암봉화산
8:03,8:01,9:35,9:31
봉화산응암순환,응암봉화산,신내응암순환,응암신내
8:07,8:04,9:44,9:40
봉화산응암순환,새절봉화산,봉화산응암순환,응암봉화산
8:11,8:08,9:53,9:49
신내응암순환,응암봉화산,봉화산응암순환,응암봉화산
8:15,8:12,,9:58
봉화산응암순환,응암신내,,응암신내
8:19,8:17,10:02,10:07
봉화산응암순환,응암봉화산,신내응암순환,응암봉화산
8:22,8:21,10:11,10:16
봉화산응암순환,응암봉화산,봉화산응암순환,응암봉화산
8:26,8:26,10:20,10:25
신내응암순환,응암봉화산,봉화산응암순환,응암신내
8:30,8:30,10:29,10:34
봉화산응암순환,응암봉화산,신내응암순환,응암봉화산
8:34,8:35,10:38,10:43
봉화산응암순환,응암신내,봉화산응암순환,응암봉화산
8:38,8:39,10:47,10:52
봉화산응암순환,응암봉화산,봉화산응암순환,응암신내
8:43,8:43,10:56,
신내응암순환,응암봉화산,신내응암순환,
8:47,8:47,11:05,11:01
봉화산응암순환,응암봉화산,봉화산응암순환,응암봉화산
8:52,8:51,11:14,11:10
봉화산응암순환,응암봉화산,봉화산응암순환,응암봉화산
8:56,8:55,11:23,11:19
봉화산새절,응암봉화산,신내응암순환,응암신내
,8:59,11:32,11:28
,응암신내,봉화산응암순환,응암봉화산
9:01,9:03,11:41,11:37
신내응암순환,응암봉화산,봉화산응암순환,응암봉화산
9:07,9:07,11:50,11:46
봉화산응암순환,응암봉화산,신내응암순환,응암신내
9:12,9:11,11:59,11:55
봉화산응암순환,응암봉화산,봉화산응암순환,응암봉화산
9:18,9:15,12:08,12:04
신내응암순환,응암봉화산,봉화산응암순환,응암봉화산
9:25,9:19,12:17,12:13
봉화산응암순환,응암봉화산,신내응암순환,응암신내
9:32,9:23,12:26,12:22
봉화산응암순환,응암신내,봉화산응암순환,응암봉화산
9:40,9:27,12:35,12:31
신내응암순환,응암봉화산,봉화산응암순환,응암봉화산
9:48,9:31,12:44,12:40
봉화산응암순환,응암봉화산,신내응암순환,응암신내
9:56,9:35,12:53,12:49
봉화산응암순환,응암봉화산,봉화산응암순환,응암봉화산
,9:39,,12:58
,응암봉화산,,응암봉화산
,9:43,13:02,13:07
,응암봉화산,봉화산응암순환,응암신내
,9:47,13:11,13:16
,응암신내,신내응암순환,응암봉화산
,9:51,13:20,13:25
,응암봉화산,봉화산응암순환,응암봉화산
,9:56,13:29,13:34
,응암봉화산,봉화산응암순환,응암신내
10:04,10:02,13:38,13:43
신내응암순환,응암봉화산,신내응암순환,응암봉화산
10:12,10:10,13:47,13:52
봉화산응암순환,응암신내,봉화산응암순환,응암봉화산
10:20,10:15,13:56,
봉화산응암순환,응암봉화산,봉화산응암순환,
10:28,10:21,14:05,14:01
신내응암순환,응암봉화산,신내응암순환,응암신내
10:36,10:27,14:14,14:10
봉화산응암순환,응암봉화산,봉화산응암순환,응암봉화산
10:44,10:34,14:23,14:19
봉화산응암순환,응암신내,봉화산응암순환,응암봉화산
10:52,10:41,14:32,14:28
신내응암순환,응암봉화산,신내응암순환,응암신내
,10:49,14:41,14:37
,응암봉화산,봉화산응암순환,응암봉화산
,10:57,14:50,14:46
,응암신내,봉화산응암순환,응암봉화산
11:00,11:05,14:59,14:55
봉화산응암순환,응암봉화산,신내응암순환,응암신내
11:08,11:13,15:08,15:04
봉화산응암순환,응암봉화산,봉화산응암순환,응암봉화산
11:16,11:21,15:17,15:13
신내응암순환,응암신내,봉화산응암순환,응암봉화산
11:24,11:29,15:26,15:22
봉화산응암순환,응암봉화산,신내응암순환,응암신내
11:32,11:37,15:35,15:31
봉화산응암순환,응암봉화산,봉화산응암순환,응암봉화산
11:40,11:45,15:44,15:40
신내응암순환,응암신내,봉화산응암순환,응암봉화산
11:48,11:53,15:53,15:49
봉화산응암순환,응암봉화산,신내응암순환,응암신내
11:56,,,15:58
봉화산응암순환,,,응암봉화산
12:04,12:01,16:02,16:07
신내응암순환,응암봉화산,봉화산응암순환,응암봉화산
12:11,12:09,16:11,16:16
봉화산응암순환,응암신내,봉화산응암순환,응암신내
12:19,12:17,16:20,16:25
봉화산응암순환,응암봉화산,신내응암순환,응암봉화산
12:27,12:25,16:29,16:34
신내응암순환,응암봉화산,봉화산응암순환,응암봉화산
12:35,12:33,16:38,16:43
봉화산응암순환,응암신내,봉화산응암순환,응암신내
12:43,12:41,16:47,16:52
봉화산응암순환,응암봉화산,신내응암순환,응암봉화산
12:51,12:49,16:56,
신내응암순환,응암봉화산,봉화산응암순환,
12:59,12:57,17:05,17:01
봉화산응암순환,응암신내,봉화산응암순환,응암봉화산
13:07,13:05,17:14,17:10
봉화산응암순환,응암봉화산,신내응암순환,응암신내
13:15,13:12,17:23,17:19
신내응암순환,응암봉화산,봉화산응암순환,응암봉화산
13:23,13:20,17:32,17:28
봉화산응암순환,응암신내,봉화산응암순환,응암봉화산
13:31,13:28,17:41,17:37
봉화산응암순환,응암봉화산,신내응암순환,응암신내
13:39,13:36,17:50,17:46
신내응암순환,응암봉화산,봉화산응암순환,응암봉화산
13:47,13:44,17:59,17:55
봉화산응암순환,응암신내,봉화산응암순환,응암봉화산
13:55,13:52,18:08,18:04
봉화산응암순환,응암봉화산,신내응암순환,응암신내
14:03,14:00,18:17,18:13
신내응암순환,응암봉화산,봉화산응암순환,응암봉화산
14:11,14:08,18:26,18:22
봉화산응암순환,응암신내,봉화산응암순환,응암봉화산
14:19,14:16,18:35,18:31
봉화산응암순환,응암봉화산,신내응암순환,응암신내
14:27,14:24,18:44,18:40
신내응암순환,응암봉화산,봉화산응암순환,응암봉화산
14:34,14:32,18:53,18:49
봉화산응암순환,응암신내,봉화산응암순환,응암봉화산
14:42,14:40,,18:58
봉화산응암순환,응암봉화산,,응암신내
14:50,14:48,19:02,19:07
신내응암순환,응암봉화산,신내응암순환,응암봉화산
14:58,14:56,19:11,19:16
봉화산응암순환,응암신내,봉화산응암순환,응암봉화산
15:06,15:04,19:20,19:25
봉화산응암순환,응암봉화산,봉화산응암순환,응암신내
15:14,15:12,19:29,19:34
신내응암순환,응암봉화산,신내응암순환,응암봉화산
15:22,15:20,19:38,19:43
봉화산응암순환,응암신내,봉화산응암순환,응암봉화산
15:30,15:28,19:47,19:52
봉화산응암순환,응암봉화산,봉화산응암순환,응암신내
15:38,15:35,19:56,
신내응암순환,응암봉화산,신내응암순환,
15:46,15:43,20:05,20:01
봉화산응암순환,응암신내,봉화산응암순환,응암봉화산
15:54,15:51,20:14,20:10
봉화산응암순환,응암봉화산,봉화산응암순환,응암봉화산
,15:59,20:23,20:19
,응암봉화산,신내응암순환,응암신내
16:02,16:07,20:32,20:28
신내응암순환,응암신내,봉화산응암순환,응암봉화산
16:10,16:15,20:41,20:37
봉화산응암순환,응암봉화산,봉화산응암순환,응암봉화산
16:18,16:23,20:50,20:46
봉화산응암순환,응암봉화산,신내응암순환,응암신내
16:26,16:31,20:59,20:55
신내응암순환,응암신내,봉화산응암순환,응암봉화산
16:35,16:39,21:09,21:04
봉화산응암순환,응암봉화산,봉화산응암순환,응암봉화산
16:42,16:47,21:19,21:13
봉화산응암순환,응암봉화산,신내응암순환,응암신내
16:48,16:55,21:29,21:22
신내응암순환,응암신내,봉화산응암순환,응암봉화산
16:54,,21:39,21:31
봉화산응암순환,,봉화산응암순환,응암봉화산
17:00,17:03,21:49,21:40
봉화산응암순환,응암봉화산,신내응암순환,응암신내
17:05,17:11,21:59,21:49
봉화산응암순환,응암봉화산,봉화산응암순환,응암봉화산
17:11,17:19,,21:58
신내응암순환,응암신내,,응암신내
17:17,17:27,22:09,22:07
봉화산응암순환,응암봉화산,봉화산응암순환,응암봉화산
17:23,17:35,22:19,22:17
봉화산응암순환,응암신내,신내응암순환,응암봉화산
17:29,17:43,22:29,22:27
봉화산응암순환,응암봉화산,봉화산응암순환,응암신내
17:35,17:50,22:40,22:37
신내응암순환,응암신내,신내응암순환,응암봉화산
17:41,17:56,22:51,22:47
봉화산응암순환,응암봉화산,봉화산응암순환,응암봉화산
17:47,,,22:57
봉화산응암순환,,,응암신내
17:53,,23:02,23:07
봉화산응암순환,,신내응암순환,응암봉화산
17:59,,23:14막,23:17막
신내응암순환,,봉화산응암순환,응암신내
18:05,18:02,23:26막,23:27
봉화산응암순환,응암봉화산,신내독바위,응암봉화산
18:11,18:08,23:37막,23:37막
봉화산응암순환,응암신내,봉화산응암,응암봉화산
18:17,18:14,23:48막,23:48막
봉화산응암순환,응암봉화산,신내대흥,응암안암
18:23,18:20,23:59막,23:59막
신내응암순환,응암봉화산,봉화산공덕,응암한강진
18:28,18:26,,
봉화산응암순환,응암신내,,
18:33,18:32,,
봉화산응암순환,응암봉화산,,
18:38,18:38,,
신내응암순환,응암봉화산,,
18:43,18:44,,
봉화산응암순환,응암봉화산,,
18:48,18:50,,
봉화산응암순환,응암신내,,
18:54,18:56,,
신내응암순환,응암봉화산,,
19:00,19:02,,
봉화산응암순환,응암봉화산,,
19:06,19:08,,
봉화산응암순환,응암신내,,
19:12,19:14,,
신내응암순환,응암봉화산,,
19:19,19:20,,
봉화산응암순환,응암봉화산,,
19:25,19:26,,
봉화산응암순환,응암봉화산,,
19:32,19:31,,
신내응암순환,응암신내,,
19:39,19:37,,
봉화산응암순환,응암봉화산,,
19:46,19:42,,
봉화산응암순환,응암봉화산,,
19:53,19:47,,
신내응암순환,응암신내,,
,19:52,,
,응암봉화산,,
,19:57,,
,응암봉화산,,
20:00,20:03,,
봉화산응암순환,응암봉화산,,
20:07,20:09,,
봉화산응암순환,응암봉화산,,
20:14,20:15,,
신내응암순환,응암신내,,
20:21,20:21,,
봉화산응암순환,응암봉화산,,
20:28,20:27,,
봉화산응암순환,응암신내,,
20:36,20:34,,
신내응암순환,응암봉화산,,
20:44,20:41,,
봉화산응암순환,응암봉화산,,
20:52,20:48,,
신내응암순환,응암신내,,
,20:55,,
,응암봉화산,,
21:00,21:02,,
봉화산응암순환,응암봉화산,,
21:08,21:09,,
봉화산응암순환,응암신내,,
21:16,21:16,,
신내응암순환,응암봉화산,,
21:25,21:23,,
봉화산응암순환,응암봉화산,,
21:33,21:30,,
신내응암순환,응암신내,,
21:41,21:37,,
봉화산응암순환,응암봉화산,,
21:50,21:45,,
신내응암순환,응암봉화산,,
21:59,21:53,,
봉화산응암순환,응암봉화산,,
22:07,22:01,,
봉화산응암순환,응암신내,,
22:15,22:09,,
신내응암순환,응암봉화산,,
22:24,22:17,,
봉화산응암순환,응암신내,,
22:33,22:24,,
신내응암순환,응암봉화산,,
22:42,22:33,,
봉화산응암순환,응암신내,,
22:52,22:41,,
봉화산응암순환,응암봉화산,,
,22:50,,
,응암신내,,
,22:59,,
,응암봉화산,,
23:02,23:08,,
신내응암순환,응암신내,,
23:13,23:16,,
봉화산응암순환,응암봉화산,,
23:21,23:23,,
신내응암순환,응암신내,,
23:29,23:32,,
봉화산응암순환,응암봉화산,,
23:39,23:42,,
신내응암순환,응암봉화산,,
23:48,23:50,,
봉화산독바위,응암신내,,
23:57,,,
신내응암순환,,,
00:13막,0:00,,
신내응암순환,응암봉화산,,
00:29막,00:10막,,
신내새절,응암신내,,
00:48막,0:21,,
신내공덕,응암봉화산,,
,00:30막,,
,응암봉화산,,
,00:48막,,
,응암한강진,,
