﻿동묘앞방면,보문방면,동묘앞방면,보문방면
평일,평일,주말,주말
05:33첫,05:40첫,05:33첫,05:40첫
안암응암순환,한강진신내,안암응암순환,한강진신내
5:40,5:53,5:40,5:53
상월곡응암순환,공덕신내,상월곡응암순환,공덕신내
5:47,,5:47,
봉화산응암순환,,봉화산응암순환,
5:54,,5:56,
봉화산응암순환,,봉화산응암순환,
6:01,6:08,6:05,6:08
신내응암순환,새절신내,신내응암순환,새절신내
6:08,6:18,6:14,6:18
봉화산응암순환,독바위봉화산,봉화산응암순환,독바위봉화산
6:15,6:29,6:23,6:29
봉화산응암순환,응암신내,신내응암순환,응암신내
6:22,6:40,6:32,6:40
신내응암순환,응암봉화산,신내응암순환,응암봉화산
6:28,6:50,6:41,6:49
봉화산응암순환,응암신내,봉화산응암순환,응암신내
6:34,6:58,6:50,6:58
신내응암순환,응암봉화산,신내응암순환,응암봉화산
6:40,,6:59,
봉화산응암순환,,봉화산응암순환,
6:46,,7:08,7:05
봉화산응암순환,,신내응암순환,응암신내
6:51,,7:17,7:13
신내응암순환,,봉화산응암순환,응암봉화산
6:56,,7:26,7:20
봉화산응암순환,,신내응암순환,응암봉화산
7:01,7:05,7:35,7:29
봉화산응암순환,응암신내,봉화산응암순환,응암신내
7:05,7:13,7:44,7:38
봉화산응암순환,응암봉화산,신내응암순환,응암봉화산
7:10,7:20,7:53,7:46
신내응암순환,응암신내,봉화산응암순환,응암봉화산
7:14,7:27,,7:55
봉화산응암순환,응암봉화산,,응암신내
7:18,7:34,8:02,8:04
봉화산응암순환,응암신내,신내응암순환,응암봉화산
7:22,7:41,8:11,8:13
봉화산응암순환,응암봉화산,봉화산응암순환,응암봉화산
7:26,7:48,8:20,8:22
신내응암순환,응암신내,봉화산응암순환,응암신내
7:30,7:55,8:29,8:31
봉화산응암순환,응암봉화산,신내응암순환,응암봉화산
7:34,,8:38,8:40
봉화산응암순환,,봉화산응암순환,응암봉화산
7:38,,8:47,8:49
봉화산응암순환,,봉화산응암순환,응암신내
7:42,,8:56,8:58
신내응암순환,,신내응암순환,응암봉화산
7:46,,9:05,9:07
봉화산응암순환,,봉화산응암순환,응암봉화산
7:50,,9:14,9:16
봉화산응암순환,,봉화산응암순환,응암신내
7:54,,9:23,9:25
봉화산응암순환,,신내응암순환,응암봉화산
7:58,,9:32,9:34
신내응암순환,,봉화산응암순환,응암봉화산
8:02,8:01,9:41,9:43
봉화산응암순환,응암봉화산,봉화산응암순환,응암신내
8:06,8:07,9:50,9:52
봉화산응암순환,응암신내,신내응암순환,응암봉화산
8:10,8:13,9:59,
봉화산응암순환,응암봉화산,봉화산응암순환,
8:14,8:16,10:08,10:01
신내응암순환,새절봉화산,봉화산응암순환,응암봉화산
8:18,8:20,10:17,10:10
봉화산응암순환,응암봉화산,신내응암순환,응암신내
8:22,8:24,10:26,10:19
봉화산응암순환,응암신내,봉화산응암순환,응암봉화산
8:26,8:29,10:35,10:28
봉화산응암순환,응암봉화산,봉화산응암순환,응암봉화산
8:31,8:33,10:44,10:37
신내응암순환,응암봉화산,신내응암순환,응암신내
8:35,8:38,10:53,10:46
봉화산응암순환,응암봉화산,봉화산응암순환,응암봉화산
8:40,8:42,,10:55
봉화산응암순환,응암봉화산,,응암봉화산
8:44,8:47,11:02,11:04
봉화산새절,응암신내,봉화산응암순환,응암신내
8:49,8:51,11:11,11:13
신내응암순환,응암봉화산,신내응암순환,응암봉화산
8:55,8:55,11:20,11:22
봉화산응암순환,응암봉화산,봉화산응암순환,응암봉화산
,8:59,11:29,11:31
,응암봉화산,봉화산응암순환,응암신내
9:00,9:03,11:38,11:40
봉화산응암순환,응암봉화산,신내응암순환,응암봉화산
9:06,9:07,11:47,11:49
신내응암순환,응암봉화산,봉화산응암순환,응암봉화산
9:13,9:11,11:56,11:58
봉화산응암순환,응암신내,봉화산응암순환,응암신내
9:20,9:15,12:05,12:07
봉화산응암순환,응암봉화산,신내응암순환,응암봉화산
9:28,9:19,12:14,12:16
신내응암순환,응암봉화산,봉화산응암순환,응암봉화산
9:36,9:23,12:23,12:25
봉화산응암순환,응암봉화산,봉화산응암순환,응암신내
9:44,9:27,12:32,12:34
봉화산응암순환,응암봉화산,신내응암순환,응암봉화산
9:52,9:31,12:41,12:43
신내응암순환,응암봉화산,봉화산응암순환,응암봉화산
,9:35,12:50,12:52
,응암신내,봉화산응암순환,응암신내
,9:39,12:59,
,응암봉화산,신내응암순환,
,9:43,13:08,13:01
,응암봉화산,봉화산응암순환,응암봉화산
,9:47,13:17,13:10
,응암봉화산,봉화산응암순환,응암봉화산
,9:51,13:26,13:19
,응암봉화산,신내응암순환,응암신내
,9:55,13:35,13:28
,응암봉화산,봉화산응암순환,응암봉화산
,9:59,13:44,13:37
,응암신내,봉화산응암순환,응암봉화산
10:00,10:03,13:53,13:46
봉화산응암순환,응암봉화산,신내응암순환,응암신내
10:08,10:08,,13:55
봉화산응암순환,응암봉화산,,응암봉화산
10:16,10:14,14:02,14:04
신내응암순환,응암봉화산,봉화산응암순환,응암봉화산
10:24,10:22,14:11,14:13
봉화산응암순환,응암신내,봉화산응암순환,응암신내
10:32,10:27,14:20,14:22
봉화산응암순환,응암봉화산,신내응암순환,응암봉화산
10:40,10:33,14:29,14:31
신내응암순환,응암봉화산,봉화산응암순환,응암봉화산
10:48,10:39,14:38,14:40
봉화산응암순환,응암봉화산,봉화산응암순환,응암신내
10:56,10:46,14:47,14:49
봉화산응암순환,응암신내,신내응암순환,응암봉화산
,10:53,14:56,14:58
,응암봉화산,봉화산응암순환,응암봉화산
11:04,11:01,15:05,15:07
신내응암순환,응암봉화산,봉화산응암순환,응암신내
11:12,11:09,15:14,15:16
봉화산응암순환,응암신내,신내응암순환,응암봉화산
11:20,11:17,15:23,15:25
봉화산응암순환,응암봉화산,봉화산응암순환,응암봉화산
11:28,11:25,15:32,15:34
신내응암순환,응암봉화산,봉화산응암순환,응암신내
11:36,11:33,15:41,15:43
봉화산응암순환,응암신내,신내응암순환,응암봉화산
11:44,11:41,15:50,15:52
봉화산응암순환,응암봉화산,봉화산응암순환,응암봉화산
11:52,11:49,15:59,
신내응암순환,응암봉화산,봉화산응암순환,
11:59,11:57,16:08,16:01
봉화산응암순환,응암신내,신내응암순환,응암신내
12:07,12:05,16:17,16:10
봉화산응암순환,응암봉화산,봉화산응암순환,응암봉화산
12:15,12:13,16:26,16:19
신내응암순환,응암봉화산,봉화산응암순환,응암봉화산
12:23,12:21,16:35,16:28
봉화산응암순환,응암신내,신내응암순환,응암신내
12:31,12:29,16:44,16:37
봉화산응암순환,응암봉화산,봉화산응암순환,응암봉화산
12:39,12:37,16:53,16:46
신내응암순환,응암봉화산,봉화산응암순환,응암봉화산
12:47,12:45,,16:55
봉화산응암순환,응암신내,,응암신내
12:55,12:53,17:02,17:04
봉화산응암순환,응암봉화산,신내응암순환,응암봉화산
13:03,13:01,17:11,17:13
신내응암순환,응암봉화산,봉화산응암순환,응암봉화산
13:11,13:09,17:20,17:22
봉화산응암순환,응암신내,봉화산응암순환,응암신내
13:19,13:17,17:29,17:31
봉화산응암순환,응암봉화산,신내응암순환,응암봉화산
13:27,13:24,17:38,17:40
신내응암순환,응암봉화산,봉화산응암순환,응암봉화산
13:35,13:32,17:47,17:49
봉화산응암순환,응암신내,봉화산응암순환,응암신내
13:43,13:40,17:56,17:58
봉화산응암순환,응암봉화산,신내응암순환,응암봉화산
13:51,13:48,18:05,18:07
신내응암순환,응암봉화산,봉화산응암순환,응암봉화산
13:59,13:56,18:14,18:16
봉화산응암순환,응암신내,봉화산응암순환,응암신내
14:07,14:04,18:23,18:25
봉화산응암순환,응암봉화산,신내응암순환,응암봉화산
14:15,14:12,18:32,18:34
신내응암순환,응암봉화산,봉화산응암순환,응암봉화산
14:22,14:20,18:41,18:43
봉화산응암순환,응암신내,봉화산응암순환,응암신내
14:30,14:28,18:50,18:52
봉화산응암순환,응암봉화산,신내응암순환,응암봉화산
14:38,14:36,18:59,
신내응암순환,응암봉화산,봉화산응암순환,
14:46,14:44,19:08,19:01
봉화산응암순환,응암신내,봉화산응암순환,응암봉화산
14:54,14:52,19:17,19:10
봉화산응암순환,응암봉화산,신내응암순환,응암신내
15:02,15:00,19:26,19:19
신내응암순환,응암봉화산,봉화산응암순환,응암봉화산
15:10,15:08,19:35,19:28
봉화산응암순환,응암신내,봉화산응암순환,응암봉화산
15:18,15:16,19:44,19:37
봉화산응암순환,응암봉화산,신내응암순환,응암신내
15:26,15:24,19:53,19:46
신내응암순환,응암봉화산,봉화산응암순환,응암봉화산
15:34,15:32,,19:55
봉화산응암순환,응암신내,,응암봉화산
15:42,15:40,20:02,20:04
봉화산응암순환,응암봉화산,봉화산응암순환,응암신내
15:50,15:47,20:11,20:13
신내응암순환,응암봉화산,신내응암순환,응암봉화산
15:58,15:55,20:20,20:22
봉화산응암순환,응암신내,봉화산응암순환,응암봉화산
16:06,16:03,20:29,20:31
봉화산응암순환,응암봉화산,봉화산응암순환,응암신내
16:14,16:11,20:38,20:40
신내응암순환,응암봉화산,신내응암순환,응암봉화산
16:23,16:19,20:47,20:49
봉화산응암순환,응암신내,봉화산응암순환,응암봉화산
16:30,16:27,20:57,20:58
봉화산응암순환,응암봉화산,봉화산응암순환,응암신내
16:36,16:35,21:07,21:07
신내응암순환,응암봉화산,신내응암순환,응암봉화산
16:41,16:43,21:17,21:16
봉화산응암순환,응암신내,봉화산응암순환,응암봉화산
16:48,16:51,21:27,21:25
봉화산응암순환,응암봉화산,봉화산응암순환,응암신내
16:53,16:59,21:37,21:34
봉화산응암순환,응암봉화산,신내응암순환,응암봉화산
16:59,,21:47,21:43
신내응암순환,,봉화산응암순환,응암봉화산
17:05,17:07,21:57,21:52
봉화산응암순환,응암신내,봉화산응암순환,응암신내
17:11,17:15,22:07,22:01
봉화산응암순환,응암봉화산,신내응암순환,응암봉화산
17:17,17:23,22:17,22:10
봉화산응암순환,응암봉화산,봉화산응암순환,응암신내
17:23,17:31,22:27,22:19
신내응암순환,응암신내,신내응암순환,응암봉화산
17:29,17:39,22:39,22:29
봉화산응암순환,응암봉화산,봉화산응암순환,응암봉화산
17:35,17:47,22:49,22:39
봉화산응암순환,응암신내,신내응암순환,응암신내
17:41,17:55,,22:49
봉화산응암순환,응암봉화산,,응암봉화산
17:47,,,22:59
신내응암순환,,,응암봉화산
17:53,,23:01막,23:09
봉화산응암순환,,봉화산응암순환,응암신내
17:59,,23:13막,23:19
봉화산응암순환,,신내독바위,응암봉화산
18:05,18:02,23:24막,23:29막
봉화산응암순환,응암신내,봉화산응암,응암신내
18:11,18:08,23:35막,23:39
신내응암순환,응암봉화산,신내대흥,응암봉화산
18:16,18:14,23:46막,23:49막
봉화산응암순환,응암봉화산,봉화산공덕,응암봉화산
18:21,18:20,23:57막,
봉화산응암순환,응암신내,봉화산한강진,
18:26,18:26,,00:00막
신내응암순환,응암봉화산,,응암안암
18:31,18:32,,
봉화산응암순환,응암봉화산,,
18:36,18:38,,
봉화산응암순환,응암신내,,
18:42,18:44,,
신내응암순환,응암봉화산,,
18:48,18:50,,
봉화산응암순환,응암봉화산,,
18:54,18:56,,
봉화산응암순환,응암봉화산,,
19:00,19:02,,
신내응암순환,응암신내,,
19:07,19:08,,
봉화산응암순환,응암봉화산,,
19:13,19:14,,
봉화산응암순환,응암봉화산,,
19:20,19:20,,
신내응암순환,응암신내,,
19:27,19:26,,
봉화산응암순환,응암봉화산,,
19:34,19:32,,
봉화산응암순환,응암봉화산,,
19:41,19:38,,
신내응암순환,응암봉화산,,
19:48,19:43,,
봉화산응암순환,응암신내,,
19:55,19:49,,
봉화산응암순환,응암봉화산,,
,19:54,,
,응암봉화산,,
,19:59,,
,응암신내,,
20:02,20:04,,
신내응암순환,응암봉화산,,
20:09,20:09,,
봉화산응암순환,응암봉화산,,
20:16,20:15,,
봉화산응암순환,응암봉화산,,
20:24,20:21,,
신내응암순환,응암봉화산,,
20:32,20:27,,
봉화산응암순환,응암신내,,
20:40,20:33,,
신내응암순환,응암봉화산,,
20:48,20:39,,
봉화산응암순환,응암신내,,
20:56,20:46,,
봉화산응암순환,응암봉화산,,
,20:53,,
,응암봉화산,,
21:04,21:00,,
신내응암순환,응암신내,,
21:13,21:07,,
봉화산응암순환,응암봉화산,,
21:21,21:14,,
신내응암순환,응암봉화산,,
21:29,21:21,,
봉화산응암순환,응암신내,,
21:38,21:28,,
신내응암순환,응암봉화산,,
21:47,21:35,,
봉화산응암순환,응암봉화산,,
21:55,21:42,,
봉화산응암순환,응암신내,,
,21:49,,
,응암봉화산,,
,21:57,,
,응암봉화산,,
22:03,22:05,,
신내응암순환,응암봉화산,,
22:12,22:13,,
봉화산응암순환,응암신내,,
22:21,22:21,,
신내응암순환,응암봉화산,,
22:30,22:29,,
봉화산응암순환,응암신내,,
22:40,22:36,,
봉화산응암순환,응암봉화산,,
22:50,22:45,,
신내응암순환,응암신내,,
,22:53,,
,응암봉화산,,
23:01,23:02,,
봉화산응암순환,응암신내,,
23:09,23:11,,
신내응암순환,응암봉화산,,
23:17,23:20,,
봉화산응암순환,응암신내,,
23:27,23:28,,
신내응암순환,응암봉화산,,
23:36,23:35,,
봉화산독바위,응암신내,,
23:45,23:44,,
신내응암순환,응암봉화산,,
,23:54,,
,응암봉화산,,
00:00막,0:02,,
신내응암순환,응암신내,,
00:16막,0:12,,
신내새절,응암봉화산,,
00:35막,00:22막,,
신내공덕,응암신내,,
00:49막,0:33,,
봉화산한강진,응암봉화산,,
,00:42막,,
,응암봉화산,,
