﻿광흥창방면,공덕방면,광흥창방면,공덕방면
평일,평일,주말,주말
05:30첫,05:46첫,05:30첫,05:46첫
대흥응암순환,새절신내,대흥응암순환,새절신내
5:38,5:57,5:38,5:57
공덕응암순환,독바위봉화산,공덕응암순환,독바위봉화산
5:47,,5:47,
한강진응암순환,,한강진응암순환,
5:55,,5:55,
안암응암순환,,안암응암순환,
6:02,6:08,6:02,6:08
상월곡응암순환,응암신내,상월곡응암순환,응암신내
6:09,6:18,6:09,6:18
봉화산응암순환,응암봉화산,봉화산응암순환,응암봉화산
6:16,6:28,6:18,6:27
봉화산응암순환,응암신내,봉화산응암순환,응암신내
6:23,6:36,6:27,6:36
신내응암순환,응암봉화산,신내응암순환,응암봉화산
6:30,6:43,6:36,6:43
봉화산응암순환,응암신내,봉화산응암순환,응암신내
6:37,6:51,6:45,6:51
봉화산응암순환,응암봉화산,신내응암순환,응암봉화산
6:44,6:58,6:54,6:58
신내응암순환,응암신내,신내응암순환,응암봉화산
6:50,,7:03,7:07
봉화산응암순환,,봉화산응암순환,응암신내
6:56,,7:12,7:16
신내응암순환,,신내응암순환,응암봉화산
7:02,7:05,7:21,7:24
봉화산응암순환,응암봉화산,봉화산응암순환,응암봉화산
7:08,7:12,7:30,7:33
봉화산응암순환,응암신내,신내응암순환,응암신내
7:13,7:19,7:39,7:42
신내응암순환,응암봉화산,봉화산응암순환,응암봉화산
7:18,7:26,7:48,7:51
봉화산응암순환,응암신내,신내응암순환,응암봉화산
7:23,7:33,7:57,
봉화산응암순환,응암봉화산,봉화산응암순환,
7:27,7:39,8:06,8:00
봉화산응암순환,응암봉화산,신내응암순환,응암신내
7:32,7:45,8:15,8:09
신내응암순환,응암신내,봉화산응암순환,응암봉화산
7:36,7:51,8:24,8:18
봉화산응암순환,응암봉화산,신내응암순환,응암봉화산
7:40,7:54,8:33,8:27
봉화산응암순환,새절봉화산,봉화산응암순환,응암신내
7:44,7:58,8:42,8:36
봉화산응암순환,응암봉화산,봉화산응암순환,응암봉화산
7:48,,8:51,8:45
신내응암순환,,신내응암순환,응암봉화산
7:52,,,8:54
봉화산응암순환,,,응암신내
7:56,,9:00,9:03
봉화산응암순환,,봉화산응암순환,응암봉화산
8:00,8:02,9:09,9:12
봉화산응암순환,응암신내,봉화산응암순환,응암봉화산
8:04,8:07,9:18,9:21
신내응암순환,응암봉화산,신내응암순환,응암신내
8:08,8:11,9:27,9:30
봉화산응암순환,응암봉화산,봉화산응암순환,응암봉화산
8:12,8:16,9:36,9:39
봉화산응암순환,응암봉화산,봉화산응암순환,응암봉화산
8:16,8:20,9:45,9:48
봉화산응암순환,응암봉화산,신내응암순환,응암신내
8:20,8:25,9:54,9:57
신내응암순환,응암신내,봉화산응암순환,응암봉화산
8:24,8:29,10:03,10:06
봉화산응암순환,응암봉화산,봉화산응암순환,응암봉화산
8:28,8:33,10:12,10:15
봉화산응암순환,응암봉화산,신내응암순환,응암신내
8:32,8:37,10:21,10:24
봉화산응암순환,응암봉화산,봉화산응암순환,응암봉화산
8:36,8:41,10:30,10:33
신내응암순환,응암봉화산,봉화산응암순환,응암봉화산
8:40,8:45,10:39,10:42
봉화산응암순환,응암봉화산,신내응암순환,응암신내
8:44,8:49,10:48,10:51
봉화산응암순환,응암신내,봉화산응암순환,응암봉화산
8:48,8:53,10:57,
봉화산응암순환,응암봉화산,봉화산응암순환,
8:53,8:57,11:06,11:00
신내응암순환,응암봉화산,신내응암순환,응암봉화산
8:57,,11:15,11:09
봉화산응암순환,,봉화산응암순환,응암신내
9:02,9:01,11:24,11:18
봉화산응암순환,응암봉화산,봉화산응암순환,응암봉화산
9:06,9:05,11:33,11:27
봉화산새절,응암봉화산,신내응암순환,응암봉화산
9:11,9:09,11:42,11:36
신내응암순환,응암봉화산,봉화산응암순환,응암신내
9:17,9:13,11:51,11:45
봉화산응암순환,응암신내,봉화산응암순환,응암봉화산
9:22,9:17,,11:54
봉화산응암순환,응암봉화산,,응암봉화산
9:28,9:21,12:00,12:03
신내응암순환,응암봉화산,신내응암순환,응암신내
9:35,9:25,12:09,12:12
봉화산응암순환,응암봉화산,봉화산응암순환,응암봉화산
9:42,9:29,12:18,12:21
봉화산응암순환,응암봉화산,봉화산응암순환,응암봉화산
9:50,9:33,12:27,12:30
신내응암순환,응암봉화산,신내응암순환,응암신내
9:58,9:37,12:36,12:39
봉화산응암순환,응암신내,봉화산응암순환,응암봉화산
,9:42,12:45,12:48
,응암봉화산,봉화산응암순환,응암봉화산
,9:46,12:54,12:57
,응암봉화산,신내응암순환,응암신내
,9:52,13:03,13:06
,응암봉화산,봉화산응암순환,응암봉화산
10:06,10:00,13:12,13:15
봉화산응암순환,응암신내,봉화산응암순환,응암봉화산
10:14,10:06,13:21,13:24
신내응암순환,응암봉화산,신내응암순환,응암신내
10:22,10:11,13:30,13:33
봉화산응암순환,응암봉화산,봉화산응암순환,응암봉화산
10:30,10:17,13:39,13:42
봉화산응암순환,응암봉화산,봉화산응암순환,응암봉화산
10:38,10:24,13:48,13:51
신내응암순환,응암신내,신내응암순환,응암신내
10:46,10:31,13:57,
봉화산응암순환,응암봉화산,봉화산응암순환,
10:54,10:39,14:06,14:00
봉화산응암순환,응암봉화산,봉화산응암순환,응암봉화산
,10:47,14:15,14:09
,응암신내,신내응암순환,응암봉화산
,10:55,14:24,14:18
,응암봉화산,봉화산응암순환,응암신내
11:02,11:03,14:33,14:27
신내응암순환,응암봉화산,봉화산응암순환,응암봉화산
11:10,11:11,14:42,14:36
봉화산응암순환,응암신내,신내응암순환,응암봉화산
11:18,11:19,14:51,14:45
봉화산응암순환,응암봉화산,봉화산응암순환,응암신내
11:26,11:27,,14:54
신내응암순환,응암봉화산,,응암봉화산
11:34,11:35,15:00,15:03
봉화산응암순환,응암신내,봉화산응암순환,응암봉화산
11:42,11:43,15:09,15:12
봉화산응암순환,응암봉화산,신내응암순환,응암신내
11:50,11:51,15:18,15:21
신내응암순환,응암봉화산,봉화산응암순환,응암봉화산
11:58,11:59,15:27,15:30
봉화산응암순환,응암신내,봉화산응암순환,응암봉화산
12:06,12:07,15:36,15:39
봉화산응암순환,응암봉화산,신내응암순환,응암신내
12:14,12:15,15:45,15:48
신내응암순환,응암봉화산,봉화산응암순환,응암봉화산
12:21,12:23,15:54,15:57
봉화산응암순환,응암신내,봉화산응암순환,응암봉화산
12:29,12:31,16:03,16:06
봉화산응암순환,응암봉화산,신내응암순환,응암신내
12:37,12:39,16:12,16:15
신내응암순환,응암봉화산,봉화산응암순환,응암봉화산
12:45,12:47,16:21,16:24
봉화산응암순환,응암신내,봉화산응암순환,응암봉화산
12:53,12:55,16:30,16:33
봉화산응암순환,응암봉화산,신내응암순환,응암신내
13:01,13:03,16:39,16:42
신내응암순환,응암봉화산,봉화산응암순환,응암봉화산
13:09,13:10,16:48,16:51
봉화산응암순환,응암신내,봉화산응암순환,응암봉화산
13:17,13:18,16:57,
봉화산응암순환,응암봉화산,신내응암순환,
13:25,13:26,17:06,17:00
신내응암순환,응암봉화산,봉화산응암순환,응암신내
13:33,13:34,17:15,17:09
봉화산응암순환,응암신내,봉화산응암순환,응암봉화산
13:41,13:42,17:24,17:18
봉화산응암순환,응암봉화산,신내응암순환,응암봉화산
13:49,13:50,17:33,17:27
신내응암순환,응암봉화산,봉화산응암순환,응암신내
13:57,13:58,17:42,17:36
봉화산응암순환,응암신내,봉화산응암순환,응암봉화산
14:05,14:06,17:51,17:45
봉화산응암순환,응암봉화산,신내응암순환,응암봉화산
14:13,14:14,,17:54
신내응암순환,응암봉화산,,응암신내
14:21,14:22,18:00,18:03
봉화산응암순환,응암신내,봉화산응암순환,응암봉화산
14:29,14:30,18:09,18:12
봉화산응암순환,응암봉화산,봉화산응암순환,응암봉화산
14:37,14:38,18:18,18:21
신내응암순환,응암봉화산,신내응암순환,응암신내
14:44,14:46,18:27,18:30
봉화산응암순환,응암신내,봉화산응암순환,응암봉화산
14:52,14:54,18:36,18:39
봉화산응암순환,응암봉화산,봉화산응암순환,응암봉화산
15:00,15:02,18:45,18:48
신내응암순환,응암봉화산,신내응암순환,응암신내
15:08,15:10,18:54,18:57
봉화산응암순환,응암신내,봉화산응암순환,응암봉화산
15:16,15:18,19:03,19:06
봉화산응암순환,응암봉화산,봉화산응암순환,응암봉화산
15:24,15:26,19:12,19:15
신내응암순환,응암봉화산,신내응암순환,응암신내
15:32,15:33,19:21,19:24
봉화산응암순환,응암신내,봉화산응암순환,응암봉화산
15:40,15:41,19:30,19:33
봉화산응암순환,응암봉화산,봉화산응암순환,응암봉화산
15:48,15:49,19:39,19:42
신내응암순환,응암봉화산,신내응암순환,응암신내
15:56,15:57,19:48,19:51
봉화산응암순환,응암신내,봉화산응암순환,응암봉화산
16:04,16:05,19:57,
봉화산응암순환,응암봉화산,봉화산응암순환,
16:12,16:13,20:06,20:00
신내응암순환,응암봉화산,신내응암순환,응암봉화산
16:20,16:21,20:15,20:09
봉화산응암순환,응암신내,봉화산응암순환,응암신내
16:28,16:29,20:24,20:18
봉화산응암순환,응암봉화산,봉화산응암순환,응암봉화산
16:36,16:37,20:33,20:27
신내응암순환,응암봉화산,신내응암순환,응암봉화산
16:44,16:45,20:42,20:36
봉화산응암순환,응암신내,봉화산응암순환,응암신내
16:51,16:53,20:51,20:45
봉화산응암순환,응암봉화산,봉화산응암순환,응암봉화산
16:58,,,20:54
신내응암순환,,,응암봉화산
17:03,17:01,21:00,21:03
봉화산응암순환,응암봉화산,신내응암순환,응암신내
17:09,17:09,21:09,21:12
봉화산응암순환,응암신내,봉화산응암순환,응암봉화산
17:15,17:17,21:19,21:21
봉화산응암순환,응암봉화산,봉화산응암순환,응암봉화산
17:21,17:25,21:29,21:30
신내응암순환,응암신내,신내응암순환,응암신내
17:27,17:34,21:39,21:39
봉화산응암순환,응암봉화산,봉화산응암순환,응암봉화산
17:33,17:41,21:49,21:48
봉화산응암순환,응암신내,봉화산응암순환,응암신내
17:39,17:47,21:59,21:57
봉화산응암순환,응암봉화산,신내응암순환,응암봉화산
17:45,17:52,22:09,22:07
신내응암순환,응암봉화산,봉화산응암순환,응암봉화산
17:51,17:59,22:19,22:17
봉화산응암순환,응암신내,봉화산응암순환,응암신내
17:57,,22:29,22:27
봉화산응암순환,,신내응암순환,응암봉화산
18:03,18:04,22:39,22:37
봉화산응암순환,응암봉화산,봉화산응암순환,응암봉화산
18:09,18:10,22:49,22:47
신내응암순환,응암봉화산,신내응암순환,응암신내
18:15,18:16,,22:57
봉화산응암순환,응암신내,,응암봉화산
18:21,18:22,23:01,23:07막
봉화산응암순환,응암봉화산,봉화산응암순환,응암신내
18:27,18:28,23:11,23:17
봉화산응암순환,응암봉화산,신내응암순환,응암봉화산
18:33,18:34,23:23막,23:27막
신내응암순환,응암봉화산,봉화산응암순환,응암봉화산
18:38,18:40,23:35막,23:38막
봉화산응암순환,응암신내,신내독바위,응암안암
18:43,18:46,23:46막,23:49막
봉화산응암순환,응암봉화산,봉화산응암,응암한강진
18:48,18:52,,00:00막
신내응암순환,응암봉화산,,응암공덕
18:53,18:58,,
봉화산응암순환,응암신내,,
18:58,,,
봉화산응암순환,,,
19:04,19:04,,
신내응암순환,응암봉화산,,
19:10,19:10,,
봉화산응암순환,응암봉화산,,
19:16,19:16,,
봉화산응암순환,응암봉화산,,
19:22,19:22,,
신내응암순환,응암신내,,
19:29,19:27,,
봉화산응암순환,응암봉화산,,
19:35,19:32,,
봉화산응암순환,응암봉화산,,
19:42,19:37,,
신내응암순환,응암신내,,
19:49,19:42,,
봉화산응암순환,응암봉화산,,
19:56,19:47,,
봉화산응암순환,응암봉화산,,
,19:53,,
,응암봉화산,,
,19:59,,
,응암봉화산,,
20:03,20:05,,
신내응암순환,응암신내,,
20:10,20:11,,
봉화산응암순환,응암봉화산,,
20:17,20:18,,
봉화산응암순환,응암신내,,
20:24,20:24,,
신내응암순환,응암봉화산,,
20:31,20:31,,
봉화산응암순환,응암봉화산,,
20:38,20:38,,
봉화산응암순환,응암신내,,
20:46,20:45,,
신내응암순환,응암봉화산,,
20:54,20:52,,
봉화산응암순환,응암봉화산,,
,20:59,,
,응암신내,,
21:02,21:06,,
신내응암순환,응암봉화산,,
21:10,21:13,,
봉화산응암순환,응암봉화산,,
21:18,21:20,,
봉화산응암순환,응암신내,,
21:26,21:27,,
신내응암순환,응암봉화산,,
21:35,21:35,,
봉화산응암순환,응암봉화산,,
21:43,21:43,,
신내응암순환,응암봉화산,,
21:51,21:51,,
봉화산응암순환,응암신내,,
,21:59,,
,응암봉화산,,
22:00,22:07,,
신내응암순환,응암신내,,
22:09,22:14,,
봉화산응암순환,응암봉화산,,
22:17,22:23,,
봉화산응암순환,응암신내,,
22:25,22:32,,
신내응암순환,응암봉화산,,
22:34,22:41,,
봉화산응암순환,응암신내,,
22:43,22:49,,
신내응암순환,응암봉화산,,
22:52,22:58,,
봉화산응암순환,응암신내,,
23:02,23:06,,
봉화산응암순환,응암봉화산,,
23:12,23:14,,
신내응암순환,응암신내,,
23:23,23:23,,
봉화산응암순환,응암봉화산,,
23:31,23:32,,
신내응암순환,응암봉화산,,
23:39,23:41,,
봉화산응암순환,응암신내,,
23:49,23:51,,
신내응암순환,응암봉화산,,
23:58,,,
봉화산독바위,,,
0:07,00:00막,,
신내응암순환,응암신내,,
00:22막,0:12,,
신내응암순환,응암봉화산,,
00:38막,00:20막,,
신내새절,응암봉화산,,
,00:38막,,
,응암한강진,,
,00:58막,,
,응암공덕,,
