﻿효창공원앞방면,녹사평방면,효창공원앞방면,녹사평방면
평일,평일,주말,주말
05:41첫,05:37첫,05:41첫,05:37첫
한강진응암순환,공덕신내,한강진응암순환,공덕신내
5:49,5:52,5:49,5:52
안암응암순환,새절신내,안암응암순환,새절신내
5:56,,5:56,
상월곡응암순환,,상월곡응암순환,
6:03,6:03,6:03,6:03
봉화산응암순환,독바위봉화산,봉화산응암순환,독바위봉화산
6:10,6:13,6:12,6:13
봉화산응암순환,응암신내,봉화산응암순환,응암신내
6:17,6:24,6:21,6:24
신내응암순환,응암봉화산,신내응암순환,응암봉화산
6:24,6:34,6:30,6:33
봉화산응암순환,응암신내,봉화산응암순환,응암신내
6:31,6:42,6:39,6:42
봉화산응암순환,응암봉화산,신내응암순환,응암봉화산
6:38,6:49,6:48,6:49
신내응암순환,응암신내,신내응암순환,응암신내
6:44,6:57,6:57,6:57
봉화산응암순환,응암봉화산,봉화산응암순환,응암봉화산
6:50,,7:06,7:04
신내응암순환,,신내응암순환,응암봉화산
6:56,,7:15,7:13
봉화산응암순환,,봉화산응암순환,응암신내
7:02,7:04,7:24,7:22
봉화산응암순환,응암신내,신내응암순환,응암봉화산
7:07,7:11,7:33,7:30
신내응암순환,응암봉화산,봉화산응암순환,응암봉화산
7:12,7:18,7:42,7:39
봉화산응암순환,응암신내,신내응암순환,응암신내
7:17,7:25,7:51,7:48
봉화산응암순환,응암봉화산,봉화산응암순환,응암봉화산
7:21,7:32,,7:57
봉화산응암순환,응암신내,,응암봉화산
7:26,7:39,8:00,8:06
신내응암순환,응암봉화산,신내응암순환,응암신내
7:30,7:45,8:09,8:15
봉화산응암순환,응암봉화산,봉화산응암순환,응암봉화산
7:34,7:51,8:18,8:24
봉화산응암순환,응암신내,신내응암순환,응암봉화산
7:38,7:57,8:27,8:33
봉화산응암순환,응암봉화산,봉화산응암순환,응암신내
7:42,,8:36,8:42
신내응암순환,,봉화산응암순환,응암봉화산
7:46,,8:45,8:51
봉화산응암순환,,신내응암순환,응암봉화산
7:50,,8:54,
봉화산응암순환,,봉화산응암순환,
7:54,,9:03,9:00
봉화산응암순환,,봉화산응암순환,응암신내
7:58,,9:12,9:09
신내응암순환,,신내응암순환,응암봉화산
8:02,8:00,9:21,9:18
봉화산응암순환,새절봉화산,봉화산응암순환,응암봉화산
8:06,8:04,9:30,9:27
봉화산응암순환,응암봉화산,봉화산응암순환,응암신내
8:10,8:08,9:39,9:36
봉화산응암순환,응암신내,신내응암순환,응암봉화산
8:14,8:13,9:48,9:45
신내응암순환,응암봉화산,봉화산응암순환,응암봉화산
8:18,8:17,9:57,9:54
봉화산응암순환,응암봉화산,봉화산응암순환,응암신내
8:22,8:22,10:06,10:03
봉화산응암순환,응암봉화산,신내응암순환,응암봉화산
8:26,8:26,10:15,10:12
봉화산응암순환,응암봉화산,봉화산응암순환,응암봉화산
8:30,8:31,10:24,10:21
신내응암순환,응암신내,봉화산응암순환,응암신내
8:34,8:35,10:33,10:30
봉화산응암순환,응암봉화산,신내응암순환,응암봉화산
8:38,8:39,10:42,10:39
봉화산응암순환,응암봉화산,봉화산응암순환,응암봉화산
8:42,8:43,10:51,10:48
봉화산응암순환,응암봉화산,봉화산응암순환,응암신내
8:47,8:47,,10:57
신내응암순환,응암봉화산,,응암봉화산
8:51,8:51,11:00,11:06
봉화산응암순환,응암봉화산,신내응암순환,응암봉화산
8:56,8:55,11:09,11:15
봉화산응암순환,응암신내,봉화산응암순환,응암신내
,8:59,11:18,11:24
,응암봉화산,봉화산응암순환,응암봉화산
9:00,9:03,11:27,11:33
봉화산새절,응암봉화산,신내응암순환,응암봉화산
9:05,9:07,11:36,11:42
신내응암순환,응암봉화산,봉화산응암순환,응암신내
9:11,9:11,11:45,11:51
봉화산응암순환,응암봉화산,봉화산응암순환,응암봉화산
9:16,9:15,11:54,
봉화산응암순환,응암봉화산,신내응암순환,
9:22,9:19,12:03,12:00
신내응암순환,응암신내,봉화산응암순환,응암봉화산
9:29,9:23,12:12,12:09
봉화산응암순환,응암봉화산,봉화산응암순환,응암신내
9:36,9:27,12:21,12:18
봉화산응암순환,응암봉화산,신내응암순환,응암봉화산
9:44,9:31,12:30,12:27
신내응암순환,응암봉화산,봉화산응암순환,응암봉화산
9:52,9:35,12:39,12:36
봉화산응암순환,응암봉화산,봉화산응암순환,응암신내
,9:39,12:48,12:45
,응암봉화산,신내응암순환,응암봉화산
,9:43,12:57,12:54
,응암신내,봉화산응암순환,응암봉화산
,9:48,13:06,13:03
,응암봉화산,봉화산응암순환,응암신내
,9:52,13:15,13:12
,응암봉화산,신내응암순환,응암봉화산
,9:58,13:24,13:21
,응암봉화산,봉화산응암순환,응암봉화산
10:00,10:06,13:33,13:30
봉화산응암순환,응암신내,봉화산응암순환,응암신내
10:08,10:12,13:42,13:39
신내응암순환,응암봉화산,신내응암순환,응암봉화산
10:16,10:17,13:51,13:48
봉화산응암순환,응암봉화산,봉화산응암순환,응암봉화산
10:24,10:23,,13:57
봉화산응암순환,응암봉화산,,응암신내
10:32,10:30,14:00,14:06
신내응암순환,응암신내,봉화산응암순환,응암봉화산
10:40,10:37,14:09,14:15
봉화산응암순환,응암봉화산,신내응암순환,응암봉화산
10:48,10:45,14:18,14:24
봉화산응암순환,응암봉화산,봉화산응암순환,응암신내
10:56,10:53,14:27,14:33
신내응암순환,응암신내,봉화산응암순환,응암봉화산
11:04,11:01,14:36,14:42
봉화산응암순환,응암봉화산,신내응암순환,응암봉화산
11:12,11:09,14:45,14:51
봉화산응암순환,응암봉화산,봉화산응암순환,응암신내
11:20,11:17,14:54,
신내응암순환,응암신내,봉화산응암순환,
11:28,11:25,15:03,15:00
봉화산응암순환,응암봉화산,신내응암순환,응암봉화산
11:36,11:33,15:12,15:09
봉화산응암순환,응암봉화산,봉화산응암순환,응암봉화산
11:44,11:41,15:21,15:18
신내응암순환,응암신내,봉화산응암순환,응암신내
11:52,11:49,15:30,15:27
봉화산응암순환,응암봉화산,신내응암순환,응암봉화산
,11:57,15:39,15:36
,응암봉화산,봉화산응암순환,응암봉화산
12:00,12:05,15:48,15:45
봉화산응암순환,응암신내,봉화산응암순환,응암신내
12:08,12:13,15:57,15:54
신내응암순환,응암봉화산,신내응암순환,응암봉화산
12:15,12:21,16:06,16:03
봉화산응암순환,응암봉화산,봉화산응암순환,응암봉화산
12:23,12:29,16:15,16:12
봉화산응암순환,응암신내,봉화산응암순환,응암신내
12:31,12:37,16:24,16:21
신내응암순환,응암봉화산,신내응암순환,응암봉화산
12:39,12:45,16:33,16:30
봉화산응암순환,응암봉화산,봉화산응암순환,응암봉화산
12:47,12:53,16:42,16:39
봉화산응암순환,응암신내,봉화산응암순환,응암신내
12:55,,16:51,16:48
신내응암순환,,신내응암순환,응암봉화산
13:03,13:01,,16:57
봉화산응암순환,응암봉화산,,응암봉화산
13:11,13:09,17:00,17:06
봉화산응암순환,응암봉화산,봉화산응암순환,응암신내
13:19,13:16,17:09,17:15
신내응암순환,응암신내,봉화산응암순환,응암봉화산
13:27,13:24,17:18,17:24
봉화산응암순환,응암봉화산,신내응암순환,응암봉화산
13:35,13:32,17:27,17:33
봉화산응암순환,응암봉화산,봉화산응암순환,응암신내
13:43,13:40,17:36,17:42
신내응암순환,응암신내,봉화산응암순환,응암봉화산
13:51,13:48,17:45,17:51
봉화산응암순환,응암봉화산,신내응암순환,응암봉화산
13:59,13:56,17:54,
봉화산응암순환,응암봉화산,봉화산응암순환,
14:07,14:04,18:03,18:00
신내응암순환,응암신내,봉화산응암순환,응암신내
14:15,14:12,18:12,18:09
봉화산응암순환,응암봉화산,신내응암순환,응암봉화산
14:23,14:20,18:21,18:18
봉화산응암순환,응암봉화산,봉화산응암순환,응암봉화산
14:31,14:28,18:30,18:27
신내응암순환,응암신내,봉화산응암순환,응암신내
14:38,14:36,18:39,18:36
봉화산응암순환,응암봉화산,신내응암순환,응암봉화산
14:46,14:44,18:48,18:45
봉화산응암순환,응암봉화산,봉화산응암순환,응암봉화산
14:54,14:52,18:57,18:54
신내응암순환,응암신내,봉화산응암순환,응암신내
15:02,15:00,19:06,19:03
봉화산응암순환,응암봉화산,신내응암순환,응암봉화산
15:10,15:08,19:15,19:12
봉화산응암순환,응암봉화산,봉화산응암순환,응암봉화산
15:18,15:16,19:24,19:21
신내응암순환,응암신내,봉화산응암순환,응암신내
15:26,15:24,19:33,19:30
봉화산응암순환,응암봉화산,신내응암순환,응암봉화산
15:34,15:32,19:42,19:39
봉화산응암순환,응암봉화산,봉화산응암순환,응암봉화산
15:42,15:39,19:51,19:48
신내응암순환,응암신내,봉화산응암순환,응암신내
15:50,15:47,,19:57
봉화산응암순환,응암봉화산,,응암봉화산
15:58,15:55,20:00,20:06
봉화산응암순환,응암봉화산,신내응암순환,응암봉화산
16:06,16:03,20:09,20:15
신내응암순환,응암신내,봉화산응암순환,응암신내
16:14,16:11,20:18,20:24
봉화산응암순환,응암봉화산,봉화산응암순환,응암봉화산
16:22,16:19,20:27,20:33
봉화산응암순환,응암봉화산,신내응암순환,응암봉화산
16:30,16:27,20:36,20:42
신내응암순환,응암신내,봉화산응암순환,응암신내
16:39,16:35,20:45,20:51
봉화산응암순환,응암봉화산,봉화산응암순환,응암봉화산
16:46,16:43,20:54,
봉화산응암순환,응암봉화산,신내응암순환,
16:52,16:51,21:03,21:00
신내응암순환,응암신내,봉화산응암순환,응암봉화산
16:57,16:59,21:13,21:09
봉화산응암순환,응암봉화산,봉화산응암순환,응암신내
17:04,17:07,21:23,21:18
봉화산응암순환,응암봉화산,신내응암순환,응암봉화산
17:09,17:15,21:33,21:27
봉화산응암순환,응암신내,봉화산응암순환,응암봉화산
17:15,17:23,21:43,21:36
신내응암순환,응암봉화산,봉화산응암순환,응암신내
17:21,17:31,21:53,21:45
봉화산응암순환,응암신내,신내응암순환,응암봉화산
17:27,17:40,,21:54
봉화산응암순환,응암봉화산,,응암신내
17:33,17:47,22:03,22:03
봉화산응암순환,응암신내,봉화산응암순환,응암봉화산
17:39,17:53,22:13,22:13
신내응암순환,응암봉화산,봉화산응암순환,응암봉화산
17:45,17:58,22:23,22:23
봉화산응암순환,응암봉화산,신내응암순환,응암신내
17:51,,22:33,22:33
봉화산응암순환,,봉화산응암순환,응암봉화산
17:57,,22:43,22:43
봉화산응암순환,,신내응암순환,응암봉화산
18:03,18:05,22:55,22:53
신내응암순환,응암신내,봉화산응암순환,응암신내
18:09,18:10,23:05,23:03
봉화산응암순환,응암봉화산,신내응암순환,응암봉화산
18:15,18:16,23:17막,23:13막
봉화산응암순환,응암봉화산,봉화산응암순환,응암신내
18:21,18:22,23:29막,23:23
봉화산응암순환,응암신내,신내독바위,응암봉화산
18:27,18:28,23:40막,23:33막
신내응암순환,응암봉화산,봉화산응암,응암봉화산
18:32,18:34,23:51막,23:44막
봉화산응암순환,응암봉화산,신내대흥,응암안암
18:37,18:40,,23:55막
봉화산응암순환,응암봉화산,,응암한강진
18:42,18:46,00:02막,
신내응암순환,응암신내,봉화산공덕,
18:47,18:52,,
봉화산응암순환,응암봉화산,,
18:52,18:58,,
봉화산응암순환,응암봉화산,,
18:58,,,
신내응암순환,,,
19:04,19:04,,
봉화산응암순환,응암신내,,
19:10,19:10,,
봉화산응암순환,응암봉화산,,
19:16,19:16,,
신내응암순환,응암봉화산,,
19:23,19:22,,
봉화산응암순환,응암봉화산,,
19:29,19:28,,
봉화산응암순환,응암신내,,
19:36,19:33,,
신내응암순환,응암봉화산,,
19:43,19:38,,
봉화산응암순환,응암봉화산,,
19:50,19:43,,
봉화산응암순환,응암신내,,
19:57,19:48,,
신내응암순환,응암봉화산,,
,19:53,,
,응암봉화산,,
,19:59,,
,응암봉화산,,
20:04,20:05,,
봉화산응암순환,응암봉화산,,
20:11,20:11,,
봉화산응암순환,응암신내,,
20:18,20:17,,
신내응암순환,응암봉화산,,
20:25,20:24,,
봉화산응암순환,응암신내,,
20:32,20:30,,
봉화산응암순환,응암봉화산,,
20:40,20:37,,
신내응암순환,응암봉화산,,
20:48,20:44,,
봉화산응암순환,응암신내,,
20:56,20:51,,
신내응암순환,응암봉화산,,
,20:58,,
,응암봉화산,,
21:04,21:05,,
봉화산응암순환,응암신내,,
21:12,21:12,,
봉화산응암순환,응암봉화산,,
21:20,21:19,,
신내응암순환,응암봉화산,,
21:29,21:26,,
봉화산응암순환,응암신내,,
21:37,21:33,,
신내응암순환,응암봉화산,,
21:45,21:41,,
봉화산응암순환,응암봉화산,,
21:54,21:49,,
신내응암순환,응암봉화산,,
,21:57,,
,응암신내,,
22:03,22:05,,
봉화산응암순환,응암봉화산,,
22:11,22:13,,
봉화산응암순환,응암신내,,
22:19,22:20,,
신내응암순환,응암봉화산,,
22:28,22:29,,
봉화산응암순환,응암신내,,
22:37,22:38,,
신내응암순환,응암봉화산,,
22:46,22:47,,
봉화산응암순환,응암신내,,
22:56,22:55,,
봉화산응암순환,응암봉화산,,
23:06,23:04,,
신내응암순환,응암신내,,
23:17,23:12,,
봉화산응암순환,응암봉화산,,
23:25,23:20,,
신내응암순환,응암신내,,
23:33,23:29,,
봉화산응암순환,응암봉화산,,
23:43,23:38,,
신내응암순환,응암봉화산,,
23:52,23:47,,
봉화산독바위,응암신내,,
,23:57,,
,응암봉화산,,
0:01,00:06막,,
신내응암순환,응암신내,,
00:16막,0:18,,
신내응암순환,응암봉화산,,
00:32막,00:26막,,
신내새절,응암봉화산,,
00:51막,00:44막,,
신내공덕,응암한강진,,
