﻿버티고개방면,청구방면,버티고개방면,청구방면
평일,평일,주말,주말
05:40첫,05:33첫,05:40첫,05:33첫
안암응암순환,한강진신내,안암응암순환,한강진신내
5:47,5:47,5:47,5:47
상월곡응암순환,공덕신내,상월곡응암순환,공덕신내
5:54,,5:54,
봉화산응암순환,,봉화산응암순환,
6:01,6:01,6:03,6:01
봉화산응암순환,새절신내,봉화산응암순환,새절신내
6:08,6:12,6:12,6:12
신내응암순환,독바위봉화산,신내응암순환,독바위봉화산
6:15,6:23,6:21,6:23
봉화산응암순환,응암신내,봉화산응암순환,응암신내
6:22,6:34,6:30,6:34
봉화산응암순환,응암봉화산,신내응암순환,응암봉화산
6:29,6:43,6:39,6:42
신내응암순환,응암신내,신내응암순환,응암신내
6:35,6:51,6:48,6:51
봉화산응암순환,응암봉화산,봉화산응암순환,응암봉화산
6:41,6:59,6:57,6:59
신내응암순환,응암신내,신내응암순환,응암신내
6:47,,7:06,7:06
봉화산응암순환,,봉화산응암순환,응암봉화산
6:53,,7:15,7:13
봉화산응암순환,,신내응암순환,응암봉화산
6:58,,7:24,7:22
신내응암순환,,봉화산응암순환,응암신내
7:03,7:06,7:33,7:31
봉화산응암순환,응암봉화산,신내응암순환,응암봉화산
7:08,7:13,7:42,7:39
봉화산응암순환,응암신내,봉화산응암순환,응암봉화산
7:12,7:20,7:51,7:48
봉화산응암순환,응암봉화산,신내응암순환,응암신내
7:17,7:27,,7:57
신내응암순환,응암신내,,응암봉화산
7:21,7:34,8:00,8:06
봉화산응암순환,응암봉화산,봉화산응암순환,응암봉화산
7:25,7:41,8:09,8:15
봉화산응암순환,응암신내,신내응암순환,응암신내
7:29,7:48,8:18,8:24
봉화산응암순환,응암봉화산,봉화산응암순환,응암봉화산
7:33,7:54,8:27,8:33
신내응암순환,응암봉화산,봉화산응암순환,응암봉화산
7:37,,8:36,8:42
봉화산응암순환,,신내응암순환,응암신내
7:41,,8:45,8:51
봉화산응암순환,,봉화산응암순환,응암봉화산
7:45,,8:54,
봉화산응암순환,,봉화산응암순환,
7:49,,9:03,9:00
신내응암순환,,신내응암순환,응암봉화산
7:53,,9:12,9:09
봉화산응암순환,,봉화산응암순환,응암신내
7:57,,9:21,9:18
봉화산응암순환,,봉화산응암순환,응암봉화산
8:01,8:00,9:30,9:27
봉화산응암순환,응암신내,신내응암순환,응암봉화산
8:05,8:06,9:39,9:36
신내응암순환,응암봉화산,봉화산응암순환,응암신내
8:09,8:09,9:48,9:45
봉화산응암순환,새절봉화산,봉화산응암순환,응암봉화산
8:13,8:13,9:57,9:54
봉화산응암순환,응암봉화산,신내응암순환,응암봉화산
8:17,8:17,10:06,10:03
봉화산응암순환,응암신내,봉화산응암순환,응암신내
8:21,8:22,10:15,10:12
신내응암순환,응암봉화산,봉화산응암순환,응암봉화산
8:25,8:27,10:24,10:21
봉화산응암순환,응암봉화산,신내응암순환,응암봉화산
8:29,8:31,10:33,10:30
봉화산응암순환,응암봉화산,봉화산응암순환,응암신내
8:33,8:36,10:42,10:39
봉화산응암순환,응암봉화산,봉화산응암순환,응암봉화산
8:38,8:40,10:51,10:48
신내응암순환,응암신내,신내응암순환,응암봉화산
8:42,8:44,,10:57
봉화산응암순환,응암봉화산,,응암신내
8:47,8:48,11:00,11:06
봉화산응암순환,응암봉화산,봉화산응암순환,응암봉화산
8:51,8:52,11:09,11:15
봉화산새절,응암봉화산,봉화산응암순환,응암봉화산
8:56,8:56,11:18,11:24
신내응암순환,응암봉화산,신내응암순환,응암신내
9:02,9:00,11:27,11:33
봉화산응암순환,응암봉화산,봉화산응암순환,응암봉화산
9:07,9:04,11:36,11:42
봉화산응암순환,응암신내,봉화산응암순환,응암봉화산
9:13,9:08,11:45,11:51
신내응암순환,응암봉화산,신내응암순환,응암신내
9:20,9:12,11:54,
봉화산응암순환,응암봉화산,봉화산응암순환,
9:27,9:16,12:03,12:00
봉화산응암순환,응암봉화산,봉화산응암순환,응암봉화산
9:35,9:20,12:12,12:09
신내응암순환,응암봉화산,신내응암순환,응암봉화산
9:43,9:24,12:21,12:18
봉화산응암순환,응암봉화산,봉화산응암순환,응암신내
9:51,9:28,12:30,12:27
봉화산응암순환,응암신내,봉화산응암순환,응암봉화산
9:59,9:32,12:39,12:36
신내응암순환,응암봉화산,신내응암순환,응암봉화산
,9:36,12:48,12:45
,응암봉화산,봉화산응암순환,응암신내
,9:40,12:57,12:54
,응암봉화산,봉화산응암순환,응암봉화산
,9:44,13:06,13:03
,응암봉화산,신내응암순환,응암봉화산
,9:48,13:15,13:12
,응암봉화산,봉화산응암순환,응암신내
,9:52,13:24,13:21
,응암신내,봉화산응암순환,응암봉화산
,9:57,13:33,13:30
,응암봉화산,신내응암순환,응암봉화산
10:07,10:01,13:42,13:39
봉화산응암순환,응암봉화산,봉화산응암순환,응암신내
10:15,10:07,13:51,13:48
봉화산응암순환,응암봉화산,봉화산응암순환,응암봉화산
10:23,10:15,,13:57
신내응암순환,응암신내,,응암봉화산
10:31,10:21,14:00,14:06
봉화산응암순환,응암봉화산,신내응암순환,응암신내
10:39,10:26,14:09,14:15
봉화산응암순환,응암봉화산,봉화산응암순환,응암봉화산
10:47,10:32,14:18,14:24
신내응암순환,응암봉화산,봉화산응암순환,응암봉화산
10:55,10:39,14:27,14:33
봉화산응암순환,응암신내,신내응암순환,응암신내
,10:46,14:36,14:42
,응암봉화산,봉화산응암순환,응암봉화산
,10:54,14:45,14:51
,응암봉화산,봉화산응암순환,응암봉화산
11:03,11:02,14:54,
봉화산응암순환,응암신내,신내응암순환,
11:11,11:10,15:03,15:00
신내응암순환,응암봉화산,봉화산응암순환,응암신내
11:19,11:18,15:12,15:09
봉화산응암순환,응암봉화산,봉화산응암순환,응암봉화산
11:27,11:26,15:21,15:18
봉화산응암순환,응암신내,신내응암순환,응암봉화산
11:35,11:34,15:30,15:27
신내응암순환,응암봉화산,봉화산응암순환,응암신내
11:43,11:42,15:39,15:36
봉화산응암순환,응암봉화산,봉화산응암순환,응암봉화산
11:51,11:50,15:48,15:45
봉화산응암순환,응암신내,신내응암순환,응암봉화산
11:59,11:58,15:57,15:54
신내응암순환,응암봉화산,봉화산응암순환,응암신내
12:06,12:06,16:06,16:03
봉화산응암순환,응암봉화산,봉화산응암순환,응암봉화산
12:14,12:14,16:15,16:12
봉화산응암순환,응암신내,신내응암순환,응암봉화산
12:22,12:22,16:24,16:21
신내응암순환,응암봉화산,봉화산응암순환,응암신내
12:30,12:30,16:33,16:30
봉화산응암순환,응암봉화산,봉화산응암순환,응암봉화산
12:38,12:38,16:42,16:39
봉화산응암순환,응암신내,신내응암순환,응암봉화산
12:46,12:46,16:51,16:48
신내응암순환,응암봉화산,봉화산응암순환,응암신내
12:54,12:54,,16:57
봉화산응암순환,응암봉화산,,응암봉화산
13:02,13:02,17:00,17:06
봉화산응암순환,응암신내,봉화산응암순환,응암봉화산
13:10,13:10,17:09,17:15
신내응암순환,응암봉화산,신내응암순환,응암신내
13:18,13:18,17:18,17:24
봉화산응암순환,응암봉화산,봉화산응암순환,응암봉화산
13:26,13:25,17:27,17:33
봉화산응암순환,응암신내,봉화산응암순환,응암봉화산
13:34,13:33,17:36,17:42
신내응암순환,응암봉화산,신내응암순환,응암신내
13:42,13:41,17:45,17:51
봉화산응암순환,응암봉화산,봉화산응암순환,응암봉화산
13:50,13:49,17:54,
봉화산응암순환,응암신내,봉화산응암순환,
13:58,13:57,18:03,18:00
신내응암순환,응암봉화산,신내응암순환,응암봉화산
14:06,14:05,18:12,18:09
봉화산응암순환,응암봉화산,봉화산응암순환,응암신내
14:14,14:13,18:21,18:18
봉화산응암순환,응암신내,봉화산응암순환,응암봉화산
14:22,14:21,18:30,18:27
신내응암순환,응암봉화산,신내응암순환,응암봉화산
14:29,14:29,18:39,18:36
봉화산응암순환,응암봉화산,봉화산응암순환,응암신내
14:37,14:37,18:48,18:45
봉화산응암순환,응암신내,봉화산응암순환,응암봉화산
14:45,14:45,18:57,18:54
신내응암순환,응암봉화산,신내응암순환,응암봉화산
14:53,14:53,19:06,19:03
봉화산응암순환,응암봉화산,봉화산응암순환,응암신내
15:01,15:01,19:15,19:12
봉화산응암순환,응암신내,봉화산응암순환,응암봉화산
15:09,15:09,19:24,19:21
신내응암순환,응암봉화산,신내응암순환,응암봉화산
15:17,15:17,19:33,19:30
봉화산응암순환,응암봉화산,봉화산응암순환,응암신내
15:25,15:25,19:42,19:39
봉화산응암순환,응암신내,봉화산응암순환,응암봉화산
15:33,15:33,19:51,19:48
신내응암순환,응암봉화산,신내응암순환,응암봉화산
15:41,15:41,,19:57
봉화산응암순환,응암봉화산,,응암신내
15:49,15:48,20:00,20:06
봉화산응암순환,응암신내,봉화산응암순환,응암봉화산
15:57,15:56,20:09,20:15
신내응암순환,응암봉화산,봉화산응암순환,응암봉화산
16:05,16:04,20:18,20:24
봉화산응암순환,응암봉화산,신내응암순환,응암신내
16:13,16:12,20:27,20:33
봉화산응암순환,응암신내,봉화산응암순환,응암봉화산
16:21,16:20,20:36,20:42
신내응암순환,응암봉화산,봉화산응암순환,응암봉화산
16:29,16:28,20:45,20:51
봉화산응암순환,응암봉화산,신내응암순환,응암신내
16:36,16:36,20:54,
봉화산응암순환,응암신내,봉화산응암순환,
16:43,16:44,21:04,21:00
신내응암순환,응암봉화산,봉화산응암순환,응암봉화산
16:48,16:52,21:14,21:09
봉화산응암순환,응암봉화산,신내응암순환,응암봉화산
16:54,,21:24,21:18
봉화산응암순환,,봉화산응암순환,응암신내
17:00,17:00,21:34,21:27
봉화산응암순환,응암신내,봉화산응암순환,응암봉화산
17:06,17:08,21:44,21:36
신내응암순환,응암봉화산,신내응암순환,응암봉화산
17:12,17:16,21:54,21:45
봉화산응암순환,응암봉화산,봉화산응암순환,응암신내
17:18,17:24,,21:54
봉화산응암순환,응암신내,,응암봉화산
17:24,17:32,22:04,22:03
봉화산응암순환,응암봉화산,봉화산응암순환,응암신내
17:30,17:40,22:14,22:12
신내응암순환,응암신내,신내응암순환,응암봉화산
17:36,17:49,22:24,22:22
봉화산응암순환,응암봉화산,봉화산응암순환,응암봉화산
17:42,17:56,22:34,22:32
봉화산응암순환,응암신내,신내응암순환,응암신내
17:48,,22:46,22:42
봉화산응암순환,,봉화산응암순환,응암봉화산
17:54,,22:56,22:52
신내응암순환,,신내응암순환,응암봉화산
18:00,18:02,23:08막,23:02
봉화산응암순환,응암봉화산,봉화산응암순환,응암신내
18:06,18:07,23:20막,23:12
봉화산응암순환,응암봉화산,신내독바위,응암봉화산
18:12,18:14,23:31막,23:22막
봉화산응암순환,응암신내,봉화산응암,응암신내
18:18,18:19,23:42막,23:32
신내응암순환,응암봉화산,신내대흥,응암봉화산
18:23,18:25,23:53막,23:42막
봉화산응암순환,응암봉화산,봉화산공덕,응암봉화산
18:28,18:31,,23:53막
봉화산응암순환,응암신내,,응암안암
18:33,18:37,00:04막,
신내응암순환,응암봉화산,봉화산한강진,
18:38,18:43,,
봉화산응암순환,응암봉화산,,
18:43,18:49,,
봉화산응암순환,응암봉화산,,
18:49,18:55,,
신내응암순환,응암신내,,
18:55,,,
봉화산응암순환,,,
19:01,19:01,,
봉화산응암순환,응암봉화산,,
19:07,19:07,,
신내응암순환,응암봉화산,,
19:14,19:13,,
봉화산응암순환,응암신내,,
19:20,19:19,,
봉화산응암순환,응암봉화산,,
19:27,19:25,,
신내응암순환,응암봉화산,,
19:34,19:31,,
봉화산응암순환,응암봉화산,,
19:41,19:37,,
봉화산응암순환,응암신내,,
19:48,19:42,,
신내응암순환,응암봉화산,,
19:55,19:47,,
봉화산응암순환,응암봉화산,,
,19:52,,
,응암신내,,
,19:57,,
,응암봉화산,,
20:02,20:02,,
봉화산응암순환,응암봉화산,,
20:09,20:08,,
신내응암순환,응암봉화산,,
20:16,20:14,,
봉화산응암순환,응암봉화산,,
20:23,20:20,,
봉화산응암순환,응암신내,,
20:31,20:26,,
신내응암순환,응암봉화산,,
20:39,20:33,,
봉화산응암순환,응암신내,,
20:47,20:39,,
신내응암순환,응암봉화산,,
20:55,20:46,,
봉화산응암순환,응암봉화산,,
,20:53,,
,응암신내,,
21:03,21:00,,
봉화산응암순환,응암봉화산,,
21:11,21:07,,
신내응암순환,응암봉화산,,
21:20,21:14,,
봉화산응암순환,응암신내,,
21:28,21:21,,
신내응암순환,응암봉화산,,
21:36,21:28,,
봉화산응암순환,응암봉화산,,
21:45,21:35,,
신내응암순환,응암신내,,
21:54,21:42,,
봉화산응암순환,응암봉화산,,
,21:50,,
,응암봉화산,,
,21:58,,
,응암봉화산,,
22:02,22:06,,
봉화산응암순환,응암신내,,
22:10,22:14,,
신내응암순환,응암봉화산,,
22:19,22:22,,
봉화산응암순환,응암신내,,
22:28,22:30,,
신내응암순환,응암봉화산,,
22:37,22:39,,
봉화산응암순환,응암신내,,
22:47,22:47,,
봉화산응암순환,응암봉화산,,
22:57,22:56,,
신내응암순환,응암신내,,
23:08,23:04,,
봉화산응암순환,응암봉화산,,
23:16,23:13,,
신내응암순환,응암신내,,
23:24,23:21,,
봉화산응암순환,응암봉화산,,
23:34,23:29,,
신내응암순환,응암신내,,
23:43,23:38,,
봉화산독바위,응암봉화산,,
23:52,23:47,,
신내응암순환,응암봉화산,,
,23:56,,
,응암신내,,
00:07막,0:06,,
신내응암순환,응암봉화산,,
00:23막,00:15막,,
신내새절,응암신내,,
00:42막,0:27,,
신내공덕,응암봉화산,,
00:56막,00:35막,,
봉화산한강진,응암봉화산,,
