﻿이태원방면,버티고개방면,이태원방면,버티고개방면
평일,평일,주말,주말
05:36첫,05:30첫,05:36첫,05:30첫
한강진응암순환,한강진신내,한강진응암순환,한강진신내
5:43,5:43,5:43,5:43
안암응암순환,공덕신내,안암응암순환,공덕신내
5:51,5:57,5:51,5:57
상월곡응암순환,새절신내,상월곡응암순환,새절신내
5:57,,5:57,
봉화산응암순환,,봉화산응암순환,
6:04,6:08,6:07,6:08
봉화산응암순환,독바위봉화산,봉화산응암순환,독바위봉화산
6:11,6:19,6:16,6:19
신내응암순환,응암신내,신내응암순환,응암신내
6:18,6:30,6:24,6:30
봉화산응암순환,응암봉화산,봉화산응암순환,응암봉화산
6:25,6:40,6:33,6:39
봉화산응암순환,응암신내,신내응암순환,응암신내
6:32,6:47,6:42,6:47
신내응암순환,응암봉화산,신내응암순환,응암봉화산
6:38,6:55,6:51,6:55
봉화산응암순환,응암신내,봉화산응암순환,응암신내
6:44,,7:00,7:02
신내응암순환,,신내응암순환,응암봉화산
6:50,,7:09,7:09
봉화산응암순환,,봉화산응암순환,응암봉화산
6:56,,7:18,7:18
봉화산응암순환,,신내응암순환,응암신내
7:01,7:02,7:27,7:27
신내응암순환,응암봉화산,봉화산응암순환,응암봉화산
7:06,7:09,7:36,7:35
봉화산응암순환,응암신내,신내응암순환,응암봉화산
7:11,7:16,7:45,7:44
봉화산응암순환,응암봉화산,봉화산응암순환,응암신내
7:16,7:23,7:54,7:53
봉화산응암순환,응암신내,신내응암순환,응암봉화산
7:20,7:30,8:03,8:02
신내응암순환,응암봉화산,봉화산응암순환,응암봉화산
7:25,7:37,8:12,8:11
봉화산응암순환,응암신내,신내응암순환,응암신내
7:29,7:44,8:21,8:20
봉화산응암순환,응암봉화산,봉화산응암순환,응암봉화산
7:33,7:50,8:30,8:29
봉화산응암순환,응암봉화산,봉화산응암순환,응암봉화산
7:37,7:56,8:39,8:38
신내응암순환,응암신내,신내응암순환,응암신내
7:40,,8:48,8:47
봉화산응암순환,,봉화산응암순환,응암봉화산
7:44,,8:57,8:56
봉화산응암순환,,봉화산응암순환,응암봉화산
7:48,,9:06,9:05
봉화산응암순환,,신내응암순환,응암신내
7:53,,9:15,9:14
신내응암순환,,봉화산응암순환,응암봉화산
7:57,,9:24,9:23
봉화산응암순환,,봉화산응암순환,응암봉화산
8:01,8:02,9:33,9:32
봉화산응암순환,응암봉화산,신내응암순환,응암신내
8:05,8:06,9:42,9:41
봉화산응암순환,새절봉화산,봉화산응암순환,응암봉화산
8:09,8:09,9:51,9:50
신내응암순환,응암봉화산,봉화산응암순환,응암봉화산
8:13,8:14,,9:59
봉화산응암순환,응암신내,,응암신내
8:17,8:18,10:00,10:08
봉화산응암순환,응암봉화산,신내응암순환,응암봉화산
8:20,8:23,10:09,10:17
봉화산응암순환,응암봉화산,봉화산응암순환,응암봉화산
8:24,8:27,10:18,10:26
신내응암순환,응암봉화산,봉화산응암순환,응암신내
8:28,8:32,10:27,10:35
봉화산응암순환,응암봉화산,신내응암순환,응암봉화산
8:32,8:36,10:36,10:44
봉화산응암순환,응암신내,봉화산응암순환,응암봉화산
8:36,8:40,10:45,10:53
봉화산응암순환,응암봉화산,봉화산응암순환,응암신내
8:41,8:44,10:54,
신내응암순환,응암봉화산,신내응암순환,
8:45,8:48,11:03,11:02
봉화산응암순환,응암봉화산,봉화산응암순환,응암봉화산
8:50,8:53,11:12,11:11
봉화산응암순환,응암봉화산,봉화산응암순환,응암봉화산
8:54,8:57,11:21,11:20
봉화산새절,응암봉화산,신내응암순환,응암신내
8:59,,11:30,11:29
신내응암순환,,봉화산응암순환,응암봉화산
9:05,9:01,11:39,11:38
봉화산응암순환,응암신내,봉화산응암순환,응암봉화산
9:10,9:04,11:48,11:47
봉화산응암순환,응암봉화산,신내응암순환,응암신내
9:16,9:08,11:57,11:56
신내응암순환,응암봉화산,봉화산응암순환,응암봉화산
9:23,9:12,12:06,12:05
봉화산응암순환,응암봉화산,봉화산응암순환,응암봉화산
9:30,9:16,12:15,12:14
봉화산응암순환,응암봉화산,신내응암순환,응암신내
9:38,9:20,12:24,12:23
신내응암순환,응암봉화산,봉화산응암순환,응암봉화산
9:46,9:24,12:33,12:32
봉화산응암순환,응암신내,봉화산응암순환,응암봉화산
9:54,9:28,12:42,12:41
봉화산응암순환,응암봉화산,신내응암순환,응암신내
,9:33,12:51,12:50
,응암봉화산,봉화산응암순환,응암봉화산
,9:37,,12:59
,응암봉화산,,응암봉화산
,9:41,13:00,13:08
,응암봉화산,봉화산응암순환,응암신내
,9:44,13:09,13:17
,응암봉화산,신내응암순환,응암봉화산
,9:49,13:18,13:26
,응암신내,봉화산응암순환,응암봉화산
,9:53,13:27,13:35
,응암봉화산,봉화산응암순환,응암신내
,9:58,13:36,13:44
,응암봉화산,신내응암순환,응암봉화산
10:02,10:04,13:45,13:53
신내응암순환,응암봉화산,봉화산응암순환,응암봉화산
10:10,10:12,13:54,
봉화산응암순환,응암신내,봉화산응암순환,
10:18,10:17,14:03,14:02
봉화산응암순환,응암봉화산,신내응암순환,응암신내
10:26,10:22,14:12,14:11
신내응암순환,응암봉화산,봉화산응암순환,응암봉화산
10:34,10:29,14:21,14:20
봉화산응암순환,응암봉화산,봉화산응암순환,응암봉화산
10:42,10:36,14:30,14:29
봉화산응암순환,응암신내,신내응암순환,응암신내
10:50,10:43,14:39,14:38
신내응암순환,응암봉화산,봉화산응암순환,응암봉화산
10:58,10:51,14:48,14:47
봉화산응암순환,응암봉화산,봉화산응암순환,응암봉화산
,10:59,14:57,14:56
,응암신내,신내응암순환,응암신내
11:06,11:07,15:06,15:05
봉화산응암순환,응암봉화산,봉화산응암순환,응암봉화산
11:14,11:15,15:15,15:14
신내응암순환,응암봉화산,봉화산응암순환,응암봉화산
11:22,11:23,15:24,15:23
봉화산응암순환,응암신내,신내응암순환,응암신내
11:30,11:31,15:33,15:32
봉화산응암순환,응암봉화산,봉화산응암순환,응암봉화산
11:38,11:39,15:42,15:41
신내응암순환,응암봉화산,봉화산응암순환,응암봉화산
11:46,11:47,15:51,15:50
봉화산응암순환,응암신내,신내응암순환,응암신내
11:54,11:55,,15:59
봉화산응암순환,응암봉화산,,응암봉화산
12:02,12:03,16:00,16:08
신내응암순환,응암봉화산,봉화산응암순환,응암봉화산
12:09,12:11,16:09,16:17
봉화산응암순환,응암신내,봉화산응암순환,응암신내
12:17,12:19,16:18,16:26
봉화산응암순환,응암봉화산,신내응암순환,응암봉화산
12:25,12:27,16:27,16:35
신내응암순환,응암봉화산,봉화산응암순환,응암봉화산
12:33,12:35,16:36,16:44
봉화산응암순환,응암신내,봉화산응암순환,응암신내
12:41,12:43,16:45,16:53
봉화산응암순환,응암봉화산,신내응암순환,응암봉화산
12:49,12:51,16:54,
신내응암순환,응암봉화산,봉화산응암순환,
12:57,12:59,17:03,17:02
봉화산응암순환,응암신내,봉화산응암순환,응암봉화산
13:05,13:07,17:12,17:11
봉화산응암순환,응암봉화산,신내응암순환,응암신내
13:13,13:14,17:21,17:20
신내응암순환,응암봉화산,봉화산응암순환,응암봉화산
13:21,13:22,17:30,17:29
봉화산응암순환,응암신내,봉화산응암순환,응암봉화산
13:29,13:30,17:39,17:38
봉화산응암순환,응암봉화산,신내응암순환,응암신내
13:37,13:38,17:48,17:47
신내응암순환,응암봉화산,봉화산응암순환,응암봉화산
13:45,13:46,17:57,17:56
봉화산응암순환,응암신내,봉화산응암순환,응암봉화산
13:53,13:54,18:06,18:05
봉화산응암순환,응암봉화산,신내응암순환,응암신내
14:01,14:02,18:15,18:14
신내응암순환,응암봉화산,봉화산응암순환,응암봉화산
14:09,14:10,18:24,18:23
봉화산응암순환,응암신내,봉화산응암순환,응암봉화산
14:17,14:18,18:33,18:32
봉화산응암순환,응암봉화산,신내응암순환,응암신내
14:25,14:26,18:42,18:41
신내응암순환,응암봉화산,봉화산응암순환,응암봉화산
14:32,14:34,18:51,18:50
봉화산응암순환,응암신내,봉화산응암순환,응암봉화산
14:40,14:42,,18:59
봉화산응암순환,응암봉화산,,응암신내
14:48,14:50,19:00,19:08
신내응암순환,응암봉화산,신내응암순환,응암봉화산
14:56,14:58,19:09,19:17
봉화산응암순환,응암신내,봉화산응암순환,응암봉화산
15:04,15:06,19:18,19:26
봉화산응암순환,응암봉화산,봉화산응암순환,응암신내
15:12,15:14,19:27,19:35
신내응암순환,응암봉화산,신내응암순환,응암봉화산
15:20,15:22,19:36,19:44
봉화산응암순환,응암신내,봉화산응암순환,응암봉화산
15:28,15:30,19:45,19:53
봉화산응암순환,응암봉화산,봉화산응암순환,응암신내
15:36,15:37,19:54,
신내응암순환,응암봉화산,신내응암순환,
15:44,15:45,20:03,20:02
봉화산응암순환,응암신내,봉화산응암순환,응암봉화산
15:52,15:53,20:12,20:11
봉화산응암순환,응암봉화산,봉화산응암순환,응암봉화산
16:00,16:01,20:21,20:20
신내응암순환,응암봉화산,신내응암순환,응암신내
16:08,16:09,20:30,20:29
봉화산응암순환,응암신내,봉화산응암순환,응암봉화산
16:16,16:17,20:39,20:38
봉화산응암순환,응암봉화산,봉화산응암순환,응암봉화산
16:24,16:25,20:48,20:47
신내응암순환,응암봉화산,신내응암순환,응암신내
16:33,16:33,20:57,20:56
봉화산응암순환,응암신내,봉화산응암순환,응암봉화산
16:40,16:41,21:07,21:05
봉화산응암순환,응암봉화산,봉화산응암순환,응암봉화산
16:46,16:49,21:17,21:14
신내응암순환,응암봉화산,신내응암순환,응암신내
16:52,16:57,21:27,21:23
봉화산응암순환,응암신내,봉화산응암순환,응암봉화산
16:58,,21:37,21:32
봉화산응암순환,,봉화산응암순환,응암봉화산
17:03,17:05,21:47,21:41
봉화산응암순환,응암봉화산,신내응암순환,응암신내
17:09,17:13,21:57,21:50
신내응암순환,응암봉화산,봉화산응암순환,응암봉화산
17:15,17:21,,21:59
봉화산응암순환,응암신내,,응암신내
17:21,17:29,22:07,22:08
봉화산응암순환,응암봉화산,봉화산응암순환,응암봉화산
17:27,17:37,22:17,22:18
봉화산응암순환,응암신내,신내응암순환,응암봉화산
17:33,17:45,22:27,22:28
신내응암순환,응암봉화산,봉화산응암순환,응암신내
17:39,17:52,22:38,22:38
봉화산응암순환,응암신내,신내응암순환,응암봉화산
17:45,17:58,22:49,22:48
봉화산응암순환,응암봉화산,봉화산응암순환,응암봉화산
17:51,,,22:58
봉화산응암순환,,,응암신내
17:57,,23:00,23:08
신내응암순환,,신내응암순환,응암봉화산
18:03,18:03,23:12막,23:18막
봉화산응암순환,응암봉화산,봉화산응암순환,응암신내
18:09,18:10,23:24막,23:28
봉화산응암순환,응암신내,신내독바위,응암봉화산
18:15,18:16,23:35막,23:38막
봉화산응암순환,응암봉화산,봉화산응암,응암봉화산
18:21,18:22,23:46막,23:49막
신내응암순환,응암봉화산,신내대흥,응암안암
18:26,18:28,23:57막,
봉화산응암순환,응암신내,봉화산공덕,
18:31,18:34,,
봉화산응암순환,응암봉화산,,
18:36,18:40,,
신내응암순환,응암봉화산,,
18:41,18:46,,
봉화산응암순환,응암봉화산,,
18:46,18:52,,
봉화산응암순환,응암신내,,
18:52,18:58,,
신내응암순환,응암봉화산,,
18:58,,,
봉화산응암순환,,,
19:04,19:04,,
봉화산응암순환,응암봉화산,,
19:10,19:10,,
신내응암순환,응암신내,,
19:17,19:16,,
봉화산응암순환,응암봉화산,,
19:23,19:22,,
봉화산응암순환,응암봉화산,,
19:30,19:28,,
신내응암순환,응암봉화산,,
19:37,19:33,,
봉화산응암순환,응암신내,,
19:44,19:39,,
봉화산응암순환,응암봉화산,,
19:51,19:44,,
신내응암순환,응암봉화산,,
19:58,19:49,,
봉화산응암순환,응암신내,,
,19:54,,
,응암봉화산,,
,19:59,,
,응암봉화산,,
20:05,20:05,,
봉화산응암순환,응암봉화산,,
20:12,20:10,,
신내응암순환,응암봉화산,,
20:19,20:16,,
봉화산응암순환,응암신내,,
20:26,20:23,,
봉화산응암순환,응암봉화산,,
20:34,20:29,,
신내응암순환,응암신내,,
20:42,20:36,,
봉화산응암순환,응암봉화산,,
20:50,20:43,,
신내응암순환,응암봉화산,,
20:58,20:50,,
봉화산응암순환,응암신내,,
,20:57,,
,응암봉화산,,
21:06,21:04,,
봉화산응암순환,응암봉화산,,
21:14,21:11,,
신내응암순환,응암신내,,
21:23,21:18,,
봉화산응암순환,응암봉화산,,
21:31,21:25,,
신내응암순환,응암봉화산,,
21:39,21:32,,
봉화산응암순환,응암신내,,
21:48,21:39,,
신내응암순환,응암봉화산,,
21:57,21:47,,
봉화산응암순환,응암봉화산,,
,21:55,,
,응암봉화산,,
22:05,22:03,,
봉화산응암순환,응암신내,,
22:13,22:11,,
신내응암순환,응암봉화산,,
22:22,22:19,,
봉화산응암순환,응암신내,,
22:31,22:26,,
신내응암순환,응암봉화산,,
22:40,22:35,,
봉화산응암순환,응암신내,,
22:50,22:43,,
봉화산응암순환,응암봉화산,,
,22:52,,
,응암신내,,
23:00,23:01,,
신내응암순환,응암봉화산,,
23:11,23:10,,
봉화산응암순환,응암신내,,
23:19,23:18,,
신내응암순환,응암봉화산,,
23:27,23:25,,
봉화산응암순환,응암신내,,
23:37,23:34,,
신내응암순환,응암봉화산,,
23:46,23:44,,
봉화산독바위,응암봉화산,,
23:55,23:52,,
신내응암순환,응암신내,,
00:11막,0:02,,
신내응암순환,응암봉화산,,
00:27막,00:12막,,
신내새절,응암신내,,
00:46막,0:23,,
신내공덕,응암봉화산,,
,00:32막,,
,응암봉화산,,
