﻿상월곡방면,석계방면,상월곡방면,석계방면
평일,평일,주말,주말
05:37첫,05:37첫,05:37첫,05:37첫
봉화산응암순환,안암신내,봉화산응암순환,안암신내
5:44,5:50,5:46,5:50
봉화산응암순환,한강진신내,봉화산응암순환,한강진신내
5:51,,5:55,
신내응암순환,,신내응암순환,
5:58,,6:04,6:04
봉화산응암순환,,봉화산응암순환,공덕신내
6:05,6:04,6:13,6:18
봉화산응암순환,공덕신내,신내응암순환,새절신내
6:12,6:18,6:22,6:29
신내응암순환,새절신내,신내응암순환,독바위봉화산
6:18,6:29,6:31,6:40
봉화산응암순환,독바위봉화산,봉화산응암순환,응암신내
6:24,6:40,6:40,6:51
신내응암순환,응암신내,신내응암순환,응암봉화산
6:30,6:51,6:49,6:59
봉화산응암순환,응암봉화산,봉화산응암순환,응암신내
6:35,,6:58,
봉화산응암순환,,신내응암순환,
6:41,,7:07,7:08
신내응암순환,,봉화산응암순환,응암봉화산
6:46,,7:16,7:16
봉화산응암순환,,신내응암순환,응암신내
6:50,,7:25,7:23
봉화산응암순환,,봉화산응암순환,응암봉화산
6:55,,7:34,7:30
봉화산응암순환,,신내응암순환,응암봉화산
6:59,,7:43,7:39
신내응암순환,,봉화산응암순환,응암신내
7:04,7:00,7:52,7:48
봉화산응암순환,응암신내,신내응암순환,응암봉화산
7:08,7:08,,7:56
봉화산응암순환,응암봉화산,,응암봉화산
7:12,7:16,8:01,8:05
봉화산응암순환,응암신내,봉화산응암순환,응암신내
7:16,7:23,8:10,8:14
신내응암순환,응암봉화산,봉화산응암순환,응암봉화산
7:20,7:30,8:19,8:23
봉화산응암순환,응암신내,신내응암순환,응암봉화산
7:24,7:37,8:28,8:32
봉화산응암순환,응암봉화산,봉화산응암순환,응암신내
7:28,7:44,8:37,8:41
봉화산응암순환,응암신내,봉화산응암순환,응암봉화산
7:32,7:51,8:46,8:50
신내응암순환,응암봉화산,신내응암순환,응암봉화산
7:36,7:58,8:55,8:59
봉화산응암순환,응암신내,봉화산응암순환,응암신내
7:40,,9:04,9:08
봉화산응암순환,,봉화산응암순환,응암봉화산
7:44,,9:13,9:17
봉화산응암순환,,신내응암순환,응암봉화산
7:48,,9:22,9:26
신내응암순환,,봉화산응암순환,응암신내
7:52,,9:31,9:35
봉화산응암순환,,봉화산응암순환,응암봉화산
7:56,,9:40,9:44
봉화산응암순환,,신내응암순환,응암봉화산
8:00,8:05,9:49,9:53
봉화산응암순환,응암봉화산,봉화산응암순환,응암신내
8:04,8:11,9:58,
신내응암순환,응암봉화산,봉화산응암순환,
8:08,8:17,10:07,10:02
봉화산응암순환,응암신내,신내응암순환,응암봉화산
8:12,8:23,10:16,10:11
봉화산응암순환,응암봉화산,봉화산응암순환,응암봉화산
8:16,8:26,10:25,10:20
봉화산응암순환,새절봉화산,봉화산응암순환,응암신내
8:20,8:30,10:34,10:29
신내응암순환,응암봉화산,신내응암순환,응암봉화산
8:25,8:34,10:43,10:38
봉화산응암순환,응암신내,봉화산응암순환,응암봉화산
8:29,8:39,10:52,10:47
봉화산응암순환,응암봉화산,봉화산응암순환,응암신내
8:34,8:44,,10:56
봉화산새절,응암봉화산,,응암봉화산
8:39,8:48,11:01,11:05
신내응암순환,응암봉화산,신내응암순환,응암봉화산
8:44,8:53,11:10,11:14
봉화산응암순환,응암봉화산,봉화산응암순환,응암신내
8:50,8:57,11:19,11:23
봉화산응암순환,응암신내,봉화산응암순환,응암봉화산
8:56,,11:28,11:32
신내응암순환,,신내응암순환,응암봉화산
9:03,9:01,11:37,11:41
봉화산응암순환,응암봉화산,봉화산응암순환,응암신내
9:10,9:05,11:46,11:50
봉화산응암순환,응암봉화산,봉화산응암순환,응암봉화산
9:18,9:09,11:55,11:59
신내응암순환,응암봉화산,신내응암순환,응암봉화산
9:26,9:13,12:04,12:08
봉화산응암순환,응암봉화산,봉화산응암순환,응암신내
9:34,9:17,12:13,12:17
봉화산응암순환,응암봉화산,봉화산응암순환,응암봉화산
9:42,9:21,12:22,12:26
신내응암순환,응암신내,신내응암순환,응암봉화산
9:50,9:25,12:31,12:35
봉화산응암순환,응암봉화산,봉화산응암순환,응암신내
9:58,9:29,12:40,12:44
봉화산응암순환,응암봉화산,봉화산응암순환,응암봉화산
,9:33,12:49,12:53
,응암봉화산,신내응암순환,응암봉화산
,9:37,12:58,
,응암봉화산,봉화산응암순환,
,9:41,13:07,13:02
,응암봉화산,봉화산응암순환,응암신내
,9:45,13:16,13:11
,응암신내,신내응암순환,응암봉화산
,9:49,13:25,13:20
,응암봉화산,봉화산응암순환,응암봉화산
,9:53,13:34,13:29
,응암봉화산,봉화산응암순환,응암신내
,9:57,13:43,13:38
,응암봉화산,신내응암순환,응암봉화산
10:06,10:01,13:52,13:47
신내응암순환,응암봉화산,봉화산응암순환,응암봉화산
10:14,10:05,,13:56
봉화산응암순환,응암봉화산,,응암신내
10:22,10:09,14:01,14:05
봉화산응암순환,응암신내,봉화산응암순환,응암봉화산
10:30,10:14,14:10,14:14
신내응암순환,응암봉화산,신내응암순환,응암봉화산
10:38,10:18,14:19,14:23
봉화산응암순환,응암봉화산,봉화산응암순환,응암신내
10:46,10:24,14:28,14:32
봉화산응암순환,응암봉화산,봉화산응암순환,응암봉화산
10:54,10:32,14:37,14:41
신내응암순환,응암신내,신내응암순환,응암봉화산
,10:38,14:46,14:50
,응암봉화산,봉화산응암순환,응암신내
,10:43,14:55,14:59
,응암봉화산,봉화산응암순환,응암봉화산
,10:49,15:04,15:08
,응암봉화산,신내응암순환,응암봉화산
,10:56,15:13,15:17
,응암신내,봉화산응암순환,응암신내
11:02,11:03,15:22,15:26
봉화산응암순환,응암봉화산,봉화산응암순환,응암봉화산
11:10,11:11,15:31,15:35
봉화산응암순환,응암봉화산,신내응암순환,응암봉화산
11:18,11:19,15:40,15:44
신내응암순환,응암신내,봉화산응암순환,응암신내
11:26,11:27,15:49,15:53
봉화산응암순환,응암봉화산,봉화산응암순환,응암봉화산
11:34,11:35,15:58,
봉화산응암순환,응암봉화산,신내응암순환,
11:41,11:43,16:07,16:02
신내응암순환,응암신내,봉화산응암순환,응암봉화산
11:49,11:51,16:16,16:11
봉화산응암순환,응암봉화산,봉화산응암순환,응암신내
11:57,11:59,16:25,16:20
봉화산응암순환,응암봉화산,신내응암순환,응암봉화산
12:05,12:07,16:34,16:29
신내응암순환,응암신내,봉화산응암순환,응암봉화산
12:13,12:15,16:43,16:38
봉화산응암순환,응암봉화산,봉화산응암순환,응암신내
12:21,12:23,16:52,16:47
봉화산응암순환,응암봉화산,신내응암순환,응암봉화산
12:29,12:31,,16:56
신내응암순환,응암신내,,응암봉화산
12:37,12:39,17:01,17:05
봉화산응암순환,응암봉화산,봉화산응암순환,응암신내
12:45,12:47,17:10,17:14
봉화산응암순환,응암봉화산,봉화산응암순환,응암봉화산
12:53,12:55,17:19,17:23
신내응암순환,응암신내,신내응암순환,응암봉화산
13:01,13:03,17:28,17:32
봉화산응암순환,응암봉화산,봉화산응암순환,응암신내
13:09,13:11,17:37,17:41
봉화산응암순환,응암봉화산,봉화산응암순환,응암봉화산
13:17,13:19,17:46,17:50
신내응암순환,응암신내,신내응암순환,응암봉화산
13:25,13:27,17:55,17:59
봉화산응암순환,응암봉화산,봉화산응암순환,응암신내
13:33,13:35,18:04,18:08
봉화산응암순환,응암봉화산,봉화산응암순환,응암봉화산
13:41,13:42,18:13,18:17
신내응암순환,응암신내,신내응암순환,응암봉화산
13:49,13:50,18:22,18:26
봉화산응암순환,응암봉화산,봉화산응암순환,응암신내
13:57,13:58,18:31,18:35
봉화산응암순환,응암봉화산,봉화산응암순환,응암봉화산
14:04,14:06,18:40,18:44
신내응암순환,응암신내,신내응암순환,응암봉화산
14:12,14:14,18:49,18:53
봉화산응암순환,응암봉화산,봉화산응암순환,응암신내
14:20,14:22,18:58,
봉화산응암순환,응암봉화산,봉화산응암순환,
14:28,14:30,19:07,19:02
신내응암순환,응암신내,신내응암순환,응암봉화산
14:36,14:38,19:16,19:11
봉화산응암순환,응암봉화산,봉화산응암순환,응암봉화산
14:44,14:46,19:25,19:20
봉화산응암순환,응암봉화산,봉화산응암순환,응암신내
14:52,14:54,19:34,19:29
신내응암순환,응암신내,신내응암순환,응암봉화산
15:00,15:02,19:43,19:38
봉화산응암순환,응암봉화산,봉화산응암순환,응암봉화산
15:08,15:10,19:52,19:47
봉화산응암순환,응암봉화산,봉화산응암순환,응암신내
15:16,15:18,,19:56
신내응암순환,응암신내,,응암봉화산
15:24,15:26,20:01,20:05
봉화산응암순환,응암봉화산,신내응암순환,응암봉화산
15:32,15:34,20:10,20:14
봉화산응암순환,응암봉화산,봉화산응암순환,응암신내
15:40,15:42,20:19,20:23
신내응암순환,응암신내,봉화산응암순환,응암봉화산
15:48,15:50,20:28,20:32
봉화산응암순환,응암봉화산,신내응암순환,응암봉화산
15:56,15:58,20:37,20:41
봉화산응암순환,응암봉화산,봉화산응암순환,응암신내
16:04,16:05,20:47,20:50
신내응암순환,응암신내,봉화산응암순환,응암봉화산
16:12,16:13,20:57,20:59
봉화산응암순환,응암봉화산,신내응암순환,응암봉화산
16:19,16:21,21:07,21:08
봉화산응암순환,응암봉화산,봉화산응암순환,응암신내
16:25,16:29,21:17,21:17
신내응암순환,응암신내,봉화산응암순환,응암봉화산
16:31,16:37,21:27,21:26
봉화산응암순환,응암봉화산,신내응암순환,응암봉화산
16:37,16:45,21:37,21:35
봉화산응암순환,응암봉화산,봉화산응암순환,응암신내
16:43,16:53,21:47,21:44
봉화산응암순환,응암신내,봉화산응암순환,응암봉화산
16:49,,21:57,21:53
신내응암순환,,신내응암순환,응암봉화산
16:55,,22:07,22:02
봉화산응암순환,,봉화산응암순환,응암신내
17:01,17:01,22:17,22:11
봉화산응암순환,응암봉화산,신내응암순환,응암봉화산
17:07,17:09,22:28,22:20
봉화산응암순환,응암봉화산,봉화산응암순환,응암신내
17:13,17:17,22:39,22:29
신내응암순환,응암신내,신내응암순환,응암봉화산
17:19,17:25,22:51막,22:39
봉화산응암순환,응암봉화산,봉화산응암순환,응암봉화산
17:25,17:33,,22:49
봉화산응암순환,응암봉화산,,응암신내
17:31,17:41,,22:59
봉화산응암순환,응암신내,,응암봉화산
17:37,17:49,23:03막,23:09
신내응암순환,응암봉화산,신내독바위,응암봉화산
17:43,17:57,23:14막,23:19
봉화산응암순환,응암신내,봉화산응암,응암신내
17:49,,23:25막,23:29
봉화산응암순환,,신내대흥,응암봉화산
17:55,,23:36막,23:39막
봉화산응암순환,,봉화산공덕,응암신내
18:00,18:06,23:47막,23:49
신내응암순환,응암봉화산,봉화산한강진,응암봉화산
18:06,18:13,23:58막,23:59막
봉화산응암순환,응암신내,신내안암,응암봉화산
18:11,18:19,,
봉화산응암순환,응암봉화산,,
18:16,18:24,,
신내응암순환,응암봉화산,,
18:21,18:31,,
봉화산응암순환,응암신내,,
18:26,18:36,,
봉화산응암순환,응암봉화산,,
18:32,18:42,,
신내응암순환,응암봉화산,,
18:38,18:48,,
봉화산응암순환,응암신내,,
18:44,18:54,,
봉화산응암순환,응암봉화산,,
18:50,,,
신내응암순환,,,
18:56,,,
봉화산응암순환,,,
19:03,19:00,,
봉화산응암순환,응암봉화산,,
19:10,19:06,,
신내응암순환,응암봉화산,,
19:17,19:12,,
봉화산응암순환,응암신내,,
19:24,19:18,,
봉화산응암순환,응암봉화산,,
19:31,19:24,,
신내응암순환,응암봉화산,,
19:38,19:30,,
봉화산응암순환,응암신내,,
19:45,19:36,,
봉화산응암순환,응암봉화산,,
19:52,19:42,,
신내응암순환,응암봉화산,,
19:59,19:48,,
봉화산응암순환,응암봉화산,,
,19:54,,
,응암신내,,
,19:59,,
,응암봉화산,,
20:06,20:04,,
봉화산응암순환,응암봉화산,,
20:14,20:09,,
신내응암순환,응암신내,,
20:22,20:14,,
봉화산응암순환,응암봉화산,,
20:30,20:19,,
신내응암순환,응암봉화산,,
20:38,20:25,,
봉화산응암순환,응암봉화산,,
20:46,20:31,,
봉화산응암순환,응암봉화산,,
20:53,20:37,,
신내응암순환,응암신내,,
,20:43,,
,응암봉화산,,
,20:50,,
,응암신내,,
,20:56,,
,응암봉화산,,
21:02,21:03,,
봉화산응암순환,응암봉화산,,
21:10,21:10,,
신내응암순환,응암신내,,
21:19,21:17,,
봉화산응암순환,응암봉화산,,
21:28,21:24,,
신내응암순환,응암봉화산,,
21:37,21:31,,
봉화산응암순환,응암신내,,
21:45,21:38,,
봉화산응암순환,응암봉화산,,
21:53,21:45,,
신내응암순환,응암봉화산,,
,21:52,,
,응암신내,,
,21:59,,
,응암봉화산,,
22:02,22:07,,
봉화산응암순환,응암봉화산,,
22:11,22:15,,
신내응암순환,응암봉화산,,
22:20,22:23,,
봉화산응암순환,응암신내,,
22:30,22:31,,
봉화산응암순환,응암봉화산,,
22:39,22:39,,
신내응암순환,응암신내,,
22:51,22:47,,
봉화산응암순환,응암봉화산,,
22:59,22:56,,
신내응암순환,응암신내,,
23:07,23:04,,
봉화산응암순환,응암봉화산,,
23:17,23:13,,
신내응암순환,응암신내,,
23:26,23:21,,
봉화산독바위,응암봉화산,,
23:35,23:30,,
신내응암순환,응암신내,,
23:50막,23:38,,
신내응암순환,응암봉화산,,
,23:46,,
,응암신내,,
,23:55,,
,응암봉화산,,
00:06막,0:04,,
신내새절,응암봉화산,,
00:25막,0:13,,
신내공덕,응암신내,,
00:39막,0:23,,
봉화산한강진,응암봉화산,,
00:54막,00:32막,,
신내안암,응암신내,,
,0:44,,
,응암봉화산,,
,00:52막,,
,응암봉화산,,
