﻿한강진방면,약수방면,한강진방면,약수방면
평일,평일,주말,주말
05:41첫,05:31첫,05:41첫,05:31첫
안암응암순환,한강진신내,안암응암순환,한강진신내
5:49,5:45,5:49,5:45
상월곡응암순환,공덕신내,상월곡응암순환,공덕신내
5:56,5:59,5:56,5:59
봉화산응암순환,새절신내,봉화산응암순환,새절신내
6:03,6:10,6:05,6:10
봉화산응암순환,독바위봉화산,봉화산응암순환,독바위봉화산
6:10,6:21,6:14,6:21
신내응암순환,응암신내,신내응암순환,응암신내
6:17,6:32,6:22,6:32
봉화산응암순환,응암봉화산,봉화산응암순환,응암봉화산
6:24,6:42,6:31,6:41
봉화산응암순환,응암신내,신내응암순환,응암신내
6:31,6:49,6:40,6:49
신내응암순환,응암봉화산,신내응암순환,응암봉화산
6:37,6:57,6:49,6:57
봉화산응암순환,응암신내,봉화산응암순환,응암신내
6:43,,6:58,
신내응암순환,,신내응암순환,
6:49,,7:07,7:04
봉화산응암순환,,봉화산응암순환,응암봉화산
6:54,,7:16,7:11
봉화산응암순환,,신내응암순환,응암봉화산
7:00,7:04,7:25,7:20
신내응암순환,응암봉화산,봉화산응암순환,응암신내
7:05,7:11,7:34,7:29
봉화산응암순환,응암신내,신내응암순환,응암봉화산
7:09,7:18,7:43,7:37
봉화산응암순환,응암봉화산,봉화산응암순환,응암봉화산
7:14,7:25,7:52,7:46
봉화산응암순환,응암신내,신내응암순환,응암신내
7:18,7:32,,7:55
신내응암순환,응암봉화산,,응암봉화산
7:23,7:39,8:01,8:04
봉화산응암순환,응암신내,봉화산응암순환,응암봉화산
7:27,7:46,8:10,8:13
봉화산응암순환,응암봉화산,신내응암순환,응암신내
7:31,7:52,8:19,8:22
봉화산응암순환,응암봉화산,봉화산응암순환,응암봉화산
7:35,7:58,8:28,8:31
신내응암순환,응암신내,봉화산응암순환,응암봉화산
7:39,,8:37,8:40
봉화산응암순환,,신내응암순환,응암신내
7:43,,8:46,8:49
봉화산응암순환,,봉화산응암순환,응암봉화산
7:47,,8:55,8:58
봉화산응암순환,,봉화산응암순환,응암봉화산
7:51,,9:04,9:07
신내응암순환,,신내응암순환,응암신내
7:55,,9:13,9:16
봉화산응암순환,,봉화산응암순환,응암봉화산
7:59,,9:22,9:25
봉화산응암순환,,봉화산응암순환,응암봉화산
8:03,8:04,9:31,9:34
봉화산응암순환,응암봉화산,신내응암순환,응암신내
8:07,8:08,9:40,9:43
신내응암순환,새절봉화산,봉화산응암순환,응암봉화산
8:11,8:11,9:49,9:52
봉화산응암순환,응암봉화산,봉화산응암순환,응암봉화산
8:15,8:15,9:58,
봉화산응암순환,응암신내,신내응암순환,
8:19,8:20,10:07,10:01
봉화산응암순환,응암봉화산,봉화산응암순환,응암신내
8:23,8:25,10:16,10:10
신내응암순환,응암봉화산,봉화산응암순환,응암봉화산
8:27,8:29,10:25,10:19
봉화산응암순환,응암봉화산,신내응암순환,응암봉화산
8:31,8:34,10:34,10:28
봉화산응암순환,응암봉화산,봉화산응암순환,응암신내
8:35,8:38,10:43,10:37
봉화산응암순환,응암신내,봉화산응암순환,응암봉화산
8:39,8:42,10:52,10:46
신내응암순환,응암봉화산,신내응암순환,응암봉화산
8:44,8:46,,10:55
봉화산응암순환,응암봉화산,,응암신내
8:48,8:50,11:01,11:04
봉화산응암순환,응암봉화산,봉화산응암순환,응암봉화산
8:53,8:54,11:10,11:13
봉화산새절,응암봉화산,봉화산응암순환,응암봉화산
8:58,8:58,11:19,11:22
신내응암순환,응암봉화산,신내응암순환,응암신내
9:03,9:02,11:28,11:31
봉화산응암순환,응암신내,봉화산응암순환,응암봉화산
9:09,9:06,11:37,11:40
봉화산응암순환,응암봉화산,봉화산응암순환,응암봉화산
9:15,9:10,11:46,11:49
신내응암순환,응암봉화산,신내응암순환,응암신내
9:22,9:14,11:55,11:58
봉화산응암순환,응암봉화산,봉화산응암순환,응암봉화산
9:29,9:18,12:04,12:07
봉화산응암순환,응암봉화산,봉화산응암순환,응암봉화산
9:37,9:22,12:13,12:16
신내응암순환,응암봉화산,신내응암순환,응암신내
9:45,9:26,12:22,12:25
봉화산응암순환,응암신내,봉화산응암순환,응암봉화산
9:53,9:30,12:31,12:34
봉화산응암순환,응암봉화산,봉화산응암순환,응암봉화산
,9:34,12:40,12:43
,응암봉화산,신내응암순환,응암신내
,9:38,12:49,12:52
,응암봉화산,봉화산응암순환,응암봉화산
,9:42,12:58,
,응암봉화산,봉화산응암순환,
,9:46,13:07,13:01
,응암봉화산,신내응암순환,응암봉화산
,9:50,13:16,13:10
,응암신내,봉화산응암순환,응암신내
,9:55,13:25,13:19
,응암봉화산,봉화산응암순환,응암봉화산
,9:59,13:34,13:28
,응암봉화산,신내응암순환,응암봉화산
10:01,10:05,13:43,13:37
신내응암순환,응암봉화산,봉화산응암순환,응암신내
10:09,10:13,13:52,13:46
봉화산응암순환,응암신내,봉화산응암순환,응암봉화산
10:17,10:19,,13:55
봉화산응암순환,응암봉화산,,응암봉화산
10:25,10:24,14:01,14:04
신내응암순환,응암봉화산,신내응암순환,응암신내
10:33,10:30,14:10,14:13
봉화산응암순환,응암봉화산,봉화산응암순환,응암봉화산
10:41,10:37,14:19,14:22
봉화산응암순환,응암신내,봉화산응암순환,응암봉화산
10:49,10:44,14:28,14:31
신내응암순환,응암봉화산,신내응암순환,응암신내
10:57,10:52,14:37,14:40
봉화산응암순환,응암봉화산,봉화산응암순환,응암봉화산
11:05,11:00,14:46,14:49
봉화산응암순환,응암신내,봉화산응암순환,응암봉화산
11:13,11:08,14:55,14:58
신내응암순환,응암봉화산,신내응암순환,응암신내
11:21,11:16,15:04,15:07
봉화산응암순환,응암봉화산,봉화산응암순환,응암봉화산
11:29,11:24,15:13,15:16
봉화산응암순환,응암신내,봉화산응암순환,응암봉화산
11:37,11:32,15:22,15:25
신내응암순환,응암봉화산,신내응암순환,응암신내
11:45,11:40,15:31,15:34
봉화산응암순환,응암봉화산,봉화산응암순환,응암봉화산
11:53,11:48,15:40,15:43
봉화산응암순환,응암신내,봉화산응암순환,응암봉화산
,11:56,15:49,15:52
,응암봉화산,신내응암순환,응암신내
12:00,12:04,15:58,
신내응암순환,응암봉화산,봉화산응암순환,
12:08,12:12,16:07,16:01
봉화산응암순환,응암신내,봉화산응암순환,응암봉화산
12:16,12:20,16:16,16:10
봉화산응암순환,응암봉화산,신내응암순환,응암봉화산
12:24,12:28,16:25,16:19
신내응암순환,응암봉화산,봉화산응암순환,응암신내
12:32,12:36,16:34,16:28
봉화산응암순환,응암신내,봉화산응암순환,응암봉화산
12:40,12:44,16:43,16:37
봉화산응암순환,응암봉화산,신내응암순환,응암봉화산
12:48,12:52,16:52,16:46
신내응암순환,응암봉화산,봉화산응암순환,응암신내
12:56,,,16:55
봉화산응암순환,,,응암봉화산
13:04,13:00,17:01,17:04
봉화산응암순환,응암신내,봉화산응암순환,응암봉화산
13:12,13:08,17:10,17:13
신내응암순환,응암봉화산,신내응암순환,응암신내
13:20,13:16,17:19,17:22
봉화산응암순환,응암봉화산,봉화산응암순환,응암봉화산
13:28,13:23,17:28,17:31
봉화산응암순환,응암신내,봉화산응암순환,응암봉화산
13:36,13:31,17:37,17:40
신내응암순환,응암봉화산,신내응암순환,응암신내
13:44,13:39,17:46,17:49
봉화산응암순환,응암봉화산,봉화산응암순환,응암봉화산
13:52,13:47,17:55,17:58
봉화산응암순환,응암신내,봉화산응암순환,응암봉화산
,13:55,18:04,18:07
,응암봉화산,신내응암순환,응암신내
14:00,14:03,18:13,18:16
신내응암순환,응암봉화산,봉화산응암순환,응암봉화산
14:08,14:11,18:22,18:25
봉화산응암순환,응암신내,봉화산응암순환,응암봉화산
14:16,14:19,18:31,18:34
봉화산응암순환,응암봉화산,신내응암순환,응암신내
14:23,14:27,18:40,18:43
신내응암순환,응암봉화산,봉화산응암순환,응암봉화산
14:31,14:35,18:49,18:52
봉화산응암순환,응암신내,봉화산응암순환,응암봉화산
14:39,14:43,18:58,
봉화산응암순환,응암봉화산,신내응암순환,
14:47,14:51,19:07,19:01
신내응암순환,응암봉화산,봉화산응암순환,응암신내
14:55,14:59,19:16,19:10
봉화산응암순환,응암신내,봉화산응암순환,응암봉화산
15:03,15:07,19:25,19:19
봉화산응암순환,응암봉화산,신내응암순환,응암봉화산
15:11,15:15,19:34,19:28
신내응암순환,응암봉화산,봉화산응암순환,응암신내
15:19,15:23,19:43,19:37
봉화산응암순환,응암신내,봉화산응암순환,응암봉화산
15:27,15:31,19:52,19:46
봉화산응암순환,응암봉화산,신내응암순환,응암봉화산
15:35,15:39,,19:55
신내응암순환,응암봉화산,,응암신내
15:43,15:46,20:01,20:04
봉화산응암순환,응암신내,봉화산응암순환,응암봉화산
15:51,15:54,20:10,20:13
봉화산응암순환,응암봉화산,봉화산응암순환,응암봉화산
15:59,,20:19,20:22
신내응암순환,,신내응암순환,응암신내
16:07,16:02,20:28,20:31
봉화산응암순환,응암봉화산,봉화산응암순환,응암봉화산
16:15,16:10,20:37,20:40
봉화산응암순환,응암신내,봉화산응암순환,응암봉화산
16:23,16:18,20:46,20:49
신내응암순환,응암봉화산,신내응암순환,응암신내
16:31,16:26,20:55,20:58
봉화산응암순환,응암봉화산,봉화산응암순환,응암봉화산
16:38,16:34,21:05,21:07
봉화산응암순환,응암신내,봉화산응암순환,응암봉화산
16:44,16:42,21:15,21:16
신내응암순환,응암봉화산,신내응암순환,응암신내
16:50,16:50,21:25,21:25
봉화산응암순환,응암봉화산,봉화산응암순환,응암봉화산
16:56,16:58,21:35,21:34
봉화산응암순환,응암신내,봉화산응암순환,응암봉화산
17:02,17:06,21:45,21:43
봉화산응암순환,응암봉화산,신내응암순환,응암신내
17:08,17:14,21:55,21:52
신내응암순환,응암봉화산,봉화산응암순환,응암봉화산
17:14,17:22,22:05,22:01
봉화산응암순환,응암신내,봉화산응암순환,응암신내
17:20,17:30,22:15,22:10
봉화산응암순환,응암봉화산,신내응암순환,응암봉화산
17:26,17:38,22:25,22:20
봉화산응암순환,응암신내,봉화산응암순환,응암봉화산
17:32,17:47,22:36,22:30
신내응암순환,응암봉화산,신내응암순환,응암신내
17:38,17:54,22:47,22:40
봉화산응암순환,응암신내,봉화산응암순환,응암봉화산
17:44,,22:58,22:50
봉화산응암순환,,신내응암순환,응암봉화산
17:50,,23:10막,23:00
봉화산응암순환,,봉화산응암순환,응암신내
17:56,,23:22막,23:10
신내응암순환,,신내독바위,응암봉화산
18:02,18:00,23:33막,23:20막
봉화산응암순환,응암봉화산,봉화산응암,응암신내
18:08,18:05,23:44막,23:30
봉화산응암순환,응암봉화산,신내대흥,응암봉화산
18:14,18:12,23:55막,23:40막
봉화산응암순환,응암신내,봉화산공덕,응암봉화산
18:19,18:17,,23:51막
신내응암순환,응암봉화산,,응암안암
18:25,18:23,00:06막,
봉화산응암순환,응암봉화산,봉화산한강진,
18:30,18:29,,
봉화산응암순환,응암신내,,
18:35,18:35,,
신내응암순환,응암봉화산,,
18:40,18:41,,
봉화산응암순환,응암봉화산,,
18:45,18:47,,
봉화산응암순환,응암봉화산,,
18:51,18:53,,
신내응암순환,응암신내,,
18:57,18:59,,
봉화산응암순환,응암봉화산,,
19:03,19:05,,
봉화산응암순환,응암봉화산,,
19:09,19:11,,
신내응암순환,응암신내,,
19:15,19:17,,
봉화산응암순환,응암봉화산,,
19:22,19:23,,
봉화산응암순환,응암봉화산,,
19:29,19:29,,
신내응암순환,응암봉화산,,
19:36,19:35,,
봉화산응암순환,응암신내,,
19:43,19:40,,
봉화산응암순환,응암봉화산,,
19:50,19:45,,
신내응암순환,응암봉화산,,
19:57,19:50,,
봉화산응암순환,응암신내,,
,19:55,,
,응암봉화산,,
20:04,20:00,,
봉화산응암순환,응암봉화산,,
20:11,20:06,,
신내응암순환,응암봉화산,,
20:18,20:12,,
봉화산응암순환,응암봉화산,,
20:25,20:18,,
봉화산응암순환,응암신내,,
20:33,20:24,,
신내응암순환,응암봉화산,,
20:41,20:31,,
봉화산응암순환,응암신내,,
20:49,20:37,,
신내응암순환,응암봉화산,,
20:57,20:44,,
봉화산응암순환,응암봉화산,,
,20:51,,
,응암신내,,
,20:58,,
,응암봉화산,,
21:05,21:05,,
봉화산응암순환,응암봉화산,,
21:12,21:12,,
신내응암순환,응암신내,,
21:21,21:19,,
봉화산응암순환,응암봉화산,,
21:29,21:26,,
신내응암순환,응암봉화산,,
21:38,21:33,,
봉화산응암순환,응암신내,,
21:47,21:40,,
신내응암순환,응암봉화산,,
21:56,21:48,,
봉화산응암순환,응암봉화산,,
,21:56,,
,응암봉화산,,
22:04,22:04,,
봉화산응암순환,응암신내,,
22:12,22:12,,
신내응암순환,응암봉화산,,
22:21,22:20,,
봉화산응암순환,응암신내,,
22:30,22:28,,
신내응암순환,응암봉화산,,
22:39,22:37,,
봉화산응암순환,응암신내,,
22:49,22:45,,
봉화산응암순환,응암봉화산,,
22:58,22:54,,
신내응암순환,응암신내,,
23:10,23:02,,
봉화산응암순환,응암봉화산,,
23:18,23:11,,
신내응암순환,응암신내,,
23:26,23:19,,
봉화산응암순환,응암봉화산,,
23:36,23:27,,
신내응암순환,응암신내,,
23:45,23:36,,
봉화산독바위,응암봉화산,,
23:54,23:45,,
신내응암순환,응암봉화산,,
,23:54,,
,응암신내,,
00:09막,0:04,,
신내응암순환,응암봉화산,,
00:25막,00:13막,,
신내새절,응암신내,,
00:44막,0:25,,
신내공덕,응암봉화산,,
00:58막,00:33막,,
봉화산한강진,응암봉화산,,
