﻿안암방면,월곡방면,안암방면,월곡방면
평일,평일,주말,주말
05:35첫,05:31첫,05:35첫,05:31첫
상월곡응암순환,안암신내,상월곡응암순환,안암신내
5:42,5:45,5:42,5:45
봉화산응암순환,한강진신내,봉화산응암순환,한강진신내
5:49,5:58,5:51,5:58
봉화산응암순환,공덕신내,봉화산응암순환,공덕신내
5:56,,6:00,6:13
신내응암순환,,신내응암순환,새절신내
6:03,6:13,6:09,6:23
봉화산응암순환,새절신내,봉화산응암순환,독바위봉화산
6:10,6:23,6:18,6:34
봉화산응암순환,독바위봉화산,신내응암순환,응암신내
6:17,6:34,6:27,6:45
신내응암순환,응암신내,신내응암순환,응암봉화산
6:23,6:45,6:36,6:54
봉화산응암순환,응암봉화산,봉화산응암순환,응암신내
6:29,6:55,6:45,
신내응암순환,응암신내,신내응암순환,
6:35,,6:54,
봉화산응암순환,,봉화산응암순환,
6:41,,7:03,7:03
봉화산응암순환,,신내응암순환,응암봉화산
6:46,,7:12,7:10
신내응암순환,,봉화산응암순환,응암신내
6:51,,7:21,7:18
봉화산응암순환,,신내응암순환,응암봉화산
6:56,,7:30,7:25
봉화산응암순환,,봉화산응암순환,응암봉화산
7:00,7:03,7:39,7:34
봉화산응암순환,응암봉화산,신내응암순환,응암신내
7:05,7:10,7:48,7:43
신내응암순환,응암신내,봉화산응암순환,응암봉화산
7:09,7:18,7:57,7:51
봉화산응암순환,응암봉화산,신내응암순환,응암봉화산
7:13,7:25,8:06,8:00
봉화산응암순환,응암신내,봉화산응암순환,응암신내
7:17,7:32,8:15,8:09
봉화산응암순환,응암봉화산,봉화산응암순환,응암봉화산
7:21,7:39,8:24,8:18
신내응암순환,응암신내,신내응암순환,응암봉화산
7:25,7:46,8:33,8:27
봉화산응암순환,응암봉화산,봉화산응암순환,응암신내
7:29,7:53,8:42,8:36
봉화산응암순환,응암신내,봉화산응암순환,응암봉화산
7:33,,8:51,8:45
봉화산응암순환,,신내응암순환,응암봉화산
7:37,,,8:54
신내응암순환,,,응암신내
7:41,,9:00,9:03
봉화산응암순환,,봉화산응암순환,응암봉화산
7:45,,9:09,9:12
봉화산응암순환,,봉화산응암순환,응암봉화산
7:49,,9:18,9:21
봉화산응암순환,,신내응암순환,응암신내
7:53,,9:27,9:30
신내응암순환,,봉화산응암순환,응암봉화산
7:57,,9:36,9:39
봉화산응암순환,,봉화산응암순환,응암봉화산
8:01,8:00,9:45,9:48
봉화산응암순환,응암봉화산,신내응암순환,응암신내
8:05,8:06,9:54,9:57
봉화산응암순환,응암봉화산,봉화산응암순환,응암봉화산
8:09,8:12,10:03,10:06
신내응암순환,응암신내,봉화산응암순환,응암봉화산
8:13,8:18,10:12,10:15
봉화산응암순환,응암봉화산,신내응암순환,응암신내
8:17,8:21,10:21,10:24
봉화산응암순환,새절봉화산,봉화산응암순환,응암봉화산
8:21,8:25,10:30,10:33
봉화산응암순환,응암봉화산,봉화산응암순환,응암봉화산
8:26,8:29,10:39,10:42
신내응암순환,응암신내,신내응암순환,응암신내
8:30,8:34,10:48,10:51
봉화산응암순환,응암봉화산,봉화산응암순환,응암봉화산
8:35,8:38,10:57,
봉화산응암순환,응암봉화산,봉화산응암순환,
8:39,8:43,11:06,11:00
봉화산새절,응암봉화산,신내응암순환,응암봉화산
8:44,8:47,11:15,11:09
신내응암순환,응암봉화산,봉화산응암순환,응암신내
8:50,8:52,11:24,11:18
봉화산응암순환,응암신내,봉화산응암순환,응암봉화산
8:55,8:56,11:33,11:27
봉화산응암순환,응암봉화산,신내응암순환,응암봉화산
9:01,9:00,11:42,11:36
신내응암순환,응암봉화산,봉화산응암순환,응암신내
9:08,9:04,11:51,11:45
봉화산응암순환,응암봉화산,봉화산응암순환,응암봉화산
9:15,9:08,,11:54
봉화산응암순환,응암봉화산,,응암봉화산
9:23,9:12,12:00,12:03
신내응암순환,응암봉화산,신내응암순환,응암신내
9:31,9:16,12:09,12:12
봉화산응암순환,응암신내,봉화산응암순환,응암봉화산
9:39,9:20,12:18,12:21
봉화산응암순환,응암봉화산,봉화산응암순환,응암봉화산
9:47,9:24,12:27,12:30
신내응암순환,응암봉화산,신내응암순환,응암신내
9:55,9:28,12:36,12:39
봉화산응암순환,응암봉화산,봉화산응암순환,응암봉화산
,9:32,12:45,12:48
,응암봉화산,봉화산응암순환,응암봉화산
,9:36,12:54,12:57
,응암봉화산,신내응암순환,응암신내
,9:40,13:03,13:06
,응암신내,봉화산응암순환,응암봉화산
,9:44,13:12,13:15
,응암봉화산,봉화산응암순환,응암봉화산
,9:48,13:21,13:24
,응암봉화산,신내응암순환,응암신내
,9:52,13:30,13:33
,응암봉화산,봉화산응암순환,응암봉화산
,9:56,13:39,13:42
,응암봉화산,봉화산응암순환,응암봉화산
10:03,10:00,13:48,13:51
봉화산응암순환,응암봉화산,신내응암순환,응암신내
10:11,10:04,13:57,
신내응암순환,응암신내,봉화산응암순환,
10:19,10:08,14:06,14:00
봉화산응암순환,응암봉화산,봉화산응암순환,응암봉화산
10:27,10:13,14:15,14:09
봉화산응암순환,응암봉화산,신내응암순환,응암봉화산
10:35,10:19,14:24,14:18
신내응암순환,응암봉화산,봉화산응암순환,응암신내
10:43,10:27,14:33,14:27
봉화산응암순환,응암신내,봉화산응암순환,응암봉화산
10:51,10:32,14:42,14:36
봉화산응암순환,응암봉화산,신내응암순환,응암봉화산
10:59,10:38,14:51,14:45
신내응암순환,응암봉화산,봉화산응암순환,응암신내
,10:44,,14:54
,응암봉화산,,응암봉화산
,10:51,15:00,15:03
,응암신내,봉화산응암순환,응암봉화산
,10:58,15:09,15:12
,응암봉화산,신내응암순환,응암신내
11:07,11:06,15:18,15:21
봉화산응암순환,응암봉화산,봉화산응암순환,응암봉화산
11:15,11:14,15:27,15:30
봉화산응암순환,응암신내,봉화산응암순환,응암봉화산
11:23,11:22,15:36,15:39
신내응암순환,응암봉화산,신내응암순환,응암신내
11:31,11:30,15:45,15:48
봉화산응암순환,응암봉화산,봉화산응암순환,응암봉화산
11:39,11:38,15:54,15:57
봉화산응암순환,응암신내,봉화산응암순환,응암봉화산
11:47,11:46,16:03,16:06
신내응암순환,응암봉화산,신내응암순환,응암신내
11:54,11:54,16:12,16:15
봉화산응암순환,응암봉화산,봉화산응암순환,응암봉화산
12:02,12:02,16:21,16:24
봉화산응암순환,응암신내,봉화산응암순환,응암봉화산
12:10,12:10,16:30,16:33
신내응암순환,응암봉화산,신내응암순환,응암신내
12:18,12:18,16:39,16:42
봉화산응암순환,응암봉화산,봉화산응암순환,응암봉화산
12:26,12:26,16:48,16:51
봉화산응암순환,응암신내,봉화산응암순환,응암봉화산
12:34,12:34,16:57,
신내응암순환,응암봉화산,신내응암순환,
12:42,12:42,17:06,17:00
봉화산응암순환,응암봉화산,봉화산응암순환,응암신내
12:50,12:50,17:15,17:09
봉화산응암순환,응암신내,봉화산응암순환,응암봉화산
12:58,12:58,17:24,17:18
신내응암순환,응암봉화산,신내응암순환,응암봉화산
13:06,13:06,17:33,17:27
봉화산응암순환,응암봉화산,봉화산응암순환,응암신내
13:14,13:14,17:42,17:36
봉화산응암순환,응암신내,봉화산응암순환,응암봉화산
13:22,13:22,17:51,17:45
신내응암순환,응암봉화산,신내응암순환,응암봉화산
13:30,13:29,,17:54
봉화산응암순환,응암봉화산,,응암신내
13:38,13:37,18:00,18:03
봉화산응암순환,응암신내,봉화산응암순환,응암봉화산
13:46,13:45,18:09,18:12
신내응암순환,응암봉화산,봉화산응암순환,응암봉화산
13:54,13:53,18:18,18:21
봉화산응암순환,응암봉화산,신내응암순환,응암신내
14:02,14:01,18:27,18:30
봉화산응암순환,응암신내,봉화산응암순환,응암봉화산
14:10,14:09,18:36,18:39
신내응암순환,응암봉화산,봉화산응암순환,응암봉화산
14:17,14:17,18:45,18:48
봉화산응암순환,응암봉화산,신내응암순환,응암신내
14:25,14:25,18:54,18:57
봉화산응암순환,응암신내,봉화산응암순환,응암봉화산
14:33,14:33,19:03,19:06
신내응암순환,응암봉화산,봉화산응암순환,응암봉화산
14:41,14:41,19:12,19:15
봉화산응암순환,응암봉화산,신내응암순환,응암신내
14:49,14:49,19:21,19:24
봉화산응암순환,응암신내,봉화산응암순환,응암봉화산
14:57,14:57,19:30,19:33
신내응암순환,응암봉화산,봉화산응암순환,응암봉화산
15:05,15:05,19:39,19:42
봉화산응암순환,응암봉화산,신내응암순환,응암신내
15:13,15:13,19:48,19:51
봉화산응암순환,응암신내,봉화산응암순환,응암봉화산
15:21,15:21,19:57,
신내응암순환,응암봉화산,봉화산응암순환,
15:29,15:29,20:06,20:00
봉화산응암순환,응암봉화산,신내응암순환,응암봉화산
15:37,15:37,20:15,20:09
봉화산응암순환,응암신내,봉화산응암순환,응암신내
15:45,15:45,20:24,20:18
신내응암순환,응암봉화산,봉화산응암순환,응암봉화산
15:53,15:52,20:33,20:27
봉화산응암순환,응암봉화산,신내응암순환,응암봉화산
16:01,16:00,20:42,20:36
봉화산응암순환,응암신내,봉화산응암순환,응암신내
16:09,16:08,20:52,20:45
신내응암순환,응암봉화산,봉화산응암순환,응암봉화산
16:18,16:16,,20:54
봉화산응암순환,응암봉화산,,응암봉화산
16:25,16:24,21:02,21:03
봉화산응암순환,응암신내,신내응암순환,응암신내
16:31,16:32,21:12,21:12
신내응암순환,응암봉화산,봉화산응암순환,응암봉화산
16:36,16:40,21:22,21:21
봉화산응암순환,응암봉화산,봉화산응암순환,응암봉화산
16:43,16:48,21:32,21:30
봉화산응암순환,응암신내,신내응암순환,응암신내
16:48,16:56,21:42,21:39
봉화산응암순환,응암봉화산,봉화산응암순환,응암봉화산
16:54,,21:52,21:48
신내응암순환,,봉화산응암순환,응암봉화산
17:00,17:04,,21:57
봉화산응암순환,응암봉화산,,응암신내
17:06,17:12,22:02,22:06
봉화산응암순환,응암신내,신내응암순환,응암봉화산
17:12,17:20,22:12,22:15
봉화산응암순환,응암봉화산,봉화산응암순환,응암신내
17:18,17:28,22:22,22:24
신내응암순환,응암봉화산,신내응암순환,응암봉화산
17:24,17:36,22:34,22:34
봉화산응암순환,응암신내,봉화산응암순환,응암봉화산
17:30,17:44,22:44,22:44
봉화산응암순환,응암봉화산,신내응암순환,응암신내
17:36,17:52,22:56막,22:54
봉화산응암순환,응암신내,봉화산응암순환,응암봉화산
17:42,,23:08막,23:04
신내응암순환,,신내독바위,응암봉화산
17:48,,23:19막,23:14
봉화산응암순환,,봉화산응암,응암신내
17:54,,23:30막,23:24
봉화산응암순환,,신내대흥,응암봉화산
18:00,18:00,23:41막,23:34막
봉화산응암순환,응암봉화산,봉화산공덕,응암신내
18:06,18:07,23:52막,23:44
신내응암순환,응암신내,봉화산한강진,응암봉화산
18:11,18:13,,23:54막
봉화산응암순환,응암봉화산,,응암봉화산
18:16,18:19,00:03막,
봉화산응암순환,응암봉화산,신내안암,
18:21,18:25,,
신내응암순환,응암신내,,
18:26,18:31,,
봉화산응암순환,응암봉화산,,
18:31,18:37,,
봉화산응암순환,응암봉화산,,
18:37,18:43,,
신내응암순환,응암신내,,
18:43,18:49,,
봉화산응암순환,응암봉화산,,
18:49,18:55,,
봉화산응암순환,응암봉화산,,
18:55,,,
신내응암순환,,,
19:02,19:01,,
봉화산응암순환,응암봉화산,,
19:08,19:07,,
봉화산응암순환,응암신내,,
19:15,19:13,,
신내응암순환,응암봉화산,,
19:22,19:19,,
봉화산응암순환,응암봉화산,,
19:29,19:25,,
봉화산응암순환,응암신내,,
19:36,19:31,,
신내응암순환,응암봉화산,,
19:43,19:37,,
봉화산응암순환,응암봉화산,,
19:50,19:43,,
봉화산응암순환,응암봉화산,,
19:57,19:48,,
신내응암순환,응암신내,,
,19:54,,
,응암봉화산,,
,19:59,,
,응암봉화산,,
20:04,20:04,,
봉화산응암순환,응암신내,,
20:11,20:09,,
봉화산응암순환,응암봉화산,,
20:19,20:14,,
신내응암순환,응암봉화산,,
20:27,20:20,,
봉화산응암순환,응암봉화산,,
20:35,20:26,,
신내응암순환,응암봉화산,,
20:43,20:32,,
봉화산응암순환,응암신내,,
20:51,20:38,,
봉화산응암순환,응암봉화산,,
20:59,20:44,,
신내응암순환,응암신내,,
,20:51,,
,응암봉화산,,
,20:58,,
,응암봉화산,,
21:08,21:05,,
봉화산응암순환,응암신내,,
21:16,21:12,,
신내응암순환,응암봉화산,,
21:24,21:19,,
봉화산응암순환,응암봉화산,,
21:33,21:26,,
신내응암순환,응암신내,,
21:42,21:33,,
봉화산응암순환,응암봉화산,,
21:50,21:40,,
봉화산응암순환,응암봉화산,,
21:58,21:47,,
신내응암순환,응암신내,,
,21:54,,
,응암봉화산,,
22:07,22:02,,
봉화산응암순환,응암봉화산,,
22:16,22:10,,
신내응암순환,응암봉화산,,
22:25,22:18,,
봉화산응암순환,응암신내,,
22:35,22:26,,
봉화산응암순환,응암봉화산,,
22:45,22:34,,
신내응암순환,응암신내,,
22:56,22:41,,
봉화산응암순환,응암봉화산,,
,22:50,,
,응암신내,,
,22:58,,
,응암봉화산,,
23:04,23:07,,
신내응암순환,응암신내,,
23:12,23:16,,
봉화산응암순환,응암봉화산,,
23:22,23:25,,
신내응암순환,응암신내,,
23:31,23:33,,
봉화산독바위,응암봉화산,,
23:40,23:40,,
신내응암순환,응암신내,,
23:55막,23:49,,
신내응암순환,응암봉화산,,
,23:59,,
,응암봉화산,,
00:11막,0:07,,
신내새절,응암신내,,
00:30막,0:17,,
신내공덕,응암봉화산,,
00:44막,00:27막,,
봉화산한강진,응암신내,,
00:59막,0:38,,
신내안암,응암봉화산,,
,00:47막,,
,응암봉화산,,
