﻿종합운동장방면,삼성중앙방면,종합운동장방면,삼성중앙방면
평일,평일,주말,주말
05:38첫,05:35첫,05:37첫,05:35첫
신논현중앙보훈병원,삼전개화,신논현중앙보훈병원,삼전개화
5:50,5:50,5:48,5:52
동작중앙보훈병원,중앙보훈병원개화,동작중앙보훈병원,중앙보훈병원개화
05:54급첫,-,05:53급첫,-
당산중앙보훈병원,-,당산중앙보훈병원,-
6:04,6:03,6:01,6:04
여의도중앙보훈병원,중앙보훈병원개화,여의도중앙보훈병원,중앙보훈병원개화
06:08급,06:07급첫,06:05급,06:12급첫
김포공항중앙보훈병원,중앙보훈병원김포공항,김포공항중앙보훈병원,중앙보훈병원김포공항
6:16,6:16,6:13,6:17
염창중앙보훈병원,중앙보훈병원개화,염창중앙보훈병원,중앙보훈병원개화
06:21급,06:20급,06:17급,06:25급
김포공항중앙보훈병원,중앙보훈병원김포공항,김포공항중앙보훈병원,중앙보훈병원김포공항
6:27,6:29,6:24,6:30
마곡나루중앙보훈병원,중앙보훈병원개화,마곡나루중앙보훈병원,중앙보훈병원개화
06:31급,06:33급,06:28급,06:37급
김포공항중앙보훈병원,중앙보훈병원김포공항,김포공항중앙보훈병원,중앙보훈병원김포공항
6:38,6:42,6:35,6:42
개화중앙보훈병원,중앙보훈병원개화,개화중앙보훈병원,중앙보훈병원개화
06:42급,06:46급,06:40급,06:49급
김포공항중앙보훈병원,중앙보훈병원김포공항,김포공항중앙보훈병원,중앙보훈병원김포공항
6:50,6:55,6:47,6:54
개화중앙보훈병원,중앙보훈병원개화,개화중앙보훈병원,중앙보훈병원개화
06:54급,06:59급,06:52급,-
김포공항중앙보훈병원,중앙보훈병원김포공항,김포공항중앙보훈병원,-
7:02,7:08,6:59,-
개화중앙보훈병원,중앙보훈병원개화,개화중앙보훈병원,-
07:06급,07:12급,07:04급,07:01급
김포공항중앙보훈병원,중앙보훈병원김포공항,김포공항중앙보훈병원,중앙보훈병원김포공항
7:14,7:16,7:11,7:06
개화중앙보훈병원,중앙보훈병원개화,개화중앙보훈병원,중앙보훈병원개화
07:19급,07:24급,07:16급,07:13급
김포공항중앙보훈병원,중앙보훈병원김포공항,김포공항중앙보훈병원,중앙보훈병원김포공항
7:23,7:28,7:23,7:18
개화중앙보훈병원,중앙보훈병원개화,개화중앙보훈병원,중앙보훈병원개화
07:27급,07:36급,07:28급,07:25급
김포공항중앙보훈병원,중앙보훈병원김포공항,김포공항중앙보훈병원,중앙보훈병원김포공항
7:32,7:40,7:35,7:30
개화중앙보훈병원,중앙보훈병원개화,개화중앙보훈병원,중앙보훈병원개화
07:35급,7:46,07:40급,07:37급
김포공항중앙보훈병원,중앙보훈병원개화,김포공항중앙보훈병원,중앙보훈병원김포공항
7:39,07:48급,7:47,7:42
개화중앙보훈병원,중앙보훈병원김포공항,개화중앙보훈병원,중앙보훈병원개화
07:43급,7:55,07:52급,07:49급
김포공항중앙보훈병원,중앙보훈병원개화,김포공항중앙보훈병원,중앙보훈병원김포공항
7:46,07:59급,7:59,7:54
개화중앙보훈병원,중앙보훈병원김포공항,개화중앙보훈병원,중앙보훈병원개화
07:50급,-,08:04급,08:01급
김포공항중앙보훈병원,-,김포공항중앙보훈병원,중앙보훈병원김포공항
7:53,-,8:11,8:06
개화중앙보훈병원,-,개화중앙보훈병원,중앙보훈병원개화
07:56급,-,08:16급,08:13급
김포공항중앙보훈병원,-,김포공항중앙보훈병원,중앙보훈병원김포공항
8:00,8:03,8:23,8:18
개화중앙보훈병원,중앙보훈병원개화,개화중앙보훈병원,중앙보훈병원개화
08:03급,08:08급,08:28급,08:25급
김포공항중앙보훈병원,중앙보훈병원김포공항,김포공항중앙보훈병원,중앙보훈병원김포공항
8:07,8:12,8:35,8:30
개화중앙보훈병원,중앙보훈병원개화,개화중앙보훈병원,중앙보훈병원개화
08:10급,08:17급,08:40급,08:37급
김포공항중앙보훈병원,중앙보훈병원김포공항,김포공항중앙보훈병원,중앙보훈병원김포공항
8:14,8:21,8:47,8:42
개화중앙보훈병원,중앙보훈병원개화,개화중앙보훈병원,중앙보훈병원개화
08:17급,08:25급,08:52급,08:49급
김포공항중앙보훈병원,중앙보훈병원김포공항,김포공항중앙보훈병원,중앙보훈병원김포공항
8:20,8:28,8:59,8:54
개화중앙보훈병원,중앙보훈병원개화,개화중앙보훈병원,중앙보훈병원개화
08:24급,08:32급,09:04급,09:01급
김포공항중앙보훈병원,중앙보훈병원김포공항,김포공항중앙보훈병원,중앙보훈병원김포공항
8:27,8:35,9:11,9:06
개화중앙보훈병원,중앙보훈병원개화,개화중앙보훈병원,중앙보훈병원개화
08:31급,08:39급,09:16급,09:13급
김포공항중앙보훈병원,중앙보훈병원김포공항,김포공항중앙보훈병원,중앙보훈병원김포공항
8:34,8:42,9:23,9:18
개화중앙보훈병원,중앙보훈병원개화,개화중앙보훈병원,중앙보훈병원개화
08:37급,08:46급,09:28급,09:25급
김포공항중앙보훈병원,중앙보훈병원김포공항,김포공항중앙보훈병원,중앙보훈병원김포공항
8:41,8:49,9:35,9:30
개화중앙보훈병원,중앙보훈병원개화,개화중앙보훈병원,중앙보훈병원개화
08:44급,08:52급,09:40급,09:37급
김포공항중앙보훈병원,중앙보훈병원김포공항,김포공항중앙보훈병원,중앙보훈병원김포공항
8:48,8:56,9:47,9:42
개화중앙보훈병원,중앙보훈병원개화,개화중앙보훈병원,중앙보훈병원개화
08:51급,08:59급,09:52급,09:49급
김포공항중앙보훈병원,중앙보훈병원김포공항,김포공항중앙보훈병원,중앙보훈병원김포공항
8:55,-,9:59,9:54
개화중앙보훈병원,-,개화중앙보훈병원,중앙보훈병원개화
08:58급,-,10:03급,10:01급
김포공항중앙보훈병원,-,김포공항중앙보훈병원,중앙보훈병원김포공항
9:01,9:02,10:10,10:06
개화중앙보훈병원,중앙보훈병원개화,개화중앙보훈병원,중앙보훈병원개화
09:05급,09:06급,10:14급,10:13급
김포공항중앙보훈병원,중앙보훈병원김포공항,김포공항중앙보훈병원,중앙보훈병원김포공항
9:08,9:09,10:21,10:17
개화중앙보훈병원,중앙보훈병원개화,개화중앙보훈병원,중앙보훈병원개화
09:12급,09:13급,10:25급,10:24급
김포공항중앙보훈병원,중앙보훈병원김포공항,김포공항중앙보훈병원,중앙보훈병원김포공항
9:15,9:16,10:32,10:28
개화중앙보훈병원,중앙보훈병원개화,개화중앙보훈병원,중앙보훈병원개화
09:18급,09:20급,10:36급,10:35급
김포공항중앙보훈병원,중앙보훈병원김포공항,김포공항중앙보훈병원,중앙보훈병원김포공항
9:22,9:23,10:43,10:39
개화중앙보훈병원,중앙보훈병원개화,개화중앙보훈병원,중앙보훈병원개화
09:25급,09:27급,10:47급,10:46급
김포공항중앙보훈병원,중앙보훈병원김포공항,김포공항중앙보훈병원,중앙보훈병원김포공항
9:29,9:30,10:54,10:50
개화중앙보훈병원,중앙보훈병원개화,개화중앙보훈병원,중앙보훈병원개화
9:34,09:33급,10:58급,10:57급
개화중앙보훈병원,중앙보훈병원김포공항,김포공항중앙보훈병원,중앙보훈병원김포공항
09:36급,9:37,11:05,11:01
김포공항중앙보훈병원,중앙보훈병원개화,개화중앙보훈병원,중앙보훈병원개화
9:42,09:40급,11:09급,11:08급
개화중앙보훈병원,중앙보훈병원김포공항,김포공항중앙보훈병원,중앙보훈병원김포공항
09:46급,9:43,11:16,11:12
김포공항중앙보훈병원,중앙보훈병원개화,개화중앙보훈병원,중앙보훈병원개화
9:53,09:47급,11:20급,11:19급
개화중앙보훈병원,중앙보훈병원김포공항,김포공항중앙보훈병원,중앙보훈병원김포공항
09:57급,9:50,11:27,11:23
김포공항중앙보훈병원,중앙보훈병원개화,개화중앙보훈병원,중앙보훈병원개화
-,09:54급,11:31급,11:30급
-,중앙보훈병원김포공항,김포공항중앙보훈병원,중앙보훈병원김포공항
-,9:57,11:38,11:34
-,중앙보훈병원개화,개화중앙보훈병원,중앙보훈병원개화
10:04,10:01급,11:42급,11:41급
개화중앙보훈병원,중앙보훈병원김포공항,김포공항중앙보훈병원,중앙보훈병원김포공항
10:08급,10:04,11:49,11:45
김포공항중앙보훈병원,중앙보훈병원개화,개화중앙보훈병원,중앙보훈병원개화
10:15,10:08급,11:53급,11:52급
개화중앙보훈병원,중앙보훈병원김포공항,김포공항중앙보훈병원,중앙보훈병원김포공항
10:19급,10:12,-,11:56
김포공항중앙보훈병원,중앙보훈병원개화,-,중앙보훈병원개화
10:26,10:16급,12:00,12:03급
개화중앙보훈병원,중앙보훈병원김포공항,개화중앙보훈병원,중앙보훈병원김포공항
10:30급,10:20,12:04급,12:07
김포공항중앙보훈병원,중앙보훈병원개화,김포공항중앙보훈병원,중앙보훈병원개화
10:37,10:26,12:11,12:14급
개화중앙보훈병원,중앙보훈병원개화,개화중앙보훈병원,중앙보훈병원김포공항
10:41급,10:28급,12:15급,12:18
김포공항중앙보훈병원,중앙보훈병원김포공항,김포공항중앙보훈병원,중앙보훈병원개화
10:48,10:32,12:22,12:25급
개화중앙보훈병원,중앙보훈병원개화,개화중앙보훈병원,중앙보훈병원김포공항
10:52급,10:37급,12:26급,12:29
김포공항중앙보훈병원,중앙보훈병원김포공항,김포공항중앙보훈병원,중앙보훈병원개화
10:59,10:41,12:33,12:36급
개화중앙보훈병원,중앙보훈병원개화,개화중앙보훈병원,중앙보훈병원김포공항
-,10:49급,12:37급,12:40
-,중앙보훈병원김포공항,김포공항중앙보훈병원,중앙보훈병원개화
-,10:53,12:44,12:47급
-,중앙보훈병원개화,개화중앙보훈병원,중앙보훈병원김포공항
11:03급,11:01급,12:48급,12:51
김포공항중앙보훈병원,중앙보훈병원김포공항,김포공항중앙보훈병원,중앙보훈병원개화
11:10,11:04,12:55,12:58급
개화중앙보훈병원,중앙보훈병원개화,개화중앙보훈병원,중앙보훈병원김포공항
11:14급,11:12급,12:59급,-
김포공항중앙보훈병원,중앙보훈병원김포공항,김포공항중앙보훈병원,-
11:21,11:15,13:06,13:02
개화중앙보훈병원,중앙보훈병원개화,개화중앙보훈병원,중앙보훈병원개화
11:25급,11:23급,13:10급,13:09급
김포공항중앙보훈병원,중앙보훈병원김포공항,김포공항중앙보훈병원,중앙보훈병원김포공항
11:32,11:26,13:17,13:13
개화중앙보훈병원,중앙보훈병원개화,개화중앙보훈병원,중앙보훈병원개화
11:36급,11:34급,13:21급,13:20급
김포공항중앙보훈병원,중앙보훈병원김포공항,김포공항중앙보훈병원,중앙보훈병원김포공항
11:43,11:37,13:28,13:24
개화중앙보훈병원,중앙보훈병원개화,개화중앙보훈병원,중앙보훈병원개화
11:47급,11:45급,13:32급,13:31급
김포공항중앙보훈병원,중앙보훈병원김포공항,김포공항중앙보훈병원,중앙보훈병원김포공항
11:54,11:48,13:39,13:35
개화중앙보훈병원,중앙보훈병원개화,개화중앙보훈병원,중앙보훈병원개화
11:58급,11:56급,13:43급,13:42급
김포공항중앙보훈병원,중앙보훈병원김포공항,김포공항중앙보훈병원,중앙보훈병원김포공항
-,11:59,13:50,13:46
-,중앙보훈병원개화,개화중앙보훈병원,중앙보훈병원개화
12:06,12:07급,13:54급,13:53급
개화중앙보훈병원,중앙보훈병원김포공항,김포공항중앙보훈병원,중앙보훈병원김포공항
12:10급,12:10,-,13:57
김포공항중앙보훈병원,중앙보훈병원개화,-,중앙보훈병원개화
12:17,12:18급,14:01,14:04급
개화중앙보훈병원,중앙보훈병원김포공항,개화중앙보훈병원,중앙보훈병원김포공항
12:22급,12:21,14:05급,14:08
김포공항중앙보훈병원,중앙보훈병원개화,김포공항중앙보훈병원,중앙보훈병원개화
12:29,12:29급,14:12,14:15급
개화중앙보훈병원,중앙보훈병원김포공항,개화중앙보훈병원,중앙보훈병원김포공항
12:33급,12:32,14:16급,14:19
김포공항중앙보훈병원,중앙보훈병원개화,김포공항중앙보훈병원,중앙보훈병원개화
12:40,12:40급,14:23,14:26급
개화중앙보훈병원,중앙보훈병원김포공항,개화중앙보훈병원,중앙보훈병원김포공항
12:44급,12:43,14:27급,14:30
김포공항중앙보훈병원,중앙보훈병원개화,김포공항중앙보훈병원,중앙보훈병원개화
12:51,12:51급,14:34,14:37급
개화중앙보훈병원,중앙보훈병원김포공항,개화중앙보훈병원,중앙보훈병원김포공항
12:55급,12:55,14:38급,14:41
김포공항중앙보훈병원,중앙보훈병원개화,김포공항중앙보훈병원,중앙보훈병원개화
13:02,13:03급,14:45,14:48급
개화중앙보훈병원,중앙보훈병원김포공항,개화중앙보훈병원,중앙보훈병원김포공항
13:06급,13:07,14:49급,14:52
김포공항중앙보훈병원,중앙보훈병원개화,김포공항중앙보훈병원,중앙보훈병원개화
13:13,13:15급,14:56,14:59급
개화중앙보훈병원,중앙보훈병원김포공항,개화중앙보훈병원,중앙보훈병원김포공항
13:17급,13:18,15:00급,15:03
김포공항중앙보훈병원,중앙보훈병원개화,김포공항중앙보훈병원,중앙보훈병원개화
13:24,13:25급,15:07,15:10급
개화중앙보훈병원,중앙보훈병원김포공항,개화중앙보훈병원,중앙보훈병원김포공항
13:28급,13:29,15:11급,15:14
김포공항중앙보훈병원,중앙보훈병원개화,김포공항중앙보훈병원,중앙보훈병원개화
13:35,13:36급,15:18,15:21급
개화중앙보훈병원,중앙보훈병원김포공항,개화중앙보훈병원,중앙보훈병원김포공항
13:39급,13:40,15:22급,15:25
김포공항중앙보훈병원,중앙보훈병원개화,김포공항중앙보훈병원,중앙보훈병원개화
13:46,13:47급,15:29,15:32급
개화중앙보훈병원,중앙보훈병원김포공항,개화중앙보훈병원,중앙보훈병원김포공항
13:50급,13:51,15:33급,15:36
김포공항중앙보훈병원,중앙보훈병원개화,김포공항중앙보훈병원,중앙보훈병원개화
13:57,13:58급,15:40,15:43급
개화중앙보훈병원,중앙보훈병원김포공항,개화중앙보훈병원,중앙보훈병원김포공항
14:01급,14:02,15:44급,15:47
김포공항중앙보훈병원,중앙보훈병원개화,김포공항중앙보훈병원,중앙보훈병원개화
14:08,14:09급,15:51,15:54급
개화중앙보훈병원,중앙보훈병원김포공항,개화중앙보훈병원,중앙보훈병원김포공항
14:12급,14:13,15:55급,15:58
김포공항중앙보훈병원,중앙보훈병원개화,김포공항중앙보훈병원,중앙보훈병원개화
14:19,14:20급,16:02,16:05급
개화중앙보훈병원,중앙보훈병원김포공항,개화중앙보훈병원,중앙보훈병원김포공항
14:23급,14:24,16:06급,16:09
김포공항중앙보훈병원,중앙보훈병원개화,김포공항중앙보훈병원,중앙보훈병원개화
14:30,14:31급,16:13,16:16급
개화중앙보훈병원,중앙보훈병원김포공항,개화중앙보훈병원,중앙보훈병원김포공항
14:34급,14:35,16:17급,16:20
김포공항중앙보훈병원,중앙보훈병원개화,김포공항중앙보훈병원,중앙보훈병원개화
14:41,14:42급,16:24,16:27급
개화중앙보훈병원,중앙보훈병원김포공항,개화중앙보훈병원,중앙보훈병원김포공항
14:46급,14:46,16:28급,16:31
김포공항중앙보훈병원,중앙보훈병원개화,김포공항중앙보훈병원,중앙보훈병원개화
14:53,14:53급,16:35,16:38급
개화중앙보훈병원,중앙보훈병원김포공항,개화중앙보훈병원,중앙보훈병원김포공항
14:57급,14:57,16:39급,16:42
김포공항중앙보훈병원,중앙보훈병원개화,김포공항중앙보훈병원,중앙보훈병원개화
15:05,15:04급,16:46,16:49급
개화중앙보훈병원,중앙보훈병원김포공항,개화중앙보훈병원,중앙보훈병원김포공항
15:09급,15:08,16:50급,16:53
김포공항중앙보훈병원,중앙보훈병원개화,김포공항중앙보훈병원,중앙보훈병원개화
15:16,15:15급,16:57,-
개화중앙보훈병원,중앙보훈병원김포공항,개화중앙보훈병원,-
15:20급,15:19,17:01급,17:00급
김포공항중앙보훈병원,중앙보훈병원개화,김포공항중앙보훈병원,중앙보훈병원김포공항
15:27,15:26급,17:08,17:04
개화중앙보훈병원,중앙보훈병원김포공항,개화중앙보훈병원,중앙보훈병원개화
15:31급,15:30,17:12급,17:11급
김포공항중앙보훈병원,중앙보훈병원개화,김포공항중앙보훈병원,중앙보훈병원김포공항
15:38,15:38급,17:19,17:15
개화중앙보훈병원,중앙보훈병원김포공항,개화중앙보훈병원,중앙보훈병원개화
15:42급,15:42,17:23급,17:22급
김포공항중앙보훈병원,중앙보훈병원개화,김포공항중앙보훈병원,중앙보훈병원김포공항
15:49,15:50급,17:30,17:26
개화중앙보훈병원,중앙보훈병원김포공항,개화중앙보훈병원,중앙보훈병원개화
15:53급,15:54,17:34급,17:33급
김포공항중앙보훈병원,중앙보훈병원개화,김포공항중앙보훈병원,중앙보훈병원김포공항
16:00,16:01급,17:41,17:37
개화중앙보훈병원,중앙보훈병원김포공항,개화중앙보훈병원,중앙보훈병원개화
16:04급,16:05,17:45급,17:44급
김포공항중앙보훈병원,중앙보훈병원개화,김포공항중앙보훈병원,중앙보훈병원김포공항
16:11,16:12급,17:52,17:48
개화중앙보훈병원,중앙보훈병원김포공항,개화중앙보훈병원,중앙보훈병원개화
16:15급,16:16,17:56급,17:55급
김포공항중앙보훈병원,중앙보훈병원개화,김포공항중앙보훈병원,중앙보훈병원김포공항
16:22,16:23급,-,17:59
개화중앙보훈병원,중앙보훈병원김포공항,-,중앙보훈병원개화
16:26급,16:27,18:03,18:06급
김포공항중앙보훈병원,중앙보훈병원개화,개화중앙보훈병원,중앙보훈병원김포공항
16:33,16:34급,18:07급,18:10
개화중앙보훈병원,중앙보훈병원김포공항,김포공항중앙보훈병원,중앙보훈병원개화
16:37급,16:38,18:14,18:17급
김포공항중앙보훈병원,중앙보훈병원개화,개화중앙보훈병원,중앙보훈병원김포공항
16:44,16:45급,18:18급,18:21
개화중앙보훈병원,중앙보훈병원김포공항,김포공항중앙보훈병원,중앙보훈병원개화
16:48급,16:49,18:25,18:28급
김포공항중앙보훈병원,중앙보훈병원개화,개화중앙보훈병원,중앙보훈병원김포공항
16:52,16:56급,18:29급,18:32
개화중앙보훈병원,중앙보훈병원김포공항,김포공항중앙보훈병원,중앙보훈병원개화
16:55,-,18:36,18:39급
개화중앙보훈병원,-,개화중앙보훈병원,중앙보훈병원김포공항
16:59급,-,18:40급,18:43
김포공항중앙보훈병원,-,김포공항중앙보훈병원,중앙보훈병원개화
17:06,17:00,18:47,18:50급
개화중앙보훈병원,중앙보훈병원개화,개화중앙보훈병원,중앙보훈병원김포공항
17:10급,17:07급,18:51급,18:54
김포공항중앙보훈병원,중앙보훈병원김포공항,김포공항중앙보훈병원,중앙보훈병원개화
17:17,17:11,18:58,-
개화중앙보훈병원,중앙보훈병원개화,개화중앙보훈병원,-
17:21급,17:18급,19:02급,19:01급
김포공항중앙보훈병원,중앙보훈병원김포공항,김포공항중앙보훈병원,중앙보훈병원김포공항
17:25,17:22,19:09,19:05
개화중앙보훈병원,중앙보훈병원개화,개화중앙보훈병원,중앙보훈병원개화
17:29급,17:29급,19:13급,19:12급
김포공항중앙보훈병원,중앙보훈병원김포공항,김포공항중앙보훈병원,중앙보훈병원김포공항
17:33,17:33,19:20,19:16
개화중앙보훈병원,중앙보훈병원개화,개화중앙보훈병원,중앙보훈병원개화
17:37급,17:40급,19:24급,19:23급
김포공항중앙보훈병원,중앙보훈병원김포공항,김포공항중앙보훈병원,중앙보훈병원김포공항
17:41,17:44,19:31,19:27
개화중앙보훈병원,중앙보훈병원개화,개화중앙보훈병원,중앙보훈병원개화
17:45급,17:49,19:35급,19:34급
김포공항중앙보훈병원,중앙보훈병원개화,김포공항중앙보훈병원,중앙보훈병원김포공항
17:49,17:51급,19:42,19:38
개화중앙보훈병원,중앙보훈병원김포공항,개화중앙보훈병원,중앙보훈병원개화
17:52급,17:56,19:46급,19:45급
김포공항중앙보훈병원,중앙보훈병원개화,김포공항중앙보훈병원,중앙보훈병원김포공항
17:56,-,19:53,19:49
개화중앙보훈병원,-,개화중앙보훈병원,중앙보훈병원개화
17:59급,-,19:57급,19:56급
김포공항중앙보훈병원,-,김포공항중앙보훈병원,중앙보훈병원김포공항
18:03,18:02급,20:04,20:00
개화중앙보훈병원,중앙보훈병원김포공항,개화중앙보훈병원,중앙보훈병원개화
18:06급,18:06,20:08급,20:07급
김포공항중앙보훈병원,중앙보훈병원개화,김포공항중앙보훈병원,중앙보훈병원김포공항
18:10,18:10급,20:15,20:11
개화중앙보훈병원,중앙보훈병원김포공항,개화중앙보훈병원,중앙보훈병원개화
18:13급,18:14,20:19급,20:18급
김포공항중앙보훈병원,중앙보훈병원개화,김포공항중앙보훈병원,중앙보훈병원김포공항
18:17,18:18급,20:26,20:22
개화중앙보훈병원,중앙보훈병원김포공항,개화중앙보훈병원,중앙보훈병원개화
18:21급,18:22,20:30급,20:29급
김포공항중앙보훈병원,중앙보훈병원개화,김포공항중앙보훈병원,중앙보훈병원김포공항
18:24,18:26급,20:37,20:33
개화중앙보훈병원,중앙보훈병원김포공항,개화중앙보훈병원,중앙보훈병원개화
18:28급,18:30,20:41급,20:40급
김포공항중앙보훈병원,중앙보훈병원개화,김포공항중앙보훈병원,중앙보훈병원김포공항
18:32,18:34급,20:48,20:44
개화중앙보훈병원,중앙보훈병원김포공항,개화중앙보훈병원,중앙보훈병원개화
18:35급,18:37,20:53급,20:51급
김포공항중앙보훈병원,중앙보훈병원개화,김포공항중앙보훈병원,중앙보훈병원김포공항
18:39,18:41급,-,20:55
개화중앙보훈병원,중앙보훈병원김포공항,-,중앙보훈병원개화
18:42급,18:45,21:00,21:02급
김포공항중앙보훈병원,중앙보훈병원개화,개화중앙보훈병원,중앙보훈병원김포공항
18:46,18:48급,21:05급,21:06
개화중앙보훈병원,중앙보훈병원김포공항,김포공항중앙보훈병원,중앙보훈병원개화
18:49급,18:52,21:12,21:13급
김포공항중앙보훈병원,중앙보훈병원개화,개화중앙보훈병원,중앙보훈병원김포공항
18:53,18:55급,21:17급,21:17
개화중앙보훈병원,중앙보훈병원김포공항,김포공항중앙보훈병원,중앙보훈병원개화
18:56급,18:59,21:24,21:24급
김포공항중앙보훈병원,중앙보훈병원개화,개화중앙보훈병원,중앙보훈병원김포공항
19:00,19:03급,21:29급,21:28
개화중앙보훈병원,중앙보훈병원김포공항,김포공항중앙보훈병원,중앙보훈병원개화
19:04급,19:06,21:36,21:35급
김포공항중앙보훈병원,중앙보훈병원개화,개화중앙보훈병원,중앙보훈병원김포공항
19:07,19:10급,21:41급,21:40
개화중앙보훈병원,중앙보훈병원김포공항,김포공항중앙보훈병원,중앙보훈병원개화
19:11급,19:13,21:48,21:48급
김포공항중앙보훈병원,중앙보훈병원개화,개화중앙보훈병원,중앙보훈병원김포공항
19:15,19:17급,21:53급,21:52
개화중앙보훈병원,중앙보훈병원김포공항,김포공항중앙보훈병원,중앙보훈병원개화
19:18급,19:20,22:00,22:00급
김포공항중앙보훈병원,중앙보훈병원개화,개화중앙보훈병원,중앙보훈병원김포공항
19:22,19:24급,22:05급,22:04
개화중앙보훈병원,중앙보훈병원김포공항,김포공항중앙보훈병원,중앙보훈병원개화
19:25급,19:28,22:12,22:12급
김포공항중앙보훈병원,중앙보훈병원개화,개화중앙보훈병원,중앙보훈병원김포공항
19:29,19:31급,22:17급,22:16
개화중앙보훈병원,중앙보훈병원김포공항,김포공항중앙보훈병원,중앙보훈병원개화
19:32급,19:35,22:24,22:24급
김포공항중앙보훈병원,중앙보훈병원개화,개화중앙보훈병원,중앙보훈병원김포공항
19:36,19:38급,22:29급,22:28
개화중앙보훈병원,중앙보훈병원김포공항,김포공항중앙보훈병원,중앙보훈병원개화
19:39급,19:42,22:37,22:36급
김포공항중앙보훈병원,중앙보훈병원개화,개화중앙보훈병원,중앙보훈병원김포공항
19:43,19:46급,22:42급,22:40
개화중앙보훈병원,중앙보훈병원김포공항,김포공항중앙보훈병원,중앙보훈병원개화
19:47급,19:49,22:50,22:48급
김포공항중앙보훈병원,중앙보훈병원개화,개화중앙보훈병원,중앙보훈병원김포공항
19:50,19:53급,22:55급,22:53
개화중앙보훈병원,중앙보훈병원김포공항,김포공항중앙보훈병원,중앙보훈병원개화
19:54급,19:56,23:03,23:01급
김포공항중앙보훈병원,중앙보훈병원개화,개화중앙보훈병원,중앙보훈병원김포공항
19:59,-,23:08급막,23:06막
개화중앙보훈병원,-,김포공항중앙보훈병원,중앙보훈병원개화
20:03급,20:00급,23:15,23:14급
김포공항중앙보훈병원,중앙보훈병원김포공항,개화중앙보훈병원,중앙보훈병원김포공항
20:08,20:03,23:25,23:19막
개화중앙보훈병원,중앙보훈병원개화,개화중앙보훈병원,중앙보훈병원염창
20:14,20:07급,23:36,23:27급막
개화중앙보훈병원,중앙보훈병원김포공항,개화중앙보훈병원,중앙보훈병원김포공항
20:15급,20:11,23:49막,23:32막
김포공항중앙보훈병원,중앙보훈병원개화,개화중앙보훈병원,중앙보훈병원여의도
20:22,20:14급,-,23:42막
개화중앙보훈병원,중앙보훈병원김포공항,-,중앙보훈병원동작
20:26급,20:18,-,23:56막
김포공항중앙보훈병원,중앙보훈병원개화,-,중앙보훈병원신논현
20:33,20:21급,-,-
개화중앙보훈병원,중앙보훈병원김포공항,-,-
20:37급,20:25,-,-
김포공항중앙보훈병원,중앙보훈병원개화,-,-
20:44,20:29급,-,-
개화중앙보훈병원,중앙보훈병원김포공항,-,-
20:48급,20:32,-,-
김포공항중앙보훈병원,중앙보훈병원개화,-,-
20:55,20:36급,-,-
개화중앙보훈병원,중앙보훈병원김포공항,-,-
20:59급,20:41,-,-
김포공항중앙보훈병원,중앙보훈병원개화,-,-
-,20:46급,-,-
-,중앙보훈병원김포공항,-,-
-,20:50,-,-
-,중앙보훈병원개화,-,-
-,20:55,-,-
-,중앙보훈병원개화,-,-
-,20:57급,-,-
-,중앙보훈병원김포공항,-,-
21:06,21:01,-,-
개화중앙보훈병원,중앙보훈병원개화,-,-
21:10급,21:08급,-,-
김포공항중앙보훈병원,중앙보훈병원김포공항,-,-
21:17,21:12,-,-
개화중앙보훈병원,중앙보훈병원개화,-,-
21:21급,21:19급,-,-
김포공항중앙보훈병원,중앙보훈병원김포공항,-,-
21:28,21:23,-,-
개화중앙보훈병원,중앙보훈병원개화,-,-
21:32급,21:30급,-,-
김포공항중앙보훈병원,중앙보훈병원김포공항,-,-
21:39,21:34,-,-
개화중앙보훈병원,중앙보훈병원개화,-,-
21:43급,21:41급,-,-
김포공항중앙보훈병원,중앙보훈병원김포공항,-,-
21:50,21:45,-,-
개화중앙보훈병원,중앙보훈병원개화,-,-
21:54급,21:52급,-,-
김포공항중앙보훈병원,중앙보훈병원김포공항,-,-
-,21:56,-,-
-,중앙보훈병원개화,-,-
22:01,22:03급,-,-
개화중앙보훈병원,중앙보훈병원김포공항,-,-
22:05급,22:07,-,-
김포공항중앙보훈병원,중앙보훈병원개화,-,-
22:12,22:15급,-,-
개화중앙보훈병원,중앙보훈병원김포공항,-,-
22:16급,22:19,-,-
김포공항중앙보훈병원,중앙보훈병원개화,-,-
22:23,22:25급,-,-
개화중앙보훈병원,중앙보훈병원김포공항,-,-
22:27급,22:28,-,-
김포공항중앙보훈병원,중앙보훈병원개화,-,-
22:34,22:35급,-,-
개화중앙보훈병원,중앙보훈병원김포공항,-,-
22:38급,22:39,-,-
김포공항중앙보훈병원,중앙보훈병원개화,-,-
22:45,22:46급,-,-
개화중앙보훈병원,중앙보훈병원김포공항,-,-
22:49급,22:50,-,-
김포공항중앙보훈병원,중앙보훈병원개화,-,-
22:56,22:57급,-,-
개화중앙보훈병원,중앙보훈병원김포공항,-,-
23:00급,23:01,-,-
김포공항중앙보훈병원,중앙보훈병원개화,-,-
23:07,23:08급,-,-
개화중앙보훈병원,중앙보훈병원김포공항,-,-
23:11급,23:12,-,-
김포공항중앙보훈병원,중앙보훈병원개화,-,-
23:18,23:19급,-,-
개화중앙보훈병원,중앙보훈병원김포공항,-,-
23:22급,23:23,-,-
김포공항중앙보훈병원,중앙보훈병원개화,-,-
23:29,23:30급,-,-
개화중앙보훈병원,중앙보훈병원김포공항,-,-
23:33급,23:34,-,-
김포공항중앙보훈병원,중앙보훈병원개화,-,-
23:40,23:41급,-,-
개화중앙보훈병원,중앙보훈병원김포공항,-,-
23:44급,23:45,-,-
김포공항중앙보훈병원,중앙보훈병원개화,-,-
23:51,23:52급,-,-
개화중앙보훈병원,중앙보훈병원김포공항,-,-
23:55급,23:56막,-,-
김포공항중앙보훈병원,중앙보훈병원개화,-,-
0:02,00:03급,-,-
개화중앙보훈병원,중앙보훈병원김포공항,-,-
00:06급막,00:07막,-,-
김포공항중앙보훈병원,중앙보훈병원마곡나루,-,-
0:13,00:14급,-,-
개화중앙보훈병원,중앙보훈병원김포공항,-,-
0:22,00:18막,-,-
개화중앙보훈병원,중앙보훈병원염창,-,-
0:28,00:25급막,-,-
개화중앙보훈병원,중앙보훈병원김포공항,-,-
00:42막,00:29막,-,-
개화중앙보훈병원,중앙보훈병원여의도,-,-
00:54막,00:39막,-,-
개화삼전,중앙보훈병원동작,-,-
-,00:52막,-,-
-,중앙보훈병원신논현,-,-
