﻿신반포방면,동작방면,신반포방면,동작방면,,,
평일,평일,주말,주말,,,
05:32첫,05:38첫,05:32첫,05:37첫,,,
동작중앙보훈병원,신논현개화,동작중앙보훈병원,신논현개화,,,
5:45,5:51,5:45,5:51,,,
여의도중앙보훈병원,삼전개화,여의도중앙보훈병원,삼전개화,,,
5:59,-,5:57,-,,,
염창중앙보훈병원,-,염창중앙보훈병원,-,,,
6:11,6:06,6:09,6:08,,,
마곡나루중앙보훈병원,중앙보훈병원개화,마곡나루중앙보훈병원,중앙보훈병원개화,,,
6:21,6:21,6:20,6:20,,,
개화중앙보훈병원,중앙보훈병원개화,개화중앙보훈병원,중앙보훈병원개화,,,
6:33,6:34,6:32,6:33,,,
개화중앙보훈병원,중앙보훈병원개화,개화중앙보훈병원,중앙보훈병원개화,,,
6:45,6:47,6:44,6:46,,,
개화중앙보훈병원,중앙보훈병원개화,개화중앙보훈병원,중앙보훈병원개화,,,
6:57,-,6:56,6:58,,,
개화중앙보훈병원,-,개화중앙보훈병원,중앙보훈병원개화,,,
7:04,7:00,7:08,7:10,,,
개화중앙보훈병원,중앙보훈병원개화,개화중앙보훈병원,중앙보훈병원개화,,,
7:13,7:13,7:20,7:22,,,
개화중앙보훈병원,중앙보훈병원개화,개화중앙보훈병원,중앙보훈병원개화,,,
7:21,7:26,7:32,7:34,,,
개화중앙보훈병원,중앙보훈병원개화,개화중앙보훈병원,중앙보훈병원개화,,,
7:28,7:33,7:44,7:46,,,
개화중앙보훈병원,중앙보훈병원개화,개화중앙보훈병원,중앙보훈병원개화,,,
7:35,7:45,7:56,7:58,,,
개화중앙보훈병원,중앙보훈병원개화,개화중앙보훈병원,중앙보훈병원개화,,,
7:41,7:57,8:08,8:10,,,
개화중앙보훈병원,중앙보훈병원개화,개화중앙보훈병원,중앙보훈병원개화,,,
7:48,-,8:20,8:22,,,
개화중앙보훈병원,-,개화중앙보훈병원,중앙보훈병원개화,,,
7:55,-,8:32,8:34,,,
개화중앙보훈병원,-,개화중앙보훈병원,중앙보훈병원개화,,,
8:02,8:05,8:44,8:46,,,
개화중앙보훈병원,중앙보훈병원개화,개화중앙보훈병원,중앙보훈병원개화,,,
8:09,8:13,8:56,8:58,,,
개화중앙보훈병원,중앙보훈병원개화,개화중앙보훈병원,중앙보훈병원개화,,,
8:16,8:22,9:08,9:10,,,
개화중앙보훈병원,중앙보훈병원개화,개화중앙보훈병원,중앙보훈병원개화,,,
8:22,8:31,9:20,9:22,,,
개화중앙보훈병원,중앙보훈병원개화,개화중앙보훈병원,중앙보훈병원개화,,,
8:29,8:39,9:32,9:34,,,
개화중앙보훈병원,중앙보훈병원개화,개화중앙보훈병원,중앙보훈병원개화,,,
8:36,8:47,9:44,9:46,,,
개화중앙보훈병원,중앙보훈병원개화,개화중앙보훈병원,중앙보훈병원개화,,,
8:43,8:53,9:55,9:58,,,
개화중앙보훈병원,중앙보훈병원개화,개화중앙보훈병원,중앙보훈병원개화,,,
8:50,-,10:06,10:10,,,
개화중앙보훈병원,-,개화중앙보훈병원,중앙보훈병원개화,,,
8:57,-,10:17,10:22,,,
개화중앙보훈병원,-,개화중앙보훈병원,중앙보훈병원개화,,,
9:03,9:00,10:28,10:33,,,
개화중앙보훈병원,중앙보훈병원개화,개화중앙보훈병원,중앙보훈병원개화,,,
9:10,9:07,10:39,10:44,,,
개화중앙보훈병원,중앙보훈병원개화,개화중앙보훈병원,중앙보훈병원개화,,,
9:17,9:14,10:50,10:55,,,
개화중앙보훈병원,중앙보훈병원개화,개화중앙보훈병원,중앙보훈병원개화,,,
9:26,9:21,11:01,11:06,,,
개화중앙보훈병원,중앙보훈병원개화,개화중앙보훈병원,중앙보훈병원개화,,,
9:37,9:28,11:12,11:17,,,
개화중앙보훈병원,중앙보훈병원개화,개화중앙보훈병원,중앙보훈병원개화,,,
9:48,9:34,11:23,11:28,,,
개화중앙보훈병원,중앙보훈병원개화,개화중앙보훈병원,중앙보훈병원개화,,,
9:59,9:41,11:34,11:39,,,
개화중앙보훈병원,중앙보훈병원개화,개화중앙보훈병원,중앙보훈병원개화,,,
-,9:48,11:45,11:50,,,
-,중앙보훈병원개화,개화중앙보훈병원,중앙보훈병원개화,,,
-,9:55,11:56,-,,,
-,중앙보훈병원개화,개화중앙보훈병원,-,,,
10:10,10:02,12:07,12:01,,,
개화중앙보훈병원,중앙보훈병원개화,개화중앙보훈병원,중앙보훈병원개화,,,
10:21,10:09,12:18,12:12,,,
개화중앙보훈병원,중앙보훈병원개화,개화중앙보훈병원,중앙보훈병원개화,,,
10:32,10:15,12:29,12:23,,,
개화중앙보훈병원,중앙보훈병원개화,개화중앙보훈병원,중앙보훈병원개화,,,
10:43,10:22,12:40,12:34,,,
개화중앙보훈병원,중앙보훈병원개화,개화중앙보훈병원,중앙보훈병원개화,,,
10:54,10:30,12:51,12:45,,,
개화중앙보훈병원,중앙보훈병원개화,개화중앙보훈병원,중앙보훈병원개화,,,
-,10:36,-,12:56,,,
-,중앙보훈병원개화,-,중앙보훈병원개화,,,
-,10:44,13:02,13:07,,,
-,중앙보훈병원개화,개화중앙보훈병원,중앙보훈병원개화,,,
-,10:51,13:13,13:18,,,
-,중앙보훈병원개화,개화중앙보훈병원,중앙보훈병원개화,,,
-,10:58,13:24,13:29,,,
-,중앙보훈병원개화,개화중앙보훈병원,중앙보훈병원개화,,,
11:05,11:09,13:35,13:40,,,
개화중앙보훈병원,중앙보훈병원개화,개화중앙보훈병원,중앙보훈병원개화,,,
11:16,11:20,13:46,13:51,,,
개화중앙보훈병원,중앙보훈병원개화,개화중앙보훈병원,중앙보훈병원개화,,,
11:27,11:31,13:57,-,,,
개화중앙보훈병원,중앙보훈병원개화,개화중앙보훈병원,-,,,
11:38,11:42,14:08,14:02,,,
개화중앙보훈병원,중앙보훈병원개화,개화중앙보훈병원,중앙보훈병원개화,,,
11:49,11:53,14:19,14:13,,,
개화중앙보훈병원,중앙보훈병원개화,개화중앙보훈병원,중앙보훈병원개화,,,
12:01,12:04,14:30,14:24,,,
개화중앙보훈병원,중앙보훈병원개화,개화중앙보훈병원,중앙보훈병원개화,,,
12:13,12:15,14:41,14:35,,,
개화중앙보훈병원,중앙보훈병원개화,개화중앙보훈병원,중앙보훈병원개화,,,
12:24,12:26,14:52,14:46,,,
개화중앙보훈병원,중앙보훈병원개화,개화중앙보훈병원,중앙보훈병원개화,,,
12:35,12:37,-,14:57,,,
개화중앙보훈병원,중앙보훈병원개화,-,중앙보훈병원개화,,,
12:46,12:48,15:03,15:08,,,
개화중앙보훈병원,중앙보훈병원개화,개화중앙보훈병원,중앙보훈병원개화,,,
12:57,-,15:14,15:19,,,
개화중앙보훈병원,-,개화중앙보훈병원,중앙보훈병원개화,,,
13:08,13:00,15:25,15:30,,,
개화중앙보훈병원,중앙보훈병원개화,개화중앙보훈병원,중앙보훈병원개화,,,
13:19,13:12,15:36,15:41,,,
개화중앙보훈병원,중앙보훈병원개화,개화중앙보훈병원,중앙보훈병원개화,,,
13:30,13:23,15:47,15:52,,,
개화중앙보훈병원,중앙보훈병원개화,개화중앙보훈병원,중앙보훈병원개화,,,
13:41,13:34,15:58,-,,,
개화중앙보훈병원,중앙보훈병원개화,개화중앙보훈병원,-,,,
13:52,13:45,16:09,16:03,,,
개화중앙보훈병원,중앙보훈병원개화,개화중앙보훈병원,중앙보훈병원개화,,,
-,13:56,16:20,16:14,,,
-,중앙보훈병원개화,개화중앙보훈병원,중앙보훈병원개화,,,
14:03,14:07,16:31,16:25,,,
개화중앙보훈병원,중앙보훈병원개화,개화중앙보훈병원,중앙보훈병원개화,,,
14:14,14:18,16:42,16:36,,,
개화중앙보훈병원,중앙보훈병원개화,개화중앙보훈병원,중앙보훈병원개화,,,
14:25,14:29,16:53,16:47,,,
개화중앙보훈병원,중앙보훈병원개화,개화중앙보훈병원,중앙보훈병원개화,,,
14:36,14:40,-,16:58,,,
개화중앙보훈병원,중앙보훈병원개화,-,중앙보훈병원개화,,,
14:48,14:51,17:04,17:09,,,
개화중앙보훈병원,중앙보훈병원개화,개화중앙보훈병원,중앙보훈병원개화,,,
15:00,15:02,17:15,17:20,,,
개화중앙보훈병원,중앙보훈병원개화,개화중앙보훈병원,중앙보훈병원개화,,,
15:11,15:13,17:26,17:31,,,
개화중앙보훈병원,중앙보훈병원개화,개화중앙보훈병원,중앙보훈병원개화,,,
15:22,15:24,17:37,17:42,,,
개화중앙보훈병원,중앙보훈병원개화,개화중앙보훈병원,중앙보훈병원개화,,,
15:33,15:35,17:48,17:53,,,
개화중앙보훈병원,중앙보훈병원개화,개화중앙보훈병원,중앙보훈병원개화,,,
15:44,15:47,17:59,-,,,
개화중앙보훈병원,중앙보훈병원개화,개화중앙보훈병원,-,,,
15:55,15:59,18:10,18:04,,,
개화중앙보훈병원,중앙보훈병원개화,개화중앙보훈병원,중앙보훈병원개화,,,
16:06,16:10,18:21,18:15,,,
개화중앙보훈병원,중앙보훈병원개화,개화중앙보훈병원,중앙보훈병원개화,,,
16:17,16:21,18:32,18:26,,,
개화중앙보훈병원,중앙보훈병원개화,개화중앙보훈병원,중앙보훈병원개화,,,
16:28,16:32,18:43,18:37,,,
개화중앙보훈병원,중앙보훈병원개화,개화중앙보훈병원,중앙보훈병원개화,,,
16:34,16:43,18:54,18:48,,,
개화중앙보훈병원,중앙보훈병원개화,개화중앙보훈병원,중앙보훈병원개화,,,
16:39,16:54,-,18:59,,,
개화중앙보훈병원,중앙보훈병원개화,-,중앙보훈병원개화,,,
16:50,-,19:05,19:10,,,
개화중앙보훈병원,-,개화중앙보훈병원,중앙보훈병원개화,,,
17:01,17:05,19:16,19:21,,,
개화중앙보훈병원,중앙보훈병원개화,개화중앙보훈병원,중앙보훈병원개화,,,
17:06,17:16,19:27,19:32,,,
개화중앙보훈병원,중앙보훈병원개화,개화중앙보훈병원,중앙보훈병원개화,,,
17:14,17:27,19:38,19:43,,,
개화중앙보훈병원,중앙보훈병원개화,개화중앙보훈병원,중앙보훈병원개화,,,
17:23,17:38,19:49,19:54,,,
개화중앙보훈병원,중앙보훈병원개화,개화중앙보훈병원,중앙보훈병원개화,,,
17:30,17:49,20:00,20:05,,,
개화중앙보훈병원,중앙보훈병원개화,개화중앙보훈병원,중앙보훈병원개화,,,
17:37,-,20:11,20:16,,,
개화중앙보훈병원,-,개화중앙보훈병원,중앙보훈병원개화,,,
17:44,-,20:22,20:27,,,
개화중앙보훈병원,-,개화중앙보훈병원,중앙보훈병원개화,,,
17:52,-,20:33,20:38,,,
개화중앙보훈병원,-,개화중앙보훈병원,중앙보훈병원개화,,,
17:59,-,20:45,20:49,,,
개화중앙보훈병원,-,개화중앙보훈병원,중앙보훈병원개화,,,
18:06,18:00,20:57,-,,,
개화중앙보훈병원,중앙보훈병원개화,개화중앙보훈병원,-,,,
18:13,18:08,21:09,21:00,,,
개화중앙보훈병원,중앙보훈병원개화,개화중앙보훈병원,중앙보훈병원개화,,,
18:20,18:16,21:21,21:11,,,
개화중앙보훈병원,중앙보훈병원개화,개화중앙보훈병원,중앙보훈병원개화,,,
18:27,18:24,21:33,21:22,,,
개화중앙보훈병원,중앙보훈병원개화,개화중앙보훈병원,중앙보훈병원개화,,,
18:35,18:33,21:45,21:33,,,
개화중앙보훈병원,중앙보훈병원개화,개화중앙보훈병원,중앙보훈병원개화,,,
18:42,18:41,21:57,21:44,,,
개화중앙보훈병원,중앙보훈병원개화,개화중앙보훈병원,중앙보훈병원개화,,,
18:49,18:49,-,21:56,,,
개화중앙보훈병원,중앙보훈병원개화,-,중앙보훈병원개화,,,
18:56,18:56,22:09,22:08,,,
개화중앙보훈병원,중앙보훈병원개화,개화중앙보훈병원,중앙보훈병원개화,,,
19:03,19:03,22:21,22:20,,,
개화중앙보훈병원,중앙보훈병원개화,개화중앙보훈병원,중앙보훈병원개화,,,
19:10,19:10,22:34,22:32,,,
개화중앙보훈병원,중앙보훈병원개화,개화중앙보훈병원,중앙보훈병원개화,,,
19:18,19:17,22:47,22:44,,,
개화중앙보훈병원,중앙보훈병원개화,개화중앙보훈병원,중앙보훈병원개화,,,
19:25,19:24,-,22:56,,,
개화중앙보훈병원,중앙보훈병원개화,-,중앙보훈병원개화,,,
19:32,19:32,23:00,23:09,,,
개화중앙보훈병원,중앙보훈병원개화,개화중앙보훈병원,중앙보훈병원개화,,,
19:40,19:39,23:09,23:22막,,,
개화중앙보훈병원,중앙보훈병원개화,개화중앙보훈병원,중앙보훈병원개화,,,
19:49,19:46,23:20,23:35막,,,
개화중앙보훈병원,중앙보훈병원개화,개화중앙보훈병원,중앙보훈병원염창,,,
19:57,19:53,23:33막,23:48막,,,
개화중앙보훈병원,중앙보훈병원개화,개화중앙보훈병원,중앙보훈병원여의도,,,
20:06,20:00,23:46막,23:58막,,,
개화중앙보훈병원,중앙보훈병원개화,개화신논현,중앙보훈병원동작,,,
20:17,20:07,-,-,,,
개화중앙보훈병원,중앙보훈병원개화,-,-,,,
20:28,20:15,-,-,,,
개화중앙보훈병원,중앙보훈병원개화,-,-,,,
20:39,20:22,-,-,,,
개화중앙보훈병원,중앙보훈병원개화,-,-,,,
20:50,20:29,-,-,,,
개화중앙보훈병원,중앙보훈병원개화,-,-,,,
-,20:36,-,-,,,
-,중앙보훈병원개화,-,-,,,
-,20:43,-,-,,,
-,중앙보훈병원개화,-,-,,,
-,20:50,-,-,,,
-,중앙보훈병원개화,-,-,,,
21:01,21:00,-,-,,,
개화중앙보훈병원,중앙보훈병원개화,-,-,,,
21:12,21:06,-,-,,,
개화중앙보훈병원,중앙보훈병원개화,-,-,,,
21:23,21:14,-,-,,,
개화중앙보훈병원,중앙보훈병원개화,-,-,,,
21:34,21:17,-,-,,,
개화중앙보훈병원,중앙보훈병원개화,-,-,,,
21:45,21:28,-,-,,,
개화중앙보훈병원,중앙보훈병원개화,-,-,,,
21:56,21:39,-,-,,,
개화중앙보훈병원,중앙보훈병원개화,-,-,,,
-,21:50,-,-,,,
-,중앙보훈병원개화,-,-,,,
22:07,22:01,-,-,,,
개화중앙보훈병원,중앙보훈병원개화,-,-,,,
22:18,22:12,-,-,,,
개화중앙보훈병원,중앙보훈병원개화,-,-,,,
22:29,22:23,-,-,,,
개화중앙보훈병원,중앙보훈병원개화,-,-,,,
22:40,22:35,-,-,,,
개화중앙보훈병원,중앙보훈병원개화,-,-,,,
22:51,22:44,-,-,,,
개화중앙보훈병원,중앙보훈병원개화,-,-,,,
-,22:55,-,-,,,
-,중앙보훈병원개화,-,-,,,
23:02,23:06,-,-,,,
개화중앙보훈병원,중앙보훈병원개화,-,-,,,
23:13,23:17,-,-,,,
개화중앙보훈병원,중앙보훈병원개화,-,-,,,
23:24,23:28,-,-,,,
개화중앙보훈병원,중앙보훈병원개화,-,-,,,
23:35,23:39,-,-,,,
개화중앙보훈병원,중앙보훈병원개화,-,-,,,
23:46,23:50,-,-,,,
개화중앙보훈병원,중앙보훈병원개화,-,-,,,
23:57,-,-,-,,,
개화중앙보훈병원,-,-,-,,,
0:06,0:01,-,-,,,
개화중앙보훈병원,중앙보훈병원개화,-,-,,,
0:13,00:12막,-,-,,,
개화중앙보훈병원,중앙보훈병원개화,-,-,,,
00:26막,00:23막,-,-,,,
개화중앙보훈병원,중앙보훈병원마곡나루,-,-,,,
00:38막,00:34막,-,-,,,
개화삼전,중앙보훈병원염창,-,-,,,
00:50막,00:46막,-,-,,,
개화신논현,중앙보훈병원여의도,-,-,,,
-,00:55막,-,-,,,
-,중앙보훈병원동작,-,-,,,
