﻿문래방면,당산방면,문래방면,당산방면
평일,평일,주말,주말
05:37첫,05:34첫,05:37첫,05:34첫
홍대입구성수(외선),신도림성수(내선),홍대입구성수(외선),신도림성수(내선)
5:49,5:41,5:48,5:41
을지로입구성수(외선),신도림성수(내선),을지로입구성수(외선),신도림성수(내선)
-,5:47,-,5:47
-,서울대입구성수(내선),-,서울대입구성수(내선)
-,5:54,-,5:53
-,신도림성수(내선),-,신도림성수(내선)
6:04,6:01,-,5:59
성수성수(외선),신도림성수(내선),-,신도림성수(내선)
6:14,6:08,6:05,6:05
성수성수(외선),삼성성수(내선),성수성수(외선),삼성성수(내선)
6:24,6:13,6:16,6:11
성수성수(외선),신도림성수(내선),성수성수(외선),신도림성수(내선)
6:33,6:20,6:23,6:17
성수성수(외선),신도림성수(내선),성수성수(외선),신도림성수(내선)
6:43,6:24,6:29,6:23
성수성수(외선),성수성수(내선),성수성수(외선),성수성수(내선)
6:52,6:30,6:35,6:28
성수성수(외선),신도림성수(내선),성수성수(외선),신도림성수(내선)
6:58,6:34,6:41,6:33
성수성수(외선),성수성수(내선),성수성수(외선),성수성수(내선)
-,6:41,6:48,6:39
-,성수성수(내선),성수성수(외선),성수성수(내선)
-,6:48,6:54,6:45
-,성수성수(내선),성수성수(외선),신도림성수(내선)
-,6:52,-,6:50
-,성수성수(내선),-,성수성수(내선)
-,6:55,-,6:56
-,신도림성수(내선),-,성수성수(내선)
-,6:58,7:00,7:02
-,성수성수(내선),성수성수(외선),성수성수(내선)
7:02,7:04,7:06,7:06
성수성수(외선),성수성수(내선),성수성수(외선),성수성수(내선)
7:08,7:08,7:11,7:13
성수성수(외선),신도림성수(내선),성수성수(외선),성수성수(내선)
7:11,7:11,7:17,7:19
성수성수(외선),성수성수(내선),성수성수(외선),성수성수(내선)
7:13,7:18,7:24,7:24
성수성수(외선),성수성수(내선),성수성수(외선),성수성수(내선)
7:19,7:22,7:29,7:30
성수성수(외선),성수성수(내선),성수성수(외선),성수성수(내선)
7:22,7:25,7:35,7:36
성수성수(외선),성수성수(내선),성수성수(외선),성수성수(내선)
7:26,7:28,7:41,7:41
성수성수(외선),신도림성수(내선),성수성수(외선),성수성수(내선)
7:32,7:31,7:48,7:46
성수성수(외선),성수성수(내선),성수성수(외선),성수성수(내선)
7:38,7:35,7:54,7:51
성수성수(외선),성수성수(내선),성수성수(외선),성수성수(내선)
7:46,7:39,-,7:56
성수성수(외선),성수성수(내선),-,성수성수(내선)
7:51,7:42,8:00,8:02
성수성수(외선),신도림성수(내선),성수성수(외선),성수성수(내선)
7:56,7:45,8:06,8:07
성수성수(외선),성수성수(내선),성수성수(외선),성수성수(내선)
-,7:49,8:11,8:13
-,성수성수(내선),성수성수,성수성수(내선)
-,7:52,8:18,8:18
-,성수성수(내선),성수성수(외선),성수성수(내선)
-,7:56,8:24,8:24
-,성수성수(내선),성수성수(외선),성수성수(내선)
-,7:59,8:30,8:29
-,성수성수(내선),성수성수(외선),성수성수(내선)
8:01,8:03,8:36,8:35
성수성수(외선),성수성수(내선),성수성수,성수성수(내선)
8:06,8:07,8:41,8:40
성수성수,성수성수(내선),성수성수(외선),성수성수(내선)
8:11,8:11,8:47,8:46
성수성수(외선),성수성수(내선),성수성수(외선),성수성수(내선)
8:16,8:14,8:53,8:51
성수성수(외선),성수성수(내선),성수성수(외선),성수성수(내선)
8:18,8:18,8:59,8:57
성수성수(외선),성수성수(내선),성수성수(외선),성수성수(내선)
8:21,8:21,9:05,9:02
성수성수(외선),성수성수(내선),성수성수,성수성수(내선)
8:25,8:25,9:09,9:08
성수성수(외선),성수성수(내선),성수성수(외선),성수성수(내선)
8:28,8:28,9:14,9:13
성수성수(외선),성수성수(내선),성수성수(외선),성수성수(내선)
8:31,8:31,9:20,9:19
성수성수(외선),성수성수(내선),성수성수(외선),성수성수(내선)
8:35,8:35,9:25,9:24
성수성수(외선),성수성수(내선),성수성수(외선),성수성수(내선)
8:38,8:38,9:30,9:30
성수성수(외선),성수성수(내선),성수성수(외선),성수성수(내선)
8:41,8:41,9:36,9:35
성수성수,성수성수(내선),성수성수(외선),성수성수(내선)
8:44,8:44,9:42,9:40
성수성수(외선),성수성수(내선),성수성수(외선),성수성수(내선)
8:46,8:47,9:47,9:45
성수성수(외선),성수성수(내선),성수성수(외선),성수성수
8:49,8:51,9:53,9:47
성수성수(외선),성수성수(내선),성수신도림,신도림성수(내선)
8:52,8:55,9:59,9:51
성수성수,성수성수(내선),성수성수(외선),성수성수(내선)
8:55,8:58,-,9:57
성수성수(외선),성수성수,-,성수성수(내선)
8:58,-,10:04,10:03
성수신도림,-,성수성수(외선),성수성수(내선)
9:01,9:01,10:10,10:08
성수성수(외선),성수성수(내선),성수성수(외선),성수성수(내선)
9:05,9:04,10:16,10:13
성수성수,성수성수(내선),성수성수(외선),성수성수(내선)
9:08,9:08,10:23,10:17
성수성수(외선),성수성수(내선),성수성수(외선),성수성수(내선)
9:11,9:12,10:29,10:22
성수신도림,성수성수,성수성수(외선),성수성수(내선)
9:14,9:15,10:34,10:26
성수성수(외선),성수성수(내선),성수성수(외선),성수성수
9:16,9:18,10:39,10:31
성수성수(외선),성수성수(내선),성수성수(외선),성수성수(내선)
9:18,9:22,10:44,10:36
성수성수,성수성수(내선),성수성수(외선),성수성수(내선)
9:20,9:25,10:50,10:42
성수성수(외선),성수성수(내선),성수성수(외선),성수성수(내선)
9:23,9:28,10:55,10:47
성수성수(외선),성수성수,성수성수(외선),성수성수(내선)
9:25,9:31,-,10:53
성수성수(외선),성수성수(내선),-,성수성수(내선)
9:28,9:35,-,10:56
성수성수,성수성수(내선),-,신도림성수(내선)
9:30,9:39,11:00,11:00
성수성수(외선),성수성수(내선),성수성수(외선),성수성수(내선)
9:33,9:43,11:05,11:05
성수성수(외선),성수성수(내선),성수성수(외선),성수성수
9:35,9:46,11:11,11:10
성수성수(외선),성수성수,성수성수(외선),성수성수(내선)
9:40,9:49,11:16,11:15
성수성수(외선),성수성수(내선),성수성수(외선),성수성수(내선)
9:43,9:53,11:22,11:21
성수성수(외선),성수성수(내선),성수성수(외선),성수성수(내선)
9:45,9:56,11:28,11:26
성수신도림,성수성수,성수성수(외선),성수성수(내선)
9:48,9:59,11:34,11:30
성수성수,성수성수(내선),성수성수(외선),성수성수(내선)
9:50,-,11:39,11:33
성수성수(외선),-,성수성수(외선),성수성수(내선)
9:53,-,11:44,11:38
성수신도림,-,성수성수(외선),성수성수(내선)
9:56,-,11:50,11:43
성수성수(외선),-,성수성수(외선),성수성수(내선)
9:58,-,11:55,11:48
성수성수,-,성수성수(외선),성수성수(내선)
10:01,10:02,-,11:53
성수신도림,성수성수(내선),-,성수성수(내선)
10:05,10:06,12:00,12:01
성수성수(외선),성수성수(내선),성수성수(외선),성수성수(내선)
10:09,10:12,12:05,12:07
성수성수(외선),성수성수(내선),성수성수(외선),성수성수(내선)
10:14,10:15,12:10,12:12
성수성수(외선),성수성수(내선),성수성수(외선),성수성수(내선)
10:16,10:18,12:15,12:17
성수신도림,성수성수(내선),성수성수(외선),성수성수(내선)
10:19,10:24,12:20,12:22
성수성수(외선),성수성수(내선),성수성수(외선),성수성수(내선)
10:25,10:31,12:25,12:27
성수성수(외선),성수성수(내선),성수성수(외선),성수성수(내선)
10:31,10:38,12:30,12:32
성수성수(외선),성수성수(내선),성수성수(외선),성수성수(내선)
10:37,10:44,12:35,12:39
성수성수(외선),성수성수(내선),성수성수(외선),성수성수(내선)
10:43,10:51,12:40,12:45
성수성수(외선),성수성수(내선),성수성수(외선),성수성수(내선)
10:46,10:55,12:45,12:50
성수성수(외선),성수성수(내선),성수성수(외선),성수성수(내선)
10:50,-,12:51,12:55
성수성수(외선),-,성수성수(외선),성수성수(내선)
10:53,-,12:58,-
성수신도림,-,성수성수(외선),-
10:56,-,13:05,13:00
성수성수(외선),-,성수성수(외선),성수성수(내선)
11:01,11:01,13:10,13:04
성수성수(외선),성수성수(내선),성수성수(외선),성수성수(내선)
11:03,11:05,13:15,13:09
성수신도림,성수성수(내선),성수성수(외선),성수성수(내선)
11:06,11:10,13:20,13:13
성수성수(외선),성수성수(내선),성수성수(외선),성수성수(내선)
11:11,11:20,13:25,13:18
성수성수(외선),성수성수(내선),성수성수(외선),성수성수(내선)
11:15,11:24,13:30,13:24
성수성수(외선),성수성수(내선),성수성수(외선),성수성수(내선)
11:21,11:30,13:35,13:31
성수성수(외선),성수성수(내선),성수성수(외선),성수성수(내선)
11:26,11:36,13:40,13:37
성수성수(외선),성수성수(내선),성수성수(외선),성수성수(내선)
11:33,11:42,13:45,13:42
성수성수(외선),성수성수(내선),성수성수(외선),성수성수(내선)
11:39,11:48,13:50,13:47
성수성수(외선),성수성수(내선),성수성수(외선),성수성수(내선)
11:44,11:54,13:55,13:52
성수성수(외선),성수성수(내선),성수성수(외선),성수성수(내선)
11:50,-,-,13:57
성수성수(외선),-,-,성수성수(내선)
11:56,-,14:00,14:03
성수성수(외선),-,성수성수(외선),성수성수(내선)
12:01,12:01,14:05,14:10
성수성수(외선),성수성수(내선),성수성수(외선),성수성수(내선)
12:07,12:07,14:10,14:16
성수성수(외선),성수성수(내선),성수성수(외선),성수성수(내선)
12:13,12:13,14:15,14:21
성수성수(외선),성수성수(내선),성수성수(외선),성수성수(내선)
12:18,12:19,14:21,14:26
성수성수(외선),성수성수(내선),성수성수(외선),성수성수(내선)
12:22,12:25,14:28,14:31
성수성수(외선),성수성수(내선),성수성수(외선),성수성수(내선)
12:27,12:30,14:35,14:35
성수성수(외선),성수성수(내선),성수성수(외선),성수성수(내선)
12:32,12:35,14:40,14:39
성수성수(외선),성수성수(내선),성수성수(외선),성수성수(내선)
12:37,12:41,14:45,14:43
성수성수(외선),성수성수(내선),성수성수(외선),성수성수(내선)
12:42,12:50,14:50,14:48
성수성수(외선),성수성수(내선),성수성수(외선),성수성수(내선)
12:47,12:55,14:55,14:54
성수성수(외선),성수성수(내선),성수성수(외선),성수성수(내선)
12:52,-,15:00,15:01
성수성수(외선),-,성수성수(외선),성수성수(내선)
12:57,-,15:04,15:07
성수성수(외선),-,성수신도림,성수성수(내선)
13:03,13:00,15:10,15:12
성수성수(외선),성수성수(내선),성수성수(외선),성수성수(내선)
13:09,13:06,15:15,15:16
성수성수(외선),성수성수(내선),성수성수(외선),성수성수
13:14,13:12,15:20,15:22
성수성수(외선),성수성수(내선),성수성수(외선),성수성수(내선)
13:20,13:18,15:25,15:27
성수성수(외선),성수성수(내선),성수성수(외선),성수성수(내선)
13:26,13:24,15:30,15:33
성수성수(외선),성수성수(내선),성수성수(외선),성수성수(내선)
13:32,13:30,15:35,15:37
성수성수(외선),성수성수(내선),성수성수(외선),성수성수(내선)
13:37,13:36,15:40,15:42
성수성수(외선),성수성수(내선),성수성수(외선),성수성수(내선)
13:43,13:43,15:45,15:47
성수성수(외선),성수성수(내선),성수성수(외선),성수성수(내선)
13:47,13:48,15:51,15:52
성수성수(외선),성수성수(내선),성수성수(외선),성수성수(내선)
13:52,13:54,15:59,15:57
성수성수(외선),성수성수(내선),성수성수(외선),성수성수(내선)
13:57,13:59,16:04,16:02
성수성수(외선),성수성수(내선),성수신도림,성수성수(내선)
14:02,14:04,16:10,16:06
성수성수(외선),성수성수(내선),성수성수(외선),성수성수(내선)
14:07,14:11,16:15,16:13
성수성수(외선),성수성수(내선),성수성수(외선),성수성수(내선)
14:12,14:19,16:20,16:17
성수성수(외선),성수성수(내선),성수성수(외선),성수성수(내선)
14:17,14:25,16:25,16:25
성수성수(외선),성수성수(내선),성수성수(외선),성수성수(내선)
14:22,14:30,16:30,16:31
성수성수(외선),성수성수(내선),성수신도림,성수성수(내선)
14:27,14:36,16:34,16:37
성수성수(외선),성수성수(내선),성수성수(외선),성수성수(내선)
14:33,14:42,16:39,16:42
성수성수(외선),성수성수(내선),성수성수(외선),성수성수(내선)
14:39,14:48,16:45,16:47
성수성수(외선),성수성수(내선),성수성수(외선),성수성수(내선)
14:44,14:54,16:50,16:52
성수성수(외선),성수성수(내선),성수성수(외선),성수성수(내선)
14:50,-,16:55,16:57
성수성수(외선),-,성수성수(외선),성수성수(내선)
14:56,-,17:00,17:02
성수성수(외선),-,성수성수(외선),성수성수(내선)
15:02,15:00,17:06,17:08
성수성수(외선),성수성수(내선),성수성수(외선),성수성수(내선)
15:07,15:06,17:10,17:13
성수성수(외선),성수성수(내선),성수성수,성수성수(내선)
15:12,15:12,17:14,17:18
성수성수(외선),성수성수(내선),성수성수(외선),성수성수(내선)
15:16,15:18,17:20,17:23
성수성수(외선),성수성수(내선),성수성수(외선),성수성수(내선)
15:22,15:24,17:24,17:31
성수성수(외선),성수성수(내선),성수성수(외선),성수성수(내선)
15:27,15:29,17:29,17:36
성수성수(외선),성수성수(내선),성수성수(외선),성수성수(내선)
15:32,15:34,17:35,17:41
성수성수(외선),성수성수(내선),성수성수(외선),성수성수(내선)
15:36,15:41,17:40,17:48
성수성수(외선),성수성수(내선),성수성수(외선),성수성수(내선)
15:42,15:45,17:45,17:53
성수성수(외선),신도림성수(내선),성수성수(외선),성수성수(내선)
15:47,15:49,17:50,17:57
성수성수(외선),성수성수(내선),성수성수(외선),성수성수(내선)
15:51,15:55,17:56,-
성수성수(외선),성수성수(내선),성수성수(외선),-
15:57,-,18:03,18:01
성수성수(외선),-,성수성수(외선),성수성수
16:02,16:00,18:07,18:04
성수성수(외선),성수성수(내선),성수신도림,신도림성수(내선)
16:09,16:06,18:10,18:08
성수성수(외선),성수성수(내선),성수성수(외선),성수성수(내선)
16:14,16:12,18:14,18:13
성수성수(외선),성수성수(내선),성수성수(외선),성수성수(내선)
16:20,16:18,18:20,18:18
성수성수(외선),성수성수(내선),성수성수(외선),성수성수(내선)
16:26,16:24,18:25,18:26
성수성수(외선),성수성수(내선),성수성수(외선),성수성수(내선)
16:32,16:30,18:31,18:31
성수성수(외선),성수성수(내선),성수성수(외선),성수성수(내선)
16:37,16:36,18:37,18:37
성수성수(외선),성수성수(내선),성수성수(외선),성수성수(내선)
16:42,16:42,18:43,18:42
성수성수(외선),성수성수(내선),성수성수(외선),성수성수(내선)
16:46,16:48,18:48,18:48
성수성수(외선),성수성수(내선),성수성수(외선),성수성수(내선)
16:49,16:54,18:54,18:53
성수성수(외선),성수성수(내선),성수성수(외선),성수성수(내선)
16:53,16:59,-,18:58
성수성수(외선),성수성수(내선),-,성수성수(내선)
16:57,-,19:00,19:04
성수성수(외선),-,성수성수(외선),성수성수(내선)
17:02,17:02,19:05,19:09
성수성수(외선),신도림성수(내선),성수성수(외선),성수성수(내선)
17:06,17:05,19:09,19:15
성수성수(외선),성수성수(내선),성수신도림,성수성수(내선)
17:09,17:10,19:15,19:20
성수성수(외선),성수성수(내선),성수성수,성수성수(내선)
17:13,17:15,19:20,19:26
성수성수(외선),성수성수(내선),성수성수(외선),성수성수(내선)
17:17,17:19,19:26,19:31
성수성수(외선),성수성수(내선),성수성수(외선),성수성수(내선)
17:21,17:25,19:32,19:37
성수성수(외선),성수성수(내선),성수성수(외선),성수성수(내선)
17:28,17:30,19:38,19:43
성수성수(외선),성수성수(내선),성수성수(외선),성수성수(내선)
17:32,17:33,19:43,19:48
성수성수(외선),신도림성수(내선),성수성수(외선),성수성수(내선)
17:36,17:36,19:49,19:54
성수성수(외선),성수성수(내선),성수성수(외선),성수성수(내선)
17:40,17:39,19:55,-
성수성수(외선),성수성수(내선),성수성수(외선),-
17:44,17:42,20:01,20:00
성수성수(외선),성수성수(내선),성수성수(외선),성수성수(내선)
17:47,17:45,20:07,20:06
성수성수(외선),신도림성수(내선),성수성수(외선),성수성수(내선)
17:50,17:48,20:13,20:11
성수성수(외선),성수성수(내선),성수성수(외선),성수성수(내선)
17:56,17:54,20:19,20:16
성수성수(외선),성수성수(내선),성수성수(외선),성수성수(내선)
17:59,17:57,20:25,20:21
성수성수(외선),신도림성수(내선),성수성수(외선),성수성수(내선)
18:02,18:00,20:31,20:27
성수성수(외선),성수성수(내선),성수성수(외선),성수성수(내선)
18:05,18:03,20:37,20:33
성수성수(외선),신도림성수(내선),성수성수(외선),성수성수(내선)
18:08,18:05,20:43,20:39
성수성수(외선),성수성수(내선),성수성수(외선),성수성수(내선)
18:12,18:08,20:49,20:44
성수성수(외선),성수성수(내선),성수성수(외선),성수성수(내선)
18:16,18:13,20:55,20:50
성수성수(외선),성수성수(내선),성수성수(외선),성수성수(내선)
18:19,18:18,-,20:56
성수성수(외선),성수성수(내선),-,성수성수(내선)
18:23,18:21,21:01,21:02
성수성수(외선),성수성수(내선),성수성수(외선),성수성수(내선)
18:27,18:24,21:07,21:10
성수성수(외선),성수성수(내선),성수성수(외선),성수성수(내선)
18:32,18:27,21:13,21:17
성수성수(외선),신도림성수(내선),성수성수(외선),성수성수(내선)
18:36,18:29,21:19,21:23
성수성수(외선),성수성수(내선),성수성수(외선),성수성수(내선)
18:39,18:32,21:25,21:30
성수성수(외선),성수성수(내선),성수성수(외선),성수성수(내선)
18:43,18:35,21:31,21:36
성수성수(외선),성수성수(내선),성수성수(외선),성수성수(내선)
18:47,18:38,21:37,21:45
성수성수(외선),성수성수(내선),성수성수(외선),성수성수(내선)
18:51,18:41,21:43,21:51
성수성수(외선),성수성수(내선),성수성수,성수성수(내선)
18:55,18:45,21:48,21:57
성수성수(외선),성수성수(내선),성수성수(외선),성수성수(내선)
18:58,18:49,21:54,-
성수성수,성수성수(내선),성수성수(외선),-
-,18:52,22:00,22:04
-,성수성수(내선),성수성수(외선),성수성수(내선)
-,18:55,22:06,22:13
-,성수성수(내선),성수성수,성수성수(내선)
19:01,19:00,22:13,22:20
성수성수(외선),성수성수(내선),성수성수(외선),성수성수(내선)
19:06,19:03,22:20,22:27
성수성수(외선),성수성수(내선),성수성수(외선),성수성수(내선)
19:10,19:06,22:25,22:34
성수성수(외선),성수성수(내선),성수신도림,성수성수(내선)
19:14,19:08,22:30,22:46
성수성수,성수성수(내선),성수성수(외선),성수성수(내선)
19:17,19:10,22:37,22:57
성수성수(외선),성수성수(내선),성수성수(외선),성수성수
19:21,19:12,22:43,-
성수신도림,성수성수(내선),성수신도림,-
19:25,19:15,22:48막,-
성수성수,성수성수(내선),성수성수(외선),-
19:29,19:20,22:55,-
성수성수(외선),성수성수(내선),성수성수,-
19:32,19:24,23:01,23:07막
성수신도림,성수성수,성수성수,성수성수(내선)
19:35,19:27,23:08막,23:18
성수성수(외선),성수성수(내선),성수성수,성수성수
19:38,19:30,23:16,23:26막
성수성수(외선),성수성수(내선),성수신도림,성수성수
19:42,19:33,23:23막,23:42막
성수신도림,성수성수(내선),성수삼성,성수을지로입구
19:46,19:36,23:31,23:54막
성수성수(외선),성수성수(내선),성수신도림,성수홍대입구
19:49,19:39,23:43막,-
성수성수(외선),성수성수,성수서울대입구,-
19:53,19:43,23:51,-
성수신도림,성수성수(내선),성수신도림,-
19:57,19:48,23:57막,-
성수성수(외선),성수성수(내선),성수신도림,-
-,19:52,-,-
-,성수성수(내선),-,-
-,19:57,-,-
-,성수성수(내선),-,-
-,19:59,-,-
-,성수성수,-,-
20:02,20:02,-,-
성수성수(외선),성수성수(내선),-,-
20:06,20:05,-,-
성수성수(외선),성수성수(내선),-,-
20:09,20:08,-,-
성수성수(외선),성수성수(내선),-,-
20:13,20:12,-,-
성수성수(외선),성수성수,-,-
20:17,20:15,-,-
성수신도림,성수성수(내선),-,-
20:20,20:19,-,-
성수성수(외선),성수성수(내선),-,-
20:26,20:22,-,-
성수성수(외선),성수성수(내선),-,-
20:31,20:25,-,-
성수성수(외선),성수성수,-,-
20:36,20:29,-,-
성수성수(외선),성수성수(내선),-,-
20:41,20:33,-,-
성수성수(외선),성수성수(내선),-,-
20:48,20:36,-,-
성수성수(외선),성수성수,-,-
20:58,20:39,-,-
성수성수(외선),성수성수(내선),-,-
-,20:46,-,-
-,성수성수(내선),-,-
-,20:51,-,-
-,성수성수,-,-
-,20:57,-,-
-,성수성수(내선),-,-
21:05,21:03,-,-
성수성수(외선),성수성수(내선),-,-
21:11,21:07,-,-
성수성수(외선),성수성수(내선),-,-
21:16,21:13,-,-
성수신도림,성수성수(내선),-,-
21:20,21:18,-,-
성수성수(외선),성수성수(내선),-,-
21:27,21:23,-,-
성수성수(외선),성수성수(내선),-,-
21:32,21:31,-,-
성수성수(외선),성수성수(내선),-,-
21:36,21:35,-,-
성수신도림,성수성수(내선),-,-
21:40,21:40,-,-
성수성수(외선),성수성수(내선),-,-
21:45,21:45,-,-
성수신도림,성수성수(내선),-,-
21:50,21:49,-,-
성수성수(외선),성수성수,-,-
21:56,21:53,-,-
성수성수(외선),성수성수(내선),-,-
-,21:59,-,-
-,성수성수(내선),-,-
22:01,22:04,-,-
성수성수(외선),성수성수(내선),-,-
22:07,22:10,-,-
성수성수(외선),성수성수(내선),-,-
22:12,22:17,-,-
성수성수(외선),성수성수(내선),-,-
22:19,22:26,-,-
성수성수(외선),성수성수(내선),-,-
22:28,22:33,-,-
성수성수(외선),성수성수(내선),-,-
22:36,22:38,-,-
성수성수(외선),성수성수(내선),-,-
22:43,22:44,-,-
성수성수(외선),성수성수(내선),-,-
22:51,22:49,-,-
성수성수(외선),성수성수(내선),-,-
22:57,22:54,-,-
성수신도림,성수성수(내선),-,-
23:02,23:01,-,-
성수성수(외선),성수성수(내선),-,-
23:11,23:10,-,-
성수성수(외선),성수성수(내선),-,-
23:20,23:23,-,-
성수성수,성수성수(내선),-,-
23:27,23:34,-,-
성수성수(외선),성수성수(내선),-,-
23:32,23:41,-,-
성수신도림,성수성수,-,-
23:38,23:48,-,-
성수성수(외선),성수성수(내선),-,-
23:43,23:57,-,-
성수신도림,성수성수,-,-
23:51막,-,-,-
성수성수(외선),-,-,-
23:59,-,-,-
성수신도림,-,-,-
00:06막,00:08막,-,-
성수성수,성수성수(내선),-,-
0:13,0:18,-,-
성수신도림,성수성수,-,-
00:22막,00:25막,-,-
성수삼성,성수성수,-,-
0:32,00:41막,-,-
성수신도림,성수을지로입구,-,-
00:43막,00:53막,-,-
성수서울대입구,성수홍대입구,-,-
00:57막,-,-,-
성수신도림,-,-,-
