﻿석촌고분방면,종합운동장방면,석촌고분방면,종합운동장방면,,,
평일,평일,주말,주말,,,
05:30첫,05:30첫,05:30첫,05:30첫,,,
삼전중앙보훈병원,삼전개화,삼전중앙보훈병원,삼전개화,,,
5:43,5:45,5:42,5:46,,,
신논현중앙보훈병원,중앙보훈병원개화,신논현중앙보훈병원,중앙보훈병원개화,,,
5:55,5:58,5:53,5:59,,,
동작중앙보훈병원,중앙보훈병원개화,동작중앙보훈병원,중앙보훈병원개화,,,
6:09,6:11,6:06,6:12,,,
여의도중앙보훈병원,중앙보훈병원개화,여의도중앙보훈병원,중앙보훈병원개화,,,
6:22,6:24,6:18,6:25,,,
염창중앙보훈병원,중앙보훈병원개화,염창중앙보훈병원,중앙보훈병원개화,,,
6:32,6:37,6:30,6:37,,,
마곡나루중앙보훈병원,중앙보훈병원개화,마곡나루중앙보훈병원,중앙보훈병원개화,,,
6:43,6:50,6:41,6:49,,,
개화중앙보훈병원,중앙보훈병원개화,개화중앙보훈병원,중앙보훈병원개화,,,
6:55,-,6:53,-,,,
개화중앙보훈병원,-,개화중앙보훈병원,-,,,
7:07,7:03,7:05,7:01,,,
개화중앙보훈병원,중앙보훈병원개화,개화중앙보훈병원,중앙보훈병원개화,,,
7:20,7:11,7:16,7:13,,,
개화중앙보훈병원,중앙보훈병원개화,개화중앙보훈병원,중앙보훈병원개화,,,
7:28,7:23,7:28,7:25,,,
개화중앙보훈병원,중앙보훈병원개화,개화중앙보훈병원,중앙보훈병원개화,,,
7:37,7:35,7:40,7:37,,,
개화중앙보훈병원,중앙보훈병원개화,개화중앙보훈병원,중앙보훈병원개화,,,
7:45,7:41,7:52,7:49,,,
개화중앙보훈병원,중앙보훈병원개화,개화중앙보훈병원,중앙보훈병원개화,,,
7:52,7:50,8:04,8:01,,,
개화중앙보훈병원,중앙보훈병원개화,개화중앙보훈병원,중앙보훈병원개화,,,
7:58,7:58,8:16,8:13,,,
개화중앙보훈병원,중앙보훈병원개화,개화중앙보훈병원,중앙보훈병원개화,,,
8:05,8:07,8:28,8:25,,,
개화중앙보훈병원,중앙보훈병원개화,개화중앙보훈병원,중앙보훈병원개화,,,
8:12,8:15,8:40,8:37,,,
개화중앙보훈병원,중앙보훈병원개화,개화중앙보훈병원,중앙보훈병원개화,,,
8:19,8:23,8:52,8:49,,,
개화중앙보훈병원,중앙보훈병원개화,개화중앙보훈병원,중앙보훈병원개화,,,
8:26,8:30,9:04,9:01,,,
개화중앙보훈병원,중앙보훈병원개화,개화중앙보훈병원,중앙보훈병원개화,,,
8:33,8:37,9:16,9:13,,,
개화중앙보훈병원,중앙보훈병원개화,개화중앙보훈병원,중앙보훈병원개화,,,
8:39,8:44,9:28,9:25,,,
개화중앙보훈병원,중앙보훈병원개화,개화중앙보훈병원,중앙보훈병원개화,,,
8:46,8:50,9:40,9:37,,,
개화중앙보훈병원,중앙보훈병원개화,개화중앙보훈병원,중앙보훈병원개화,,,
8:53,8:57,9:52,9:49,,,
개화중앙보훈병원,중앙보훈병원개화,개화중앙보훈병원,중앙보훈병원개화,,,
9:00,9:04,10:04,10:01,,,
개화중앙보훈병원,중앙보훈병원개화,개화중앙보훈병원,중앙보훈병원개화,,,
9:07,9:11,10:15,10:12,,,
개화중앙보훈병원,중앙보훈병원개화,개화중앙보훈병원,중앙보훈병원개화,,,
9:14,9:18,10:26,10:23,,,
개화중앙보훈병원,중앙보훈병원개화,개화중앙보훈병원,중앙보훈병원개화,,,
9:20,9:25,10:37,10:34,,,
개화중앙보훈병원,중앙보훈병원개화,개화중앙보훈병원,중앙보훈병원개화,,,
9:27,9:31,10:48,10:45,,,
개화중앙보훈병원,중앙보훈병원개화,개화중앙보훈병원,중앙보훈병원개화,,,
9:34,9:38,10:59,10:56,,,
개화중앙보훈병원,중앙보훈병원개화,개화중앙보훈병원,중앙보훈병원개화,,,
9:41,9:45,11:10,11:07,,,
개화중앙보훈병원,중앙보훈병원개화,개화중앙보훈병원,중앙보훈병원개화,,,
9:47,9:52,11:21,11:18,,,
개화중앙보훈병원,중앙보훈병원개화,개화중앙보훈병원,중앙보훈병원개화,,,
9:58,9:59,11:32,11:29,,,
개화중앙보훈병원,중앙보훈병원개화,개화중앙보훈병원,중앙보훈병원개화,,,
10:09,10:07,11:43,11:40,,,
개화중앙보훈병원,중앙보훈병원개화,개화중앙보훈병원,중앙보훈병원개화,,,
10:20,10:15,11:54,11:51,,,
개화중앙보훈병원,중앙보훈병원개화,개화중앙보훈병원,중앙보훈병원개화,,,
10:31,10:21,12:05,12:02,,,
개화중앙보훈병원,중앙보훈병원개화,개화중앙보훈병원,중앙보훈병원개화,,,
10:42,10:26,12:16,12:13,,,
개화중앙보훈병원,중앙보훈병원개화,개화중앙보훈병원,중앙보훈병원개화,,,
10:53,10:36,12:27,12:24,,,
개화중앙보훈병원,중앙보훈병원개화,개화중앙보훈병원,중앙보훈병원개화,,,
-,10:48,12:38,12:35,,,
-,중앙보훈병원개화,개화중앙보훈병원,중앙보훈병원개화,,,
-,10:59,12:49,12:46,,,
-,중앙보훈병원개화,개화중앙보훈병원,중앙보훈병원개화,,,
11:04,11:10,-,12:57,,,
개화중앙보훈병원,중앙보훈병원개화,-,중앙보훈병원개화,,,
11:15,11:21,13:00,13:08,,,
개화중앙보훈병원,중앙보훈병원개화,개화중앙보훈병원,중앙보훈병원개화,,,
11:26,11:32,13:11,13:19,,,
개화중앙보훈병원,중앙보훈병원개화,개화중앙보훈병원,중앙보훈병원개화,,,
11:37,11:43,13:22,13:30,,,
개화중앙보훈병원,중앙보훈병원개화,개화중앙보훈병원,중앙보훈병원개화,,,
11:48,11:54,13:33,13:41,,,
개화중앙보훈병원,중앙보훈병원개화,개화중앙보훈병원,중앙보훈병원개화,,,
11:59,-,13:44,13:52,,,
개화중앙보훈병원,-,개화중앙보훈병원,중앙보훈병원개화,,,
12:11,12:05,13:55,-,,,
개화중앙보훈병원,중앙보훈병원개화,개화중앙보훈병원,-,,,
12:23,12:16,14:06,14:03,,,
개화중앙보훈병원,중앙보훈병원개화,개화중앙보훈병원,중앙보훈병원개화,,,
12:35,12:27,14:17,14:14,,,
개화중앙보훈병원,중앙보훈병원개화,개화중앙보훈병원,중앙보훈병원개화,,,
12:46,12:38,14:28,14:25,,,
개화중앙보훈병원,중앙보훈병원개화,개화중앙보훈병원,중앙보훈병원개화,,,
12:57,12:50,14:39,14:36,,,
개화중앙보훈병원,중앙보훈병원개화,개화중앙보훈병원,중앙보훈병원개화,,,
13:08,13:02,14:50,14:47,,,
개화중앙보훈병원,중앙보훈병원개화,개화중앙보훈병원,중앙보훈병원개화,,,
13:19,13:13,-,14:58,,,
개화중앙보훈병원,중앙보훈병원개화,-,중앙보훈병원개화,,,
13:30,13:24,15:01,15:09,,,
개화중앙보훈병원,중앙보훈병원개화,개화중앙보훈병원,중앙보훈병원개화,,,
13:41,13:35,15:12,15:20,,,
개화중앙보훈병원,중앙보훈병원개화,개화중앙보훈병원,중앙보훈병원개화,,,
13:52,13:46,15:23,15:31,,,
개화중앙보훈병원,중앙보훈병원개화,개화중앙보훈병원,중앙보훈병원개화,,,
-,13:57,15:34,15:42,,,
-,중앙보훈병원개화,개화중앙보훈병원,중앙보훈병원개화,,,
14:03,14:08,15:45,15:53,,,
개화중앙보훈병원,중앙보훈병원개화,개화중앙보훈병원,중앙보훈병원개화,,,
14:14,14:19,15:56,-,,,
개화중앙보훈병원,중앙보훈병원개화,개화중앙보훈병원,-,,,
14:25,14:30,16:07,16:04,,,
개화중앙보훈병원,중앙보훈병원개화,개화중앙보훈병원,중앙보훈병원개화,,,
14:36,14:41,16:18,16:15,,,
개화중앙보훈병원,중앙보훈병원개화,개화중앙보훈병원,중앙보훈병원개화,,,
14:47,14:52,16:29,16:26,,,
개화중앙보훈병원,중앙보훈병원개화,개화중앙보훈병원,중앙보훈병원개화,,,
14:58,-,16:40,16:37,,,
개화중앙보훈병원,-,개화중앙보훈병원,중앙보훈병원개화,,,
15:10,15:03,16:51,16:48,,,
개화중앙보훈병원,중앙보훈병원개화,개화중앙보훈병원,중앙보훈병원개화,,,
15:22,15:14,-,16:59,,,
개화중앙보훈병원,중앙보훈병원개화,-,중앙보훈병원개화,,,
15:33,15:25,17:02,17:10,,,
개화중앙보훈병원,중앙보훈병원개화,개화중앙보훈병원,중앙보훈병원개화,,,
15:44,15:37,17:13,17:21,,,
개화중앙보훈병원,중앙보훈병원개화,개화중앙보훈병원,중앙보훈병원개화,,,
15:55,15:49,17:24,17:32,,,
개화중앙보훈병원,중앙보훈병원개화,개화중앙보훈병원,중앙보훈병원개화,,,
16:06,16:00,17:35,17:43,,,
개화중앙보훈병원,중앙보훈병원개화,개화중앙보훈병원,중앙보훈병원개화,,,
16:17,16:11,17:46,17:54,,,
개화중앙보훈병원,중앙보훈병원개화,개화중앙보훈병원,중앙보훈병원개화,,,
16:28,16:22,17:57,-,,,
개화중앙보훈병원,중앙보훈병원개화,개화중앙보훈병원,-,,,
16:39,16:33,18:08,18:05,,,
개화중앙보훈병원,중앙보훈병원개화,개화중앙보훈병원,중앙보훈병원개화,,,
16:50,16:44,18:19,18:16,,,
개화중앙보훈병원,중앙보훈병원개화,개화중앙보훈병원,중앙보훈병원개화,,,
16:58,16:55,18:30,18:27,,,
개화중앙보훈병원,중앙보훈병원개화,개화중앙보훈병원,중앙보훈병원개화,,,
17:01,17:06,18:41,18:38,,,
개화중앙보훈병원,중앙보훈병원개화,개화중앙보훈병원,중앙보훈병원개화,,,
17:12,17:17,18:52,18:49,,,
개화중앙보훈병원,중앙보훈병원개화,개화중앙보훈병원,중앙보훈병원개화,,,
17:23,17:28,19:03,19:00,,,
개화중앙보훈병원,중앙보훈병원개화,개화중앙보훈병원,중앙보훈병원개화,,,
17:30,17:39,19:14,19:11,,,
개화중앙보훈병원,중앙보훈병원개화,개화중앙보훈병원,중앙보훈병원개화,,,
17:38,17:44,19:25,19:22,,,
개화중앙보훈병원,중앙보훈병원개화,개화중앙보훈병원,중앙보훈병원개화,,,
17:47,17:51,19:36,19:33,,,
개화중앙보훈병원,중앙보훈병원개화,개화중앙보훈병원,중앙보훈병원개화,,,
17:54,-,19:47,19:44,,,
개화중앙보훈병원,-,개화중앙보훈병원,중앙보훈병원개화,,,
18:01,18:01,19:58,19:55,,,
개화중앙보훈병원,중앙보훈병원개화,개화중앙보훈병원,중앙보훈병원개화,,,
18:08,18:09,20:09,20:06,,,
개화중앙보훈병원,중앙보훈병원개화,개화중앙보훈병원,중앙보훈병원개화,,,
18:15,18:17,20:20,20:17,,,
개화중앙보훈병원,중앙보훈병원개화,개화중앙보훈병원,중앙보훈병원개화,,,
18:23,18:25,20:31,20:28,,,
개화중앙보훈병원,중앙보훈병원개화,개화중앙보훈병원,중앙보훈병원개화,,,
18:30,18:32,20:42,20:39,,,
개화중앙보훈병원,중앙보훈병원개화,개화중앙보훈병원,중앙보훈병원개화,,,
18:37,18:39,20:53,20:50,,,
개화중앙보훈병원,중앙보훈병원개화,개화중앙보훈병원,중앙보훈병원개화,,,
18:44,18:47,21:05,21:01,,,
개화중앙보훈병원,중앙보훈병원개화,개화중앙보훈병원,중앙보훈병원개화,,,
18:51,18:54,21:18,21:12,,,
개화중앙보훈병원,중앙보훈병원개화,개화중앙보훈병원,중앙보훈병원개화,,,
18:58,-,21:30,21:23,,,
개화중앙보훈병원,-,개화중앙보훈병원,중앙보훈병원개화,,,
19:06,19:01,21:42,21:35,,,
개화중앙보훈병원,중앙보훈병원개화,개화중앙보훈병원,중앙보훈병원개화,,,
19:13,19:08,21:53,21:47,,,
개화중앙보훈병원,중앙보훈병원개화,개화중앙보훈병원,중앙보훈병원개화,,,
19:20,19:15,-,21:59,,,
개화중앙보훈병원,중앙보훈병원개화,-,중앙보훈병원개화,,,
19:27,19:22,22:05,22:11,,,
개화중앙보훈병원,중앙보훈병원개화,개화중앙보훈병원,중앙보훈병원개화,,,
19:34,19:30,22:17,22:23,,,
개화중앙보훈병원,중앙보훈병원개화,개화중앙보훈병원,중앙보훈병원개화,,,
19:41,19:37,22:29,22:35,,,
개화중앙보훈병원,중앙보훈병원개화,개화중앙보훈병원,중앙보훈병원개화,,,
19:49,19:44,22:42,22:48,,,
개화중앙보훈병원,중앙보훈병원개화,개화중앙보훈병원,중앙보훈병원개화,,,
19:56,19:51,22:55,-,,,
개화중앙보훈병원,중앙보훈병원개화,개화중앙보훈병원,-,,,
-,19:58,23:08,23:01막,,,
-,중앙보훈병원개화,개화중앙보훈병원,중앙보훈병원개화,,,
20:04,20:05,23:20,23:14막,,,
개화중앙보훈병원,중앙보훈병원개화,개화중앙보훈병원,중앙보훈병원염창,,,
20:13,20:13,23:30,23:27막,,,
개화중앙보훈병원,중앙보훈병원개화,개화중앙보훈병원,중앙보훈병원여의도,,,
20:21,20:20,23:41,23:37막,,,
개화중앙보훈병원,중앙보훈병원개화,개화중앙보훈병원,중앙보훈병원동작,,,
20:28,20:27,23:54막,23:51막,,,
개화중앙보훈병원,중앙보훈병원개화,개화중앙보훈병원,중앙보훈병원신논현,,,
20:39,20:35,-,-,,,
개화중앙보훈병원,중앙보훈병원개화,-,-,,,
20:50,20:45,-,-,,,
개화중앙보훈병원,중앙보훈병원개화,-,-,,,
-,20:50,-,-,,,
-,중앙보훈병원개화,-,-,,,
-,20:56,-,-,,,
-,중앙보훈병원개화,-,-,,,
21:01,21:07,-,-,,,
개화중앙보훈병원,중앙보훈병원개화,-,-,,,
21:12,21:18,-,-,,,
개화중앙보훈병원,중앙보훈병원개화,-,-,,,
21:23,21:29,-,-,,,
개화중앙보훈병원,중앙보훈병원개화,-,-,,,
21:34,21:40,-,-,,,
개화중앙보훈병원,중앙보훈병원개화,-,-,,,
21:45,21:51,-,-,,,
개화중앙보훈병원,중앙보훈병원개화,-,-,,,
21:56,-,-,-,,,
개화중앙보훈병원,-,-,-,,,
22:07,22:02,-,-,,,
개화중앙보훈병원,중앙보훈병원개화,-,-,,,
22:18,22:13,-,-,,,
개화중앙보훈병원,중앙보훈병원개화,-,-,,,
22:29,22:23,-,-,,,
개화중앙보훈병원,중앙보훈병원개화,-,-,,,
22:40,22:34,-,-,,,
개화중앙보훈병원,중앙보훈병원개화,-,-,,,
22:51,22:45,-,-,,,
개화중앙보훈병원,중앙보훈병원개화,-,-,,,
-,22:56,-,-,,,
-,중앙보훈병원개화,-,-,,,
23:02,23:07,-,-,,,
개화중앙보훈병원,중앙보훈병원개화,-,-,,,
23:13,23:18,-,-,,,
개화중앙보훈병원,중앙보훈병원개화,-,-,,,
23:24,23:29,-,-,,,
개화중앙보훈병원,중앙보훈병원개화,-,-,,,
23:35,23:40,-,-,,,
개화중앙보훈병원,중앙보훈병원개화,-,-,,,
23:46,23:51막,-,-,,,
개화중앙보훈병원,중앙보훈병원개화,-,-,,,
23:57,-,-,-,,,
개화중앙보훈병원,-,-,-,,,
0:08,00:02막,-,-,,,
개화중앙보훈병원,중앙보훈병원마곡나루,-,-,,,
0:19,00:13막,-,-,,,
개화중앙보훈병원,중앙보훈병원염창,-,-,,,
0:27,00:24막,-,-,,,
개화중앙보훈병원,중앙보훈병원여의도,-,-,,,
0:33,00:34막,-,-,,,
개화중앙보훈병원,중앙보훈병원동작,-,-,,,
00:47막,00:47막,-,-,,,
개화중앙보훈병원,중앙보훈병원신논현,-,-,,,
