﻿남부터미널방면,매봉방면,남부터미널방면,매봉방면
평일,평일,주말,주말
05:28첫,05:43첫,05:29첫,05:43첫
도곡대화,압구정오금,도곡대화,압구정오금
5:36,-,5:39,-
수서구파발,-,수서대화,-
5:44,-,5:47,-
수서대화,-,오금대화,-
5:50,-,5:53,-
오금대화,-,수서구파발,-
5:57,-,6:00,6:02
오금대화,-,오금대화,독립문오금
6:02,6:02,6:06,6:15
수서구파발,독립문오금,수서구파발,구파발오금
6:09,6:15,6:13,6:23
오금대화,구파발오금,오금대화,구파발오금
6:16,6:23,6:19,6:31
수서구파발,구파발오금,수서구파발,구파발오금
6:20,6:32,6:24,6:38
오금대화,대화오금,오금대화,구파발오금
6:25,6:41,6:31,6:46
수서구파발,구파발오금,수서구파발,대화오금
6:29,6:48,6:37,6:53
오금대화,대화오금,오금대화,구파발오금
6:35,6:54,6:43,-
수서구파발,구파발오금,수서구파발,-
6:40,-,6:49,-
수서대화,-,오금대화,-
6:44,-,6:55,-
오금대화,-,오금대화,-
6:49,-,7:01,7:01
수서구파발,-,오금구파발,대화오금
6:54,-,7:07,7:07
오금대화,-,오금대화,구파발오금
6:59,-,7:13,7:13
수서대화,-,오금구파발,대화오금
7:04,7:00,7:19,7:19
오금대화,대화오금,오금대화,구파발오금
7:08,7:07,7:25,7:26
수서대화,대화오금,오금구파발,대화오금
7:12,7:13,7:31,7:32
오금대화,구파발오금,오금대화,구파발오금
7:16,7:18,7:37,7:37
수서구파발,대화오금,오금구파발,대화오금
7:20,7:24,7:42,7:43
오금대화,대화오금,오금대화,구파발오금
7:25,7:30,7:47,7:49
오금구파발,구파발오금,오금대화,대화오금
7:29,7:36,7:53,7:55
오금대화,대화오금,오금대화,구파발오금
7:33,7:41,7:59,-
수서구파발,구파발오금,오금구파발,-
7:37,7:46,8:05,8:00
오금대화,대화오금,오금대화,대화오금
7:42,7:50,8:11,8:08
오금대화,구파발오금,오금구파발,구파발오금
7:46,7:54,8:17,8:13
오금대화,대화오금,오금대화,대화오금
7:50,7:58,8:23,8:20
오금구파발,구파발오금,오금구파발,구파발오금
7:54,-,8:29,8:26
오금대화,-,오금대화,대화오금
7:57,-,8:37,8:33
수서구파발,-,오금구파발,대화오금
8:01,8:02,8:43,8:41
오금대화,대화오금,오금대화,구파발오금
8:05,8:06,8:49,8:47
오금구파발,구파발오금,오금구파발,대화오금
8:09,8:12,8:55,8:54
오금대화,대화수서,오금대화,구파발오금
8:12,8:16,9:01,9:00
수서구파발,구파발오금,오금구파발,대화오금
8:16,8:19,9:07,9:07
오금구파발,대화오금,오금대화,구파발오금
8:19,8:23,9:13,9:12
오금대화,대화수서,오금구파발,대화오금
8:23,8:27,9:19,9:18
오금구파발,구파발오금,수서대화,대화오금
8:26,8:31,9:25,9:25
수서대화,대화오금,오금구파발,구파발오금
8:30,8:34,9:31,9:30
오금구파발,구파발오금,오금대화,대화오금
8:34,8:38,9:37,9:36
오금대화,대화수서,오금대화,대화오금
8:38,8:42,9:43,9:42
오금대화,구파발오금,오금대화,대화오금
8:42,8:46,9:49,9:48
오금구파발,대화오금,오금구파발,대화오금
8:46,8:49,9:55,9:53
오금대화,구파발오금,오금대화,구파발오금
8:50,8:52,-,9:59
오금구파발,대화오금,-,대화오금
8:56,8:56,10:01,10:06
오금대화,구파발수서,오금대화,구파발오금
9:02,9:01,10:07,10:12
오금구파발,대화오금,오금구파발,대화오금
9:07,9:04,10:13,10:18
오금대화,구파발수서,오금대화,구파발오금
9:12,9:09,10:19,10:24
오금대화,대화오금,오금대화,대화오금
9:17,9:12,10:25,10:30
오금대화,대화오금,오금구파발,대화오금
9:23,9:15,10:31,10:36
오금구파발,대화오금,오금대화,구파발오금
9:29,9:18,10:37,10:42
오금대화,구파발오금,오금구파발,대화오금
9:33,9:22,10:43,10:48
오금대화,대화오금,오금대화,대화오금
9:37,9:26,10:49,10:54
오금구파발,대화오금,오금구파발,구파발오금
9:40,9:30,10:55,-
오금대화,구파발오금,오금대화,-
9:47,9:34,11:01,11:00
오금대화,대화오금,오금대화,대화오금
9:53,9:38,11:07,11:06
오금구파발,구파발수서,오금대화,구파발오금
9:58,9:42,11:13,11:12
오금대화,대화오금,오금구파발,대화오금
-,9:46,11:19,11:18
-,구파발수서,오금대화,대화오금
-,9:50,11:25,11:25
-,대화오금,오금구파발,대화오금
-,9:54,11:31,11:32
-,구파발수서,오금대화,구파발오금
-,9:58,11:37,11:38
-,대화오금,오금구파발,대화오금
10:02,10:03,11:43,11:46
오금구파발,구파발오금,오금대화,구파발오금
10:07,10:08,11:49,11:52
오금구파발,대화오금,오금구파발,대화오금
10:12,10:13,11:55,11:59
오금대화,구파발수서,오금대화,대화오금
10:18,10:18,12:01,12:06
오금대화,대화오금,오금구파발,대화오금
10:23,10:23,12:07,12:12
오금구파발,대화오금,오금대화,대화오금
10:29,10:29,12:13,12:19
오금대화,대화오금,오금구파발,구파발오금
10:35,10:35,12:19,12:24
오금구파발,대화오금,오금대화,대화오금
10:41,10:41,12:25,12:31
오금대화,구파발수서,오금구파발,구파발오금
10:48,10:46,12:31,12:36
오금대화,대화오금,수서대화,대화오금
10:54,10:52,12:37,12:43
오금대화,대화오금,오금구파발,구파발오금
-,10:59,12:43,12:48
-,대화오금,오금대화,대화오금
11:01,11:06,12:49,12:55
오금구파발,구파발오금,오금구파발,구파발오금
11:08,11:13,12:55,-
오금대화,대화수서,오금대화,-
11:15,11:21,13:01,13:00
오금구파발,대화오금,오금구파발,대화오금
11:22,11:30,13:07,13:07
오금대화,대화오금,오금대화,구파발오금
11:29,11:37,13:13,13:12
오금대화,대화오금,오금구파발,대화오금
11:35,11:43,13:19,13:19
오금대화,구파발오금,오금대화,구파발오금
11:43,11:49,13:25,13:24
오금구파발,대화수서,오금구파발,대화오금
11:50,11:56,13:31,13:30
오금대화,대화오금,오금대화,구파발오금
11:58,-,13:37,13:35
오금대화,-,오금구파발,대화오금
12:07,12:02,13:43,13:41
오금대화,구파발오금,오금대화,구파발오금
12:18,12:08,13:49,13:45
오금대화,대화오금,오금구파발,대화오금
12:26,12:15,13:55,13:50
오금대화,구파발오금,오금대화,대화오금
12:36,12:21,-,13:56
오금대화,대화오금,-,구파발오금
12:43,12:28,14:01,14:01
오금대화,대화오금,오금구파발,대화오금
12:51,12:35,14:07,14:07
오금구파발,대화오금,오금대화,구파발오금
12:59,12:41,14:13,14:12
오금대화,구파발오금,오금구파발,대화오금
-,12:46,14:18,14:19
-,대화오금,오금대화,구파발오금
-,12:53,14:24,14:24
-,대화오금,오금구파발,대화오금
13:06,13:00,14:29,14:31
오금대화,구파발오금,오금대화,구파발오금
13:13,13:07,14:34,14:36
오금대화,대화오금,오금대화,대화오금
13:19,13:14,14:39,14:43
오금구파발,대화오금,오금구파발,구파발오금
13:26,13:21,14:44,14:48
오금대화,구파발오금,오금대화,대화오금
13:32,13:28,14:50,14:55
오금대화,대화오금,오금구파발,구파발오금
13:38,13:35,14:55,-
오금구파발,대화오금,오금대화,-
13:45,13:44,15:01,15:00
오금대화,대화오금,오금구파발,대화오금
13:52,13:53,15:07,15:07
오금구파발,대화오금,오금대화,구파발오금
13:58,-,15:13,15:12
오금대화,-,오금구파발,대화오금
14:05,14:03,15:19,15:19
오금대화,대화오금,오금대화,구파발오금
14:12,14:12,15:25,15:24
오금대화,대화오금,오금구파발,대화오금
14:20,14:20,15:31,15:31
오금구파발,대화오금,오금대화,구파발오금
14:27,14:29,15:37,15:36
오금대화,대화오금,오금구파발,대화오금
14:36,14:37,15:43,15:43
오금대화,구파발오금,오금대화,구파발오금
14:45,14:44,15:49,15:48
오금대화,대화오금,오금구파발,대화오금
14:54,14:51,15:55,15:55
오금대화,대화오금,오금대화,구파발오금
-,14:57,16:01,16:00
-,구파발오금,오금구파발,대화오금
15:03,15:03,16:07,16:07
오금대화,대화오금,오금대화,구파발오금
15:12,15:10,16:13,16:12
오금대화,대화오금,오금구파발,대화오금
15:20,15:16,16:19,16:19
오금대화,구파발오금,오금대화,구파발오금
15:27,15:23,16:25,16:24
오금대화,대화오금,오금구파발,대화오금
15:35,15:30,16:31,16:31
오금구파발,대화오금,오금대화,구파발오금
15:42,15:37,16:37,16:36
오금대화,구파발오금,오금구파발,대화오금
15:47,15:43,16:43,16:43
오금대화,대화오금,오금대화,구파발오금
15:53,15:50,16:49,16:48
오금대화,대화수서,오금대화,대화오금
15:59,15:56,16:55,16:55
오금구파발,구파발오금,오금대화,구파발오금
16:05,16:03,17:01,17:00
오금대화,대화오금,오금구파발,대화오금
16:11,16:11,17:07,17:07
오금구파발,대화오금,오금대화,구파발오금
16:17,16:20,17:13,17:12
오금대화,대화오금,오금구파발,대화오금
16:23,16:30,17:19,17:19
오금대화,대화오금,오금대화,구파발오금
16:29,16:39,17:25,17:24
오금대화,대화오금,오금구파발,대화수서
16:37,16:48,17:31,17:31
수서대화,대화오금,오금대화,구파발오금
16:45,16:57,17:37,17:36
오금대화,대화오금,오금대화,대화오금
16:53,-,17:43,17:43
오금대화,-,오금구파발,구파발오금
17:01,17:05,17:50,17:48
오금대화,대화오금,오금대화,대화오금
17:05,17:13,17:57,17:55
수서구파발,구파발오금,오금구파발,구파발오금
17:10,17:20,18:04,18:00
오금대화,대화오금,오금대화,대화오금
17:17,17:26,18:11,18:07
오금구파발,구파발오금,오금대화,구파발오금
17:23,17:31,18:18,18:12
오금대화,대화오금,오금구파발,대화오금
17:29,17:36,18:25,18:19
오금구파발,구파발오금,오금대화,구파발오금
17:34,17:41,18:31,18:25
수서대화,대화오금,오금구파발,대화오금
17:39,17:45,18:37,18:31
오금구파발,대화오금,오금대화,구파발오금
17:43,17:49,18:43,18:37
오금대화,구파발오금,오금구파발,대화오금
17:48,17:53,18:49,18:44
수서구파발,대화오금,오금대화,구파발오금
17:53,17:57,18:55,18:49
오금대화,구파발오금,오금구파발,대화오금
17:58,-,-,18:56
수서구파발,-,-,구파발오금
18:03,18:01,19:01,19:01
오금대화,대화오금,오금대화,대화오금
18:07,18:05,19:07,19:08
오금대화,구파발오금,오금구파발,대화오금
18:12,18:10,19:13,19:13
오금구파발,대화오금,오금대화,대화오금
18:16,18:13,19:20,19:19
오금대화,구파발오금,오금대화,대화오금
18:21,18:20,19:25,19:25
오금구파발,대화오금,오금대화,구파발오금
18:25,18:26,19:31,19:31
오금대화,대화오금,오금구파발,대화오금
18:29,18:31,19:37,19:37
오금구파발,대화오금,오금대화,구파발수서
18:33,18:36,19:43,19:43
수서대화,구파발오금,오금구파발,대화오금
18:38,18:41,19:49,19:49
오금구파발,대화오금,오금대화,구파발오금
18:42,18:45,19:55,19:55
오금대화,구파발수서,오금구파발,대화오금
18:46,18:49,20:02,20:01
오금구파발,대화오금,오금대화,구파발오금
18:50,18:53,20:09,20:07
오금대화,구파발오금,오금대화,대화오금
18:55,18:58,20:17,20:13
오금구파발,대화오금,오금대화,구파발오금
19:00,19:01,20:25,20:19
오금대화,구파발수서,오금대화,대화오금
19:05,19:06,20:33,20:25
오금구파발,대화오금,오금대화,구파발오금
19:10,19:09,20:41,20:31
오금대화,구파발수서,오금대화,대화수서
19:15,19:13,20:48,20:37
오금구파발,대화오금,오금구파발,구파발오금
19:20,19:17,20:53,20:43
오금대화,구파발오금,오금대화,대화수서
19:25,19:21,20:59,20:49
오금대화,대화오금,오금대화,구파발오금
19:31,19:25,-,20:55
오금대화,구파발오금,-,대화오금
19:36,19:30,21:06,21:01
오금구파발,대화수서,오금대화,대화오금
19:41,19:35,21:13,21:07
오금대화,구파발오금,오금구파발,대화오금
19:46,19:38,21:20,21:13
오금구파발,대화오금,오금대화,구파발오금
19:52,19:43,21:27,21:19
오금대화,대화오금,오금구파발,대화오금
19:58,19:48,21:34,21:25
오금대화,구파발오금,오금대화,구파발수서
-,19:53,21:41,21:31
-,대화오금,오금구파발,대화오금
-,19:58,21:48,21:37
-,구파발오금,오금대화,구파발오금
20:03,20:03,21:56,21:43
오금구파발,대화수서,오금대화,대화오금
20:09,20:08,-,21:49
오금대화,대화오금,-,대화오금
20:14,20:13,-,21:55
오금구파발,구파발오금,-,대화수서
20:20,20:19,22:04,22:03
오금대화,대화오금,오금구파발,대화오금
20:25,20:23,22:11,22:11
오금구파발,구파발수서,오금대화,대화오금
20:30,20:28,22:19,22:19
오금대화,대화오금,오금구파발,대화오금
20:35,20:33,22:26,22:27
오금구파발,구파발오금,오금대화,구파발오금
20:40,20:38,22:35,22:35
오금대화,대화오금,오금구파발,대화수서
20:45,20:43,22:44막,22:43
오금구파발,구파발오금,오금대화,대화오금
20:51,20:48,22:53,22:51
오금대화,대화오금,오금구파발,구파발오금
20:57,20:54,-,22:58
오금대화,대화오금,-,대화수서
-,20:59,23:02,23:06
-,구파발오금,오금구파발,구파발오금
21:03,21:04,23:11,23:13
오금대화,대화오금,오금구파발,대화수서
21:09,21:10,23:20막,23:21
오금구파발,대화오금,오금구파발,대화오금
21:14,21:15,23:32막,23:27
오금대화,구파발수서,오금독립문,구파발수서
21:20,21:20,23:47막,23:34
오금대화,대화오금,오금압구정,대화오금
21:25,21:25,-,23:41막
오금구파발,구파발오금,-,대화오금
21:30,21:30,-,23:50막
오금대화,대화수서,-,대화수서
21:36,21:37,-,00:00막
오금구파발,대화오금,-,대화도곡
21:41,21:45,-,-
오금대화,구파발오금,-,-
21:48,21:50,-,-
오금구파발,대화오금,-,-
21:55,21:57,-,-
오금대화,구파발오금,-,-
22:02,22:02,-,-
오금대화,대화수서,-,-
22:08,22:08,-,-
오금구파발,대화오금,-,-
22:16,22:17,-,-
오금대화,대화오금,-,-
22:25,22:27,-,-
오금대화,대화오금,-,-
22:34,22:34,-,-
오금구파발,대화오금,-,-
22:41,22:41,-,-
오금대화,대화오금,-,-
22:48,22:49,-,-
오금구파발,대화오금,-,-
22:57,22:55,-,-
오금대화,구파발수서,-,-
23:05,23:01,-,-
오금구파발,대화오금,-,-
23:16,23:10,-,-
오금구파발,대화수서,-,-
23:24막,23:19,-,-
오금대화,대화오금,-,-
23:33,23:27,-,-
오금구파발,구파발수서,-,-
23:43,23:36,-,-
오금구파발,대화오금,-,-
23:55,23:46,-,-
오금구파발,대화오금,-,-
-,23:56,-,-
-,대화오금,-,-
00:12막,0:10,-,-
오금구파발,대화오금,-,-
00:28막,0:20,-,-
오금독립문,대화수서,-,-
00:46막,00:29막,-,-
오금압구정,구파발오금,-,-
-,0:38,-,-
-,대화수서,-,-
-,00:47막,-,-
-,구파발수서,-,-
-,00:56막,-,-
-,대화도곡,-,-
