왕십리방면,답십리방면,왕십리방면,답십리방면
평일,평일,주말,주말
05:38첫,05:45첫,05:38첫,05:45첫
군자방화,왕십리하남검단산,군자방화,왕십리하남검단산
5:46,-,5:46,-
강동방화,-,강동방화,-
5:54,-,5:54,-
상일동방화,-,상일동방화,-
5:59,-,6:02,06:00첫
마천방화,-,마천방화,애오개마천
6:07,06:00첫,6:10,6:14
하남검단산방화,애오개마천,하남검단산방화,화곡하남검단산
6:13,6:14,6:17,6:21
마천방화,화곡하남검단산,마천방화,화곡마천
6:18,6:21,6:24,6:29
상일동방화,화곡마천,상일동방화,방화하남검단산
6:24,6:29,6:31,6:36
마천방화,방화하남검단산,마천방화,방화마천
6:30,6:36,6:38,6:44
하남검단산방화,방화마천,하남검단산방화,방화하남검단산
6:36,6:43,6:45,6:51
마천방화,방화하남검단산,마천방화,방화마천
6:42,6:50,6:52,6:58
상일동방화,방화마천,상일동방화,방화하남검단산
6:47,6:57,6:59,-
마천방화,방화하남검단산,마천방화,-
6:53,-,7:06,7:05
하남검단산방화,-,하남검단산방화,방화마천
6:58,-,7:13,7:12
마천방화,-,마천방화,방화하남검단산
7:03,7:03,7:20,7:19
상일동방화,방화마천,하남검단산방화,방화마천
7:08,7:10,7:27,7:26
마천방화,방화하남검단산,마천방화,방화하남검단산
7:13,7:16,7:33,7:33
하남검단산방화,방화마천,하남검단산방화,방화마천
7:18,7:22,7:40,7:40
마천방화,방화하남검단산,마천방화,방화하남검단산
7:22,7:27,7:46,7:47
하남검단산방화,방화마천,하남검단산방화,방화마천
7:27,7:34,7:53,7:54
마천방화,방화하남검단산,마천방화,방화하남검단산
7:31,7:39,7:59,-
하남검단산방화,방화마천,하남검단산방화,-
7:36,7:45,8:06,8:01
마천방화,방화하남검단산,마천방화,방화마천
7:40,7:50,8:12,8:07
상일동방화,방화마천,하남검단산방화,방화하남검단산
7:44,7:55,8:19,8:14
마천방화,방화하남검단산,마천방화,방화마천
7:48,7:59,8:25,8:20
하남검단산방화,방화마천,하남검단산방화,방화하남검단산
7:52,-,8:32,8:27
마천방화,-,마천방화,방화마천
7:56,-,8:38,8:33
하남검단산방화,-,하남검단산방화,방화하남검단산
8:00,8:04,8:45,8:40
마천방화,방화하남검단산,마천방화,방화마천
8:03,8:08,8:51,8:46
하남검단산방화,방화마천,하남검단산방화,방화하남검단산
8:06,8:13,8:58,8:53
마천방화,방화하남검단산,마천방화,방화마천
8:09,8:17,-,8:59
상일동방화,방화마천,-,방화하남검단산
8:13,8:22,9:04,9:06
마천방화,방화상일동,하남검단산방화,방화마천
8:16,8:27,9:11,9:12
하남검단산방화,방화마천,마천방화,방화하남검단산
8:19,8:31,9:17,9:19
마천방화,방화하남검단산,하남검단산방화,방화마천
8:21,8:35,9:24,9:25
하남검단산방화,방화마천,마천방화,방화하남검단산
8:24,8:39,9:30,9:32
마천방화,방화하남검단산,하남검단산방화,방화마천
8:26,8:43,9:37,9:38
상일동방화,방화마천,마천방화,방화하남검단산
8:29,8:46,9:43,9:45
하남검단산방화,방화상일동,하남검단산방화,방화마천
8:31,8:50,9:50,9:51
마천방화,방화마천,마천방화,방화하남검단산
8:34,8:53,9:56,9:58
상일동방화,방화하남검단산,하남검단산방화,방화마천
8:36,8:57,10:03,10:04
마천방화,방화마천,마천방화,방화하남검단산
8:39,-,10:09,10:11
하남검단산방화,-,하남검단산방화,방화마천
8:42,-,10:16,10:17
상일동방화,-,마천방화,방화하남검단산
8:45,-,10:22,10:24
마천방화,-,하남검단산방화,방화마천
8:49,-,10:29,10:30
하남검단산방화,-,마천방화,방화하남검단산
8:52,-,10:35,10:37
마천방화,-,하남검단산방화,방화마천
8:55,-,10:42,10:43
하남검단산방화,-,마천방화,방화하남검단산
8:59,-,10:48,10:50
마천방화,-,하남검단산방화,방화마천
9:03,9:00,10:55,10:56
하남검단산방화,방화하남검단산,마천방화,방화하남검단산
9:07,9:03,11:01,11:03
마천방화,방화마천,하남검단산방화,방화마천
9:11,9:06,11:08,11:09
하남검단산방화,방화상일동,마천방화,방화하남검단산
9:15,9:09,11:14,11:16
마천방화,방화마천,하남검단산방화,방화마천
9:20,9:12,11:21,11:22
하남검단산방화,방화하남검단산,마천방화,방화하남검단산
9:24,9:15,11:27,11:29
마천방화,방화마천,하남검단산방화,방화마천
9:29,9:18,11:34,11:35
하남검단산방화,방화상일동,마천방화,방화하남검단산
9:34,9:21,11:40,11:42
마천방화,방화마천,하남검단산방화,방화마천
9:39,9:25,11:47,11:48
하남검단산방화,방화하남검단산,마천방화,방화하남검단산
9:44,9:28,11:53,11:55
마천방화,방화마천,하남검단산방화,방화마천
9:49,9:32,12:00,12:01
하남검단산방화,방화하남검단산,마천방화,방화하남검단산
9:55,9:36,12:06,12:08
마천방화,방화마천,하남검단산방화,방화마천
-,9:40,12:13,12:14
-,방화하남검단산,마천방화,방화하남검단산
-,9:43,12:19,12:21
-,방화마천,하남검단산방화,방화마천
-,9:47,12:26,12:27
-,방화상일동,마천방화,방화하남검단산
-,9:51,12:32,12:34
-,방화마천,하남검단산방화,방화마천
-,9:55,12:39,12:40
-,방화하남검단산,마천방화,방화하남검단산
-,9:59,12:45,12:47
-,방화마천,하남검단산방화,방화마천
10:00,10:03,12:52,12:53
하남검단산방화,방화하남검단산,마천방화,방화하남검단산
10:06,10:07,12:58,-
마천방화,방화마천,하남검단산방화,-
10:12,10:12,13:05,13:00
하남검단산방화,방화하남검단산,마천방화,방화마천
10:17,10:17,13:11,13:06
마천방화,방화마천,하남검단산방화,방화하남검단산
10:23,10:22,13:18,13:13
하남검단산방화,방화하남검단산,마천방화,방화마천
10:29,10:27,13:24,13:19
마천방화,방화마천,하남검단산방화,방화하남검단산
10:35,10:32,13:31,13:26
하남검단산방화,방화하남검단산,마천방화,방화마천
10:41,10:37,13:37,13:32
마천방화,방화마천,하남검단산방화,방화하남검단산
10:47,10:42,13:44,13:39
하남검단산방화,방화하남검단산,마천방화,방화마천
10:54,10:49,13:50,13:45
마천방화,방화마천,하남검단산방화,방화하남검단산
-,10:55,13:57,13:52
-,방화하남검단산,마천방화,방화마천
11:00,11:02,-,13:58
하남검단산방화,방화마천,-,방화하남검단산
11:07,11:08,14:03,14:05
마천방화,방화하남검단산,하남검단산방화,방화마천
11:13,11:14,14:10,14:11
하남검단산방화,방화마천,마천방화,방화하남검단산
11:20,11:21,14:16,14:18
마천방화,방화하남검단산,하남검단산방화,방화마천
11:26,11:28,14:23,14:24
하남검단산방화,방화마천,마천방화,방화하남검단산
11:33,11:34,14:29,14:31
마천방화,방화하남검단산,하남검단산방화,방화마천
11:39,11:41,14:36,14:37
하남검단산방화,방화마천,마천방화,방화하남검단산
11:46,11:47,14:42,14:44
마천방화,방화하남검단산,하남검단산방화,방화마천
11:52,11:54,14:49,14:50
하남검단산방화,방화마천,마천방화,방화하남검단산
11:59,-,14:55,14:57
마천방화,-,하남검단산방화,방화마천
12:05,12:00,15:02,15:03
하남검단산방화,방화하남검단산,마천방화,방화하남검단산
12:12,12:07,15:08,15:10
마천방화,방화마천,하남검단산방화,방화마천
12:18,12:13,15:15,15:16
하남검단산방화,방화하남검단산,마천방화,방화하남검단산
12:25,12:20,15:21,15:23
마천방화,방화마천,하남검단산방화,방화마천
12:31,12:26,15:28,15:29
하남검단산방화,방화하남검단산,마천방화,방화하남검단산
12:38,12:33,15:34,15:36
마천방화,방화마천,하남검단산방화,방화마천
12:44,12:39,15:41,15:42
하남검단산방화,방화하남검단산,마천방화,방화하남검단산
12:51,12:46,15:47,15:49
마천방화,방화마천,하남검단산방화,방화마천
12:57,12:52,15:54,15:55
하남검단산방화,방화하남검단산,마천방화,방화하남검단산
-,12:59,16:00,16:02
-,방화마천,하남검단산방화,방화마천
13:04,13:05,16:07,16:08
마천방화,방화하남검단산,마천방화,방화하남검단산
13:10,13:12,16:13,16:15
하남검단산방화,방화마천,하남검단산방화,방화마천
13:17,13:18,16:20,16:21
마천방화,방화하남검단산,마천방화,방화하남검단산
13:23,13:25,16:26,16:28
하남검단산방화,방화마천,하남검단산방화,방화마천
13:30,13:31,16:33,16:34
마천방화,방화하남검단산,마천방화,방화하남검단산
13:36,13:38,16:39,16:41
하남검단산방화,방화마천,하남검단산방화,방화마천
13:43,13:44,16:46,16:47
마천방화,방화하남검단산,마천방화,방화하남검단산
13:49,13:51,16:52,16:54
하남검단산방화,방화마천,하남검단산방화,방화마천
13:56,13:57,16:59,-
마천방화,방화하남검단산,마천방화,-
14:02,14:04,17:05,17:00
하남검단산방화,방화마천,하남검단산방화,방화하남검단산
14:09,14:10,17:12,17:07
마천방화,방화하남검단산,마천방화,방화마천
14:15,14:17,17:18,17:13
하남검단산방화,방화마천,하남검단산방화,방화하남검단산
14:22,14:23,17:25,17:20
마천방화,방화하남검단산,마천방화,방화마천
14:28,14:30,17:31,17:26
하남검단산방화,방화마천,하남검단산방화,방화하남검단산
14:35,14:36,17:38,17:33
마천방화,방화하남검단산,마천방화,방화마천
14:41,14:43,17:44,17:39
하남검단산방화,방화마천,하남검단산방화,방화하남검단산
14:48,14:49,17:51,17:46
마천방화,방화하남검단산,마천방화,방화마천
14:54,14:56,17:57,17:52
하남검단산방화,방화마천,하남검단산방화,방화하남검단산
15:01,15:02,-,17:59
마천방화,방화하남검단산,-,방화마천
15:07,15:09,18:04,18:05
하남검단산방화,방화마천,마천방화,방화하남검단산
15:14,15:15,18:10,18:12
마천방화,방화하남검단산,하남검단산방화,방화마천
15:20,15:22,18:17,18:18
하남검단산방화,방화마천,마천방화,방화하남검단산
15:27,15:28,18:23,18:25
마천방화,방화하남검단산,하남검단산방화,방화마천
15:33,15:35,18:30,18:31
하남검단산방화,방화마천,마천방화,방화하남검단산
15:40,15:41,18:36,18:38
마천방화,방화하남검단산,하남검단산방화,방화마천
15:46,15:48,18:43,18:44
하남검단산방화,방화마천,마천방화,방화하남검단산
15:53,15:54,18:49,18:51
마천방화,방화하남검단산,하남검단산방화,방화마천
15:59,-,18:56,18:57
하남검단산방화,-,마천방화,방화하남검단산
16:06,16:01,19:02,19:04
마천방화,방화마천,하남검단산방화,방화마천
16:12,16:07,19:09,19:10
하남검단산방화,방화하남검단산,마천방화,방화하남검단산
16:19,16:14,19:15,19:17
마천방화,방화마천,하남검단산방화,방화마천
16:25,16:20,19:22,19:23
하남검단산방화,방화하남검단산,마천방화,방화하남검단산
16:32,16:27,19:28,19:30
마천방화,방화마천,하남검단산방화,방화마천
16:38,16:33,19:35,19:36
하남검단산방화,방화하남검단산,마천방화,방화하남검단산
16:45,16:40,19:41,19:43
마천방화,방화마천,하남검단산방화,방화마천
16:51,16:46,19:48,19:49
하남검단산방화,방화하남검단산,마천방화,방화하남검단산
16:58,16:53,19:54,19:56
마천방화,방화마천,하남검단산방화,방화마천
-,16:59,20:01,20:02
-,방화하남검단산,마천방화,방화하남검단산
17:04,17:06,20:07,20:09
하남검단산방화,방화마천,하남검단산방화,방화마천
17:11,17:12,20:14,20:15
마천방화,방화하남검단산,마천방화,방화하남검단산
17:17,17:19,20:20,20:22
하남검단산방화,방화마천,하남검단산방화,방화마천
17:24,17:25,20:27,20:28
마천방화,방화하남검단산,마천방화,방화하남검단산
17:30,17:31,20:33,20:35
하남검단산방화,방화마천,하남검단산방화,방화마천
17:35,17:37,20:40,20:41
마천방화,방화하남검단산,마천방화,방화하남검단산
17:40,17:43,20:46,20:48
하남검단산방화,방화마천,하남검단산방화,방화마천
17:44,17:49,20:53,20:54
마천방화,방화하남검단산,마천방화,방화하남검단산
17:48,17:54,20:59,-
하남검단산방화,방화마천,하남검단산방화,-
17:52,17:59,21:06,21:01
마천방화,방화하남검단산,마천방화,방화마천
17:55,-,21:12,21:07
상일동방화,-,하남검단산방화,방화하남검단산
18:00,18:04,21:19,21:14
마천방화,방화마천,마천방화,방화마천
18:03,18:08,21:25,21:20
하남검단산방화,방화하남검단산,하남검단산방화,방화하남검단산
18:07,18:12,21:32,21:27
마천방화,방화마천,마천방화,방화마천
18:10,18:16,21:38,21:33
하남검단산방화,방화하남검단산,하남검단산방화,방화하남검단산
18:14,18:19,21:45,21:40
마천방화,방화마천,마천방화,방화마천
18:17,18:23,21:51,21:46
상일동방화,방화하남검단산,하남검단산방화,방화하남검단산
18:20,18:26,21:58,21:53
마천방화,방화마천,마천방화,방화마천
18:23,18:30,-,21:59
하남검단산방화,방화하남검단산,-,방화하남검단산
18:26,18:33,22:04,22:06
마천방화,방화마천,하남검단산방화,방화마천
18:30,18:36,22:11,22:12
하남검단산방화,방화하남검단산,마천방화,방화하남검단산
18:34,18:38,22:18,22:19
마천방화,방화마천,하남검단산방화,방화마천
18:38,18:42,22:25,22:25
하남검단산방화,방화하남검단산,마천방화,방화하남검단산
18:42,18:44,22:33,22:32
마천방화,방화마천,하남검단산방화,방화마천
18:46,18:47,22:42,22:39
상일동방화,방화하남검단산,마천방화,방화하남검단산
18:50,18:50,22:51,22:46
마천방화,방화마천,하남검단산방화,방화마천
18:54,18:53,-,22:54
하남검단산방화,방화하남검단산,-,방화하남검단산
18:58,18:56,23:01,23:01
마천방화,방화마천,마천방화,방화마천
-,18:59,23:11막,23:09
-,방화하남검단산,하남검단산방화,방화상일동
19:03,19:02,23:23막,23:17
하남검단산방화,방화마천,마천화곡,방화마천
19:10,19:05,23:32막,23:25막
마천방화,방화하남검단산,하남검단산여의도,방화하남검단산
19:16,19:09,23:43막,23:33막
하남검단산방화,방화마천,마천애오개,방화마천
19:22,19:12,23:56막,23:43
마천방화,방화하남검단산,하남검단산왕십리,방화상일동
19:29,19:17,-,23:51막
하남검단산방화,방화마천,-,방화상일동
19:35,19:22,-,23:59막
마천방화,방화하남검단산,-,방화군자
19:42,19:27,-,-
하남검단산방화,방화마천,-,-
19:48,19:32,-,-
마천방화,방화하남검단산,-,-
19:55,19:38,-,-
하남검단산방화,방화마천,-,-
-,19:44,-,-
-,방화하남검단산,-,-
-,19:50,-,-
-,방화마천,-,-
-,19:57,-,-
-,방화하남검단산,-,-
20:01,20:03,-,-
마천방화,방화마천,-,-
20:08,20:10,-,-
하남검단산방화,방화하남검단산,-,-
20:14,20:16,-,-
마천방화,방화마천,-,-
20:21,20:24,-,-
하남검단산방화,방화하남검단산,-,-
20:27,20:29,-,-
마천방화,방화마천,-,-
20:34,20:36,-,-
하남검단산방화,방화하남검단산,-,-
20:40,20:42,-,-
마천방화,방화마천,-,-
20:47,20:49,-,-
하남검단산방화,방화하남검단산,-,-
20:53,20:55,-,-
마천방화,방화마천,-,-
21:00,21:02,-,-
하남검단산방화,방화하남검단산,-,-
21:06,21:08,-,-
마천방화,방화마천,-,-
21:13,21:15,-,-
하남검단산방화,방화하남검단산,-,-
21:19,21:21,-,-
마천방화,방화마천,-,-
21:26,21:28,-,-
하남검단산방화,방화하남검단산,-,-
21:32,21:34,-,-
마천방화,방화마천,-,-
21:39,21:41,-,-
하남검단산방화,방화하남검단산,-,-
21:45,21:47,-,-
마천방화,방화마천,-,-
21:52,21:54,-,-
하남검단산방화,방화하남검단산,-,-
21:59,-,-,-
마천방화,-,-,-
22:06,22:00,-,-
하남검단산방화,방화마천,-,-
22:13,22:07,-,-
마천방화,방화하남검단산,-,-
22:20,22:13,-,-
하남검단산방화,방화마천,-,-
22:27,22:20,-,-
마천방화,방화하남검단산,-,-
22:35,22:26,-,-
하남검단산방화,방화마천,-,-
22:43,22:33,-,-
마천방화,방화하남검단산,-,-
22:51,22:39,-,-
하남검단산방화,방화마천,-,-
22:59,22:48,-,-
마천방화,방화하남검단산,-,-
-,22:55,-,-
-,방화마천,-,-
23:09,23:03,-,-
하남검단산방화,방화하남검단산,-,-
23:21,23:10,-,-
마천방화,방화마천,-,-
23:33,23:19,-,-
하남검단산방화,방화하남검단산,-,-
23:46,23:27,-,-
마천방화,방화마천,-,-
-,23:35,-,-
-,방화하남검단산,-,-
-,23:44,-,-
-,방화마천,-,-
-,23:53,-,-
-,방화하남검단산,-,-
00:00막,0:02,-,-
하남검단산방화,방화마천,-,-
0:07,00:11막,-,-
마천왕십리,방화하남검단산,-,-
00:20막,00:19막,-,-
마천여의도,방화마천,-,-
00:40막,0:27,-,-
하남검단산애오개,방화군자,-,-
00:58막,00:35막,-,-
마천왕십리,방화상일동,-,-
-,00:53막,-,-
-,방화군자,-,-
