﻿영등포시장방면,여의도방면,영등포시장방면,여의도방면
평일,평일,주말,주말
05:32첫,05:44첫,05:32첫,05:44첫
여의도방화,화곡하남검단산,여의도방화,화곡하남검단산
5:46,05:51첫,5:46,05:51첫
애오개방화,화곡마천,애오개방화,화곡마천
5:58,5:59,5:58,5:59
왕십리방화,방화하남검단산,왕십리방화,방화하남검단산
6:08,6:06,6:08,6:06
군자방화,방화마천,군자방화,방화마천
6:16,6:13,6:16,6:14
강동방화,방화하남검단산,강동방화,방화하남검단산
6:24,6:20,6:24,6:21
상일동방화,방화마천,상일동방화,방화마천
6:29,6:27,6:32,6:28
마천방화,방화하남검단산,마천방화,방화하남검단산
6:37,6:33,6:40,6:35
하남검단산방화,방화마천,하남검단산방화,방화마천
6:43,6:40,6:47,6:42
마천방화,방화하남검단산,마천방화,방화하남검단산
6:48,6:46,6:54,6:49
상일동방화,방화마천,상일동방화,방화마천
6:54,6:52,-,6:56
마천방화,방화하남검단산,-,방화하남검단산
-,6:57,7:01,7:03
-,방화마천,마천방화,방화마천
7:00,7:04,7:08,7:10
하남검단산방화,방화하남검단산,하남검단산방화,방화하남검단산
7:06,7:09,7:15,7:17
마천방화,방화마천,마천방화,방화마천
7:12,7:14,7:22,7:24
상일동방화,방화하남검단산,상일동방화,방화하남검단산
7:17,7:19,7:29,7:31
마천방화,방화마천,마천방화,방화마천
7:23,7:24,7:36,7:37
하남검단산방화,방화하남검단산,하남검단산방화,방화하남검단산
7:28,7:29,7:43,7:44
마천방화,방화마천,마천방화,방화마천
7:33,7:34,7:50,7:50
상일동방화,방화하남검단산,하남검단산방화,방화하남검단산
7:38,7:38,7:57,7:57
마천방화,방화마천,마천방화,방화마천
7:43,7:43,8:03,8:03
하남검단산방화,방화하남검단산,하남검단산방화,방화하남검단산
7:48,7:47,8:10,8:10
마천방화,방화마천,마천방화,방화마천
7:53,7:52,8:16,8:16
하남검단산방화,방화상일동,하남검단산방화,방화하남검단산
7:57,7:57,8:23,8:23
마천방화,방화마천,마천방화,방화마천
8:02,8:01,8:29,8:29
하남검단산방화,방화하남검단산,하남검단산방화,방화하남검단산
8:06,8:05,8:36,8:36
마천방화,방화마천,마천방화,방화마천
8:11,8:09,8:42,8:42
상일동방화,방화하남검단산,하남검단산방화,방화하남검단산
8:15,8:12,8:49,8:49
마천방화,방화마천,마천방화,방화마천
8:19,8:16,8:55,8:55
하남검단산방화,방화상일동,하남검단산방화,방화하남검단산
8:23,8:19,9:02,9:02
마천방화,방화마천,마천방화,방화마천
8:27,8:23,9:08,9:08
하남검단산방화,방화하남검단산,하남검단산방화,방화하남검단산
8:31,8:26,9:15,9:15
마천방화,방화마천,마천방화,방화마천
8:34,8:30,9:21,9:21
하남검단산방화,방화하남검단산,하남검단산방화,방화하남검단산
8:37,8:32,9:28,9:28
마천방화,방화마천,마천방화,방화마천
8:41,8:35,9:34,9:34
상일동방화,방화상일동,하남검단산방화,방화하남검단산
8:44,8:38,9:41,9:41
마천방화,방화마천,마천방화,방화마천
8:48,8:41,9:47,9:47
하남검단산방화,방화하남검단산,하남검단산방화,방화하남검단산
8:50,8:44,9:54,9:54
마천방화,방화마천,마천방화,방화마천
8:53,8:47,10:00,10:00
하남검단산방화,방화상일동,하남검단산방화,방화하남검단산
8:55,8:51,10:07,10:07
마천방화,방화마천,마천방화,방화마천
8:58,8:54,10:13,10:13
상일동방화,방화하남검단산,하남검단산방화,방화하남검단산
-,8:58,10:20,10:20
-,방화마천,마천방화,방화마천
9:00,9:01,10:26,10:26
하남검단산방화,방화하남검단산,하남검단산방화,방화하남검단산
9:03,9:05,10:33,10:33
마천방화,방화마천,마천방화,방화마천
9:05,9:09,10:39,10:39
상일동방화,방화하남검단산,하남검단산방화,방화하남검단산
9:08,9:13,10:46,10:46
마천방화,방화마천,마천방화,방화마천
9:11,9:17,10:52,10:52
하남검단산방화,방화상일동,하남검단산방화,방화하남검단산
9:13,9:21,10:59,10:59
상일동방화,방화마천,마천방화,방화마천
9:16,9:25,11:05,11:05
마천방화,방화하남검단산,하남검단산방화,방화하남검단산
9:20,9:29,11:12,11:12
하남검단산방화,방화마천,마천방화,방화마천
9:23,9:33,11:18,11:18
마천방화,방화하남검단산,하남검단산방화,방화하남검단산
9:26,9:37,11:25,11:25
하남검단산방화,방화마천,마천방화,방화마천
9:30,9:42,11:31,11:31
마천방화,방화하남검단산,하남검단산방화,방화하남검단산
9:34,9:47,11:38,11:38
하남검단산방화,방화마천,마천방화,방화마천
9:38,9:52,11:44,11:44
마천방화,방화하남검단산,하남검단산방화,방화하남검단산
9:42,9:56,11:51,11:51
하남검단산방화,방화마천,마천방화,방화마천
9:46,-,11:57,11:57
마천방화,-,하남검단산방화,방화하남검단산
9:50,-,12:04,12:04
하남검단산방화,-,마천방화,방화마천
9:55,-,12:10,12:10
마천방화,-,하남검단산방화,방화하남검단산
9:59,-,12:17,12:17
하남검단산방화,-,마천방화,방화마천
10:05,10:01,12:23,12:23
마천방화,방화하남검단산,하남검단산방화,방화하남검단산
10:09,10:06,12:30,12:30
하남검단산방화,방화마천,마천방화,방화마천
10:15,10:12,12:36,12:36
마천방화,방화하남검단산,하남검단산방화,방화하남검단산
10:20,10:19,12:43,12:43
하남검단산방화,방화마천,마천방화,방화마천
10:25,10:25,12:49,12:49
마천방화,방화하남검단산,하남검단산방화,방화하남검단산
10:30,10:32,12:56,12:56
하남검단산방화,방화마천,마천방화,방화마천
10:36,10:38,13:02,13:02
마천방화,방화하남검단산,하남검단산방화,방화하남검단산
10:42,10:44,13:09,13:09
하남검단산방화,방화마천,마천방화,방화마천
10:47,10:51,13:15,13:15
마천방화,방화하남검단산,하남검단산방화,방화하남검단산
10:53,10:58,13:22,13:22
하남검단산방화,방화마천,마천방화,방화마천
10:59,-,13:28,13:28
마천방화,-,하남검단산방화,방화하남검단산
11:05,11:04,13:35,13:35
하남검단산방화,방화하남검단산,마천방화,방화마천
11:11,11:11,13:41,13:41
마천방화,방화마천,하남검단산방화,방화하남검단산
11:17,11:17,13:48,13:48
하남검단산방화,방화하남검단산,마천방화,방화마천
11:24,11:24,13:54,13:54
마천방화,방화마천,하남검단산방화,방화하남검단산
11:30,11:30,14:01,14:01
하남검단산방화,방화하남검단산,마천방화,방화마천
11:37,11:37,14:07,14:07
마천방화,방화마천,하남검단산방화,방화하남검단산
11:43,11:43,14:14,14:14
하남검단산방화,방화하남검단산,마천방화,방화마천
11:50,11:50,14:20,14:20
마천방화,방화마천,하남검단산방화,방화하남검단산
11:56,11:56,14:27,14:27
하남검단산방화,방화하남검단산,마천방화,방화마천
12:03,12:03,14:33,14:33
마천방화,방화마천,하남검단산방화,방화하남검단산
12:09,12:09,14:40,14:40
하남검단산방화,방화하남검단산,마천방화,방화마천
12:16,12:16,14:46,14:46
마천방화,방화마천,하남검단산방화,방화하남검단산
12:22,12:22,14:53,14:53
하남검단산방화,방화하남검단산,마천방화,방화마천
12:29,12:29,14:59,14:59
마천방화,방화마천,하남검단산방화,방화하남검단산
12:35,12:35,15:06,15:06
하남검단산방화,방화하남검단산,마천방화,방화마천
12:42,12:42,15:12,15:12
마천방화,방화마천,하남검단산방화,방화하남검단산
12:48,12:48,15:19,15:19
하남검단산방화,방화하남검단산,마천방화,방화마천
12:55,12:55,15:25,15:25
마천방화,방화마천,하남검단산방화,방화하남검단산
13:01,13:01,15:32,15:32
하남검단산방화,방화하남검단산,마천방화,방화마천
13:08,13:08,15:38,15:38
마천방화,방화마천,하남검단산방화,방화하남검단산
13:14,13:14,15:45,15:45
하남검단산방화,방화하남검단산,마천방화,방화마천
13:21,13:21,15:51,15:51
마천방화,방화마천,하남검단산방화,방화하남검단산
13:27,13:27,15:58,15:58
하남검단산방화,방화하남검단산,마천방화,방화마천
13:34,13:34,16:04,16:04
마천방화,방화마천,하남검단산방화,방화하남검단산
13:40,13:40,16:11,16:11
하남검단산방화,방화하남검단산,마천방화,방화마천
13:47,13:47,16:17,16:17
마천방화,방화마천,하남검단산방화,방화하남검단산
13:53,13:53,16:24,16:24
하남검단산방화,방화하남검단산,마천방화,방화마천
14:00,14:00,16:30,16:30
마천방화,방화마천,하남검단산방화,방화하남검단산
14:06,14:06,16:37,16:37
하남검단산방화,방화하남검단산,마천방화,방화마천
14:13,14:13,16:43,16:43
마천방화,방화마천,하남검단산방화,방화하남검단산
14:19,14:19,16:50,16:50
하남검단산방화,방화하남검단산,마천방화,방화마천
14:26,14:26,16:56,16:56
마천방화,방화마천,하남검단산방화,방화하남검단산
14:32,14:32,17:03,17:03
하남검단산방화,방화하남검단산,마천방화,방화마천
14:39,14:39,17:09,17:09
마천방화,방화마천,하남검단산방화,방화하남검단산
14:45,14:45,17:16,17:16
하남검단산방화,방화하남검단산,마천방화,방화마천
14:52,14:52,17:22,17:22
마천방화,방화마천,하남검단산방화,방화하남검단산
14:58,14:58,17:29,17:29
하남검단산방화,방화하남검단산,마천방화,방화마천
15:05,15:05,17:35,17:35
마천방화,방화마천,하남검단산방화,방화하남검단산
15:11,15:11,17:42,17:42
하남검단산방화,방화하남검단산,마천방화,방화마천
15:18,15:18,17:48,17:48
마천방화,방화마천,하남검단산방화,방화하남검단산
15:24,15:24,17:55,17:55
하남검단산방화,방화하남검단산,마천방화,방화마천
15:31,15:31,18:01,18:01
마천방화,방화마천,하남검단산방화,방화하남검단산
15:37,15:37,18:08,18:08
하남검단산방화,방화하남검단산,마천방화,방화마천
15:44,15:44,18:14,18:14
마천방화,방화마천,하남검단산방화,방화하남검단산
15:50,15:50,18:21,18:21
하남검단산방화,방화하남검단산,마천방화,방화마천
15:57,15:57,18:27,18:27
마천방화,방화마천,하남검단산방화,방화하남검단산
16:03,16:03,18:34,18:34
하남검단산방화,방화하남검단산,마천방화,방화마천
16:10,16:10,18:40,18:40
마천방화,방화마천,하남검단산방화,방화하남검단산
16:16,16:16,18:47,18:47
하남검단산방화,방화하남검단산,마천방화,방화마천
16:23,16:23,18:53,18:53
마천방화,방화마천,하남검단산방화,방화하남검단산
16:29,16:29,19:00,19:00
하남검단산방화,방화하남검단산,마천방화,방화마천
16:36,16:36,19:06,19:06
마천방화,방화마천,하남검단산방화,방화하남검단산
16:42,16:42,19:13,19:13
하남검단산방화,방화하남검단산,마천방화,방화마천
16:49,16:49,19:19,19:19
마천방화,방화마천,하남검단산방화,방화하남검단산
16:55,16:55,19:26,19:26
하남검단산방화,방화하남검단산,마천방화,방화마천
17:02,17:01,19:32,19:32
마천방화,방화마천,하남검단산방화,방화하남검단산
17:08,17:07,19:39,19:39
하남검단산방화,방화하남검단산,마천방화,방화마천
17:15,17:13,19:45,19:45
마천방화,방화마천,하남검단산방화,방화하남검단산
17:21,17:19,19:52,19:52
하남검단산방화,방화하남검단산,마천방화,방화마천
17:28,17:24,19:58,19:58
마천방화,방화마천,하남검단산방화,방화하남검단산
17:34,17:29,20:05,20:05
하남검단산방화,방화하남검단산,마천방화,방화마천
17:41,17:33,20:11,20:11
마천방화,방화마천,하남검단산방화,방화하남검단산
17:47,17:37,20:18,20:18
하남검단산방화,방화하남검단산,마천방화,방화마천
17:54,17:41,20:24,20:24
마천방화,방화마천,하남검단산방화,방화하남검단산
-,17:45,20:31,20:31
-,방화하남검단산,마천방화,방화마천
-,17:48,20:37,20:37
-,방화마천,하남검단산방화,방화하남검단산
-,17:52,20:44,20:44
-,방화하남검단산,마천방화,방화마천
-,17:55,20:50,20:50
-,방화마천,하남검단산방화,방화하남검단산
-,17:59,20:57,20:57
-,방화하남검단산,마천방화,방화마천
18:00,18:02,21:03,21:03
하남검단산방화,방화마천,하남검단산방화,방화하남검단산
18:05,18:05,21:10,21:10
마천방화,방화하남검단산,마천방화,방화마천
18:10,18:08,21:16,21:16
하남검단산방화,방화마천,하남검단산방화,방화하남검단산
18:14,18:11,21:23,21:23
마천방화,방화하남검단산,마천방화,방화마천
18:18,18:14,21:29,21:29
하남검단산방화,방화마천,하남검단산방화,방화하남검단산
18:22,18:17,21:36,21:36
마천방화,방화하남검단산,마천방화,방화마천
18:26,18:20,21:42,21:42
상일동방화,방화마천,하남검단산방화,방화하남검단산
18:30,18:23,21:49,21:49
마천방화,방화하남검단산,마천방화,방화마천
18:34,18:26,21:55,21:55
하남검단산방화,방화마천,하남검단산방화,방화하남검단산
18:38,18:29,22:02,22:02
마천방화,방화하남검단산,마천방화,방화마천
18:41,18:32,22:08,22:09
하남검단산방화,방화마천,하남검단산방화,방화하남검단산
18:44,18:35,22:15,22:16
마천방화,방화하남검단산,마천방화,방화마천
18:47,18:38,22:21,22:24
상일동방화,방화마천,하남검단산방화,방화하남검단산
18:50,18:42,22:28,22:31
마천방화,방화하남검단산,마천방화,방화마천
18:53,18:47,22:34,22:39
하남검단산방화,방화마천,하남검단산방화,방화상일동
18:57,18:52,22:41,22:47
마천방화,방화하남검단산,마천방화,방화마천
-,18:57,22:48,22:55막
-,방화마천,하남검단산방화,방화하남검단산
19:00,19:02,22:55,-
하남검단산방화,방화하남검단산,마천방화,-
19:04,19:08,23:03,23:03막
마천방화,방화마천,하남검단산방화,방화마천
19:08,19:14,23:12,23:13
하남검단산방화,방화하남검단산,마천방화,방화상일동
19:12,19:20,23:21,23:21막
마천방화,방화마천,하남검단산방화,방화상일동
19:16,19:27,23:31,23:29막
상일동방화,방화하남검단산,마천방화,방화군자
19:20,19:33,23:41막,23:37막
마천방화,방화마천,하남검단산방화,방화왕십리
19:24,19:40,23:53막,23:49막
하남검단산방화,방화하남검단산,마천화곡,방화애오개
19:28,19:46,-,-
마천방화,방화마천,-,-
19:33,19:54,-,-
하남검단산방화,방화하남검단산,-,-
19:40,19:59,-,-
마천방화,방화마천,-,-
19:46,-,-,-
하남검단산방화,-,-,-
19:52,-,-,-
마천방화,-,-,-
19:59,-,-,-
하남검단산방화,-,-,-
20:05,20:06,-,-
마천방화,방화하남검단산,-,-
20:12,20:12,-,-
하남검단산방화,방화마천,-,-
20:18,20:19,-,-
마천방화,방화하남검단산,-,-
20:25,20:25,-,-
하남검단산방화,방화마천,-,-
20:31,20:32,-,-
마천방화,방화하남검단산,-,-
20:38,20:38,-,-
하남검단산방화,방화마천,-,-
20:44,20:45,-,-
마천방화,방화하남검단산,-,-
20:51,20:51,-,-
하남검단산방화,방화마천,-,-
20:57,20:58,-,-
마천방화,방화하남검단산,-,-
21:04,21:04,-,-
하남검단산방화,방화마천,-,-
21:10,21:11,-,-
마천방화,방화하남검단산,-,-
21:17,21:17,-,-
하남검단산방화,방화마천,-,-
21:23,21:24,-,-
마천방화,방화하남검단산,-,-
21:30,21:30,-,-
하남검단산방화,방화마천,-,-
21:36,21:37,-,-
마천방화,방화하남검단산,-,-
21:43,21:43,-,-
하남검단산방화,방화마천,-,-
21:49,21:50,-,-
마천방화,방화하남검단산,-,-
21:56,21:56,-,-
하남검단산방화,방화마천,-,-
22:02,22:03,-,-
마천방화,방화하남검단산,-,-
22:09,22:09,-,-
하남검단산방화,방화마천,-,-
22:15,22:18,-,-
마천방화,방화하남검단산,-,-
22:22,22:25,-,-
하남검단산방화,방화마천,-,-
22:29,22:33,-,-
마천방화,방화하남검단산,-,-
22:36,22:40,-,-
하남검단산방화,방화마천,-,-
22:43,22:49,-,-
마천방화,방화하남검단산,-,-
22:50,22:57,-,-
하남검단산방화,방화마천,-,-
22:57,-,-,-
마천방화,-,-,-
23:05,23:05,-,-
하남검단산방화,방화하남검단산,-,-
23:13,23:14,-,-
마천방화,방화마천,-,-
23:21,23:23,-,-
하남검단산방화,방화하남검단산,-,-
23:29,23:32,-,-
마천방화,방화마천,-,-
23:39,23:41막,-,-
하남검단산방화,방화하남검단산,-,-
23:51,23:49막,-,-
마천방화,방화마천,-,-
-,23:57,-,-
-,방화군자,-,-
0:03,00:05막,-,-
하남검단산방화,방화상일동,-,-
0:16,00:23막,-,-
마천방화,방화군자,-,-
00:30막,00:43막,-,-
하남검단산방화,방화애오개,-,-
