서대문방면,종로3가방면,서대문방면,종로3가방면
평일,평일,주말,주말
05:43첫,05:45첫,05:43첫,05:45첫
왕십리방화,애오개마천,왕십리방화,애오개마천
5:53,05:59첫,5:53,05:59첫
군자방화,화곡하남검단산,군자방화,화곡하남검단산
6:01,6:06,6:01,6:06
강동방화,화곡마천,강동방화,화곡마천
6:09,6:14,6:09,6:14
상일동방화,방화하남검단산,상일동방화,방화하남검단산
6:14,6:21,6:17,6:21
마천방화,방화마천,마천방화,방화마천
6:22,6:28,6:25,6:29
하남검단산방화,방화하남검단산,하남검단산방화,방화하남검단산
6:28,6:35,6:32,6:36
마천방화,방화마천,마천방화,방화마천
6:33,6:42,6:39,6:43
상일동방화,방화하남검단산,상일동방화,방화하남검단산
6:39,6:48,6:46,6:50
마천방화,방화마천,마천방화,방화마천
6:45,6:55,6:53,6:57
하남검단산방화,방화하남검단산,하남검단산방화,방화하남검단산
6:51,-,7:00,7:04
마천방화,-,마천방화,방화마천
6:57,-,7:07,7:11
상일동방화,-,상일동방화,방화하남검단산
7:02,7:01,7:14,7:18
마천방화,방화마천,마천방화,방화마천
7:08,7:07,7:21,7:25
하남검단산방화,방화하남검단산,하남검단산방화,방화하남검단산
7:13,7:12,7:28,7:32
마천방화,방화마천,마천방화,방화마천
7:18,7:19,7:35,7:39
상일동방화,방화하남검단산,하남검단산방화,방화하남검단산
7:23,7:24,7:42,7:46
마천방화,방화마천,마천방화,방화마천
7:28,7:30,7:48,7:52
하남검단산방화,방화하남검단산,하남검단산방화,방화하남검단산
7:33,7:35,7:55,7:59
마천방화,방화마천,마천방화,방화마천
7:38,7:40,8:01,8:05
하남검단산방화,방화하남검단산,하남검단산방화,방화하남검단산
7:42,7:44,8:08,8:12
마천방화,방화마천,마천방화,방화마천
7:47,7:49,8:14,8:18
하남검단산방화,방화하남검단산,하남검단산방화,방화하남검단산
7:51,7:54,8:21,8:25
마천방화,방화마천,마천방화,방화마천
7:56,7:58,8:27,8:31
상일동방화,방화하남검단산,하남검단산방화,방화하남검단산
8:00,8:03,8:34,8:38
마천방화,방화마천,마천방화,방화마천
8:04,8:08,8:40,8:44
하남검단산방화,방화상일동,하남검단산방화,방화하남검단산
8:08,8:12,8:47,8:51
마천방화,방화마천,마천방화,방화마천
8:12,8:16,8:53,8:57
하남검단산방화,방화하남검단산,하남검단산방화,방화하남검단산
8:16,8:20,9:00,9:04
마천방화,방화마천,마천방화,방화마천
8:19,8:24,9:06,9:10
하남검단산방화,방화하남검단산,하남검단산방화,방화하남검단산
8:22,8:28,9:13,9:17
마천방화,방화마천,마천방화,방화마천
8:26,8:32,9:19,9:23
상일동방화,방화상일동,하남검단산방화,방화하남검단산
8:29,8:35,9:26,9:30
마천방화,방화마천,마천방화,방화마천
8:32,8:39,9:32,9:36
하남검단산방화,방화하남검단산,하남검단산방화,방화하남검단산
8:35,8:42,9:39,9:43
마천방화,방화마천,마천방화,방화마천
8:37,8:46,9:45,9:49
하남검단산방화,방화하남검단산,하남검단산방화,방화하남검단산
8:40,8:49,9:52,9:56
마천방화,방화마천,마천방화,방화마천
8:42,8:51,9:58,-
상일동방화,방화상일동,하남검단산방화,-
8:45,8:54,10:05,10:02
하남검단산방화,방화마천,마천방화,방화하남검단산
8:47,8:57,10:11,10:09
마천방화,방화하남검단산,하남검단산방화,방화마천
8:50,-,10:18,10:15
상일동방화,-,마천방화,방화하남검단산
8:52,-,10:24,10:22
마천방화,-,하남검단산방화,방화마천
8:55,-,10:31,10:28
하남검단산방화,-,마천방화,방화하남검단산
8:58,-,10:37,10:35
상일동방화,-,하남검단산방화,방화마천
9:01,9:00,10:44,10:41
마천방화,방화마천,마천방화,방화하남검단산
9:05,9:04,10:50,10:48
하남검단산방화,방화상일동,하남검단산방화,방화마천
9:08,9:07,10:57,10:54
마천방화,방화마천,마천방화,방화하남검단산
9:11,9:10,11:03,11:01
하남검단산방화,방화하남검단산,하남검단산방화,방화마천
9:15,9:14,11:10,11:07
마천방화,방화마천,마천방화,방화하남검단산
9:19,9:17,11:16,11:14
하남검단산방화,방화하남검단산,하남검단산방화,방화마천
9:23,9:21,11:23,11:20
마천방화,방화마천,마천방화,방화하남검단산
9:27,9:25,11:29,11:27
하남검단산방화,방화하남검단산,하남검단산방화,방화마천
9:31,9:29,11:36,11:33
마천방화,방화마천,마천방화,방화하남검단산
9:35,9:33,11:42,11:40
하남검단산방화,방화상일동,하남검단산방화,방화마천
9:40,9:37,11:49,11:46
마천방화,방화마천,마천방화,방화하남검단산
9:44,9:41,11:55,11:53
하남검단산방화,방화하남검단산,하남검단산방화,방화마천
9:50,9:45,-,11:59
마천방화,방화마천,-,방화하남검단산
9:54,9:48,12:02,12:06
하남검단산방화,방화하남검단산,마천방화,방화마천
-,9:53,12:08,12:12
-,방화마천,하남검단산방화,방화하남검단산
-,9:57,12:15,12:19
-,방화하남검단산,마천방화,방화마천
10:00,10:02,12:21,12:25
마천방화,방화마천,하남검단산방화,방화하남검단산
10:05,10:07,12:28,12:32
하남검단산방화,방화하남검단산,마천방화,방화마천
10:10,10:12,12:34,12:38
마천방화,방화마천,하남검단산방화,방화하남검단산
10:15,10:17,12:41,12:45
하남검단산방화,방화하남검단산,마천방화,방화마천
10:21,10:22,12:47,12:51
마천방화,방화마천,하남검단산방화,방화하남검단산
10:27,10:27,12:54,12:58
하남검단산방화,방화하남검단산,마천방화,방화마천
10:32,10:34,13:00,13:04
마천방화,방화마천,하남검단산방화,방화하남검단산
10:38,10:40,13:07,13:11
하남검단산방화,방화하남검단산,마천방화,방화마천
10:44,10:47,13:13,13:17
마천방화,방화마천,하남검단산방화,방화하남검단산
10:50,10:53,13:20,13:24
하남검단산방화,방화하남검단산,마천방화,방화마천
10:56,10:59,13:26,13:30
마천방화,방화마천,하남검단산방화,방화하남검단산
11:02,11:06,13:33,13:37
하남검단산방화,방화하남검단산,마천방화,방화마천
11:09,11:13,13:39,13:43
마천방화,방화마천,하남검단산방화,방화하남검단산
11:15,11:19,13:46,13:50
하남검단산방화,방화하남검단산,마천방화,방화마천
11:22,11:26,13:52,13:56
마천방화,방화마천,하남검단산방화,방화하남검단산
11:28,11:32,13:59,-
하남검단산방화,방화하남검단산,마천방화,-
11:35,11:39,14:05,14:03
마천방화,방화마천,하남검단산방화,방화마천
11:41,11:45,14:12,14:09
하남검단산방화,방화하남검단산,마천방화,방화하남검단산
11:48,11:52,14:18,14:16
마천방화,방화마천,하남검단산방화,방화마천
11:54,11:58,14:25,14:22
하남검단산방화,방화하남검단산,마천방화,방화하남검단산
12:01,12:05,14:31,14:29
마천방화,방화마천,하남검단산방화,방화마천
12:07,12:11,14:38,14:35
하남검단산방화,방화하남검단산,마천방화,방화하남검단산
12:14,12:18,14:44,14:42
마천방화,방화마천,하남검단산방화,방화마천
12:20,12:24,14:51,14:48
하남검단산방화,방화하남검단산,마천방화,방화하남검단산
12:27,12:31,14:57,14:55
마천방화,방화마천,하남검단산방화,방화마천
12:33,12:37,15:04,15:01
하남검단산방화,방화하남검단산,마천방화,방화하남검단산
12:40,12:44,15:10,15:08
마천방화,방화마천,하남검단산방화,방화마천
12:46,12:50,15:17,15:14
하남검단산방화,방화하남검단산,마천방화,방화하남검단산
12:53,12:57,15:23,15:21
마천방화,방화마천,하남검단산방화,방화마천
12:59,-,15:30,15:27
하남검단산방화,-,마천방화,방화하남검단산
13:06,13:03,15:36,15:34
마천방화,방화하남검단산,하남검단산방화,방화마천
13:12,13:10,15:43,15:40
하남검단산방화,방화마천,마천방화,방화하남검단산
13:19,13:16,15:49,15:47
마천방화,방화하남검단산,하남검단산방화,방화마천
13:25,13:23,15:56,15:53
하남검단산방화,방화마천,마천방화,방화하남검단산
13:32,13:29,16:02,16:00
마천방화,방화하남검단산,하남검단산방화,방화마천
13:38,13:36,16:09,16:06
하남검단산방화,방화마천,마천방화,방화하남검단산
13:45,13:42,16:15,16:13
마천방화,방화하남검단산,하남검단산방화,방화마천
13:51,13:49,16:22,16:19
하남검단산방화,방화마천,마천방화,방화하남검단산
13:58,13:55,16:28,16:26
마천방화,방화하남검단산,하남검단산방화,방화마천
14:04,14:02,16:35,16:32
하남검단산방화,방화마천,마천방화,방화하남검단산
14:11,14:08,16:41,16:39
마천방화,방화하남검단산,하남검단산방화,방화마천
14:17,14:15,16:48,16:45
하남검단산방화,방화마천,마천방화,방화하남검단산
14:24,14:21,16:54,16:52
마천방화,방화하남검단산,하남검단산방화,방화마천
14:30,14:28,-,16:58
하남검단산방화,방화마천,-,방화하남검단산
14:37,14:34,17:01,17:05
마천방화,방화하남검단산,마천방화,방화마천
14:43,14:41,17:07,17:11
하남검단산방화,방화마천,하남검단산방화,방화하남검단산
14:50,14:47,17:14,17:18
마천방화,방화하남검단산,마천방화,방화마천
14:56,14:54,17:20,17:24
하남검단산방화,방화마천,하남검단산방화,방화하남검단산
15:03,15:00,17:27,17:31
마천방화,방화하남검단산,마천방화,방화마천
15:09,15:07,17:33,17:37
하남검단산방화,방화마천,하남검단산방화,방화하남검단산
15:16,15:13,17:40,17:44
마천방화,방화하남검단산,마천방화,방화마천
15:22,15:20,17:46,17:50
하남검단산방화,방화마천,하남검단산방화,방화하남검단산
15:29,15:26,17:53,17:57
마천방화,방화하남검단산,마천방화,방화마천
15:35,15:33,17:59,-
하남검단산방화,방화마천,하남검단산방화,-
15:42,15:39,18:06,18:03
마천방화,방화하남검단산,마천방화,방화하남검단산
15:48,15:46,18:12,18:10
하남검단산방화,방화마천,하남검단산방화,방화마천
15:55,15:52,18:19,18:16
마천방화,방화하남검단산,마천방화,방화하남검단산
-,15:59,18:25,18:23
-,방화마천,하남검단산방화,방화마천
16:01,16:05,18:32,18:29
하남검단산방화,방화하남검단산,마천방화,방화하남검단산
16:08,16:12,18:38,18:36
마천방화,방화마천,하남검단산방화,방화마천
16:14,16:18,18:45,18:42
하남검단산방화,방화하남검단산,마천방화,방화하남검단산
16:21,16:25,18:51,18:49
마천방화,방화마천,하남검단산방화,방화마천
16:27,16:31,18:58,18:55
하남검단산방화,방화하남검단산,마천방화,방화하남검단산
16:34,16:38,19:04,19:02
마천방화,방화마천,하남검단산방화,방화마천
16:40,16:44,19:11,19:08
하남검단산방화,방화하남검단산,마천방화,방화하남검단산
16:47,16:51,19:17,19:15
마천방화,방화마천,하남검단산방화,방화마천
16:53,16:57,19:24,19:21
하남검단산방화,방화하남검단산,마천방화,방화하남검단산
17:00,17:04,19:30,19:28
마천방화,방화마천,하남검단산방화,방화마천
17:06,17:10,19:37,19:34
하남검단산방화,방화하남검단산,마천방화,방화하남검단산
17:13,17:16,19:43,19:41
마천방화,방화마천,하남검단산방화,방화마천
17:19,17:22,19:50,19:47
하남검단산방화,방화하남검단산,마천방화,방화하남검단산
17:26,17:28,19:56,19:54
마천방화,방화마천,하남검단산방화,방화마천
17:32,17:34,20:03,20:00
하남검단산방화,방화하남검단산,마천방화,방화하남검단산
17:39,17:39,20:09,20:07
마천방화,방화마천,하남검단산방화,방화마천
17:45,17:44,20:16,20:13
하남검단산방화,방화하남검단산,마천방화,방화하남검단산
17:50,17:48,20:22,20:20
마천방화,방화마천,하남검단산방화,방화마천
17:55,17:52,20:29,20:26
하남검단산방화,방화하남검단산,마천방화,방화하남검단산
17:59,17:56,20:35,20:33
마천방화,방화마천,하남검단산방화,방화마천
18:03,18:00,20:42,20:39
하남검단산방화,방화하남검단산,마천방화,방화하남검단산
18:07,18:03,20:48,20:46
마천방화,방화마천,하남검단산방화,방화마천
18:10,18:07,20:55,20:52
상일동방화,방화하남검단산,마천방화,방화하남검단산
18:15,18:10,-,20:59
마천방화,방화마천,-,방화마천
18:18,18:14,21:01,21:05
하남검단산방화,방화하남검단산,하남검단산방화,방화하남검단산
18:22,18:17,21:08,21:12
마천방화,방화마천,마천방화,방화마천
18:25,18:20,21:14,21:18
하남검단산방화,방화하남검단산,하남검단산방화,방화하남검단산
18:29,18:23,21:21,21:25
마천방화,방화마천,마천방화,방화마천
18:32,18:26,21:27,21:31
상일동방화,방화하남검단산,하남검단산방화,방화하남검단산
18:35,18:29,21:34,21:38
마천방화,방화마천,마천방화,방화마천
18:38,18:32,21:40,21:44
하남검단산방화,방화하남검단산,하남검단산방화,방화하남검단산
18:41,18:35,21:47,21:51
마천방화,방화마천,마천방화,방화마천
18:45,18:38,21:53,21:57
하남검단산방화,방화하남검단산,하남검단산방화,방화하남검단산
18:49,18:41,22:00,22:04
마천방화,방화마천,마천방화,방화마천
18:53,18:44,22:06,22:10
하남검단산방화,방화하남검단산,하남검단산방화,방화하남검단산
18:57,18:47,22:13,22:17
마천방화,방화마천,마천방화,방화마천
-,18:50,22:19,22:24
-,방화하남검단산,하남검단산방화,방화하남검단산
-,18:53,22:26,22:31
-,방화마천,마천방화,방화마천
-,18:57,22:33,22:39
-,방화하남검단산,하남검단산방화,방화하남검단산
19:01,19:02,22:40,22:46
상일동방화,방화마천,마천방화,방화마천
19:05,19:07,22:48,22:54
마천방화,방화하남검단산,하남검단산방화,방화상일동
19:09,19:12,22:57,-
하남검단산방화,방화마천,마천방화,-
19:13,19:17,23:06,23:02
마천방화,방화하남검단산,하남검단산방화,방화마천
19:18,19:23,23:16,23:10막
하남검단산방화,방화마천,마천방화,방화하남검단산
19:25,19:29,23:26막,23:18막
마천방화,방화하남검단산,하남검단산방화,방화마천
19:31,19:35,23:38막,23:28
하남검단산방화,방화마천,마천화곡,방화상일동
19:37,19:42,23:47막,23:36막
마천방화,방화하남검단산,하남검단산여의도,방화상일동
19:44,19:48,23:58막,23:44막
하남검단산방화,방화마천,마천애오개,방화군자
19:50,19:55,-,23:52막
마천방화,방화하남검단산,-,방화왕십리
19:57,-,-,-
하남검단산방화,-,-,-
20:03,20:01,-,-
마천방화,방화마천,-,-
20:10,20:09,-,-
하남검단산방화,방화하남검단산,-,-
20:16,20:14,-,-
마천방화,방화마천,-,-
20:23,20:21,-,-
하남검단산방화,방화하남검단산,-,-
20:29,20:27,-,-
마천방화,방화마천,-,-
20:36,20:34,-,-
하남검단산방화,방화하남검단산,-,-
20:42,20:40,-,-
마천방화,방화마천,-,-
20:49,20:47,-,-
하남검단산방화,방화하남검단산,-,-
20:55,20:53,-,-
마천방화,방화마천,-,-
21:02,21:00,-,-
하남검단산방화,방화하남검단산,-,-
21:08,21:06,-,-
마천방화,방화마천,-,-
21:15,21:13,-,-
하남검단산방화,방화하남검단산,-,-
21:21,21:19,-,-
마천방화,방화마천,-,-
21:28,21:26,-,-
하남검단산방화,방화하남검단산,-,-
21:34,21:32,-,-
마천방화,방화마천,-,-
21:41,21:39,-,-
하남검단산방화,방화하남검단산,-,-
21:47,21:45,-,-
마천방화,방화마천,-,-
21:54,21:52,-,-
하남검단산방화,방화하남검단산,-,-
-,21:58,-,-
-,방화마천,-,-
22:00,22:05,-,-
마천방화,방화하남검단산,-,-
22:07,22:11,-,-
하남검단산방화,방화마천,-,-
22:14,22:18,-,-
마천방화,방화하남검단산,-,-
22:21,22:24,-,-
하남검단산방화,방화마천,-,-
22:28,22:33,-,-
마천방화,방화하남검단산,-,-
22:35,22:40,-,-
하남검단산방화,방화마천,-,-
22:42,22:48,-,-
마천방화,방화하남검단산,-,-
22:50,22:55,-,-
하남검단산방화,방화마천,-,-
22:58,-,-,-
마천방화,-,-,-
23:06,23:04,-,-
하남검단산방화,방화하남검단산,-,-
23:14,23:12,-,-
마천방화,방화마천,-,-
23:24,23:20,-,-
하남검단산방화,방화하남검단산,-,-
23:36,23:29,-,-
마천방화,방화마천,-,-
23:48,23:38,-,-
하남검단산방화,방화하남검단산,-,-
-,23:47,-,-
-,방화마천,-,-
-,23:56막,-,-
-,방화하남검단산,-,-
0:01,00:04막,-,-
마천방화,방화마천,-,-
00:15막,0:12,-,-
하남검단산방화,방화군자,-,-
00:35막,00:20막,-,-
마천여의도,방화상일동,-,-
00:55막,00:38막,-,-
하남검단산애오개,방화군자,-,-
