장한평방면,아차산방면,장한평방면,아차산방면
평일,평일,주말,주말
05:32첫,05:37첫,05:32첫,05:37첫
군자방화,군자하남검단산,군자방화,군자하남검단산
5:40,5:52,5:40,5:52
강동방화,왕십리하남검단산,강동방화,왕십리하남검단산
5:48,-,5:48,-
상일동방화,-,상일동방화,-
5:53,-,5:55,-
마천방화,-,마천방화,-
6:01,06:06첫,6:03,06:06첫
하남검단산방화,애오개마천,하남검단산방화,애오개마천
6:06,6:21,6:10,6:21
마천방화,화곡하남검단산,마천방화,화곡하남검단산
6:12,6:28,6:17,6:28
상일동방화,화곡마천,상일동방화,화곡마천
6:18,6:35,6:24,6:35
마천방화,방화하남검단산,마천방화,방화하남검단산
6:24,6:42,6:31,6:43
하남검단산방화,방화마천,하남검단산방화,방화마천
6:30,6:49,6:38,6:50
마천방화,방화하남검단산,마천방화,방화하남검단산
6:35,6:56,6:45,6:57
상일동방화,방화마천,상일동방화,방화마천
6:41,-,6:52,-
마천방화,-,마천방화,-
6:46,-,6:59,-
하남검단산방화,-,하남검단산방화,-
6:51,-,7:06,7:04
마천방화,-,마천방화,방화하남검단산
6:56,-,7:13,7:11
상일동방화,-,하남검단산방화,방화마천
7:01,7:03,7:20,7:18
마천방화,방화하남검단산,마천방화,방화하남검단산
7:06,7:10,7:27,7:25
하남검단산방화,방화마천,하남검단산방화,방화마천
7:11,7:16,7:33,7:32
마천방화,방화하남검단산,마천방화,방화하남검단산
7:16,7:22,7:40,7:39
하남검단산방화,방화마천,하남검단산방화,방화마천
7:20,7:29,7:46,7:46
마천방화,방화하남검단산,마천방화,방화하남검단산
7:25,7:34,7:53,7:53
하남검단산방화,방화마천,하남검단산방화,방화마천
7:29,7:40,7:59,-
마천방화,방화하남검단산,마천방화,-
7:33,7:45,8:06,8:00
상일동방화,방화마천,하남검단산방화,방화하남검단산
7:37,7:51,8:12,8:07
마천방화,방화하남검단산,마천방화,방화마천
7:41,7:56,8:19,8:14
하남검단산방화,방화마천,하남검단산방화,방화하남검단산
7:45,-,8:25,8:20
마천방화,-,마천방화,방화마천
7:49,-,8:32,8:27
하남검단산방화,-,하남검단산방화,방화하남검단산
7:53,-,8:38,8:33
마천방화,-,마천방화,방화마천
7:56,-,8:45,8:40
하남검단산방화,-,하남검단산방화,방화하남검단산
7:59,-,8:51,8:46
마천방화,-,마천방화,방화마천
8:03,8:01,8:58,8:53
상일동방화,방화하남검단산,하남검단산방화,방화하남검단산
8:06,8:06,-,8:59
마천방화,방화마천,-,방화마천
8:09,8:11,9:04,9:06
하남검단산방화,방화하남검단산,마천방화,방화하남검단산
8:12,8:15,9:11,9:12
마천방화,방화마천,하남검단산방화,방화마천
8:14,8:20,9:17,9:19
하남검단산방화,방화하남검단산,마천방화,방화하남검단산
8:17,8:24,9:24,9:25
마천방화,방화마천,하남검단산방화,방화마천
8:19,8:29,9:30,9:32
상일동방화,방화상일동,마천방화,방화하남검단산
8:22,8:34,9:37,9:38
하남검단산방화,방화마천,하남검단산방화,방화마천
8:24,8:38,9:43,9:45
마천방화,방화하남검단산,마천방화,방화하남검단산
8:27,8:42,9:50,9:51
상일동방화,방화마천,하남검단산방화,방화마천
8:29,8:46,9:56,9:58
마천방화,방화하남검단산,마천방화,방화하남검단산
8:32,8:50,10:03,10:04
하남검단산방화,방화마천,하남검단산방화,방화마천
8:35,8:53,10:09,10:11
상일동방화,방화상일동,마천방화,방화하남검단산
8:38,8:57,10:16,10:17
마천방화,방화마천,하남검단산방화,방화마천
8:42,-,10:22,10:24
하남검단산방화,-,마천방화,방화하남검단산
8:45,-,10:29,10:30
마천방화,-,하남검단산방화,방화마천
8:48,-,10:35,10:37
하남검단산방화,-,마천방화,방화하남검단산
8:52,-,10:42,10:43
마천방화,-,하남검단산방화,방화마천
8:56,-,10:48,10:50
하남검단산방화,-,마천방화,방화하남검단산
9:00,9:00,10:55,10:56
마천방화,방화하남검단산,하남검단산방화,방화마천
9:04,9:04,11:01,11:03
하남검단산방화,방화마천,마천방화,방화하남검단산
9:09,9:07,11:08,11:09
마천방화,방화하남검단산,하남검단산방화,방화마천
9:13,9:10,11:14,11:16
하남검단산방화,방화마천,마천방화,방화하남검단산
9:18,9:13,11:21,11:22
마천방화,방화상일동,하남검단산방화,방화마천
9:22,9:16,11:27,11:29
하남검단산방화,방화마천,마천방화,방화하남검단산
9:28,9:19,11:34,11:35
마천방화,방화하남검단산,하남검단산방화,방화마천
9:32,9:22,11:40,11:42
하남검단산방화,방화마천,마천방화,방화하남검단산
9:38,9:25,11:47,11:48
마천방화,방화상일동,하남검단산방화,방화마천
9:43,9:28,11:53,11:55
하남검단산방화,방화마천,마천방화,방화하남검단산
9:48,9:32,12:00,12:01
마천방화,방화하남검단산,하남검단산방화,방화마천
9:54,9:35,12:06,12:08
하남검단산방화,방화마천,마천방화,방화하남검단산
-,9:39,12:13,12:14
-,방화하남검단산,하남검단산방화,방화마천
-,9:43,12:19,12:21
-,방화마천,마천방화,방화하남검단산
-,9:47,12:26,12:27
-,방화하남검단산,하남검단산방화,방화마천
-,9:50,12:32,12:34
-,방화마천,마천방화,방화하남검단산
-,9:54,12:39,12:40
-,방화상일동,하남검단산방화,방화마천
-,9:58,12:45,12:47
-,방화마천,마천방화,방화하남검단산
10:00,10:02,12:52,12:53
마천방화,방화하남검단산,하남검단산방화,방화마천
10:05,10:06,12:58,-
하남검단산방화,방화마천,마천방화,-
10:11,10:10,13:05,13:00
마천방화,방화하남검단산,하남검단산방화,방화하남검단산
10:16,10:14,13:11,13:06
하남검단산방화,방화마천,마천방화,방화마천
10:22,10:19,13:18,13:13
마천방화,방화하남검단산,하남검단산방화,방화하남검단산
10:28,10:24,13:24,13:19
하남검단산방화,방화마천,마천방화,방화마천
10:34,10:29,13:31,13:26
마천방화,방화하남검단산,하남검단산방화,방화하남검단산
10:41,10:33,13:37,13:32
하남검단산방화,방화마천,마천방화,방화마천
10:47,10:38,13:44,13:39
마천방화,방화하남검단산,하남검단산방화,방화하남검단산
10:54,10:43,13:50,13:45
하남검단산방화,방화마천,마천방화,방화마천
-,10:49,13:57,13:52
-,방화하남검단산,하남검단산방화,방화하남검단산
-,10:55,-,13:58
-,방화마천,-,방화마천
11:00,11:02,14:03,14:05
마천방화,방화하남검단산,마천방화,방화하남검단산
11:07,11:08,14:10,14:11
하남검단산방화,방화마천,하남검단산방화,방화마천
11:13,11:15,14:16,14:18
마천방화,방화하남검단산,마천방화,방화하남검단산
11:20,11:21,14:23,14:24
하남검단산방화,방화마천,하남검단산방화,방화마천
11:26,11:28,14:29,14:31
마천방화,방화하남검단산,마천방화,방화하남검단산
11:33,11:34,14:36,14:37
하남검단산방화,방화마천,하남검단산방화,방화마천
11:39,11:41,14:42,14:44
마천방화,방화하남검단산,마천방화,방화하남검단산
11:46,11:47,14:49,14:50
하남검단산방화,방화마천,하남검단산방화,방화마천
11:52,11:54,14:55,14:57
마천방화,방화하남검단산,마천방화,방화하남검단산
11:59,-,15:02,15:03
하남검단산방화,-,하남검단산방화,방화마천
12:05,12:00,15:08,15:10
마천방화,방화마천,마천방화,방화하남검단산
12:12,12:07,15:15,15:16
하남검단산방화,방화하남검단산,하남검단산방화,방화마천
12:18,12:13,15:21,15:23
마천방화,방화마천,마천방화,방화하남검단산
12:25,12:20,15:28,15:29
하남검단산방화,방화하남검단산,하남검단산방화,방화마천
12:31,12:26,15:34,15:36
마천방화,방화마천,마천방화,방화하남검단산
12:38,12:33,15:41,15:42
하남검단산방화,방화하남검단산,하남검단산방화,방화마천
12:44,12:39,15:47,15:49
마천방화,방화마천,마천방화,방화하남검단산
12:51,12:46,15:54,15:55
하남검단산방화,방화하남검단산,하남검단산방화,방화마천
12:57,12:52,16:00,16:02
마천방화,방화마천,마천방화,방화하남검단산
-,12:59,16:07,16:08
-,방화하남검단산,하남검단산방화,방화마천
13:04,13:05,16:13,16:15
하남검단산방화,방화마천,마천방화,방화하남검단산
13:10,13:12,16:20,16:21
마천방화,방화하남검단산,하남검단산방화,방화마천
13:17,13:18,16:26,16:28
하남검단산방화,방화마천,마천방화,방화하남검단산
13:23,13:25,16:33,16:34
마천방화,방화하남검단산,하남검단산방화,방화마천
13:30,13:31,16:39,16:41
하남검단산방화,방화마천,마천방화,방화하남검단산
13:36,13:38,16:46,16:47
마천방화,방화하남검단산,하남검단산방화,방화마천
13:43,13:44,16:52,16:54
하남검단산방화,방화마천,마천방화,방화하남검단산
13:49,13:51,16:59,-
마천방화,방화하남검단산,하남검단산방화,-
13:56,13:57,17:05,17:00
하남검단산방화,방화마천,마천방화,방화마천
14:02,14:04,17:12,17:07
마천방화,방화하남검단산,하남검단산방화,방화하남검단산
14:09,14:10,17:18,17:13
하남검단산방화,방화마천,마천방화,방화마천
14:15,14:17,17:25,17:20
마천방화,방화하남검단산,하남검단산방화,방화하남검단산
14:22,14:23,17:31,17:26
하남검단산방화,방화마천,마천방화,방화마천
14:28,14:30,17:38,17:33
마천방화,방화하남검단산,하남검단산방화,방화하남검단산
14:35,14:36,17:44,17:39
하남검단산방화,방화마천,마천방화,방화마천
14:41,14:43,17:51,17:46
마천방화,방화하남검단산,하남검단산방화,방화하남검단산
14:48,14:49,17:57,17:52
하남검단산방화,방화마천,마천방화,방화마천
14:54,14:56,-,17:59
마천방화,방화하남검단산,-,방화하남검단산
15:01,15:02,18:04,18:05
하남검단산방화,방화마천,하남검단산방화,방화마천
15:07,15:09,18:10,18:12
마천방화,방화하남검단산,마천방화,방화하남검단산
15:14,15:15,18:17,18:18
하남검단산방화,방화마천,하남검단산방화,방화마천
15:20,15:22,18:23,18:25
마천방화,방화하남검단산,마천방화,방화하남검단산
15:27,15:28,18:30,18:31
하남검단산방화,방화마천,하남검단산방화,방화마천
15:33,15:35,18:36,18:38
마천방화,방화하남검단산,마천방화,방화하남검단산
15:40,15:41,18:43,18:44
하남검단산방화,방화마천,하남검단산방화,방화마천
15:46,15:48,18:49,18:51
마천방화,방화하남검단산,마천방화,방화하남검단산
15:53,15:54,18:56,18:57
하남검단산방화,방화마천,하남검단산방화,방화마천
15:59,-,19:02,19:04
마천방화,-,마천방화,방화하남검단산
16:06,16:01,19:09,19:10
하남검단산방화,방화하남검단산,하남검단산방화,방화마천
16:12,16:07,19:15,19:17
마천방화,방화마천,마천방화,방화하남검단산
16:19,16:14,19:22,19:23
하남검단산방화,방화하남검단산,하남검단산방화,방화마천
16:25,16:20,19:28,19:30
마천방화,방화마천,마천방화,방화하남검단산
16:32,16:27,19:35,19:36
하남검단산방화,방화하남검단산,하남검단산방화,방화마천
16:38,16:33,19:41,19:43
마천방화,방화마천,마천방화,방화하남검단산
16:45,16:40,19:48,19:49
하남검단산방화,방화하남검단산,하남검단산방화,방화마천
16:51,16:46,19:54,19:56
마천방화,방화마천,마천방화,방화하남검단산
16:58,16:53,20:01,20:02
하남검단산방화,방화하남검단산,하남검단산방화,방화마천
-,16:59,20:07,20:09
-,방화마천,마천방화,방화하남검단산
17:04,17:06,20:14,20:15
마천방화,방화하남검단산,하남검단산방화,방화마천
17:11,17:12,20:20,20:22
하남검단산방화,방화마천,마천방화,방화하남검단산
17:17,17:19,20:27,20:28
마천방화,방화하남검단산,하남검단산방화,방화마천
17:24,17:25,20:33,20:35
하남검단산방화,방화마천,마천방화,방화하남검단산
17:28,17:31,20:40,20:41
마천방화,방화하남검단산,하남검단산방화,방화마천
17:33,17:37,20:46,20:48
하남검단산방화,방화마천,마천방화,방화하남검단산
17:37,17:43,20:53,20:54
마천방화,방화하남검단산,하남검단산방화,방화마천
17:41,17:49,20:59,-
하남검단산방화,방화마천,마천방화,-
17:45,17:55,21:06,21:01
마천방화,방화하남검단산,하남검단산방화,방화하남검단산
17:49,-,21:12,21:07
상일동방화,-,마천방화,방화마천
17:53,-,21:19,21:14
마천방화,-,하남검단산방화,방화하남검단산
17:57,-,21:25,21:20
하남검단산방화,-,마천방화,방화마천
18:01,18:01,21:32,21:27
마천방화,방화마천,하남검단산방화,방화하남검단산
18:04,18:06,21:38,21:33
하남검단산방화,방화하남검단산,마천방화,방화마천
18:07,18:11,21:45,21:40
마천방화,방화마천,하남검단산방화,방화하남검단산
18:10,18:15,21:51,21:46
상일동방화,방화하남검단산,마천방화,방화마천
18:13,18:19,21:58,21:53
마천방화,방화마천,하남검단산방화,방화하남검단산
18:16,18:23,-,21:59
하남검단산방화,방화하남검단산,-,방화마천
18:20,18:26,22:04,22:06
마천방화,방화마천,마천방화,방화하남검단산
18:23,18:30,22:11,22:12
하남검단산방화,방화하남검단산,하남검단산방화,방화마천
18:27,18:33,22:18,22:19
마천방화,방화마천,마천방화,방화하남검단산
18:31,18:37,22:26,22:25
하남검단산방화,방화하남검단산,하남검단산방화,방화마천
18:35,18:40,22:35,22:32
마천방화,방화마천,마천방화,방화하남검단산
18:39,18:43,22:44,22:38
상일동방화,방화하남검단산,하남검단산방화,방화마천
18:44,18:45,22:54,22:45
마천방화,방화마천,마천방화,방화하남검단산
18:48,18:49,-,22:53
하남검단산방화,방화하남검단산,-,방화마천
18:52,18:51,23:05막,23:00
마천방화,방화마천,하남검단산방화,방화하남검단산
18:57,18:54,23:16막,23:08
하남검단산방화,방화하남검단산,마천화곡,방화마천
-,18:57,23:25막,23:16
-,방화마천,하남검단산여의도,방화상일동
19:03,19:00,23:37막,23:24
마천방화,방화하남검단산,마천애오개,방화마천
19:09,19:03,23:50막,23:32막
하남검단산방화,방화마천,하남검단산왕십리,방화하남검단산
19:16,19:06,-,23:40막
마천방화,방화하남검단산,-,방화마천
19:22,19:09,-,23:49
하남검단산방화,방화마천,-,방화상일동
19:29,19:12,-,23:57막
마천방화,방화하남검단산,-,방화상일동
19:35,19:15,-,-
하남검단산방화,방화마천,-,-
19:42,19:19,-,-
마천방화,방화하남검단산,-,-
19:48,19:23,-,-
하남검단산방화,방화마천,-,-
19:55,19:29,-,-
마천방화,방화하남검단산,-,-
-,19:33,-,-
-,방화마천,-,-
-,19:38,-,-
-,방화하남검단산,-,-
-,19:44,-,-
-,방화마천,-,-
-,19:50,-,-
-,방화하남검단산,-,-
-,19:57,-,-
-,방화마천,-,-
20:01,20:03,-,-
하남검단산방화,방화하남검단산,-,-
20:08,20:10,-,-
마천방화,방화마천,-,-
20:14,20:16,-,-
하남검단산방화,방화하남검단산,-,-
20:21,20:23,-,-
마천방화,방화마천,-,-
20:27,20:30,-,-
하남검단산방화,방화하남검단산,-,-
20:34,20:36,-,-
마천방화,방화마천,-,-
20:40,20:42,-,-
하남검단산방화,방화하남검단산,-,-
20:47,20:49,-,-
마천방화,방화마천,-,-
20:53,20:55,-,-
하남검단산방화,방화하남검단산,-,-
21:00,21:02,-,-
마천방화,방화마천,-,-
21:06,21:08,-,-
하남검단산방화,방화하남검단산,-,-
21:13,21:15,-,-
마천방화,방화마천,-,-
21:19,21:21,-,-
하남검단산방화,방화하남검단산,-,-
21:26,21:28,-,-
마천방화,방화마천,-,-
21:32,21:34,-,-
하남검단산방화,방화하남검단산,-,-
21:39,21:41,-,-
마천방화,방화마천,-,-
21:45,21:47,-,-
하남검단산방화,방화하남검단산,-,-
21:52,21:54,-,-
마천방화,방화마천,-,-
21:59,-,-,-
하남검단산방화,-,-,-
22:06,22:00,-,-
마천방화,방화하남검단산,-,-
22:13,22:07,-,-
하남검단산방화,방화마천,-,-
22:20,22:13,-,-
마천방화,방화하남검단산,-,-
22:28,22:20,-,-
하남검단산방화,방화마천,-,-
22:36,22:26,-,-
마천방화,방화하남검단산,-,-
22:44,22:33,-,-
하남검단산방화,방화마천,-,-
22:52,22:39,-,-
마천방화,방화하남검단산,-,-
-,22:46,-,-
-,방화마천,-,-
-,22:54,-,-
-,방화하남검단산,-,-
23:03,23:02,-,-
하남검단산방화,방화마천,-,-
23:14,23:09,-,-
마천방화,방화하남검단산,-,-
23:27,23:17,-,-
하남검단산방화,방화마천,-,-
23:40,23:25,-,-
마천방화,방화하남검단산,-,-
23:54막,23:33,-,-
하남검단산방화,방화마천,-,-
-,23:42,-,-
-,방화하남검단산,-,-
-,23:50,-,-
-,방화마천,-,-
-,23:59,-,-
-,방화하남검단산,-,-
0:00,0:08,-,-
마천왕십리,방화마천,-,-
00:14막,00:17막,-,-
마천여의도,방화하남검단산,-,-
00:33막,00:25막,-,-
하남검단산애오개,방화마천,-,-
00:51막,00:41막,-,-
마천왕십리,방화상일동,-,-
