﻿용산방면,대방방면,용산방면,대방방면
평일,평일,주말,주말
05:11첫,05:29첫,05:11첫,05:29첫
구로동두천,서울역서동탄,구로동두천,서울역서동탄
5:21,05:38급첫,05:31첫,05:39첫
구로청량리,용산동인천,구로연천,광운대인천
5:31,05:39첫,5:36,5:46
구로동두천,광운대인천,구로청량리,동묘앞서동탄
5:39,5:46,5:45,5:51
부평동두천,창동인천,부평소요산,광운대인천
5:46,5:51,05:56급첫,05:55급첫
구로청량리,광운대서동탄,부천용산,용산동인천
05:56급첫,5:58,5:59,5:58
부천용산,동묘앞인천,인천양주,동묘앞인천
5:59,-,6:04,6:03
인천양주,-,병점광운대,광운대서동탄
6:03,6:03,6:10,6:09
병점광운대,동묘앞서동탄,인천동두천,의정부인천
06:09급첫,6:08,06:14급,06:11급
인천동두천,의정부인천,동인천용산,용산동인천
06:11급,06:11급,6:16,6:19
동인천용산,용산부평,병점청량리,광운대서동탄
6:12,6:14,6:22,6:23
병점청량리,양주인천,인천연천,양주인천
6:19,6:19,6:27,06:30급
인천동두천,광운대서동탄,병점청량리,용산동인천
06:22급,6:23,06:27급,6:34
동인천용산,양주인천,동인천용산,동묘앞인천
6:23,06:26급,6:35,6:37
병점광운대,용산동인천,인천양주,광운대병점
6:26,06:28급첫,6:41,6:44
구로청량리,청량리신창,서동탄광운대,동묘앞서동탄
06:32첫,6:32,06:45급,06:46급
인천연천,동묘앞인천,동인천용산,용산동인천
06:32급,6:36,6:48,6:47
동인천용산,광운대서동탄,인천소요산,소요산인천
06:38급,06:38급,6:52,6:52
구로용산,용산동인천,천안청량리,광운대병점
6:39,6:41,6:59,6:56
인천동두천,동묘앞인천,인천양주,동묘앞인천
6:43,6:47,07:02급,07:01첫
서동탄광운대,소요산인천,동인천용산,청량리신창
06:46급,06:47급,7:05,07:01급
동인천용산,용산동인천,서동탄광운대,용산동인천
6:48,06:53급첫,7:10,7:05
인천소요산,청량리천안,인천동두천,양주인천
06:51급,06:53급,7:15,7:09
구로용산,용산동인천,신창광운대,광운대서동탄
6:52,6:57,07:18급,7:13
천안청량리,동묘앞인천,동인천용산,광운대천안
6:58,-,7:20,7:19
인천동두천,-,인천양주,연천인천
07:00급,7:01,7:24,07:19급
동인천용산,광운대병점,서동탄청량리,용산동인천
7:02,07:02급,7:28,7:24
서동탄광운대,용산부평,인천연천,청량리천안
7:06,7:05,7:31,7:28
인천동두천,양주인천,천안광운대,의정부인천
07:08급,07:09첫,07:36급,07:33급첫
동인천용산,광운대신창,동인천용산,청량리천안
7:10,07:09급,7:37,7:36
병점청량리,용산동인천,인천의정부,광운대병점
7:15,7:13,7:42,07:37급
신창광운대,동묘앞인천,병점청량리,용산동인천
07:17급,7:16,7:47,7:40
동인천용산,광운대서동탄,인천양주,광운대신창
7:19,07:16급,7:51,7:44
인천동두천,용산동인천,서동탄광운대,동두천인천
7:24,7:20,07:52급,7:48
서동탄청량리,연천인천,동인천용산,동묘앞서동탄
07:26급,07:23급,7:55,7:52
부평용산,용산동인천,신창광운대,양주인천
7:29,7:24,7:59,07:54급
인천연천,청량리천안,인천소요산,용산동인천
7:32,7:28,8:03,8:01
천안광운대,의정부인천,병점청량리,소요산인천
07:33급,07:32급,8:06,08:05급
동인천용산,청량리천안,인천의정부,청량리천안
7:38,07:34급,08:08급,8:09
인천의정부,용산부평,동인천용산,광운대서동탄
07:39급,7:36,8:10,08:12급
동인천용산,광운대병점,서동탄동묘앞,용산동인천
7:42,7:40,8:17,8:14
병점청량리,동두천인천,인천동두천,동두천인천
7:47,7:43,08:17급,8:20
인천소요산,광운대신창,구로용산,연천구로
07:47급,07:43급,8:20,8:24
동인천용산,용산동인천,천안청량리,광운대신창
7:50,7:48,08:24급,8:29
서동탄광운대,의정부서동탄,동인천용산,동묘앞인천
7:54,07:50급,8:25,08:33급
인천양주,용산동인천,서동탄광운대,청량리천안
07:54급,7:52,8:30,08:33급
동인천용산,양주인천,인천연천,용산동인천
7:57,07:55급,8:34,8:36
신창광운대,용산부평,서동탄광운대,광운대서동탄
07:59급,7:56,8:39,8:42
부평용산,광운대신창,신창청량리,동묘앞인천
8:00,8:00,08:41급,08:45급
인천동두천,동두천인천,동인천용산,용산동인천
8:04,08:04급,8:44,8:46
서동탄청량리,용산동인천,인천양주,광운대신창
08:04급,08:05급,8:50,8:51
동인천용산,청량리천안,서동탄광운대,동두천인천
8:07,8:09,8:54,08:55급
인천의정부,의정부서동탄,천안청량리,청량리천안
8:10,08:10급,08:57급,08:58급
천안광운대,용산동인천,동인천용산,용산동인천
08:10급,08:13급첫,8:58,-
동인천용산,동두천인천,인천소요산,-
08:15급,08:15급,9:04,9:00
인천동두천,용산동인천,인천광운대,광운대서동탄
08:15특첫,8:16,9:07,9:07
동인천용산,청량리서동탄,천안광운대,양주구로
8:19,8:19,09:11급첫,9:11
서동탄광운대,연천인천,신창청량리,청량리천안
8:22,8:23,9:15,09:13급
인천양주,광운대신창,인천동두천,용산동인천
08:22급,08:25급,09:17급,9:14
부평용산,용산동인천,동인천용산,소요산인천
8:26,8:27,9:20,9:20
서동탄동묘앞,양주부평,서동탄동묘앞,광운대서동탄
08:27급,08:31급,9:26,9:24
동인천용산,청량리천안,천안청량리,연천인천
08:30특,08:32급,9:31,9:29
동인천용산,용산구로,인천연천,청량리천안
8:31,8:34,09:35급,9:32
인천연천,동두천인천,동인천용산,양주인천
8:34,8:37,9:37,9:37
천안청량리,광운대서동탄,서동탄광운대,광운대병점
8:39,08:37급,9:41,9:42
인천의정부,용산동인천,인천의정부,동두천인천
08:41급,8:41,9:45,09:45특첫
동인천용산,동두천구로,신창광운대,용산동인천
8:42,08:42급,09:49급,09:46급첫
병점광운대,용산구로,천안청량리,청량리신창
8:47,8:44,09:53급,9:52
인천양주,양주인천,동인천용산,광운대서동탄
08:49급,08:46급,9:54,9:56
동인천용산,용산동인천,인천소요산,양주구로
8:51,8:47,9:59,09:56급
서동탄광운대,광운대신창,천안광운대,용산동인천
08:53급,8:50,10:05,10:00
부평용산,연천부평,인천양주,청량리신창
8:55,08:54급,10:07특첫,10:05
신창청량리,청량리천안,동인천용산,소요산인천
8:58,08:56급,10:11,10:09급
인천소요산,용산동인천,서동탄광운대,용산동인천
08:58급,8:57,10:15,10:11
동인천용산,동두천인천,인천동두천,광운대병점
-,8:59,10:20,10:18
-,광운대서동탄,신창청량리,의정부인천
09:04급,9:04,10:23급,10:22급
동인천용산,양주인천,동인천용산,용산동인천
9:05,9:09,10:24,10:23
인천동묘앞,동두천부평,인천양주,청량리천안
9:09,09:09급,10:27,10:27
신창광운대,용산동인천,천안광운대,연천인천
09:10급,9:12,10:31,10:34
동인천용산,청량리천안,인천연천,광운대신창
09:13급첫,9:16,10:36,10:39
신창청량리,소요산인천,서동탄광운대,양주인천
09:16급,09:19급,10:36급,10:39특
부평용산,용산구로,동인천용산,용산동인천
9:17,9:20,10:40,10:43
인천양주,광운대서동탄,인천의정부,청량리서동탄
9:21,09:25급,10:45,10:47급
서동탄광운대,동두천인천,천안광운대,용산동인천
09:23급,09:25특첫,10:50급,10:50
동인천용산,용산동인천,천안청량리,광운대신창
9:25,09:31급,10:51급,10:55
인천동묘앞,용산동인천,동인천용산,동두천인천
9:32,9:32,10:54,10:59급
인천연천,광운대신창,인천광운대,용산동인천
09:33급,9:38,10:58,-
동인천용산,동두천인천,병점광운대,-
9:37,9:41,11:02,11:00급
서동탄청량리,광운대병점,신창청량리,청량리천안
09:39특,09:41급,11:04급,11:03
동인천용산,용산동인천,동인천용산,광운대인천
9:41,9:46,11:05,11:08
인천의정부,동두천인천,인천양주,광운대서동탄
9:45,09:50급,11:08,11:11급
천안광운대,청량리천안,서동탄광운대,용산동인천
09:49급,9:53,11:12급,11:13
동인천용산,의정부인천,천안청량리,소요산인천
09:51급,09:53급,11:15특,11:17
신창청량리,용산구로,동인천용산,광운대구로
9:55,9:58,11:17,11:22
인천소요산,광운대서동탄,인천동두천,양주인천
09:57급,09:58급,11:20,11:22급
동인천용산,용산동인천,천안광운대,용산동인천
9:59,-,11:25,11:26급
천안광운대,-,인천양주,청량리천안
10:04,10:05,11:30,11:29
인천양주,소요산인천,서동탄광운대,광운대신창
10:13급,10:07급,11:33급,11:33
인천동두천,용산구로,동인천용산,연천인천
10:13특,10:09,11:35급,11:39
동인천용산,청량리신창,천안청량리,광운대서동탄
10:17,10:12급,11:40,11:40특
서동탄청량리,용산동인천,인천연천,용산동인천
10:21,10:14,11:46,11:43
인천양주,광운대서동탄,신창광운대,동두천인천
10:26,10:19,11:48급,11:47
신창광운대,의정부인천,동인천용산,광운대신창
10:31,10:24,11:50,11:49급
인천연천,청량리천안,인천소요산,용산동인천
10:34급,10:28,11:55,11:52
동인천용산,연천인천,서동탄광운대,의정부인천
10:36,10:32특,11:59,11:56급
서동탄광운대,용산동인천,인천양주,청량리천안
10:42,10:37,-,11:59
인천의정부,광운대신창,-,광운대천안
10:45급,10:41,12:02급,12:04
천안청량리,동두천인천,동인천용산,양주인천
10:50,10:47,12:03,12:04급
부평소요산,청량리서동탄,천안광운대,용산동인천
10:52특,10:49급,12:07,12:08
동인천용산,용산동인천,인천의정부,청량리서동탄
10:56,10:51,12:11급,12:12
인천양주,동두천인천,천안청량리,소요산인천
-,10:55,12:11특,12:17급
-,양주구로,동인천용산,청량리천안
-,10:59급,12:19,12:18급
-,청량리천안,인천동두천,용산동인천
11:02,11:03,12:23,12:20
신창광운대,의정부인천,천안광운대,광운대신창
11:05,11:08특,12:26급,12:25
구로의정부,용산동인천,동인천용산,연천인천
11:10급,11:09,12:28,12:29
신창청량리,광운대서동탄,인천양주,광운대서동탄
11:14,11:18,12:32,12:33
인천양주,광운대신창,서동탄광운대,양주인천
11:18,11:24,12:36,12:33특
서동탄광운대,연천인천,인천연천,용산동인천
11:18급,11:28급,12:37급,12:38
동인천용산,청량리신창,동인천용산,광운대천안
11:22,11:32,12:39,12:41급
천안청량리,청량리서동탄,신창광운대,용산동인천
11:26급,11:34급,12:44급,12:42
인천동두천,용산동인천,천안청량리,동두천인천
11:30,11:37,12:51,12:47급
서동탄광운대,동두천인천,인천소요산,청량리천안
11:34,11:43급,12:52급,12:52
인천연천,동두천인천,동인천용산,의정부인천
11:35급,11:48,12:55,12:56
동인천용산,광운대병점,천안광운대,광운대신창
11:38급,11:52,-,12:57급
천안청량리,의정부인천,-,용산구로
11:43,11:56급,13:02,13:02
인천의정부,청량리신창,인천양주,양주인천
11:47,-,13:05급,13:07
천안광운대,-,동인천용산,광운대서동탄
11:49급,-,13:07,13:08급
동인천용산,-,서동탄광운대,용산동인천
11:51,-,13:11,13:11
인천소요산,-,인천의정부,소요산인천
11:56,-,13:14특,13:17
서동탄광운대,-,동인천용산,광운대신창
12:00,12:00,13:15급,13:20급
인천양주,광운대신창,천안청량리,용산동인천
12:02특,12:03,13:21,13:22
동인천용산,양주인천,인천동두천,연천인천
12:04,12:04급,13:24,13:27급
신창광운대,용산동인천,신창광운대,청량리천안
12:07,12:07,13:30,13:30
인천의정부,광운대서동탄,인천양주,광운대서동탄
12:13급,12:13,13:31급,13:31급
신창청량리,소요산인천,동인천용산,용산동인천
12:18급,12:16급,13:34,13:34
인천동두천,청량리천안,서동탄광운대,양주인천
12:22,12:20급,13:41급,13:39
천안광운대,용산동인천,천안청량리,광운대천안
12:26급,12:22,13:44급,13:44
동인천용산,연천인천,동인천용산,동두천인천
12:28,12:30,13:45,13:47급
인천양주,청량리서동탄,인천의정부,용산구로
12:33,12:33,13:51,13:50급
서동탄광운대,양주인천,신창광운대,청량리천안
12:40,12:39,13:55,13:54
인천연천,광운대천안,인천소요산,광운대병점
12:42급,12:44급,13:58급,13:58
동인천용산,동두천인천,동인천용산,양주인천
12:45,12:49급,14:02,14:01
서동탄광운대,청량리천안,서동탄광운대,광운대서동탄
12:51,12:54,14:06,14:05급
인천양주,의정부인천,인천양주,용산동인천
12:56,12:57급,14:07특,14:06
신창청량리,용산동인천,동인천용산,소요산인천
-,12:58,14:12,14:10
-,광운대천안,인천동두천,광운대신창
13:00,13:02,14:16,14:18
인천소요산,양주인천,신창청량리,의정부인천
13:07,13:06,14:20급,14:19급
서동탄광운대,광운대서동탄,동인천용산,용산동인천
13:12급,13:12,14:22,14:22급
천안청량리,소요산인천,인천양주,청량리천안
13:12급,13:17,14:25,14:26
동인천용산,광운대천안,천안광운대,연천인천
13:16,13:22,14:32,14:30
인천양주,양주인천,인천연천,광운대서동탄
13:21,13:27급,14:33급,14:34특
신창광운대,청량리신창,동인천용산,용산동인천
13:28급막,13:28급,14:37,14:36
인천동두천,용산구로,서동탄광운대,양주인천
13:33,13:30,14:41급,14:42급
서동탄광운대,광운대서동탄,천안청량리,용산동인천
13:37,13:34,14:45,14:43
인천연천,의정부인천,인천의정부,광운대서동탄
13:41급,13:38,14:45급,14:48
천안청량리,광운대천안,동인천용산,동두천인천
13:41급,13:42급,14:49,14:52급
동인천용산,동두천인천,신창광운대,청량리천안
13:45,13:48,14:53,14:53급
인천의정부,양주인천,인천소요산,용산동인천
13:50,13:53,14:58급,14:57
신창청량리,광운대병점,동인천용산,양주인천
13:54,13:57,14:59,-
인천소요산,의정부인천,서동탄동묘앞,-
13:59,13:57급,15:04,15:01
서동탄광운대,용산동인천,인천양주,광운대천안
13:59급,-,15:08,15:02급
동인천용산,-,천안광운대,용산구로
14:05,14:01,15:09급,15:07
인천양주,광운대서동탄,동인천용산,소요산인천
14:11,14:06,15:14급,15:12
인천의정부,소요산인천,천안청량리,광운대서동탄
14:16,14:10,15:19,15:18
신창청량리,청량리천안,인천의정부,광운대천안
14:21,14:18,15:22,15:18급
인천광운대,의정부인천,신창광운대,용산동인천
14:25,14:18급,15:26급,15:23
천안광운대,용산동인천,구로용산,의정부인천
14:30,14:23,15:30,15:27급
인천연천,광운대서동탄,인천연천,청량리신창
14:34급,14:28,15:33,15:32
동인천용산,연천인천,서동탄광운대,연천인천
14:34급,14:33급,15:37급,15:34특
천안청량리,청량리신창,천안청량리,용산동인천
14:39,14:36,15:41,15:36
인천양주,양주인천,인천의정부,광운대서동탄
14:42,14:40,15:44급,15:41
서동탄광운대,광운대서동탄,동인천용산,양주인천
14:48,14:45급,15:46,15:43급
신창광운대,동두천인천,신창광운대,용산동인천
14:55,14:50급,15:51,15:47급
인천소요산,청량리천안,인천소요산,청량리천안
-,14:55,15:56,15:52
-,광운대신창,서동탄광운대,동두천인천
-,14:58급,15:57급,15:56
-,용산동인천,동인천용산,광운대신창
-,14:59,15:59,15:59급
-,양주인천,인천양주,용산동인천
15:00,15:03,16:02,16:00
서동탄청량리,광운대서동탄,천안광운대,의정부인천
15:04,15:10,16:04특,16:04
인천양주,소요산인천,동인천용산,소요산구로
15:08,15:16,16:06,16:08
신창광운대,청량리천안,인천의정부,광운대서동탄
15:13급,15:21,16:10급,16:12급
신창청량리,양주인천,천안청량리,용산동인천
15:16,15:26급,16:14,16:13
인천의정부,청량리천안,인천동두천,양주인천
15:22,15:30,16:18,16:20급
천안광운대,광운대서동탄,신창광운대,청량리천안
15:27,15:35,16:20급,16:23
인천연천,연천인천,동인천용산,광운대신창
15:33급,15:42,16:24,16:28
신창청량리,양주인천,서동탄광운대,연천인천
15:34급,15:47급,16:28,16:29특
동인천용산,청량리천안,인천양주,용산동인천
15:37,15:49급,16:31급,16:32
인천동묘앞,용산동인천,동인천용산,광운대병점
15:42,15:55,16:33급,16:35
인천의정부,광운대신창,천안청량리,양주인천
15:45,15:59,16:37,16:35급
천안광운대,의정부인천,인천연천,용산동인천
15:49,-,16:41,16:39
인천소요산,-,신창청량리,광운대서동탄
15:55급,-,16:41급,16:43
동인천용산,-,동인천용산,동두천인천
15:56,-,16:45,16:46급
서동탄광운대,-,인천의정부,청량리천안
16:00,16:08특,16:54,16:48급
인천의정부,용산동인천,서동탄광운대,용산동인천
16:03,16:09,16:57급,16:50
천안광운대,청량리서동탄,동인천용산,광운대천안
16:07,16:16,16:58,16:54
인천동두천,소요산인천,구로의정부,양주인천
16:11급,16:16급,-,16:59
천안청량리,용산동인천,-,광운대서동탄
16:15,16:19,17:02,17:01급
인천양주,광운대천안,신창광운대,용산동인천
16:19,16:23,17:05특,17:03
신창광운대,의정부인천,동인천용산,의정부인천
16:20급,16:28급,17:06,17:08
동인천용산,청량리천안,인천동묘앞,광운대병점
16:25,16:31,17:10급,17:12
서동탄광운대,광운대서동탄,천안청량리,소요산인천
16:29,16:35급,17:13,17:14급
인천연천,용산동인천,구로동두천,용산동인천
16:31특막,16:36,17:18,17:16
동인천용산,연천인천,서동탄광운대,광운대천안
16:33급,16:40,17:21,17:21
천안청량리,양주인천,인천의정부,동두천구로
16:37,16:44급,17:22급,17:24
인천양주,청량리신창,동인천용산,동묘앞인천
16:41,16:49급막,17:25,17:27급
신창광운대,동두천인천,천안광운대,청량리신창
16:44,16:51급,17:31,17:31
인천의정부,용산동인천,인천양주,광운대서동탄
16:48급,16:56,17:36,17:33특막
동인천용산,의정부인천,서동탄광운대,용산동인천
16:49,-,17:36급,17:35
천안청량리,-,동인천용산,의정부인천
16:52,-,17:39급,17:38급
부평소요산,-,천안청량리,용산동인천
16:56,-,17:45,17:39
서동탄광운대,-,인천양주,청량리천안
16:56급,-,17:49,17:47
구로용산,-,신창광운대,광운대서동탄
16:59,-,17:49급,17:53
인천양주,-,동인천용산,의정부인천
17:03,17:00,17:54,17:53급
신창광운대,광운대서동탄,인천소요산,용산동인천
17:06급,17:03급,17:58특막,17:57
동인천용산,용산동인천,동인천용산,광운대신창
17:07,17:05,18:00,18:03
인천동묘앞,양주인천,서동탄광운대,청량리천안
17:10급,17:09,18:04급,18:06급
천안청량리,동묘앞서동탄,천안청량리,용산동인천
17:13,17:13,18:09,18:07
부평동두천,소요산인천,인천동두천,소요산인천
17:16급,17:16,18:12,18:17
구로용산,광운대천안,신창광운대,의정부인천
17:17,17:18급,18:12급,18:20급
서동탄동묘앞,용산동인천,동인천용산,용산동인천
17:21,17:21,18:16,18:21
인천양주,동묘앞인천,구로양주,광운대서동탄
17:24,17:25급,18:21,18:25
신창광운대,청량리신창,인천광운대,연천인천
17:26급,17:25급,18:25,18:30
동인천용산,용산동인천,병점광운대,청량리천안
17:29,17:29,18:29,18:35
인천연천,광운대서동탄,인천동묘앞,광운대서동탄
17:32급,17:33,18:29급,18:36급
천안청량리,연천인천,동인천용산,용산동인천
17:33급,17:34급,18:34,18:40
구로용산,용산동인천,서동탄광운대,양주인천
17:36,17:37,18:38,18:45급
인천동두천,광운대천안,인천의정부,청량리신창
17:39,17:41,18:40급,18:47급
서동탄광운대,양주인천,동인천용산,용산동인천
17:40급,17:41급,18:43급,18:49
동인천용산,용산동인천,천안청량리,광운대서동탄
17:43,17:45급,18:47,18:53
인천의정부,청량리신창,인천동묘앞,양주인천
17:48,17:49,18:51,18:56
천안광운대,광운대서동탄,구로소요산,광운대천안
17:52,17:49급,18:53급,18:59급
인천양주,용산동인천,동인천용산,용산동인천
17:53급,17:55,18:55,-
동인천용산,의정부인천,신창광운대,-
17:55급,17:57급,18:58,-
천안청량리,용산동인천,인천의정부,-
17:59급,17:58,19:03,19:00
구로용산,광운대신창,인천양주,의정부인천
18:02,18:02,19:05급,19:05
서동탄광운대,양주인천,동인천용산,소요산인천
18:04급,18:06,19:08,19:08
동인천용산,청량리서동탄,서동탄광운대,광운대서동탄
18:07,18:08급,19:13급,19:09급
인천양주,용산동인천,천안청량리,용산동인천
18:10,18:12,19:16급,19:13
신창광운대,소요산인천,동인천용산,의정부인천
18:12급,18:15급,19:18,19:17급막
동인천용산,용산동인천,인천양주,청량리신창
18:16,18:17,19:21,19:22
인천동두천,광운대천안,신창광운대,광운대신창
18:16급,18:20,19:24,19:25급
구로용산,의정부인천,인천연천,용산동인천
18:20,18:20급,19:29,19:27
병점광운대,용산부평,서동탄광운대,연천인천
18:20급,18:25,19:32급,19:34
동인천용산,청량리서동탄,동인천용산,광운대서동탄
18:24,18:27급,19:33,19:35급
인천양주,용산동인천,인천광운대,용산동인천
18:25급,18:28,19:37,19:40
구로용산,연천인천,천안청량리,동두천인천
18:27급,18:33,19:43,19:44
천안청량리,광운대신창,인천동두천,광운대신창
18:32,18:37,19:47급,19:47
인천연천,의정부인천,동인천용산,의정부인천
18:32급,18:37특,19:48,19:51급
동인천용산,용산동인천,신창광운대,용산동인천
18:35,18:41급,19:52,19:52
천안광운대,용산동인천,인천소요산,청량리구로
18:38,18:42,19:56,19:57
부평동두천,청량리서동탄,서동탄동묘앞,양주인천
18:42급,18:46,20:02,20:01
동인천용산,양주인천,인천양주,광운대천안
18:43,18:46급,20:04급,20:07급
서동탄청량리,용산동인천,동인천용산,용산동인천
18:46,18:51,20:05,20:10
인천의정부,광운대신창,천안광운대,소요산인천
18:50,18:51급,20:11급,20:14
인천동묘앞,용산동인천,천안청량리,광운대신창
18:51급,18:56,20:15,20:19
동인천용산,의정부인천,인천의정부,양주인천
18:54,18:59,20:16급,20:23
신창광운대,광운대천안,동인천용산,청량리서동탄
18:58,-,20:19,20:26급
인천양주,-,서동탄광운대,용산동인천
18:58급,-,20:24,20:28
동인천용산,-,인천동두천,연천인천
19:02,19:01특,20:27,20:33
서동탄광운대,용산동인천,신창청량리,동두천인천
19:05급,19:05,20:28급,20:37
동인천용산,소요산인천,동인천용산,광운대신창
19:06,19:07급,20:32,20:42
인천소요산,용산동인천,인천양주,양주인천
19:10,19:08,20:37,20:43급
신창광운대,광운대서동탄,구로연천,용산동인천
19:12급,19:12,20:40급,20:46
동인천용산,양주인천,동인천용산,청량리구로
19:14,19:13급,20:42,20:49
인천동묘앞,용산동인천,병점광운대,광운대서동탄
19:17,19:16급,20:47,20:54
천안청량리,청량리천안,신창청량리,의정부인천
19:21,19:19,20:51,20:58급
인천동두천,광운대신창,인천의정부,용산동인천
19:21급,19:22특,20:54급,20:59
동인천용산,용산동인천,동인천용산,광운대천안
19:25,19:23,20:55,-
서동탄광운대,연천인천,서동탄광운대,-
19:27급,19:27,21:00,21:04
동인천용산,광운대신창,인천소요산,광운대서동탄
19:29,19:27급,21:03,21:08
인천양주,용산동인천,천안광운대,소요산인천
19:32,19:31,21:09,21:13
천안광운대,양주인천,인천양주,의정부구로
19:34급,19:34,21:11급,21:18급
동인천용산,광운대서동탄,동인천용산,용산동인천
19:38,19:37특막,21:13급막,21:19
서동탄광운대,용산동인천,천안청량리,청량리신창
19:40급,19:38,21:17,21:22
부평용산,동두천인천,인천의정부,연천인천
19:42,19:42급,21:22,21:27
인천연천,용산동인천,신창광운대,광운대병점
19:46급,19:43급,21:27,21:31
동인천용산,청량리천안,인천연천,양주인천
19:48,19:46,21:31,21:34급
신창광운대,광운대서동탄,서동탄광운대,용산동인천
19:52,19:49급,21:33급,21:36막
인천의정부,용산동인천,동인천용산,청량리신창
19:52급,19:50,21:36,21:41
동인천용산,양주인천,인천의정부,동두천인천
19:56,19:54,21:40,21:47
서동탄광운대,광운대천안,서동탄동묘앞,광운대서동탄
-,19:55급,21:45,21:49급
-,용산부평,인천소요산,용산동인천
-,19:59,21:50급,21:52
-,의정부인천,동인천용산,양주인천
20:03,20:01급,21:52,21:57
인천소요산,용산동인천,신창광운대,광운대서동탄
20:04급,20:04,21:56,-
동인천용산,청량리서동탄,인천양주,-
20:06,20:07급,22:01,22:04
천안광운대,용산동인천,서동탄동묘앞,청량리천안
20:10급,20:08,22:05,22:06급
동인천용산,소요산인천,인천동두천,용산동인천
20:10급,20:14,22:05급,22:09
신창청량리,광운대천안,동인천용산,소요산인천
20:15,20:18,22:09,22:14
인천양주,양주인천,천안청량리,광운대서동탄
20:22,20:19급,22:14,22:20
인천동두천,용산동인천,인천동묘앞,청량리병점
20:23급,20:22,22:20,22:21급
동인천용산,광운대서동탄,병점광운대,용산동인천
20:26,20:26,22:21급,22:24
천안광운대,연천인천,동인천용산,연천인천
20:28급,20:28급,22:25막,22:29막
동인천용산,용산동인천,인천연천,광운대천안
20:30,20:30급막,22:30,22:33
인천양주,청량리신창,천안광운대,양주인천
20:33,20:33,22:36,22:38
서동탄광운대,양주인천,인천의정부,광운대병점
20:33급,20:38,22:36급,22:38급
동인천용산,광운대신창,동인천용산,용산동인천
20:37,20:38급,22:41,22:43
인천연천,용산동인천,병점광운대,의정부인천
20:45,20:44,22:51막,22:50
인천의정부,동두천인천,인천소요산,광운대병점
20:50급,20:45급,22:55,22:54
동인천용산,용산동인천,신창광운대,동두천인천
20:51,20:48,22:55급,22:56급막
서동탄청량리,광운대서동탄,동인천용산,용산동인천
20:56,20:53,-,22:59
인천소요산,양주인천,-,양주인천
20:56급,20:58,23:05,23:05
동인천용산,광운대천안,서동탄광운대,광운대서동탄
-,20:58급,23:12급,23:11
-,용산동인천,동인천용산,소요산인천
21:01,21:02,23:15막,23:13급막
천안광운대,의정부인천,인천양주,용산부평
21:04급,21:06급,23:20,23:17막
동인천용산,용산동인천,서동탄광운대,청량리서동탄
21:08급,21:07,23:26막,23:22
천안청량리,광운대서동탄,인천의정부,연천인천
21:13,21:12급,23:33,23:27급막
인천양주,용산구로,서동탄서울역,용산구로
21:14급,21:13,23:35급막,23:28막
동인천용산,동두천인천,동인천용산,광운대병점
21:17,21:19,23:39,23:35막
신창광운대,청량리신창,인천광운대,의정부인천
21:21,21:19급,23:51막,23:41
인천의정부,용산동인천,인천광운대,양주구로
21:27,21:22,-,23:54
서동탄광운대,연천인천,-,동두천구로
21:31,21:26,00:04막,0:04
인천연천,광운대서동탄,인천동묘앞,의정부구로
21:33급,21:29급,-,00:16막
동인천용산,용산동인천,-,소요산구로
21:36,21:31,-,-
서동탄광운대,동두천인천,-,-
21:39,21:39,-,-
인천양주,양주인천,-,-
21:43급,21:45,-,-
신창청량리,광운대신창,-,-
21:47,21:50,-,-
인천소요산,동두천인천,-,-
21:50급,21:52급,-,-
동인천용산,용산동인천,-,-
21:52,21:54,-,-
천안광운대,광운대병점,-,-
21:58,21:58,-,-
인천의정부,양주인천,-,-
22:03,22:03,-,-
서동탄동묘앞,연천구로,-,-
22:05급,22:06급,-,-
동인천용산,용산동인천,-,-
22:07,22:07막,-,-
인천동두천,청량리신창,-,-
22:12급막,22:11,-,-
천안청량리,의정부인천,-,-
22:17,22:17,-,-
인천양주,광운대서동탄,-,-
22:21,22:20급,-,-
서동탄광운대,용산동인천,-,-
22:22급,22:23,-,-
동인천용산,소요산인천,-,-
22:27,22:29막,-,-
인천의정부,청량리천안,-,-
22:34,22:33,-,-
신창광운대,연천인천,-,-
22:35급,22:38,-,-
동인천용산,광운대서동탄,-,-
22:41막,22:38급,-,-
인천연천,용산동인천,-,-
22:45급,22:46,-,-
동인천용산,동두천인천,-,-
22:50,22:50,-,-
신창광운대,광운대병점,-,-
22:56급막,22:55,-,-
동인천용산,청량리구로,-,-
22:57,22:56급막,-,-
서동탄광운대,용산동인천,-,-
23:04막,23:00,-,-
인천소요산,의정부인천,-,-
23:11막,23:06,-,-
인천양주,광운대서동탄,-,-
23:17,23:12급막,-,-
서동탄광운대,용산부평,-,-
23:24막,23:16,-,-
인천의정부,광운대구로,-,-
23:33,23:21,-,-
서동탄동묘앞,소요산인천,-,-
23:43,23:26막,-,-
천안광운대,광운대서동탄,-,-
23:51막,23:33,-,-
인천광운대,연천인천,-,-
-,23:37,-,-
-,청량리구로,-,-
-,23:41막,-,-
-,의정부인천,-,-
-,23:51,-,-
-,양주구로,-,-
00:01막,0:05,-,-
서동탄청량리,양주구로,-,-
00:13막,0:13,-,-
인천동묘앞,광운대구로,-,-
-,00:21막,-,-
-,의정부구로,-,-
