﻿양평방면,영등포시장방면,양평방면,영등포시장방면
평일,평일,주말,주말
05:35첫,05:41첫,05:35첫,05:41첫
여의도방화,화곡하남검단산,여의도방화,화곡하남검단산
5:50,05:48첫,5:50,05:48첫
애오개방화,화곡마천,애오개방화,화곡마천
,5:55,,5:55
,방화하남검단산,,방화하남검단산
6:02,6:02,6:02,6:03
왕십리방화,방화마천,왕십리방화,방화마천
6:11,6:09,6:11,6:10
군자방화,방화하남검단산,군자방화,방화하남검단산
6:20,6:16,6:20,6:17
강동방화,방화마천,강동방화,방화마천
6:28,6:23,6:28,6:24
상일동방화,방화하남검단산,상일동방화,방화하남검단산
6:33,6:30,6:35,6:31
마천방화,방화마천,마천방화,방화마천
6:41,6:36,6:43,6:38
하남검단산방화,방화하남검단산,하남검단산방화,방화하남검단산
6:46,6:42,6:50,6:45
마천방화,방화마천,마천방화,방화마천
6:52,6:49,6:57,6:52
상일동방화,방화하남검단산,상일동방화,방화하남검단산
6:58,6:54,,6:59
마천방화,방화마천,,방화마천
7:04,7:00,7:04,7:06
하남검단산방화,방화하남검단산,마천방화,방화하남검단산
7:10,7:05,7:11,7:13
마천방화,방화마천,하남검단산방화,방화마천
7:15,7:11,7:18,7:20
상일동방화,방화하남검단산,마천방화,방화하남검단산
7:21,7:16,7:25,7:27
마천방화,방화마천,상일동방화,방화마천
7:26,7:21,7:32,7:34
하남검단산방화,방화하남검단산,마천방화,방화하남검단산
7:32,7:25,7:39,7:40
마천방화,방화마천,하남검단산방화,방화마천
7:37,7:30,7:46,7:47
상일동방화,방화하남검단산,마천방화,방화하남검단산
7:42,7:35,7:53,7:53
마천방화,방화마천,하남검단산방화,방화마천
7:47,7:39,8:00,8:00
하남검단산방화,방화하남검단산,마천방화,방화하남검단산
7:52,7:44,8:07,8:06
마천방화,방화마천,하남검단산방화,방화마천
7:56,7:48,8:13,8:13
하남검단산방화,방화상일동,마천방화,방화하남검단산
,7:53,8:20,8:19
,방화마천,하남검단산방화,방화마천
,7:57,8:26,8:26
,방화하남검단산,마천방화,방화하남검단산
8:01,8:01,8:33,8:32
마천방화,방화마천,하남검단산방화,방화마천
8:05,8:05,8:39,8:39
하남검단산방화,방화하남검단산,마천방화,방화하남검단산
8:10,8:08,8:46,8:45
마천방화,방화마천,하남검단산방화,방화마천
8:14,8:12,8:52,8:52
상일동방화,방화상일동,마천방화,방화하남검단산
8:18,8:15,8:59,8:58
마천방화,방화마천,하남검단산방화,방화마천
8:22,8:19,9:05,9:05
하남검단산방화,방화하남검단산,마천방화,방화하남검단산
8:26,8:22,9:12,9:11
마천방화,방화마천,하남검단산방화,방화마천
8:30,8:26,9:18,9:18
하남검단산방화,방화하남검단산,마천방화,방화하남검단산
8:34,8:29,9:25,9:24
마천방화,방화마천,하남검단산방화,방화마천
8:38,8:31,9:31,9:31
하남검단산방화,방화상일동,마천방화,방화하남검단산
8:41,8:34,9:38,9:37
마천방화,방화마천,하남검단산방화,방화마천
8:44,8:37,9:44,9:44
상일동방화,방화하남검단산,마천방화,방화하남검단산
8:47,8:40,9:51,9:50
마천방화,방화마천,하남검단산방화,방화마천
8:51,8:44,9:57,9:57
하남검단산방화,방화상일동,마천방화,방화하남검단산
8:54,8:47,10:04,10:03
마천방화,방화마천,하남검단산방화,방화마천
8:56,8:50,10:10,10:10
하남검단산방화,방화하남검단산,마천방화,방화하남검단산
8:59,8:54,10:17,10:16
마천방화,방화마천,하남검단산방화,방화마천
,8:57,10:23,10:23
,방화하남검단산,마천방화,방화하남검단산
9:01,9:01,10:30,10:29
상일동방화,방화마천,하남검단산방화,방화마천
9:04,9:05,10:36,10:36
하남검단산방화,방화하남검단산,마천방화,방화하남검단산
9:06,9:09,10:43,10:42
마천방화,방화마천,하남검단산방화,방화마천
9:09,9:13,10:49,10:49
상일동방화,방화상일동,마천방화,방화하남검단산
9:11,9:17,10:56,10:55
마천방화,방화마천,하남검단산방화,방화마천
9:14,9:21,11:02,11:02
하남검단산방화,방화하남검단산,마천방화,방화하남검단산
9:17,9:25,11:09,11:08
상일동방화,방화마천,하남검단산방화,방화마천
9:20,9:29,11:15,11:15
마천방화,방화하남검단산,마천방화,방화하남검단산
9:23,9:34,11:22,11:21
하남검단산방화,방화마천,하남검단산방화,방화마천
9:27,9:38,11:28,11:28
마천방화,방화하남검단산,마천방화,방화하남검단산
9:30,9:43,11:35,11:34
하남검단산방화,방화마천,하남검단산방화,방화마천
9:33,9:48,11:41,11:41
마천방화,방화하남검단산,마천방화,방화하남검단산
9:37,9:53,11:48,11:47
하남검단산방화,방화마천,하남검단산방화,방화마천
9:41,9:58,11:54,11:54
마천방화,방화하남검단산,마천방화,방화하남검단산
9:45,,12:01,12:00
하남검단산방화,,하남검단산방화,방화마천
9:50,,12:07,12:07
마천방화,,마천방화,방화하남검단산
9:54,,12:14,12:13
하남검단산방화,,하남검단산방화,방화마천
9:58,,12:20,12:20
마천방화,,마천방화,방화하남검단산
10:03,10:03,12:27,12:26
하남검단산방화,방화마천,하남검단산방화,방화마천
10:08,10:09,12:33,12:33
마천방화,방화하남검단산,마천방화,방화하남검단산
10:13,10:15,12:40,12:39
하남검단산방화,방화마천,하남검단산방화,방화마천
10:18,10:22,12:46,12:46
마천방화,방화하남검단산,마천방화,방화하남검단산
10:23,10:28,12:53,12:52
하남검단산방화,방화마천,하남검단산방화,방화마천
10:29,10:35,12:59,12:59
마천방화,방화하남검단산,마천방화,방화하남검단산
10:34,10:41,13:06,13:05
하남검단산방화,방화마천,하남검단산방화,방화마천
10:40,10:48,13:12,13:12
마천방화,방화하남검단산,마천방화,방화하남검단산
10:45,10:54,13:19,13:18
하남검단산방화,방화마천,하남검단산방화,방화마천
10:51,,13:25,13:25
마천방화,,마천방화,방화하남검단산
10:56,,13:32,13:31
하남검단산방화,,하남검단산방화,방화마천
11:02,11:01,13:38,13:38
마천방화,방화하남검단산,마천방화,방화하남검단산
11:08,11:07,13:45,13:44
하남검단산방화,방화마천,하남검단산방화,방화마천
11:14,11:14,13:51,13:51
마천방화,방화하남검단산,마천방화,방화하남검단산
11:21,11:20,13:58,13:57
하남검단산방화,방화마천,하남검단산방화,방화마천
11:27,11:27,14:04,14:04
마천방화,방화하남검단산,마천방화,방화하남검단산
11:34,11:33,14:11,14:10
하남검단산방화,방화마천,하남검단산방화,방화마천
11:40,11:40,14:17,14:17
마천방화,방화하남검단산,마천방화,방화하남검단산
11:47,11:46,14:24,14:23
하남검단산방화,방화마천,하남검단산방화,방화마천
11:53,11:53,14:30,14:30
마천방화,방화하남검단산,마천방화,방화하남검단산
,11:59,14:37,14:36
,방화마천,하남검단산방화,방화마천
12:00,12:06,14:43,14:43
하남검단산방화,방화하남검단산,마천방화,방화하남검단산
12:06,12:12,14:50,14:49
마천방화,방화마천,하남검단산방화,방화마천
12:13,12:19,14:56,14:56
하남검단산방화,방화하남검단산,마천방화,방화하남검단산
12:19,12:25,15:03,15:02
마천방화,방화마천,하남검단산방화,방화마천
12:26,12:32,15:09,15:09
하남검단산방화,방화하남검단산,마천방화,방화하남검단산
12:32,12:38,15:16,15:15
마천방화,방화마천,하남검단산방화,방화마천
12:39,12:45,15:22,15:22
하남검단산방화,방화하남검단산,마천방화,방화하남검단산
12:45,12:51,15:29,15:28
마천방화,방화마천,하남검단산방화,방화마천
12:52,12:58,15:35,15:35
하남검단산방화,방화하남검단산,마천방화,방화하남검단산
12:58,,15:42,15:41
마천방화,,하남검단산방화,방화마천
13:05,13:04,15:48,15:48
하남검단산방화,방화마천,마천방화,방화하남검단산
13:11,13:11,15:55,15:54
마천방화,방화하남검단산,하남검단산방화,방화마천
13:18,13:17,16:01,16:01
하남검단산방화,방화마천,마천방화,방화하남검단산
13:24,13:24,16:08,16:07
마천방화,방화하남검단산,하남검단산방화,방화마천
13:31,13:30,16:14,16:14
하남검단산방화,방화마천,마천방화,방화하남검단산
13:37,13:37,16:21,16:20
마천방화,방화하남검단산,하남검단산방화,방화마천
13:44,13:43,16:27,16:27
하남검단산방화,방화마천,마천방화,방화하남검단산
13:50,13:50,16:34,16:33
마천방화,방화하남검단산,하남검단산방화,방화마천
13:57,13:56,16:40,16:40
하남검단산방화,방화마천,마천방화,방화하남검단산
14:03,14:03,16:47,16:46
마천방화,방화하남검단산,하남검단산방화,방화마천
14:10,14:09,16:53,16:53
하남검단산방화,방화마천,마천방화,방화하남검단산
14:16,14:16,,16:59
마천방화,방화하남검단산,,방화마천
14:23,14:22,17:00,17:06
하남검단산방화,방화마천,하남검단산방화,방화하남검단산
14:29,14:29,17:06,17:12
마천방화,방화하남검단산,마천방화,방화마천
14:36,14:35,17:13,17:19
하남검단산방화,방화마천,하남검단산방화,방화하남검단산
14:42,14:42,17:19,17:25
마천방화,방화하남검단산,마천방화,방화마천
14:49,14:48,17:26,17:32
하남검단산방화,방화마천,하남검단산방화,방화하남검단산
14:55,14:55,17:32,17:38
마천방화,방화하남검단산,마천방화,방화마천
15:02,15:01,17:39,17:45
하남검단산방화,방화마천,하남검단산방화,방화하남검단산
15:08,15:08,17:45,17:51
마천방화,방화하남검단산,마천방화,방화마천
15:15,15:14,17:52,17:58
하남검단산방화,방화마천,하남검단산방화,방화하남검단산
15:21,15:21,17:58,
마천방화,방화하남검단산,마천방화,
15:28,15:27,18:05,18:04
하남검단산방화,방화마천,하남검단산방화,방화마천
15:34,15:34,18:11,18:11
마천방화,방화하남검단산,마천방화,방화하남검단산
15:41,15:40,18:18,18:17
하남검단산방화,방화마천,하남검단산방화,방화마천
15:47,15:47,18:24,18:24
마천방화,방화하남검단산,마천방화,방화하남검단산
15:54,15:53,18:31,18:30
하남검단산방화,방화마천,하남검단산방화,방화마천
16:00,16:00,18:37,18:37
마천방화,방화하남검단산,마천방화,방화하남검단산
16:07,16:06,18:44,18:43
하남검단산방화,방화마천,하남검단산방화,방화마천
16:13,16:13,18:50,18:50
마천방화,방화하남검단산,마천방화,방화하남검단산
16:20,16:19,18:57,18:56
하남검단산방화,방화마천,하남검단산방화,방화마천
16:26,16:26,19:03,19:03
마천방화,방화하남검단산,마천방화,방화하남검단산
16:33,16:32,19:10,19:09
하남검단산방화,방화마천,하남검단산방화,방화마천
16:39,16:39,19:16,19:16
마천방화,방화하남검단산,마천방화,방화하남검단산
16:46,16:45,19:23,19:22
하남검단산방화,방화마천,하남검단산방화,방화마천
16:52,16:51,19:29,19:29
마천방화,방화하남검단산,마천방화,방화하남검단산
16:59,16:57,19:36,19:35
하남검단산방화,방화마천,하남검단산방화,방화마천
17:05,17:03,19:42,19:42
마천방화,방화하남검단산,마천방화,방화하남검단산
17:12,17:09,19:49,19:48
하남검단산방화,방화마천,하남검단산방화,방화마천
17:18,17:15,19:55,19:55
마천방화,방화하남검단산,마천방화,방화하남검단산
17:25,17:20,20:02,20:01
하남검단산방화,방화마천,하남검단산방화,방화마천
17:31,17:25,20:08,20:08
마천방화,방화하남검단산,마천방화,방화하남검단산
17:38,17:29,20:15,20:14
하남검단산방화,방화마천,하남검단산방화,방화마천
17:44,17:33,20:21,20:21
마천방화,방화하남검단산,마천방화,방화하남검단산
17:51,17:37,20:28,20:27
하남검단산방화,방화마천,하남검단산방화,방화마천
17:57,17:41,20:34,20:34
마천방화,방화하남검단산,마천방화,방화하남검단산
,17:45,20:41,20:40
,방화마천,하남검단산방화,방화마천
,17:48,20:47,20:47
,방화하남검단산,마천방화,방화하남검단산
,17:52,20:54,20:53
,방화마천,하남검단산방화,방화마천
,17:55,21:00,21:00
,방화하남검단산,마천방화,방화하남검단산
,17:58,21:07,21:06
,방화마천,하남검단산방화,방화마천
18:04,18:01,21:13,21:13
하남검단산방화,방화하남검단산,마천방화,방화하남검단산
18:09,18:04,21:20,21:19
마천방화,방화마천,하남검단산방화,방화마천
18:14,18:07,21:26,21:26
하남검단산방화,방화하남검단산,마천방화,방화하남검단산
18:18,18:10,21:33,21:32
마천방화,방화마천,하남검단산방화,방화마천
18:22,18:13,21:39,21:39
하남검단산방화,방화하남검단산,마천방화,방화하남검단산
18:26,18:16,21:46,21:45
마천방화,방화마천,하남검단산방화,방화마천
18:30,18:19,21:52,21:52
상일동방화,방화하남검단산,마천방화,방화하남검단산
18:34,18:22,21:59,21:58
마천방화,방화마천,하남검단산방화,방화마천
18:38,18:25,22:05,22:05
하남검단산방화,방화하남검단산,마천방화,방화하남검단산
18:42,18:28,22:12,22:13
마천방화,방화마천,하남검단산방화,방화마천
18:45,18:31,22:18,22:20
하남검단산방화,방화하남검단산,마천방화,방화하남검단산
18:48,18:35,22:25,22:28
마천방화,방화마천,하남검단산방화,방화마천
18:51,18:38,22:31,22:36
상일동방화,방화하남검단산,마천방화,방화상일동
18:54,18:43,22:38,22:44
마천방화,방화마천,하남검단산방화,방화마천
18:57,18:48,22:44,22:52막
하남검단산방화,방화하남검단산,마천방화,방화하남검단산
,18:53,22:51,
,방화마천,하남검단산방화,
,18:58,22:58,
,방화하남검단산,마천방화,
19:01,19:04,23:06,23:00막
마천방화,방화마천,하남검단산방화,방화마천
19:04,19:10,23:15,23:09
하남검단산방화,방화하남검단산,마천방화,방화상일동
19:08,19:17,23:24,23:17막
마천방화,방화마천,하남검단산방화,방화상일동
19:12,19:23,23:34,23:25막
하남검단산방화,방화하남검단산,마천방화,방화군자
19:16,19:30,23:45막,23:33막
마천방화,방화마천,하남검단산방화,방화왕십리
19:20,19:36,23:56막,23:46막
상일동방화,방화하남검단산,마천화곡,방화애오개
19:24,19:43,,
마천방화,방화마천,,
19:28,19:50,,
하남검단산방화,방화하남검단산,,
19:32,19:56,,
마천방화,방화마천,,
19:37,,,
하남검단산방화,,,
19:43,,,
마천방화,,,
19:49,,,
하남검단산방화,,,
19:56,,,
마천방화,,,
20:02,20:02,,
하남검단산방화,방화하남검단산,,
20:09,20:09,,
마천방화,방화마천,,
20:15,20:15,,
하남검단산방화,방화하남검단산,,
20:22,20:22,,
마천방화,방화마천,,
20:28,20:28,,
하남검단산방화,방화하남검단산,,
20:35,20:35,,
마천방화,방화마천,,
20:41,20:41,,
하남검단산방화,방화하남검단산,,
20:48,20:48,,
마천방화,방화마천,,
20:54,20:54,,
하남검단산방화,방화하남검단산,,
21:01,21:01,,
마천방화,방화마천,,
21:07,21:07,,
하남검단산방화,방화하남검단산,,
21:14,21:14,,
마천방화,방화마천,,
21:20,21:20,,
하남검단산방화,방화하남검단산,,
21:27,21:27,,
마천방화,방화마천,,
21:33,21:33,,
하남검단산방화,방화하남검단산,,
21:40,21:40,,
마천방화,방화마천,,
21:46,21:46,,
하남검단산방화,방화하남검단산,,
21:53,21:53,,
마천방화,방화마천,,
21:59,21:59,,
하남검단산방화,방화하남검단산,,
22:06,22:06,,
마천방화,방화마천,,
22:12,22:14,,
하남검단산방화,방화하남검단산,,
22:19,22:22,,
마천방화,방화마천,,
22:25,22:29,,
하남검단산방화,방화하남검단산,,
22:32,22:37,,
마천방화,방화마천,,
22:39,22:45,,
하남검단산방화,방화하남검단산,,
22:46,22:53,,
마천방화,방화마천,,
22:53,,,
하남검단산방화,,,
23:00,23:02,,
마천방화,방화하남검단산,,
23:08,23:10,,
하남검단산방화,방화마천,,
23:16,23:19,,
마천방화,방화하남검단산,,
23:24,23:28,,
하남검단산방화,방화마천,,
23:32,23:37막,,
마천방화,방화하남검단산,,
23:43,23:45막,,
하남검단산방화,방화마천,,
23:54,23:53,,
마천방화,방화군자,,
0:07,00:01막,,
하남검단산방화,방화상일동,,
0:20,00:19막,,
마천방화,방화군자,,
00:34막,00:39막,,
하남검단산방화,방화애오개,,
