﻿행당방면,마장방면,행당방면,마장방면
평일,평일,주말,주말
05:30첫,05:44첫,05:30첫,05:44첫
왕십리방화,왕십리하남검단산,왕십리방화,왕십리하남검단산
5:39,05:58첫,5:39,05:58첫
군자방화,애오개마천,군자방화,애오개마천
5:48,,5:48,
강동방화,,강동방화,
5:56,,5:56,
상일동방화,,상일동방화,
6:01,6:13,6:03,6:13
마천방화,화곡하남검단산,마천방화,화곡하남검단산
6:09,6:20,6:11,6:20
하남검단산방화,화곡마천,하남검단산방화,화곡마천
6:14,6:27,6:18,6:27
마천방화,방화하남검단산,마천방화,방화하남검단산
6:20,6:34,6:25,6:35
상일동방화,방화마천,상일동방화,방화마천
6:26,6:41,6:32,6:42
마천방화,방화하남검단산,마천방화,방화하남검단산
6:32,6:48,6:39,6:49
하남검단산방화,방화마천,하남검단산방화,방화마천
6:38,6:55,6:46,6:56
마천방화,방화하남검단산,마천방화,방화하남검단산
6:43,,6:53,
상일동방화,,상일동방화,
6:49,,7:00,7:03
마천방화,,마천방화,방화마천
6:54,,7:07,7:10
하남검단산방화,,하남검단산방화,방화하남검단산
6:59,,7:14,7:17
마천방화,,마천방화,방화마천
7:04,7:02,7:21,7:24
상일동방화,방화마천,하남검단산방화,방화하남검단산
7:09,7:08,7:28,7:31
마천방화,방화하남검단산,마천방화,방화마천
7:14,7:14,7:35,7:38
하남검단산방화,방화마천,하남검단산방화,방화하남검단산
7:19,7:21,7:41,7:45
마천방화,방화하남검단산,마천방화,방화마천
7:24,7:26,7:48,7:52
하남검단산방화,방화마천,하남검단산방화,방화하남검단산
7:28,7:32,7:54,7:59
마천방화,방화하남검단산,마천방화,방화마천
7:33,7:37,8:01,8:06
하남검단산방화,방화마천,하남검단산방화,방화하남검단산
7:37,7:43,8:07,8:12
마천방화,방화하남검단산,마천방화,방화마천
7:42,7:48,8:14,8:19
상일동방화,방화마천,하남검단산방화,방화하남검단산
7:46,7:53,8:20,8:25
마천방화,방화하남검단산,마천방화,방화마천
7:50,7:58,8:27,8:32
하남검단산방화,방화마천,하남검단산방화,방화하남검단산
7:54,,8:33,8:38
마천방화,,마천방화,방화마천
7:58,,8:40,8:45
하남검단산방화,,하남검단산방화,방화하남검단산
8:01,8:03,8:46,8:51
마천방화,방화하남검단산,마천방화,방화마천
8:05,8:07,8:53,8:58
하남검단산방화,방화마천,하남검단산방화,방화하남검단산
8:08,8:12,8:59,
마천방화,방화하남검단산,마천방화,
8:11,8:16,9:06,9:04
상일동방화,방화마천,하남검단산방화,방화마천
8:14,8:21,9:12,9:11
마천방화,방화상일동,마천방화,방화하남검단산
8:18,8:26,9:19,9:17
하남검단산방화,방화마천,하남검단산방화,방화마천
8:20,8:30,9:25,9:24
마천방화,방화하남검단산,마천방화,방화하남검단산
8:23,8:34,9:32,9:30
하남검단산방화,방화마천,하남검단산방화,방화마천
8:25,8:38,9:38,9:37
마천방화,방화하남검단산,마천방화,방화하남검단산
8:28,8:42,9:45,9:43
상일동방화,방화마천,하남검단산방화,방화마천
8:30,8:45,9:51,9:50
하남검단산방화,방화상일동,마천방화,방화하남검단산
8:33,8:49,9:58,9:56
마천방화,방화마천,하남검단산방화,방화마천
8:35,8:52,10:04,10:03
상일동방화,방화하남검단산,마천방화,방화하남검단산
8:38,8:56,10:11,10:09
마천방화,방화마천,하남검단산방화,방화마천
8:41,8:59,10:17,10:16
하남검단산방화,방화하남검단산,마천방화,방화하남검단산
8:43,,10:24,10:22
상일동방화,,하남검단산방화,방화마천
8:47,,10:30,10:29
마천방화,,마천방화,방화하남검단산
8:50,,10:37,10:35
하남검단산방화,,하남검단산방화,방화마천
8:54,,10:43,10:42
마천방화,,마천방화,방화하남검단산
8:57,,10:50,10:48
하남검단산방화,,하남검단산방화,방화마천
9:01,9:02,10:56,10:55
마천방화,방화마천,마천방화,방화하남검단산
9:05,9:05,11:03,11:01
하남검단산방화,방화상일동,하남검단산방화,방화마천
9:09,9:08,11:09,11:08
마천방화,방화마천,마천방화,방화하남검단산
9:13,9:11,11:16,11:14
하남검단산방화,방화하남검단산,하남검단산방화,방화마천
9:17,9:14,11:22,11:21
마천방화,방화마천,마천방화,방화하남검단산
9:21,9:17,11:29,11:27
하남검단산방화,방화상일동,하남검단산방화,방화마천
9:26,9:20,11:35,11:34
마천방화,방화마천,마천방화,방화하남검단산
9:30,9:24,11:42,11:40
하남검단산방화,방화하남검단산,하남검단산방화,방화마천
9:36,9:27,11:48,11:47
마천방화,방화마천,마천방화,방화하남검단산
9:40,9:31,11:55,11:53
하남검단산방화,방화하남검단산,하남검단산방화,방화마천
9:46,9:35,12:01,12:00
마천방화,방화마천,마천방화,방화하남검단산
9:51,9:39,12:08,12:06
하남검단산방화,방화하남검단산,하남검단산방화,방화마천
9:56,9:42,12:14,12:13
마천방화,방화마천,마천방화,방화하남검단산
,9:46,12:21,12:19
,방화상일동,하남검단산방화,방화마천
,9:50,12:27,12:26
,방화마천,마천방화,방화하남검단산
,9:54,12:34,12:32
,방화하남검단산,하남검단산방화,방화마천
,9:58,12:40,12:39
,방화마천,마천방화,방화하남검단산
10:02,10:02,12:47,12:45
하남검단산방화,방화하남검단산,하남검단산방화,방화마천
10:08,10:06,12:53,12:52
마천방화,방화마천,마천방화,방화하남검단산
10:13,10:11,,12:58
하남검단산방화,방화하남검단산,,방화마천
10:19,10:16,13:00,13:05
마천방화,방화마천,하남검단산방화,방화하남검단산
10:24,10:21,13:06,13:11
하남검단산방화,방화하남검단산,마천방화,방화마천
10:30,10:25,13:13,13:18
마천방화,방화마천,하남검단산방화,방화하남검단산
10:36,10:30,13:19,13:24
하남검단산방화,방화하남검단산,마천방화,방화마천
10:42,10:35,13:26,13:31
마천방화,방화마천,하남검단산방화,방화하남검단산
10:49,10:41,13:32,13:37
하남검단산방화,방화하남검단산,마천방화,방화마천
10:55,10:47,13:39,13:44
마천방화,방화마천,하남검단산방화,방화하남검단산
,10:54,13:45,13:50
,방화하남검단산,마천방화,방화마천
11:02,11:00,13:52,13:57
하남검단산방화,방화마천,하남검단산방화,방화하남검단산
11:08,11:07,13:58,
마천방화,방화하남검단산,마천방화,
11:15,11:13,14:05,14:03
하남검단산방화,방화마천,하남검단산방화,방화마천
11:21,11:20,14:11,14:10
마천방화,방화하남검단산,마천방화,방화하남검단산
11:28,11:26,14:18,14:16
하남검단산방화,방화마천,하남검단산방화,방화마천
11:34,11:33,14:24,14:23
마천방화,방화하남검단산,마천방화,방화하남검단산
11:41,11:39,14:31,14:29
하남검단산방화,방화마천,하남검단산방화,방화마천
11:47,11:46,14:37,14:36
마천방화,방화하남검단산,마천방화,방화하남검단산
11:54,11:52,14:44,14:42
하남검단산방화,방화마천,하남검단산방화,방화마천
,11:59,14:50,14:49
,방화하남검단산,마천방화,방화하남검단산
12:00,12:05,14:57,14:55
마천방화,방화마천,하남검단산방화,방화마천
12:07,12:12,15:03,15:02
하남검단산방화,방화하남검단산,마천방화,방화하남검단산
12:13,12:18,15:10,15:08
마천방화,방화마천,하남검단산방화,방화마천
12:20,12:25,15:16,15:15
하남검단산방화,방화하남검단산,마천방화,방화하남검단산
12:26,12:31,15:23,15:21
마천방화,방화마천,하남검단산방화,방화마천
12:33,12:38,15:29,15:28
하남검단산방화,방화하남검단산,마천방화,방화하남검단산
12:39,12:44,15:36,15:34
마천방화,방화마천,하남검단산방화,방화마천
12:46,12:51,15:42,15:41
하남검단산방화,방화하남검단산,마천방화,방화하남검단산
12:52,12:57,15:49,15:47
마천방화,방화마천,하남검단산방화,방화마천
12:59,,15:55,15:54
하남검단산방화,,마천방화,방화하남검단산
13:05,13:04,16:02,16:00
마천방화,방화하남검단산,하남검단산방화,방화마천
13:12,13:10,16:08,16:07
하남검단산방화,방화마천,마천방화,방화하남검단산
13:18,13:17,16:15,16:13
마천방화,방화하남검단산,하남검단산방화,방화마천
13:25,13:23,16:21,16:20
하남검단산방화,방화마천,마천방화,방화하남검단산
13:31,13:30,16:28,16:26
마천방화,방화하남검단산,하남검단산방화,방화마천
13:38,13:36,16:34,16:33
하남검단산방화,방화마천,마천방화,방화하남검단산
13:44,13:43,16:41,16:39
마천방화,방화하남검단산,하남검단산방화,방화마천
13:51,13:49,16:47,16:46
하남검단산방화,방화마천,마천방화,방화하남검단산
13:57,13:56,16:54,16:52
마천방화,방화하남검단산,하남검단산방화,방화마천
14:04,14:02,,16:59
하남검단산방화,방화마천,,방화하남검단산
14:10,14:09,17:00,17:05
마천방화,방화하남검단산,마천방화,방화마천
14:17,14:15,17:07,17:12
하남검단산방화,방화마천,하남검단산방화,방화하남검단산
14:23,14:22,17:13,17:18
마천방화,방화하남검단산,마천방화,방화마천
14:30,14:28,17:20,17:25
하남검단산방화,방화마천,하남검단산방화,방화하남검단산
14:36,14:35,17:26,17:31
마천방화,방화하남검단산,마천방화,방화마천
14:43,14:41,17:33,17:38
하남검단산방화,방화마천,하남검단산방화,방화하남검단산
14:49,14:48,17:39,17:44
마천방화,방화하남검단산,마천방화,방화마천
14:56,14:54,17:46,17:51
하남검단산방화,방화마천,하남검단산방화,방화하남검단산
15:02,15:01,17:52,17:57
마천방화,방화하남검단산,마천방화,방화마천
15:09,15:07,17:59,
하남검단산방화,방화마천,하남검단산방화,
15:15,15:14,18:05,18:04
마천방화,방화하남검단산,마천방화,방화하남검단산
15:22,15:20,18:12,18:10
하남검단산방화,방화마천,하남검단산방화,방화마천
15:28,15:27,18:18,18:17
마천방화,방화하남검단산,마천방화,방화하남검단산
15:35,15:33,18:25,18:23
하남검단산방화,방화마천,하남검단산방화,방화마천
15:41,15:40,18:31,18:30
마천방화,방화하남검단산,마천방화,방화하남검단산
15:48,15:46,18:38,18:36
하남검단산방화,방화마천,하남검단산방화,방화마천
15:54,15:53,18:44,18:43
마천방화,방화하남검단산,마천방화,방화하남검단산
,15:59,18:51,18:49
,방화마천,하남검단산방화,방화마천
16:01,16:06,18:57,18:56
하남검단산방화,방화하남검단산,마천방화,방화하남검단산
16:07,16:12,19:04,19:02
마천방화,방화마천,하남검단산방화,방화마천
16:14,16:19,19:10,19:09
하남검단산방화,방화하남검단산,마천방화,방화하남검단산
16:20,16:25,19:17,19:15
마천방화,방화마천,하남검단산방화,방화마천
16:27,16:32,19:23,19:22
하남검단산방화,방화하남검단산,마천방화,방화하남검단산
16:33,16:38,19:30,19:28
마천방화,방화마천,하남검단산방화,방화마천
16:40,16:45,19:36,19:35
하남검단산방화,방화하남검단산,마천방화,방화하남검단산
16:46,16:51,19:43,19:41
마천방화,방화마천,하남검단산방화,방화마천
16:53,16:58,19:49,19:48
하남검단산방화,방화하남검단산,마천방화,방화하남검단산
16:59,,19:56,19:54
마천방화,,하남검단산방화,방화마천
17:06,17:04,20:02,20:01
하남검단산방화,방화마천,마천방화,방화하남검단산
17:12,17:11,20:09,20:07
마천방화,방화하남검단산,하남검단산방화,방화마천
17:19,17:17,20:15,20:14
하남검단산방화,방화마천,마천방화,방화하남검단산
17:25,17:23,20:22,20:20
마천방화,방화하남검단산,하남검단산방화,방화마천
17:32,17:29,20:28,20:27
하남검단산방화,방화마천,마천방화,방화하남검단산
17:36,17:35,20:35,20:33
마천방화,방화하남검단산,하남검단산방화,방화마천
17:41,17:41,20:41,20:40
하남검단산방화,방화마천,마천방화,방화하남검단산
17:45,17:47,20:48,20:46
마천방화,방화하남검단산,하남검단산방화,방화마천
17:49,17:53,20:54,20:53
하남검단산방화,방화마천,마천방화,방화하남검단산
17:53,17:58,,20:59
마천방화,방화하남검단산,,방화마천
17:57,,21:01,21:06
상일동방화,,하남검단산방화,방화하남검단산
18:01,18:02,21:07,21:12
마천방화,방화마천,마천방화,방화마천
18:05,18:06,21:14,21:19
하남검단산방화,방화하남검단산,하남검단산방화,방화하남검단산
18:09,18:10,21:20,21:25
마천방화,방화마천,마천방화,방화마천
18:12,18:14,21:27,21:32
하남검단산방화,방화하남검단산,하남검단산방화,방화하남검단산
18:15,18:18,21:33,21:38
마천방화,방화마천,마천방화,방화마천
18:18,18:21,21:40,21:45
상일동방화,방화하남검단산,하남검단산방화,방화하남검단산
18:21,18:25,21:46,21:51
마천방화,방화마천,마천방화,방화마천
18:24,18:28,21:53,21:58
하남검단산방화,방화하남검단산,하남검단산방화,방화하남검단산
18:28,18:31,21:59,
마천방화,방화마천,마천방화,
18:31,18:34,22:06,22:04
하남검단산방화,방화하남검단산,하남검단산방화,방화마천
18:35,18:37,22:12,22:11
마천방화,방화마천,마천방화,방화하남검단산
18:39,18:40,22:19,22:17
하남검단산방화,방화하남검단산,하남검단산방화,방화마천
18:43,18:43,22:26,22:24
마천방화,방화마천,마천방화,방화하남검단산
18:47,18:46,22:34,22:30
상일동방화,방화하남검단산,하남검단산방화,방화마천
18:52,18:49,22:43,22:37
마천방화,방화마천,마천방화,방화하남검단산
18:56,18:52,22:52,22:45
하남검단산방화,방화하남검단산,하남검단산방화,방화마천
,18:55,,22:52
,방화마천,,방화하남검단산
,18:58,23:02,23:00
,방화하남검단산,마천방화,방화마천
19:00,19:01,23:13막,23:08
마천방화,방화마천,하남검단산방화,방화상일동
19:05,19:04,23:24막,23:16
하남검단산방화,방화하남검단산,마천화곡,방화마천
19:11,19:07,23:33막,23:24막
마천방화,방화마천,하남검단산여의도,방화하남검단산
19:17,19:11,23:45막,23:32막
하남검단산방화,방화하남검단산,마천애오개,방화마천
19:24,19:15,,23:41
마천방화,방화마천,,방화상일동
19:30,19:21,,23:49막
하남검단산방화,방화하남검단산,,방화상일동
19:37,19:25,,23:57막
마천방화,방화마천,,방화군자
19:43,19:30,,
하남검단산방화,방화하남검단산,,
19:50,19:36,,
마천방화,방화마천,,
19:56,19:42,,
하남검단산방화,방화하남검단산,,
,19:49,,
,방화마천,,
,19:55,,
,방화하남검단산,,
20:03,20:02,,
마천방화,방화마천,,
20:09,20:08,,
하남검단산방화,방화하남검단산,,
20:16,20:15,,
마천방화,방화마천,,
20:22,20:22,,
하남검단산방화,방화하남검단산,,
20:29,20:28,,
마천방화,방화마천,,
20:35,20:34,,
하남검단산방화,방화하남검단산,,
20:42,20:41,,
마천방화,방화마천,,
20:48,20:47,,
하남검단산방화,방화하남검단산,,
20:55,20:54,,
마천방화,방화마천,,
21:01,21:00,,
하남검단산방화,방화하남검단산,,
21:08,21:07,,
마천방화,방화마천,,
21:14,21:13,,
하남검단산방화,방화하남검단산,,
21:21,21:20,,
마천방화,방화마천,,
21:27,21:26,,
하남검단산방화,방화하남검단산,,
21:34,21:33,,
마천방화,방화마천,,
21:40,21:39,,
하남검단산방화,방화하남검단산,,
21:47,21:46,,
마천방화,방화마천,,
21:53,21:52,,
하남검단산방화,방화하남검단산,,
,21:59,,
,방화마천,,
22:00,22:05,,
마천방화,방화하남검단산,,
22:07,22:12,,
하남검단산방화,방화마천,,
22:14,22:18,,
마천방화,방화하남검단산,,
22:21,22:25,,
하남검단산방화,방화마천,,
22:28,22:31,,
마천방화,방화하남검단산,,
22:36,22:38,,
하남검단산방화,방화마천,,
22:44,22:46,,
마천방화,방화하남검단산,,
22:52,22:54,,
하남검단산방화,방화마천,,
23:00,23:01,,
마천방화,방화하남검단산,,
23:11,23:09,,
하남검단산방화,방화마천,,
23:22,23:17,,
마천방화,방화하남검단산,,
23:35,23:25,,
하남검단산방화,방화마천,,
23:48,23:34,,
마천방화,방화하남검단산,,
,23:42,,
,방화마천,,
,23:51,,
,방화하남검단산,,
00:02막,0:00,,
하남검단산방화,방화마천,,
00:22막,00:09막,,
마천여의도,방화하남검단산,,
00:42막,00:17막,,
하남검단산애오개,방화마천,,
,0:25,,
,방화군자,,
,00:33막,,
,방화상일동,,
,00:51막,,
,방화군자,,
