﻿영등포구청방면,신길방면,영등포구청방면,신길방면
평일,평일,주말,주말
05:33첫,05:42첫,05:33첫,05:42첫
여의도방화,화곡하남검단산,여의도방화,화곡하남검단산
5:48,05:49첫,5:48,05:49첫
애오개방화,화곡마천,애오개방화,화곡마천
,5:57,,5:57
,방화하남검단산,,방화하남검단산
6:00,6:04,6:00,6:04
왕십리방화,방화마천,왕십리방화,방화마천
6:10,6:11,6:10,6:12
군자방화,방화하남검단산,군자방화,방화하남검단산
6:18,6:18,6:18,6:19
강동방화,방화마천,강동방화,방화마천
6:26,6:25,6:26,6:26
상일동방화,방화하남검단산,상일동방화,방화하남검단산
6:31,6:31,6:34,6:33
마천방화,방화마천,마천방화,방화마천
6:39,6:38,6:42,6:40
하남검단산방화,방화하남검단산,하남검단산방화,방화하남검단산
6:45,6:44,6:49,6:47
마천방화,방화마천,마천방화,방화마천
6:50,6:50,6:56,6:54
상일동방화,방화하남검단산,상일동방화,방화하남검단산
6:56,6:55,7:03,7:01
마천방화,방화마천,마천방화,방화마천
7:02,7:02,7:10,7:08
하남검단산방화,방화하남검단산,하남검단산방화,방화하남검단산
7:08,7:07,7:17,7:15
마천방화,방화마천,마천방화,방화마천
7:14,7:12,7:24,7:22
상일동방화,방화하남검단산,상일동방화,방화하남검단산
7:19,7:17,7:31,7:29
마천방화,방화마천,마천방화,방화마천
7:25,7:22,7:38,7:35
하남검단산방화,방화하남검단산,하남검단산방화,방화하남검단산
7:30,7:27,7:45,7:42
마천방화,방화마천,마천방화,방화마천
7:35,7:32,7:52,7:48
상일동방화,방화하남검단산,하남검단산방화,방화하남검단산
7:40,7:36,7:59,7:55
마천방화,방화마천,마천방화,방화마천
7:45,7:41,8:05,8:01
하남검단산방화,방화하남검단산,하남검단산방화,방화하남검단산
7:50,7:45,8:12,8:08
마천방화,방화마천,마천방화,방화마천
7:55,7:50,8:18,8:14
하남검단산방화,방화상일동,하남검단산방화,방화하남검단산
7:59,7:55,8:25,8:21
마천방화,방화마천,마천방화,방화마천
,7:59,8:31,8:27
,방화하남검단산,하남검단산방화,방화하남검단산
8:04,8:03,8:38,8:34
하남검단산방화,방화마천,마천방화,방화마천
8:08,8:07,8:44,8:40
마천방화,방화하남검단산,하남검단산방화,방화하남검단산
8:13,8:10,8:51,8:47
상일동방화,방화마천,마천방화,방화마천
8:17,8:14,8:57,8:53
마천방화,방화상일동,하남검단산방화,방화하남검단산
8:21,8:17,9:04,9:00
하남검단산방화,방화마천,마천방화,방화마천
8:25,8:21,9:10,9:06
마천방화,방화하남검단산,하남검단산방화,방화하남검단산
8:29,8:24,9:17,9:13
하남검단산방화,방화마천,마천방화,방화마천
8:33,8:28,9:23,9:19
마천방화,방화하남검단산,하남검단산방화,방화하남검단산
8:36,8:30,9:30,9:26
하남검단산방화,방화마천,마천방화,방화마천
8:39,8:33,9:36,9:32
마천방화,방화상일동,하남검단산방화,방화하남검단산
8:42,8:36,9:43,9:39
상일동방화,방화마천,마천방화,방화마천
8:46,8:39,9:49,9:45
마천방화,방화하남검단산,하남검단산방화,방화하남검단산
8:49,8:42,9:56,9:52
하남검단산방화,방화마천,마천방화,방화마천
8:52,8:45,,9:58
마천방화,방화상일동,,방화하남검단산
8:54,8:49,10:02,10:05
하남검단산방화,방화마천,하남검단산방화,방화마천
8:57,8:52,10:09,10:11
마천방화,방화하남검단산,마천방화,방화하남검단산
8:59,8:56,10:15,10:18
상일동방화,방화마천,하남검단산방화,방화마천
,8:59,10:22,10:24
,방화하남검단산,마천방화,방화하남검단산
9:02,9:03,10:28,10:31
하남검단산방화,방화마천,하남검단산방화,방화마천
9:04,9:07,10:35,10:37
마천방화,방화하남검단산,마천방화,방화하남검단산
9:07,9:11,10:41,10:44
상일동방화,방화마천,하남검단산방화,방화마천
9:09,9:15,10:48,10:50
마천방화,방화상일동,마천방화,방화하남검단산
9:12,9:19,10:54,10:57
하남검단산방화,방화마천,하남검단산방화,방화마천
9:15,9:23,11:01,11:03
상일동방화,방화하남검단산,마천방화,방화하남검단산
9:18,9:27,11:07,11:10
마천방화,방화마천,하남검단산방화,방화마천
9:22,9:31,11:14,11:16
하남검단산방화,방화하남검단산,마천방화,방화하남검단산
9:25,9:35,11:20,11:23
마천방화,방화마천,하남검단산방화,방화마천
9:28,9:40,11:27,11:29
하남검단산방화,방화하남검단산,마천방화,방화하남검단산
9:32,9:45,11:33,11:36
마천방화,방화마천,하남검단산방화,방화마천
9:36,9:50,11:40,11:42
하남검단산방화,방화하남검단산,마천방화,방화하남검단산
9:40,9:54,11:46,11:49
마천방화,방화마천,하남검단산방화,방화마천
9:44,9:59,11:53,11:55
하남검단산방화,방화하남검단산,마천방화,방화하남검단산
9:48,,11:59,
마천방화,,하남검단산방화,
9:52,,12:06,12:02
하남검단산방화,,마천방화,방화마천
9:57,,12:12,12:08
마천방화,,하남검단산방화,방화하남검단산
10:01,10:04,12:19,12:15
하남검단산방화,방화마천,마천방화,방화마천
10:07,10:10,12:25,12:21
마천방화,방화하남검단산,하남검단산방화,방화하남검단산
10:11,10:17,12:32,12:28
하남검단산방화,방화마천,마천방화,방화마천
10:17,10:23,12:38,12:34
마천방화,방화하남검단산,하남검단산방화,방화하남검단산
10:22,10:30,12:45,12:41
하남검단산방화,방화마천,마천방화,방화마천
10:27,10:36,12:51,12:47
마천방화,방화하남검단산,하남검단산방화,방화하남검단산
10:32,10:42,12:58,12:54
하남검단산방화,방화마천,마천방화,방화마천
10:38,10:49,13:04,13:00
마천방화,방화하남검단산,하남검단산방화,방화하남검단산
10:44,10:56,13:11,13:07
하남검단산방화,방화마천,마천방화,방화마천
10:49,,13:17,13:13
마천방화,,하남검단산방화,방화하남검단산
10:55,,13:24,13:20
하남검단산방화,,마천방화,방화마천
11:01,11:02,13:30,13:26
마천방화,방화하남검단산,하남검단산방화,방화하남검단산
11:07,11:09,13:37,13:33
하남검단산방화,방화마천,마천방화,방화마천
11:13,11:15,13:43,13:39
마천방화,방화하남검단산,하남검단산방화,방화하남검단산
11:19,11:22,13:50,13:46
하남검단산방화,방화마천,마천방화,방화마천
11:26,11:28,13:56,13:52
마천방화,방화하남검단산,하남검단산방화,방화하남검단산
11:32,11:35,,13:59
하남검단산방화,방화마천,,방화마천
11:39,11:41,14:03,14:05
마천방화,방화하남검단산,마천방화,방화하남검단산
11:45,11:48,14:09,14:12
하남검단산방화,방화마천,하남검단산방화,방화마천
11:52,11:54,14:16,14:18
마천방화,방화하남검단산,마천방화,방화하남검단산
11:58,,14:22,14:25
하남검단산방화,,하남검단산방화,방화마천
12:05,12:01,14:29,14:31
마천방화,방화마천,마천방화,방화하남검단산
12:11,12:07,14:35,14:38
하남검단산방화,방화하남검단산,하남검단산방화,방화마천
12:18,12:14,14:42,14:44
마천방화,방화마천,마천방화,방화하남검단산
12:24,12:20,14:48,14:51
하남검단산방화,방화하남검단산,하남검단산방화,방화마천
12:31,12:27,14:55,14:57
마천방화,방화마천,마천방화,방화하남검단산
12:37,12:33,15:01,15:04
하남검단산방화,방화하남검단산,하남검단산방화,방화마천
12:44,12:40,15:08,15:10
마천방화,방화마천,마천방화,방화하남검단산
12:50,12:46,15:14,15:17
하남검단산방화,방화하남검단산,하남검단산방화,방화마천
12:57,12:53,15:21,15:23
마천방화,방화마천,마천방화,방화하남검단산
,12:59,15:27,15:30
,방화하남검단산,하남검단산방화,방화마천
13:03,13:06,15:34,15:36
하남검단산방화,방화마천,마천방화,방화하남검단산
13:10,13:12,15:40,15:43
마천방화,방화하남검단산,하남검단산방화,방화마천
13:16,13:19,15:47,15:49
하남검단산방화,방화마천,마천방화,방화하남검단산
13:23,13:25,15:53,15:56
마천방화,방화하남검단산,하남검단산방화,방화마천
13:29,13:32,16:00,16:02
하남검단산방화,방화마천,마천방화,방화하남검단산
13:36,13:38,16:06,16:09
마천방화,방화하남검단산,하남검단산방화,방화마천
13:42,13:45,16:13,16:15
하남검단산방화,방화마천,마천방화,방화하남검단산
13:49,13:51,16:19,16:22
마천방화,방화하남검단산,하남검단산방화,방화마천
13:55,13:58,16:26,16:28
하남검단산방화,방화마천,마천방화,방화하남검단산
14:02,14:04,16:32,16:35
마천방화,방화하남검단산,하남검단산방화,방화마천
14:08,14:11,16:39,16:41
하남검단산방화,방화마천,마천방화,방화하남검단산
14:15,14:17,16:45,16:48
마천방화,방화하남검단산,하남검단산방화,방화마천
14:21,14:24,16:52,16:54
하남검단산방화,방화마천,마천방화,방화하남검단산
14:28,14:30,16:58,
마천방화,방화하남검단산,하남검단산방화,
14:34,14:37,17:05,17:01
하남검단산방화,방화마천,마천방화,방화마천
14:41,14:43,17:11,17:07
마천방화,방화하남검단산,하남검단산방화,방화하남검단산
14:47,14:50,17:18,17:14
하남검단산방화,방화마천,마천방화,방화마천
14:54,14:56,17:24,17:20
마천방화,방화하남검단산,하남검단산방화,방화하남검단산
15:00,15:03,17:31,17:27
하남검단산방화,방화마천,마천방화,방화마천
15:07,15:09,17:37,17:33
마천방화,방화하남검단산,하남검단산방화,방화하남검단산
15:13,15:16,17:44,17:40
하남검단산방화,방화마천,마천방화,방화마천
15:20,15:22,17:50,17:46
마천방화,방화하남검단산,하남검단산방화,방화하남검단산
15:26,15:29,17:57,17:53
하남검단산방화,방화마천,마천방화,방화마천
15:33,15:35,,17:59
마천방화,방화하남검단산,,방화하남검단산
15:39,15:42,18:03,18:06
하남검단산방화,방화마천,하남검단산방화,방화마천
15:46,15:48,18:10,18:12
마천방화,방화하남검단산,마천방화,방화하남검단산
15:52,15:55,18:16,18:19
하남검단산방화,방화마천,하남검단산방화,방화마천
15:59,,18:23,18:25
마천방화,,마천방화,방화하남검단산
16:05,16:01,18:29,18:32
하남검단산방화,방화하남검단산,하남검단산방화,방화마천
16:12,16:08,18:36,18:38
마천방화,방화마천,마천방화,방화하남검단산
16:18,16:14,18:42,18:45
하남검단산방화,방화하남검단산,하남검단산방화,방화마천
16:25,16:21,18:49,18:51
마천방화,방화마천,마천방화,방화하남검단산
16:31,16:27,18:55,18:58
하남검단산방화,방화하남검단산,하남검단산방화,방화마천
16:38,16:34,19:02,19:04
마천방화,방화마천,마천방화,방화하남검단산
16:44,16:40,19:08,19:11
하남검단산방화,방화하남검단산,하남검단산방화,방화마천
16:51,16:47,19:15,19:17
마천방화,방화마천,마천방화,방화하남검단산
16:57,16:53,19:21,19:24
하남검단산방화,방화하남검단산,하남검단산방화,방화마천
,16:59,19:28,19:30
,방화마천,마천방화,방화하남검단산
17:04,17:05,19:34,19:37
마천방화,방화하남검단산,하남검단산방화,방화마천
17:10,17:11,19:41,19:43
하남검단산방화,방화마천,마천방화,방화하남검단산
17:17,17:17,19:47,19:50
마천방화,방화하남검단산,하남검단산방화,방화마천
17:23,17:22,19:54,19:56
하남검단산방화,방화마천,마천방화,방화하남검단산
17:30,17:27,20:00,20:03
마천방화,방화하남검단산,하남검단산방화,방화마천
17:36,17:31,20:07,20:09
하남검단산방화,방화마천,마천방화,방화하남검단산
17:43,17:35,20:13,20:16
마천방화,방화하남검단산,하남검단산방화,방화마천
17:49,17:39,20:20,20:22
하남검단산방화,방화마천,마천방화,방화하남검단산
17:56,17:43,20:26,20:29
마천방화,방화하남검단산,하남검단산방화,방화마천
,17:46,20:33,20:35
,방화마천,마천방화,방화하남검단산
,17:50,20:39,20:42
,방화하남검단산,하남검단산방화,방화마천
,17:53,20:46,20:48
,방화마천,마천방화,방화하남검단산
,17:57,20:52,20:55
,방화하남검단산,하남검단산방화,방화마천
18:02,18:00,20:59,
하남검단산방화,방화마천,마천방화,
18:07,18:03,21:05,21:01
마천방화,방화하남검단산,하남검단산방화,방화하남검단산
18:12,18:06,21:12,21:08
하남검단산방화,방화마천,마천방화,방화마천
18:16,18:09,21:18,21:14
마천방화,방화하남검단산,하남검단산방화,방화하남검단산
18:20,18:12,21:25,21:21
하남검단산방화,방화마천,마천방화,방화마천
18:24,18:15,21:31,21:27
마천방화,방화하남검단산,하남검단산방화,방화하남검단산
18:28,18:18,21:38,21:34
상일동방화,방화마천,마천방화,방화마천
18:32,18:21,21:44,21:40
마천방화,방화하남검단산,하남검단산방화,방화하남검단산
18:36,18:24,21:51,21:47
하남검단산방화,방화마천,마천방화,방화마천
18:40,18:27,21:57,21:53
마천방화,방화하남검단산,하남검단산방화,방화하남검단산
18:43,18:30,22:04,22:00
하남검단산방화,방화마천,마천방화,방화마천
18:46,18:33,22:10,22:07
마천방화,방화하남검단산,하남검단산방화,방화하남검단산
18:49,18:36,22:17,22:14
상일동방화,방화마천,마천방화,방화마천
18:52,18:40,22:23,22:22
마천방화,방화하남검단산,하남검단산방화,방화하남검단산
18:55,18:45,22:30,22:29
하남검단산방화,방화마천,마천방화,방화마천
18:59,18:50,22:36,22:37
마천방화,방화하남검단산,하남검단산방화,방화상일동
,18:55,22:43,22:45
,방화마천,마천방화,방화마천
19:02,19:00,22:50,22:53막
하남검단산방화,방화하남검단산,하남검단산방화,방화하남검단산
19:06,19:06,22:57,
마천방화,방화마천,마천방화,
19:10,19:12,23:05,23:01막
하남검단산방화,방화하남검단산,하남검단산방화,방화마천
19:14,19:18,23:14,23:11
마천방화,방화마천,마천방화,방화상일동
19:18,19:25,23:23,23:19막
상일동방화,방화하남검단산,하남검단산방화,방화상일동
19:22,19:31,23:33,23:27막
마천방화,방화마천,마천방화,방화군자
19:26,19:38,23:43막,23:35막
하남검단산방화,방화하남검단산,하남검단산방화,방화왕십리
19:30,19:44,23:55막,23:47막
마천방화,방화마천,마천화곡,방화애오개
19:35,19:52,,
하남검단산방화,방화하남검단산,,
19:42,19:57,,
마천방화,방화마천,,
19:48,,,
하남검단산방화,,,
19:54,,,
마천방화,,,
20:01,20:04,,
하남검단산방화,방화하남검단산,,
20:07,20:10,,
마천방화,방화마천,,
20:14,20:17,,
하남검단산방화,방화하남검단산,,
20:20,20:23,,
마천방화,방화마천,,
20:27,20:30,,
하남검단산방화,방화하남검단산,,
20:33,20:36,,
마천방화,방화마천,,
20:40,20:43,,
하남검단산방화,방화하남검단산,,
20:46,20:49,,
마천방화,방화마천,,
20:53,20:56,,
하남검단산방화,방화하남검단산,,
20:59,,,
마천방화,,,
21:06,21:02,,
하남검단산방화,방화마천,,
21:12,21:09,,
마천방화,방화하남검단산,,
21:19,21:15,,
하남검단산방화,방화마천,,
21:25,21:22,,
마천방화,방화하남검단산,,
21:32,21:28,,
하남검단산방화,방화마천,,
21:38,21:35,,
마천방화,방화하남검단산,,
21:45,21:41,,
하남검단산방화,방화마천,,
21:51,21:48,,
마천방화,방화하남검단산,,
21:58,21:54,,
하남검단산방화,방화마천,,
22:04,22:01,,
마천방화,방화하남검단산,,
22:11,22:07,,
하남검단산방화,방화마천,,
22:17,22:16,,
마천방화,방화하남검단산,,
22:24,22:23,,
하남검단산방화,방화마천,,
22:31,22:31,,
마천방화,방화하남검단산,,
22:38,22:38,,
하남검단산방화,방화마천,,
22:45,22:47,,
마천방화,방화하남검단산,,
22:52,22:55,,
하남검단산방화,방화마천,,
22:59,,,
마천방화,,,
23:07,23:03,,
하남검단산방화,방화하남검단산,,
23:15,23:12,,
마천방화,방화마천,,
23:23,23:21,,
하남검단산방화,방화하남검단산,,
23:31,23:30,,
마천방화,방화마천,,
23:41,23:39막,,
하남검단산방화,방화하남검단산,,
23:53,23:47막,,
마천방화,방화마천,,
,23:55,,
,방화군자,,
0:05,00:03막,,
하남검단산방화,방화상일동,,
0:18,00:21막,,
마천방화,방화군자,,
00:32막,00:41막,,
하남검단산방화,방화애오개,,
