﻿답십리방면,군자방면,답십리방면,군자방면
평일,평일,주말,주말
05:34첫,05:49첫,05:34첫,05:49첫
군자방화,왕십리하남검단산,군자방화,왕십리하남검단산
5:42,,5:42,
강동방화,,강동방화,
5:50,,5:50,
상일동방화,,상일동방화,
5:55,,5:58,
마천방화,,마천방화,
6:03,06:04첫,6:06,06:04첫
하남검단산방화,애오개마천,하남검단산방화,애오개마천
6:09,6:18,6:13,6:18
마천방화,화곡하남검단산,마천방화,화곡하남검단산
6:14,6:25,6:20,6:25
상일동방화,화곡마천,상일동방화,화곡마천
6:20,6:33,6:27,6:33
마천방화,방화하남검단산,마천방화,방화하남검단산
6:26,6:40,6:34,6:41
하남검단산방화,방화마천,하남검단산방화,방화마천
6:32,6:47,6:41,6:48
마천방화,방화하남검단산,마천방화,방화하남검단산
6:37,6:54,6:48,6:55
상일동방화,방화마천,상일동방화,방화마천
6:43,,6:55,
마천방화,,마천방화,
6:48,,7:02,7:02
하남검단산방화,,하남검단산방화,방화하남검단산
6:54,,7:09,7:09
마천방화,,마천방화,방화마천
6:59,,7:16,7:16
상일동방화,,하남검단산방화,방화하남검단산
7:04,7:01,7:23,7:23
마천방화,방화하남검단산,마천방화,방화마천
7:09,7:08,7:29,7:30
하남검단산방화,방화마천,하남검단산방화,방화하남검단산
7:13,7:14,7:36,7:37
마천방화,방화하남검단산,마천방화,방화마천
7:18,7:20,7:42,7:44
하남검단산방화,방화마천,하남검단산방화,방화하남검단산
7:22,7:27,7:49,7:51
마천방화,방화하남검단산,마천방화,방화마천
7:27,7:32,7:55,7:58
하남검단산방화,방화마천,하남검단산방화,방화하남검단산
7:31,7:38,8:02,8:05
마천방화,방화하남검단산,마천방화,방화마천
7:35,7:43,8:08,8:12
상일동방화,방화마천,하남검단산방화,방화하남검단산
7:39,7:49,8:15,8:18
마천방화,방화하남검단산,마천방화,방화마천
7:43,7:54,8:21,8:25
하남검단산방화,방화마천,하남검단산방화,방화하남검단산
7:47,7:59,8:28,8:31
마천방화,방화하남검단산,마천방화,방화마천
7:51,,8:34,8:38
하남검단산방화,,하남검단산방화,방화하남검단산
7:55,,8:41,8:44
마천방화,,마천방화,방화마천
7:59,,8:47,8:51
하남검단산방화,,하남검단산방화,방화하남검단산
8:02,8:03,8:54,8:57
마천방화,방화마천,마천방화,방화마천
8:05,8:08,9:00,9:04
상일동방화,방화하남검단산,하남검단산방화,방화하남검단산
8:08,8:13,9:07,9:10
마천방화,방화마천,마천방화,방화마천
8:12,8:17,9:13,9:17
하남검단산방화,방화하남검단산,하남검단산방화,방화하남검단산
8:14,8:22,9:20,9:23
마천방화,방화마천,마천방화,방화마천
8:17,8:27,9:26,9:30
하남검단산방화,방화상일동,하남검단산방화,방화하남검단산
8:19,8:31,9:33,9:36
마천방화,방화마천,마천방화,방화마천
8:22,8:35,9:39,9:43
상일동방화,방화하남검단산,하남검단산방화,방화하남검단산
8:24,8:39,9:46,9:49
하남검단산방화,방화마천,마천방화,방화마천
8:27,8:43,9:52,9:56
마천방화,방화하남검단산,하남검단산방화,방화하남검단산
8:29,8:47,9:59,
상일동방화,방화마천,마천방화,
8:32,8:51,10:05,10:02
마천방화,방화상일동,하남검단산방화,방화마천
8:35,8:54,10:12,10:09
하남검단산방화,방화마천,마천방화,방화하남검단산
8:37,8:58,10:18,10:15
상일동방화,방화하남검단산,하남검단산방화,방화마천
8:41,,10:25,10:22
마천방화,,마천방화,방화하남검단산
8:44,,10:31,10:28
하남검단산방화,,하남검단산방화,방화마천
8:48,,10:38,10:35
마천방화,,마천방화,방화하남검단산
8:51,,10:44,10:41
하남검단산방화,,하남검단산방화,방화마천
8:54,,10:51,10:48
마천방화,,마천방화,방화하남검단산
8:58,,10:57,10:54
하남검단산방화,,하남검단산방화,방화마천
9:02,9:01,11:04,11:01
마천방화,방화마천,마천방화,방화하남검단산
9:06,9:05,11:10,11:07
하남검단산방화,방화하남검단산,하남검단산방화,방화마천
9:11,9:08,11:17,11:14
마천방화,방화마천,마천방화,방화하남검단산
9:15,9:10,11:23,11:20
하남검단산방화,방화상일동,하남검단산방화,방화마천
9:20,9:13,11:30,11:27
마천방화,방화마천,마천방화,방화하남검단산
9:24,9:16,11:36,11:33
하남검단산방화,방화하남검단산,하남검단산방화,방화마천
9:30,9:19,11:43,11:40
마천방화,방화마천,마천방화,방화하남검단산
9:35,9:23,11:49,11:46
하남검단산방화,방화상일동,하남검단산방화,방화마천
9:40,9:26,11:56,11:53
마천방화,방화마천,마천방화,방화하남검단산
9:45,9:29,,11:59
하남검단산방화,방화하남검단산,,방화마천
9:51,9:33,12:02,12:06
마천방화,방화마천,하남검단산방화,방화하남검단산
9:56,9:36,12:09,12:12
하남검단산방화,방화하남검단산,마천방화,방화마천
,9:40,12:15,12:19
,방화마천,하남검단산방화,방화하남검단산
,9:44,12:22,12:25
,방화하남검단산,마천방화,방화마천
,9:48,12:28,12:32
,방화마천,하남검단산방화,방화하남검단산
,9:52,12:35,12:38
,방화상일동,마천방화,방화마천
,9:56,12:41,12:45
,방화마천,하남검단산방화,방화하남검단산
10:02,10:00,12:48,12:51
마천방화,방화하남검단산,마천방화,방화마천
10:07,10:04,12:54,12:58
하남검단산방화,방화마천,하남검단산방화,방화하남검단산
10:13,10:07,13:01,13:04
마천방화,방화하남검단산,마천방화,방화마천
10:19,10:12,13:07,13:11
하남검단산방화,방화마천,하남검단산방화,방화하남검단산
10:25,10:16,13:14,13:17
마천방화,방화하남검단산,마천방화,방화마천
10:31,10:21,13:20,13:24
하남검단산방화,방화마천,하남검단산방화,방화하남검단산
10:37,10:26,13:27,13:30
마천방화,방화하남검단산,마천방화,방화마천
10:43,10:31,13:33,13:37
하남검단산방화,방화마천,하남검단산방화,방화하남검단산
10:50,10:36,13:40,13:43
마천방화,방화하남검단산,마천방화,방화마천
10:56,10:41,13:46,13:50
하남검단산방화,방화마천,하남검단산방화,방화하남검단산
,10:47,13:53,13:56
,방화하남검단산,마천방화,방화마천
,10:53,13:59,
,방화마천,하남검단산방화,
11:03,11:00,14:06,14:03
마천방화,방화하남검단산,마천방화,방화하남검단산
11:09,11:06,14:12,14:09
하남검단산방화,방화마천,하남검단산방화,방화마천
11:16,11:13,14:19,14:16
마천방화,방화하남검단산,마천방화,방화하남검단산
11:22,11:19,14:25,14:22
하남검단산방화,방화마천,하남검단산방화,방화마천
11:29,11:26,14:32,14:29
마천방화,방화하남검단산,마천방화,방화하남검단산
11:35,11:32,14:38,14:35
하남검단산방화,방화마천,하남검단산방화,방화마천
11:42,11:39,14:45,14:42
마천방화,방화하남검단산,마천방화,방화하남검단산
11:48,11:45,14:51,14:48
하남검단산방화,방화마천,하남검단산방화,방화마천
11:55,11:52,14:58,14:55
마천방화,방화하남검단산,마천방화,방화하남검단산
,11:58,15:04,15:01
,방화마천,하남검단산방화,방화마천
12:01,12:05,15:11,15:08
하남검단산방화,방화하남검단산,마천방화,방화하남검단산
12:08,12:11,15:17,15:14
마천방화,방화마천,하남검단산방화,방화마천
12:14,12:18,15:24,15:21
하남검단산방화,방화하남검단산,마천방화,방화하남검단산
12:21,12:24,15:30,15:27
마천방화,방화마천,하남검단산방화,방화마천
12:27,12:31,15:37,15:34
하남검단산방화,방화하남검단산,마천방화,방화하남검단산
12:34,12:37,15:43,15:40
마천방화,방화마천,하남검단산방화,방화마천
12:40,12:44,15:50,15:47
하남검단산방화,방화하남검단산,마천방화,방화하남검단산
12:47,12:50,15:56,15:53
마천방화,방화마천,하남검단산방화,방화마천
12:53,12:57,16:03,16:00
하남검단산방화,방화하남검단산,마천방화,방화하남검단산
13:00,13:03,16:09,16:06
마천방화,방화마천,하남검단산방화,방화마천
13:06,13:10,16:16,16:13
하남검단산방화,방화하남검단산,마천방화,방화하남검단산
13:13,13:16,16:22,16:19
마천방화,방화마천,하남검단산방화,방화마천
13:19,13:23,16:29,16:26
하남검단산방화,방화하남검단산,마천방화,방화하남검단산
13:26,13:29,16:35,16:32
마천방화,방화마천,하남검단산방화,방화마천
13:32,13:36,16:42,16:39
하남검단산방화,방화하남검단산,마천방화,방화하남검단산
13:39,13:42,16:48,16:45
마천방화,방화마천,하남검단산방화,방화마천
13:45,13:49,16:55,16:52
하남검단산방화,방화하남검단산,마천방화,방화하남검단산
13:52,13:55,,16:58
마천방화,방화마천,,방화마천
13:58,,17:01,17:05
하남검단산방화,,하남검단산방화,방화하남검단산
14:05,14:02,17:08,17:11
마천방화,방화하남검단산,마천방화,방화마천
14:11,14:08,17:14,17:18
하남검단산방화,방화마천,하남검단산방화,방화하남검단산
14:18,14:15,17:21,17:24
마천방화,방화하남검단산,마천방화,방화마천
14:24,14:21,17:27,17:31
하남검단산방화,방화마천,하남검단산방화,방화하남검단산
14:31,14:28,17:34,17:37
마천방화,방화하남검단산,마천방화,방화마천
14:37,14:34,17:40,17:44
하남검단산방화,방화마천,하남검단산방화,방화하남검단산
14:44,14:41,17:47,17:50
마천방화,방화하남검단산,마천방화,방화마천
14:50,14:47,17:53,17:57
하남검단산방화,방화마천,하남검단산방화,방화하남검단산
14:57,14:54,18:00,18:03
마천방화,방화하남검단산,마천방화,방화마천
15:03,15:00,18:06,18:10
하남검단산방화,방화마천,하남검단산방화,방화하남검단산
15:10,15:07,18:13,18:16
마천방화,방화하남검단산,마천방화,방화마천
15:16,15:13,18:19,18:23
하남검단산방화,방화마천,하남검단산방화,방화하남검단산
15:23,15:20,18:26,18:29
마천방화,방화하남검단산,마천방화,방화마천
15:29,15:26,18:32,18:36
하남검단산방화,방화마천,하남검단산방화,방화하남검단산
15:36,15:33,18:39,18:42
마천방화,방화하남검단산,마천방화,방화마천
15:42,15:39,18:45,18:49
하남검단산방화,방화마천,하남검단산방화,방화하남검단산
15:49,15:46,18:52,18:55
마천방화,방화하남검단산,마천방화,방화마천
15:55,15:52,18:58,
하남검단산방화,방화마천,하남검단산방화,
,15:59,19:05,19:02
,방화하남검단산,마천방화,방화하남검단산
16:02,16:05,19:11,19:08
마천방화,방화마천,하남검단산방화,방화마천
16:08,16:12,19:18,19:15
하남검단산방화,방화하남검단산,마천방화,방화하남검단산
16:15,16:18,19:24,19:21
마천방화,방화마천,하남검단산방화,방화마천
16:21,16:25,19:31,19:28
하남검단산방화,방화하남검단산,마천방화,방화하남검단산
16:28,16:31,19:37,19:34
마천방화,방화마천,하남검단산방화,방화마천
16:34,16:38,19:44,19:41
하남검단산방화,방화하남검단산,마천방화,방화하남검단산
16:41,16:44,19:50,19:47
마천방화,방화마천,하남검단산방화,방화마천
16:47,16:51,19:57,19:54
하남검단산방화,방화하남검단산,마천방화,방화하남검단산
16:54,16:57,20:03,20:00
마천방화,방화마천,하남검단산방화,방화마천
17:00,17:04,20:10,20:07
하남검단산방화,방화하남검단산,마천방화,방화하남검단산
17:07,17:10,20:16,20:13
마천방화,방화마천,하남검단산방화,방화마천
17:13,17:17,20:23,20:20
하남검단산방화,방화하남검단산,마천방화,방화하남검단산
17:20,17:23,20:29,20:26
마천방화,방화마천,하남검단산방화,방화마천
17:26,17:29,20:36,20:33
하남검단산방화,방화하남검단산,마천방화,방화하남검단산
17:31,17:35,20:42,20:39
마천방화,방화마천,하남검단산방화,방화마천
17:36,17:41,20:49,20:46
하남검단산방화,방화하남검단산,마천방화,방화하남검단산
17:40,17:47,20:55,20:52
마천방화,방화마천,하남검단산방화,방화마천
17:44,17:53,,20:59
하남검단산방화,방화하남검단산,,방화하남검단산
17:48,17:59,21:02,21:05
마천방화,방화마천,마천방화,방화마천
17:51,,21:08,21:12
상일동방화,,하남검단산방화,방화하남검단산
17:56,,21:15,21:18
마천방화,,마천방화,방화마천
17:59,,21:21,21:25
하남검단산방화,,하남검단산방화,방화하남검단산
18:03,18:04,21:28,21:31
마천방화,방화하남검단산,마천방화,방화마천
18:06,18:08,21:34,21:38
하남검단산방화,방화마천,하남검단산방화,방화하남검단산
18:10,18:12,21:41,21:44
마천방화,방화하남검단산,마천방화,방화마천
18:13,18:16,21:47,21:51
상일동방화,방화마천,하남검단산방화,방화하남검단산
18:16,18:20,21:54,21:57
마천방화,방화하남검단산,마천방화,방화마천
18:19,18:24,22:00,22:04
하남검단산방화,방화마천,하남검단산방화,방화하남검단산
18:22,18:27,22:07,22:10
마천방화,방화하남검단산,마천방화,방화마천
18:26,18:31,22:14,22:17
하남검단산방화,방화마천,하남검단산방화,방화하남검단산
18:30,18:34,22:21,22:23
마천방화,방화하남검단산,마천방화,방화마천
18:34,18:37,22:29,22:30
하남검단산방화,방화마천,하남검단산방화,방화하남검단산
18:38,18:40,22:38,22:36
마천방화,방화하남검단산,마천방화,방화마천
18:42,18:43,22:47,22:43
상일동방화,방화마천,하남검단산방화,방화하남검단산
18:46,18:46,22:57,22:51
마천방화,방화하남검단산,마천방화,방화마천
18:50,18:49,,22:58
하남검단산방화,방화마천,,방화하남검단산
18:54,18:52,23:07막,23:06
마천방화,방화하남검단산,하남검단산방화,방화마천
18:59,18:55,23:19막,23:14
하남검단산방화,방화마천,마천화곡,방화상일동
,18:58,23:28막,23:22
,방화하남검단산,하남검단산여의도,방화마천
19:06,19:01,23:39막,23:30막
마천방화,방화마천,마천애오개,방화하남검단산
19:12,19:04,23:52막,23:38막
하남검단산방화,방화하남검단산,하남검단산왕십리,방화마천
19:18,19:06,,23:47
마천방화,방화마천,,방화상일동
19:25,19:10,,23:55막
하남검단산방화,방화하남검단산,,방화상일동
19:31,19:13,,00:03막
마천방화,방화마천,,방화군자
19:38,19:16,,
하남검단산방화,방화하남검단산,,
19:44,19:21,,
마천방화,방화마천,,
19:51,19:26,,
하남검단산방화,방화하남검단산,,
19:57,19:31,,
마천방화,방화마천,,
,19:36,,
,방화하남검단산,,
,19:42,,
,방화마천,,
,19:48,,
,방화하남검단산,,
,19:55,,
,방화마천,,
20:04,20:01,,
하남검단산방화,방화하남검단산,,
20:10,20:08,,
마천방화,방화마천,,
20:17,20:14,,
하남검단산방화,방화하남검단산,,
20:23,20:21,,
마천방화,방화마천,,
20:30,20:28,,
하남검단산방화,방화하남검단산,,
20:36,20:34,,
마천방화,방화마천,,
20:43,20:40,,
하남검단산방화,방화하남검단산,,
20:49,20:47,,
마천방화,방화마천,,
20:56,20:53,,
하남검단산방화,방화하남검단산,,
21:02,21:00,,
마천방화,방화마천,,
21:09,21:06,,
하남검단산방화,방화하남검단산,,
21:15,21:13,,
마천방화,방화마천,,
21:22,21:19,,
하남검단산방화,방화하남검단산,,
21:28,21:26,,
마천방화,방화마천,,
21:35,21:32,,
하남검단산방화,방화하남검단산,,
21:41,21:39,,
마천방화,방화마천,,
21:48,21:45,,
하남검단산방화,방화하남검단산,,
21:55,21:52,,
마천방화,방화마천,,
,21:58,,
,방화하남검단산,,
22:02,22:05,,
하남검단산방화,방화마천,,
22:09,22:11,,
마천방화,방화하남검단산,,
22:16,22:18,,
하남검단산방화,방화마천,,
22:23,22:24,,
마천방화,방화하남검단산,,
22:31,22:31,,
하남검단산방화,방화마천,,
22:39,22:37,,
마천방화,방화하남검단산,,
22:47,22:44,,
하남검단산방화,방화마천,,
22:55,22:52,,
마천방화,방화하남검단산,,
23:05,23:00,,
하남검단산방화,방화마천,,
23:17,23:07,,
마천방화,방화하남검단산,,
23:29,23:15,,
하남검단산방화,방화마천,,
23:42,23:23,,
마천방화,방화하남검단산,,
23:56막,23:31,,
하남검단산방화,방화마천,,
,23:40,,
,방화하남검단산,,
,23:48,,
,방화마천,,
,23:57,,
,방화하남검단산,,
0:02,0:06,,
마천왕십리,방화마천,,
00:16막,00:15막,,
마천여의도,방화하남검단산,,
00:36막,00:23막,,
하남검단산애오개,방화마천,,
00:54막,0:31,,
마천왕십리,방화군자,,
,00:39막,,
,방화상일동,,
,00:57막,,
,방화군자,,
