﻿애오개방면,서대문방면,애오개방면,서대문방면
평일,평일,주말,주말
05:47첫,05:41첫,05:47첫,05:41첫
왕십리방화,애오개마천,왕십리방화,애오개마천
5:56,05:56첫,5:56,05:56첫
군자방화,화곡하남검단산,군자방화,화곡하남검단산
6:05,6:03,6:05,6:03
강동방화,화곡마천,강동방화,화곡마천
6:13,6:10,6:13,6:10
상일동방화,방화하남검단산,상일동방화,방화하남검단산
6:18,6:17,6:20,6:18
마천방화,방화마천,마천방화,방화마천
6:26,6:24,6:28,6:25
하남검단산방화,방화하남검단산,하남검단산방화,방화하남검단산
6:31,6:31,6:35,6:32
마천방화,방화마천,마천방화,방화마천
6:37,6:38,6:42,6:39
상일동방화,방화하남검단산,상일동방화,방화하남검단산
6:43,6:45,6:49,6:46
마천방화,방화마천,마천방화,방화마천
6:49,6:51,6:56,6:53
하남검단산방화,방화하남검단산,하남검단산방화,방화하남검단산
6:55,6:57,7:03,7:00
마천방화,방화마천,마천방화,방화마천
7:00,7:04,7:10,7:07
상일동방화,방화하남검단산,상일동방화,방화하남검단산
7:06,7:09,7:17,7:14
마천방화,방화마천,마천방화,방화마천
7:11,7:15,7:24,7:21
하남검단산방화,방화하남검단산,하남검단산방화,방화하남검단산
7:17,7:20,7:31,7:28
마천방화,방화마천,마천방화,방화마천
7:22,7:26,7:38,7:35
상일동방화,방화하남검단산,하남검단산방화,방화하남검단산
7:27,7:31,7:45,7:42
마천방화,방화마천,마천방화,방화마천
7:32,7:36,7:52,7:49
하남검단산방화,방화하남검단산,하남검단산방화,방화하남검단산
7:37,7:41,7:58,7:55
마천방화,방화마천,마천방화,방화마천
7:41,7:46,8:05,8:02
하남검단산방화,방화하남검단산,하남검단산방화,방화하남검단산
7:46,7:50,8:11,8:08
마천방화,방화마천,마천방화,방화마천
7:50,7:55,8:18,8:15
하남검단산방화,방화하남검단산,하남검단산방화,방화하남검단산
7:55,7:59,8:24,8:21
마천방화,방화마천,마천방화,방화마천
7:59,,8:31,8:28
상일동방화,,하남검단산방화,방화하남검단산
8:03,8:04,8:37,8:34
마천방화,방화상일동,마천방화,방화마천
8:07,8:09,8:44,8:41
하남검단산방화,방화마천,하남검단산방화,방화하남검단산
8:11,8:13,8:50,8:47
마천방화,방화하남검단산,마천방화,방화마천
8:15,8:17,8:57,8:54
하남검단산방화,방화마천,하남검단산방화,방화하남검단산
8:19,8:21,9:03,9:00
마천방화,방화하남검단산,마천방화,방화마천
8:23,8:24,9:10,9:07
하남검단산방화,방화마천,하남검단산방화,방화하남검단산
8:26,8:28,9:16,9:13
마천방화,방화상일동,마천방화,방화마천
8:29,8:31,9:23,9:20
상일동방화,방화마천,하남검단산방화,방화하남검단산
8:32,8:35,9:29,9:26
마천방화,방화하남검단산,마천방화,방화마천
8:36,8:38,9:36,9:33
하남검단산방화,방화마천,하남검단산방화,방화하남검단산
8:38,8:42,9:42,9:39
마천방화,방화하남검단산,마천방화,방화마천
8:41,8:45,9:49,9:46
하남검단산방화,방화마천,하남검단산방화,방화하남검단산
8:43,8:47,9:55,9:52
마천방화,방화상일동,마천방화,방화마천
8:46,8:50,,9:59
상일동방화,방화마천,,방화하남검단산
8:48,8:53,10:02,10:05
하남검단산방화,방화하남검단산,하남검단산방화,방화마천
8:51,8:56,10:08,10:12
마천방화,방화마천,마천방화,방화하남검단산
8:53,,10:15,10:18
상일동방화,,하남검단산방화,방화마천
8:56,,10:21,10:25
마천방화,,마천방화,방화하남검단산
8:59,,10:28,10:31
하남검단산방화,,하남검단산방화,방화마천
9:01,9:00,10:34,10:38
상일동방화,방화상일동,마천방화,방화하남검단산
9:05,9:03,10:41,10:44
마천방화,방화마천,하남검단산방화,방화마천
9:08,9:06,10:47,10:51
하남검단산방화,방화하남검단산,마천방화,방화하남검단산
9:12,9:10,10:54,10:57
마천방화,방화마천,하남검단산방화,방화마천
9:15,9:13,11:00,11:04
하남검단산방화,방화하남검단산,마천방화,방화하남검단산
9:18,9:17,11:07,11:10
마천방화,방화마천,하남검단산방화,방화마천
9:22,9:21,11:13,11:17
하남검단산방화,방화하남검단산,마천방화,방화하남검단산
9:26,9:25,11:20,11:23
마천방화,방화마천,하남검단산방화,방화마천
9:30,9:29,11:26,11:30
하남검단산방화,방화상일동,마천방화,방화하남검단산
9:35,9:33,11:33,11:36
마천방화,방화마천,하남검단산방화,방화마천
9:39,9:37,11:39,11:43
하남검단산방화,방화하남검단산,마천방화,방화하남검단산
9:43,9:41,11:46,11:49
마천방화,방화마천,하남검단산방화,방화마천
9:48,9:45,11:52,11:56
하남검단산방화,방화하남검단산,마천방화,방화하남검단산
9:53,9:49,11:59,
마천방화,방화마천,하남검단산방화,
9:58,9:54,12:05,12:02
하남검단산방화,방화하남검단산,마천방화,방화마천
,9:59,12:12,12:09
,방화마천,하남검단산방화,방화하남검단산
10:03,10:04,12:18,12:15
마천방화,방화하남검단산,마천방화,방화마천
10:08,10:08,12:25,12:22
하남검단산방화,방화마천,하남검단산방화,방화하남검단산
10:14,10:13,12:31,12:28
마천방화,방화하남검단산,마천방화,방화마천
10:19,10:18,12:38,12:35
하남검단산방화,방화마천,하남검단산방화,방화하남검단산
10:25,10:24,12:44,12:41
마천방화,방화하남검단산,마천방화,방화마천
10:30,10:30,12:51,12:48
하남검단산방화,방화마천,하남검단산방화,방화하남검단산
10:36,10:37,12:57,12:54
마천방화,방화하남검단산,마천방화,방화마천
10:41,10:43,13:04,13:01
하남검단산방화,방화마천,하남검단산방화,방화하남검단산
10:47,10:50,13:10,13:07
마천방화,방화하남검단산,마천방화,방화마천
10:53,10:56,13:17,13:14
하남검단산방화,방화마천,하남검단산방화,방화하남검단산
10:59,,13:23,13:20
마천방화,,마천방화,방화마천
11:06,11:03,13:30,13:27
하남검단산방화,방화하남검단산,하남검단산방화,방화하남검단산
11:12,11:09,13:36,13:33
마천방화,방화마천,마천방화,방화마천
11:19,11:16,13:43,13:40
하남검단산방화,방화하남검단산,하남검단산방화,방화하남검단산
11:25,11:22,13:49,13:46
마천방화,방화마천,마천방화,방화마천
11:32,11:29,13:56,13:53
하남검단산방화,방화하남검단산,하남검단산방화,방화하남검단산
11:38,11:35,,13:59
마천방화,방화마천,,방화마천
11:45,11:42,14:02,14:06
하남검단산방화,방화하남검단산,마천방화,방화하남검단산
11:51,11:48,14:09,14:12
마천방화,방화마천,하남검단산방화,방화마천
11:58,11:55,14:15,14:19
하남검단산방화,방화하남검단산,마천방화,방화하남검단산
12:04,12:01,14:22,14:25
마천방화,방화마천,하남검단산방화,방화마천
12:11,12:08,14:28,14:32
하남검단산방화,방화하남검단산,마천방화,방화하남검단산
12:17,12:14,14:35,14:38
마천방화,방화마천,하남검단산방화,방화마천
12:24,12:21,14:41,14:45
하남검단산방화,방화하남검단산,마천방화,방화하남검단산
12:30,12:27,14:48,14:51
마천방화,방화마천,하남검단산방화,방화마천
12:37,12:34,14:54,14:58
하남검단산방화,방화하남검단산,마천방화,방화하남검단산
12:43,12:40,15:01,15:04
마천방화,방화마천,하남검단산방화,방화마천
12:50,12:47,15:07,15:11
하남검단산방화,방화하남검단산,마천방화,방화하남검단산
12:56,12:53,15:14,15:17
마천방화,방화마천,하남검단산방화,방화마천
13:03,13:00,15:20,15:24
하남검단산방화,방화하남검단산,마천방화,방화하남검단산
13:09,13:06,15:27,15:30
마천방화,방화마천,하남검단산방화,방화마천
13:16,13:13,15:33,15:37
하남검단산방화,방화하남검단산,마천방화,방화하남검단산
13:22,13:19,15:40,15:43
마천방화,방화마천,하남검단산방화,방화마천
13:29,13:26,15:46,15:50
하남검단산방화,방화하남검단산,마천방화,방화하남검단산
13:35,13:32,15:53,15:56
마천방화,방화마천,하남검단산방화,방화마천
13:42,13:39,15:59,
하남검단산방화,방화하남검단산,마천방화,
13:48,13:45,16:06,16:03
마천방화,방화마천,하남검단산방화,방화하남검단산
13:55,13:52,16:12,16:09
하남검단산방화,방화하남검단산,마천방화,방화마천
,13:58,16:19,16:16
,방화마천,하남검단산방화,방화하남검단산
14:01,14:05,16:25,16:22
마천방화,방화하남검단산,마천방화,방화마천
14:08,14:11,16:32,16:29
하남검단산방화,방화마천,하남검단산방화,방화하남검단산
14:14,14:18,16:38,16:35
마천방화,방화하남검단산,마천방화,방화마천
14:21,14:24,16:45,16:42
하남검단산방화,방화마천,하남검단산방화,방화하남검단산
14:27,14:31,16:51,16:48
마천방화,방화하남검단산,마천방화,방화마천
14:34,14:37,16:58,16:55
하남검단산방화,방화마천,하남검단산방화,방화하남검단산
14:40,14:44,17:04,17:01
마천방화,방화하남검단산,마천방화,방화마천
14:47,14:50,17:11,17:08
하남검단산방화,방화마천,하남검단산방화,방화하남검단산
14:53,14:57,17:17,17:14
마천방화,방화하남검단산,마천방화,방화마천
15:00,15:03,17:24,17:21
하남검단산방화,방화마천,하남검단산방화,방화하남검단산
15:06,15:10,17:30,17:27
마천방화,방화하남검단산,마천방화,방화마천
15:13,15:16,17:37,17:34
하남검단산방화,방화마천,하남검단산방화,방화하남검단산
15:19,15:23,17:43,17:40
마천방화,방화하남검단산,마천방화,방화마천
15:26,15:29,17:50,17:47
하남검단산방화,방화마천,하남검단산방화,방화하남검단산
15:32,15:36,17:56,17:53
마천방화,방화하남검단산,마천방화,방화마천
15:39,15:42,18:03,18:00
하남검단산방화,방화마천,하남검단산방화,방화하남검단산
15:45,15:49,18:09,18:06
마천방화,방화하남검단산,마천방화,방화마천
15:52,15:55,18:16,18:13
하남검단산방화,방화마천,하남검단산방화,방화하남검단산
15:58,,18:22,18:19
마천방화,,마천방화,방화마천
16:05,16:02,18:29,18:26
하남검단산방화,방화하남검단산,하남검단산방화,방화하남검단산
16:11,16:08,18:35,18:32
마천방화,방화마천,마천방화,방화마천
16:18,16:15,18:42,18:39
하남검단산방화,방화하남검단산,하남검단산방화,방화하남검단산
16:24,16:21,18:48,18:45
마천방화,방화마천,마천방화,방화마천
16:31,16:28,18:55,18:52
하남검단산방화,방화하남검단산,하남검단산방화,방화하남검단산
16:37,16:34,,18:58
마천방화,방화마천,,방화마천
16:44,16:41,19:01,19:05
하남검단산방화,방화하남검단산,마천방화,방화하남검단산
16:50,16:47,19:08,19:11
마천방화,방화마천,하남검단산방화,방화마천
16:57,16:54,19:14,19:18
하남검단산방화,방화하남검단산,마천방화,방화하남검단산
17:03,17:00,19:21,19:24
마천방화,방화마천,하남검단산방화,방화마천
17:10,17:06,19:27,19:31
하남검단산방화,방화하남검단산,마천방화,방화하남검단산
17:16,17:12,19:34,19:37
마천방화,방화마천,하남검단산방화,방화마천
17:23,17:18,19:40,19:44
하남검단산방화,방화하남검단산,마천방화,방화하남검단산
17:29,17:24,19:47,19:50
마천방화,방화마천,하남검단산방화,방화마천
17:36,17:30,19:53,19:57
하남검단산방화,방화하남검단산,마천방화,방화하남검단산
17:42,17:35,20:00,20:03
마천방화,방화마천,하남검단산방화,방화마천
17:49,17:40,20:06,20:10
하남검단산방화,방화하남검단산,마천방화,방화하남검단산
17:53,17:44,20:13,20:16
마천방화,방화마천,하남검단산방화,방화마천
17:58,17:48,20:19,20:23
하남검단산방화,방화하남검단산,마천방화,방화하남검단산
,17:52,20:26,20:29
,방화마천,하남검단산방화,방화마천
,17:56,20:32,20:36
,방화하남검단산,마천방화,방화하남검단산
18:02,18:00,20:39,20:42
마천방화,방화마천,하남검단산방화,방화마천
18:06,18:03,20:45,20:49
하남검단산방화,방화하남검단산,마천방화,방화하남검단산
18:10,18:07,20:52,20:55
마천방화,방화마천,하남검단산방화,방화마천
18:14,18:10,20:58,
상일동방화,방화하남검단산,마천방화,
18:18,18:13,21:05,21:02
마천방화,방화마천,하남검단산방화,방화하남검단산
18:22,18:16,21:11,21:08
하남검단산방화,방화하남검단산,마천방화,방화마천
18:26,18:19,21:18,21:15
마천방화,방화마천,하남검단산방화,방화하남검단산
18:29,18:22,21:24,21:21
하남검단산방화,방화하남검단산,마천방화,방화마천
18:32,18:25,21:31,21:28
마천방화,방화마천,하남검단산방화,방화하남검단산
18:35,18:28,21:37,21:34
상일동방화,방화하남검단산,마천방화,방화마천
18:38,18:31,21:44,21:41
마천방화,방화마천,하남검단산방화,방화하남검단산
18:41,18:34,21:50,21:47
하남검단산방화,방화하남검단산,마천방화,방화마천
18:45,18:37,21:57,21:54
마천방화,방화마천,하남검단산방화,방화하남검단산
18:48,18:40,22:03,22:00
하남검단산방화,방화하남검단산,마천방화,방화마천
18:52,18:43,22:10,22:07
마천방화,방화마천,하남검단산방화,방화하남검단산
18:56,18:46,22:16,22:13
하남검단산방화,방화하남검단산,마천방화,방화마천
,18:50,22:23,22:20
,방화마천,하남검단산방화,방화하남검단산
,18:53,22:29,22:28
,방화하남검단산,마천방화,방화마천
,18:58,22:36,22:35
,방화마천,하남검단산방화,방화하남검단산
19:00,19:03,22:43,22:43
마천방화,방화하남검단산,마천방화,방화마천
19:04,19:08,22:51,22:51
상일동방화,방화마천,하남검단산방화,방화상일동
19:09,19:13,,22:59
마천방화,방화하남검단산,,방화마천
19:13,19:19,23:00,23:07막
하남검단산방화,방화마천,마천방화,방화하남검단산
19:17,19:25,23:09,23:15막
마천방화,방화하남검단산,하남검단산방화,방화마천
19:22,19:32,23:19,23:24
하남검단산방화,방화마천,마천방화,방화상일동
19:28,19:38,23:30막,23:32막
마천방화,방화하남검단산,하남검단산방화,방화상일동
19:34,19:45,23:41막,23:40막
하남검단산방화,방화마천,마천화곡,방화군자
19:41,19:51,23:50막,23:48막
마천방화,방화하남검단산,하남검단산여의도,방화왕십리
19:47,19:58,00:02막,
하남검단산방화,방화마천,마천애오개,
19:54,,,
마천방화,,,
20:00,20:05,,
하남검단산방화,방화하남검단산,,
20:07,20:11,,
마천방화,방화마천,,
20:13,20:17,,
하남검단산방화,방화하남검단산,,
20:20,20:24,,
마천방화,방화마천,,
20:26,20:30,,
하남검단산방화,방화하남검단산,,
20:33,20:37,,
마천방화,방화마천,,
20:39,20:43,,
하남검단산방화,방화하남검단산,,
20:46,20:50,,
마천방화,방화마천,,
20:52,20:56,,
하남검단산방화,방화하남검단산,,
20:59,,,
마천방화,,,
21:05,21:03,,
하남검단산방화,방화마천,,
21:12,21:09,,
마천방화,방화하남검단산,,
21:18,21:16,,
하남검단산방화,방화마천,,
21:25,21:22,,
마천방화,방화하남검단산,,
21:31,21:29,,
하남검단산방화,방화마천,,
21:38,21:35,,
마천방화,방화하남검단산,,
21:44,21:42,,
하남검단산방화,방화마천,,
21:51,21:48,,
마천방화,방화하남검단산,,
21:57,21:55,,
하남검단산방화,방화마천,,
22:04,22:01,,
마천방화,방화하남검단산,,
22:10,22:08,,
하남검단산방화,방화마천,,
22:17,22:14,,
마천방화,방화하남검단산,,
22:24,22:21,,
하남검단산방화,방화마천,,
22:31,22:29,,
마천방화,방화하남검단산,,
22:38,22:37,,
하남검단산방화,방화마천,,
22:45,22:44,,
마천방화,방화하남검단산,,
22:53,22:52,,
하남검단산방화,방화마천,,
23:01,23:00,,
마천방화,방화하남검단산,,
23:09,23:08,,
하남검단산방화,방화마천,,
23:17,23:17,,
마천방화,방화하남검단산,,
23:28,23:25,,
하남검단산방화,방화마천,,
23:39,23:34,,
마천방화,방화하남검단산,,
23:52,23:43,,
하남검단산방화,방화마천,,
,23:52막,,
,방화하남검단산,,
0:05,00:00막,,
마천방화,방화마천,,
00:19막,0:08,,
하남검단산방화,방화군자,,
00:38막,00:17막,,
마천여의도,방화상일동,,
00:59막,00:35막,,
하남검단산애오개,방화군자,,
