﻿광나루방면,강동방면,광나루방면,강동방면
평일,평일,주말,주말
05:33첫,05:43첫,05:33첫,05:43첫
강동방화,군자하남검단산,강동방화,군자하남검단산
5:41,5:58,5:41,5:58
상일동방화,왕십리하남검단산,상일동방화,왕십리하남검단산
5:46,,5:49,
마천방화,,마천방화,
5:54,,5:57,
하남검단산방화,,하남검단산방화,
6:00,06:13첫,6:04,06:13첫
마천방화,애오개마천,마천방화,애오개마천
6:05,6:27,6:11,6:27
상일동방화,화곡하남검단산,상일동방화,화곡하남검단산
6:11,6:34,6:18,6:34
마천방화,화곡마천,마천방화,화곡마천
6:17,6:42,6:25,6:42
하남검단산방화,방화하남검단산,하남검단산방화,방화하남검단산
6:23,6:49,6:32,6:50
마천방화,방화마천,마천방화,방화마천
6:28,6:56,6:39,6:57
상일동방화,방화하남검단산,상일동방화,방화하남검단산
6:34,,6:46,
마천방화,,마천방화,
6:39,,6:53,
하남검단산방화,,하남검단산방화,
6:44,,7:00,7:04
마천방화,,마천방화,방화마천
6:49,,7:07,7:11
상일동방화,,하남검단산방화,방화하남검단산
6:54,,7:14,7:18
마천방화,,마천방화,방화마천
6:59,,7:20,7:25
하남검단산방화,,하남검단산방화,방화하남검단산
7:04,7:03,7:27,7:32
마천방화,방화마천,마천방화,방화마천
7:08,7:10,7:33,7:39
하남검단산방화,방화하남검단산,하남검단산방화,방화하남검단산
7:13,7:17,7:40,7:46
마천방화,방화마천,마천방화,방화마천
7:17,7:23,7:46,7:53
하남검단산방화,방화하남검단산,하남검단산방화,방화하남검단산
7:22,7:29,7:53,
마천방화,방화마천,마천방화,
7:26,7:36,7:59,
상일동방화,방화하남검단산,하남검단산방화,
7:30,7:41,8:06,8:00
마천방화,방화마천,마천방화,방화마천
7:34,7:47,8:12,8:07
하남검단산방화,방화하남검단산,하남검단산방화,방화하남검단산
7:38,7:52,8:19,8:14
마천방화,방화마천,마천방화,방화마천
7:42,7:58,8:25,8:21
하남검단산방화,방화하남검단산,하남검단산방화,방화하남검단산
7:45,,8:32,8:27
마천방화,,마천방화,방화마천
7:49,,8:38,8:34
하남검단산방화,,하남검단산방화,방화하남검단산
7:52,,8:45,8:40
마천방화,,마천방화,방화마천
7:55,,8:51,8:47
상일동방화,,하남검단산방화,방화하남검단산
7:58,,8:58,8:53
마천방화,,마천방화,방화마천
8:02,8:03,9:04,9:00
하남검단산방화,방화마천,하남검단산방화,방화하남검단산
8:04,8:08,9:11,9:06
마천방화,방화하남검단산,마천방화,방화마천
8:07,8:13,9:17,9:13
하남검단산방화,방화마천,하남검단산방화,방화하남검단산
8:09,8:18,9:24,9:19
마천방화,방화하남검단산,마천방화,방화마천
8:12,8:22,9:30,9:26
상일동방화,방화마천,하남검단산방화,방화하남검단산
8:14,8:27,9:37,9:32
하남검단산방화,방화하남검단산,마천방화,방화마천
8:17,8:31,9:43,9:39
마천방화,방화마천,하남검단산방화,방화하남검단산
8:19,8:36,9:50,9:45
상일동방화,방화상일동,마천방화,방화마천
8:22,8:41,9:56,9:52
마천방화,방화마천,하남검단산방화,방화하남검단산
8:25,8:45,,9:58
하남검단산방화,방화하남검단산,,방화마천
8:27,8:49,10:03,10:05
상일동방화,방화마천,마천방화,방화하남검단산
8:31,8:53,10:09,10:11
마천방화,방화하남검단산,하남검단산방화,방화마천
8:34,8:57,10:16,10:18
하남검단산방화,방화마천,마천방화,방화하남검단산
8:38,,10:22,10:24
마천방화,,하남검단산방화,방화마천
8:41,,10:29,10:31
하남검단산방화,,마천방화,방화하남검단산
8:45,,10:35,10:37
마천방화,,하남검단산방화,방화마천
8:49,,10:42,10:44
하남검단산방화,,마천방화,방화하남검단산
8:53,,10:48,10:50
마천방화,,하남검단산방화,방화마천
8:57,,10:55,10:57
하남검단산방화,,마천방화,방화하남검단산
9:01,9:00,11:01,11:03
마천방화,방화상일동,하남검단산방화,방화마천
9:06,9:04,11:08,11:10
하남검단산방화,방화마천,마천방화,방화하남검단산
9:10,9:07,11:14,11:16
마천방화,방화하남검단산,하남검단산방화,방화마천
9:15,9:11,11:21,11:23
하남검단산방화,방화마천,마천방화,방화하남검단산
9:20,9:14,11:27,11:29
마천방화,방화하남검단산,하남검단산방화,방화마천
9:25,9:17,11:34,11:36
하남검단산방화,방화마천,마천방화,방화하남검단산
9:31,9:20,11:40,11:42
마천방화,방화상일동,하남검단산방화,방화마천
9:36,9:23,11:47,11:49
하남검단산방화,방화마천,마천방화,방화하남검단산
9:41,9:26,11:53,11:55
마천방화,방화하남검단산,하남검단산방화,방화마천
9:47,9:29,12:00,12:02
하남검단산방화,방화마천,마천방화,방화하남검단산
9:53,9:32,12:06,12:08
마천방화,방화상일동,하남검단산방화,방화마천
9:58,9:35,12:13,12:15
하남검단산방화,방화마천,마천방화,방화하남검단산
,9:39,12:19,12:21
,방화하남검단산,하남검단산방화,방화마천
,9:42,12:26,12:28
,방화마천,마천방화,방화하남검단산
,9:46,12:32,12:34
,방화하남검단산,하남검단산방화,방화마천
,9:50,12:39,12:41
,방화마천,마천방화,방화하남검단산
,9:54,12:45,12:47
,방화하남검단산,하남검단산방화,방화마천
,9:57,12:52,12:54
,방화마천,마천방화,방화하남검단산
10:04,10:01,12:58,
마천방화,방화상일동,하남검단산방화,
10:10,10:05,13:05,13:00
하남검단산방화,방화마천,마천방화,방화마천
10:16,10:09,13:11,13:07
마천방화,방화하남검단산,하남검단산방화,방화하남검단산
10:22,10:13,13:18,13:13
하남검단산방화,방화마천,마천방화,방화마천
10:28,10:17,13:24,13:20
마천방화,방화하남검단산,하남검단산방화,방화하남검단산
10:34,10:21,13:31,13:26
하남검단산방화,방화마천,마천방화,방화마천
10:41,10:26,13:37,13:33
마천방화,방화하남검단산,하남검단산방화,방화하남검단산
10:47,10:31,13:44,13:39
하남검단산방화,방화마천,마천방화,방화마천
10:54,10:36,13:50,13:46
마천방화,방화하남검단산,하남검단산방화,방화하남검단산
,10:40,13:57,13:52
,방화마천,마천방화,방화마천
,10:45,,13:59
,방화하남검단산,,방화하남검단산
,10:50,14:03,14:05
,방화마천,하남검단산방화,방화마천
,10:56,14:10,14:12
,방화하남검단산,마천방화,방화하남검단산
11:00,11:02,14:16,14:18
하남검단산방화,방화마천,하남검단산방화,방화마천
11:07,11:09,14:23,14:25
마천방화,방화하남검단산,마천방화,방화하남검단산
11:13,11:15,14:29,14:31
하남검단산방화,방화마천,하남검단산방화,방화마천
11:20,11:22,14:36,14:38
마천방화,방화하남검단산,마천방화,방화하남검단산
11:26,11:28,14:42,14:44
하남검단산방화,방화마천,하남검단산방화,방화마천
11:33,11:35,14:49,14:51
마천방화,방화하남검단산,마천방화,방화하남검단산
11:39,11:41,14:55,14:57
하남검단산방화,방화마천,하남검단산방화,방화마천
11:46,11:48,15:02,15:04
마천방화,방화하남검단산,마천방화,방화하남검단산
11:52,11:54,15:08,15:10
하남검단산방화,방화마천,하남검단산방화,방화마천
11:59,,15:15,15:17
마천방화,,마천방화,방화하남검단산
12:05,12:01,15:21,15:23
하남검단산방화,방화하남검단산,하남검단산방화,방화마천
12:12,12:07,15:28,15:30
마천방화,방화마천,마천방화,방화하남검단산
12:18,12:14,15:34,15:36
하남검단산방화,방화하남검단산,하남검단산방화,방화마천
12:25,12:20,15:41,15:43
마천방화,방화마천,마천방화,방화하남검단산
12:31,12:27,15:47,15:49
하남검단산방화,방화하남검단산,하남검단산방화,방화마천
12:38,12:33,15:54,15:56
마천방화,방화마천,마천방화,방화하남검단산
12:44,12:40,16:00,16:02
하남검단산방화,방화하남검단산,하남검단산방화,방화마천
12:51,12:46,16:07,16:09
마천방화,방화마천,마천방화,방화하남검단산
12:57,12:53,16:13,16:15
하남검단산방화,방화하남검단산,하남검단산방화,방화마천
,12:59,16:20,16:22
,방화마천,마천방화,방화하남검단산
13:04,13:06,16:26,16:28
마천방화,방화하남검단산,하남검단산방화,방화마천
13:10,13:12,16:33,16:35
하남검단산방화,방화마천,마천방화,방화하남검단산
13:17,13:19,16:39,16:41
마천방화,방화하남검단산,하남검단산방화,방화마천
13:23,13:25,16:46,16:48
하남검단산방화,방화마천,마천방화,방화하남검단산
13:30,13:32,16:52,16:54
마천방화,방화하남검단산,하남검단산방화,방화마천
13:36,13:38,16:59,
하남검단산방화,방화마천,마천방화,
13:43,13:45,17:05,17:01
마천방화,방화하남검단산,하남검단산방화,방화하남검단산
13:49,13:51,17:12,17:07
하남검단산방화,방화마천,마천방화,방화마천
13:56,13:58,17:18,17:14
마천방화,방화하남검단산,하남검단산방화,방화하남검단산
14:02,14:04,17:25,17:20
하남검단산방화,방화마천,마천방화,방화마천
14:09,14:11,17:31,17:27
마천방화,방화하남검단산,하남검단산방화,방화하남검단산
14:15,14:17,17:38,17:33
하남검단산방화,방화마천,마천방화,방화마천
14:22,14:24,17:44,17:40
마천방화,방화하남검단산,하남검단산방화,방화하남검단산
14:28,14:30,17:51,17:46
하남검단산방화,방화마천,마천방화,방화마천
14:35,14:37,17:57,17:53
마천방화,방화하남검단산,하남검단산방화,방화하남검단산
14:41,14:43,,17:59
하남검단산방화,방화마천,,방화마천
14:48,14:50,18:04,18:06
마천방화,방화하남검단산,마천방화,방화하남검단산
14:54,14:56,18:10,18:12
하남검단산방화,방화마천,하남검단산방화,방화마천
15:01,15:03,18:17,18:19
마천방화,방화하남검단산,마천방화,방화하남검단산
15:07,15:09,18:23,18:25
하남검단산방화,방화마천,하남검단산방화,방화마천
15:14,15:16,18:30,18:32
마천방화,방화하남검단산,마천방화,방화하남검단산
15:20,15:22,18:36,18:38
하남검단산방화,방화마천,하남검단산방화,방화마천
15:27,15:29,18:43,18:45
마천방화,방화하남검단산,마천방화,방화하남검단산
15:33,15:35,18:49,18:51
하남검단산방화,방화마천,하남검단산방화,방화마천
15:40,15:42,18:56,18:58
마천방화,방화하남검단산,마천방화,방화하남검단산
15:46,15:48,19:02,19:04
하남검단산방화,방화마천,하남검단산방화,방화마천
15:53,15:55,19:09,19:11
마천방화,방화하남검단산,마천방화,방화하남검단산
15:59,,19:15,19:17
하남검단산방화,,하남검단산방화,방화마천
16:06,16:01,19:22,19:24
마천방화,방화마천,마천방화,방화하남검단산
16:12,16:08,19:28,19:30
하남검단산방화,방화하남검단산,하남검단산방화,방화마천
16:19,16:14,19:35,19:37
마천방화,방화마천,마천방화,방화하남검단산
16:25,16:21,19:41,19:43
하남검단산방화,방화하남검단산,하남검단산방화,방화마천
16:32,16:27,19:48,19:50
마천방화,방화마천,마천방화,방화하남검단산
16:38,16:34,19:54,19:56
하남검단산방화,방화하남검단산,하남검단산방화,방화마천
16:45,16:40,20:01,20:03
마천방화,방화마천,마천방화,방화하남검단산
16:51,16:47,20:07,20:09
하남검단산방화,방화하남검단산,하남검단산방화,방화마천
16:58,16:53,20:14,20:16
마천방화,방화마천,마천방화,방화하남검단산
17:04,17:00,20:20,20:22
하남검단산방화,방화하남검단산,하남검단산방화,방화마천
17:11,17:06,20:27,20:29
마천방화,방화마천,마천방화,방화하남검단산
17:17,17:13,20:33,20:35
하남검단산방화,방화하남검단산,하남검단산방화,방화마천
17:22,17:19,20:40,20:42
마천방화,방화마천,마천방화,방화하남검단산
17:27,17:26,20:46,20:48
하남검단산방화,방화하남검단산,하남검단산방화,방화마천
17:31,17:32,20:53,20:55
마천방화,방화마천,마천방화,방화하남검단산
17:35,17:38,20:59,
하남검단산방화,방화하남검단산,하남검단산방화,
17:39,17:44,21:06,21:01
마천방화,방화마천,마천방화,방화마천
17:42,17:50,21:12,21:08
상일동방화,방화하남검단산,하남검단산방화,방화하남검단산
17:47,17:56,21:19,21:14
마천방화,방화마천,마천방화,방화마천
17:50,,21:25,21:21
하남검단산방화,,하남검단산방화,방화하남검단산
17:54,,21:32,21:27
마천방화,,마천방화,방화마천
17:57,,21:38,21:34
하남검단산방화,,하남검단산방화,방화하남검단산
18:01,18:02,21:45,21:40
마천방화,방화하남검단산,마천방화,방화마천
18:04,18:08,21:51,21:47
상일동방화,방화마천,하남검단산방화,방화하남검단산
18:07,18:13,21:58,21:53
마천방화,방화하남검단산,마천방화,방화마천
18:10,18:18,22:05,22:00
하남검단산방화,방화마천,하남검단산방화,방화하남검단산
18:13,18:22,22:12,22:06
마천방화,방화하남검단산,마천방화,방화마천
18:17,18:26,22:20,22:13
하남검단산방화,방화마천,하남검단산방화,방화하남검단산
18:21,18:30,22:29,22:19
마천방화,방화하남검단산,마천방화,방화마천
18:25,18:33,22:38,22:26
하남검단산방화,방화마천,하남검단산방화,방화하남검단산
18:29,18:37,22:48,22:32
마천방화,방화하남검단산,마천방화,방화마천
18:33,18:40,22:58막,22:39
상일동방화,방화마천,하남검단산방화,방화하남검단산
18:37,18:44,,22:45
마천방화,방화하남검단산,,방화마천
18:41,18:47,,22:52
하남검단산방화,방화마천,,방화하남검단산
18:45,18:50,23:10막,23:00
마천방화,방화하남검단산,마천화곡,방화마천
18:50,18:52,23:19막,23:07
하남검단산방화,방화마천,하남검단산여의도,방화하남검단산
18:57,18:56,23:30막,23:15
마천방화,방화하남검단산,마천애오개,방화마천
,18:58,23:43막,23:23
,방화마천,하남검단산왕십리,방화상일동
19:03,19:01,23:56막,23:31
하남검단산방화,방화하남검단산,마천군자,방화마천
19:09,19:04,,23:39막
마천방화,방화마천,,방화하남검단산
19:16,19:07,,23:47막
하남검단산방화,방화하남검단산,,방화마천
19:22,19:10,,23:56
마천방화,방화마천,,방화상일동
19:29,19:13,,00:04막
하남검단산방화,방화하남검단산,,방화상일동
19:35,19:16,,
마천방화,방화마천,,
19:42,19:19,,
하남검단산방화,방화하남검단산,,
19:48,19:22,,
마천방화,방화마천,,
19:55,19:26,,
하남검단산방화,방화하남검단산,,
,19:30,,
,방화마천,,
,19:36,,
,방화하남검단산,,
,19:40,,
,방화마천,,
,19:45,,
,방화하남검단산,,
,19:51,,
,방화마천,,
,19:57,,
,방화하남검단산,,
20:01,20:04,,
마천방화,방화마천,,
20:08,20:10,,
하남검단산방화,방화하남검단산,,
20:14,20:17,,
마천방화,방화마천,,
20:21,20:23,,
하남검단산방화,방화하남검단산,,
20:27,20:30,,
마천방화,방화마천,,
20:34,20:37,,
하남검단산방화,방화하남검단산,,
20:40,20:43,,
마천방화,방화마천,,
20:47,20:49,,
하남검단산방화,방화하남검단산,,
20:53,20:56,,
마천방화,방화마천,,
21:00,21:02,,
하남검단산방화,방화하남검단산,,
21:06,21:09,,
마천방화,방화마천,,
21:13,21:15,,
하남검단산방화,방화하남검단산,,
21:19,21:22,,
마천방화,방화마천,,
21:26,21:28,,
하남검단산방화,방화하남검단산,,
21:32,21:35,,
마천방화,방화마천,,
21:39,21:41,,
하남검단산방화,방화하남검단산,,
21:46,21:48,,
마천방화,방화마천,,
21:53,21:54,,
하남검단산방화,방화하남검단산,,
22:00,22:01,,
마천방화,방화마천,,
22:07,22:07,,
하남검단산방화,방화하남검단산,,
22:14,22:14,,
마천방화,방화마천,,
22:22,22:20,,
하남검단산방화,방화하남검단산,,
22:30,22:27,,
마천방화,방화마천,,
22:38,22:33,,
하남검단산방화,방화하남검단산,,
22:46,22:40,,
마천방화,방화마천,,
22:56,22:46,,
하남검단산방화,방화하남검단산,,
,22:53,,
,방화마천,,
23:08,23:01,,
마천방화,방화하남검단산,,
23:20,23:09,,
하남검단산방화,방화마천,,
23:33,23:16,,
마천방화,방화하남검단산,,
23:47막,23:24,,
하남검단산방화,방화마천,,
23:53,23:32,,
마천왕십리,방화하남검단산,,
,23:40,,
,방화마천,,
,23:49,,
,방화하남검단산,,
,23:57,,
,방화마천,,
00:07막,0:06,,
마천여의도,방화하남검단산,,
00:26막,0:15,,
하남검단산애오개,방화마천,,
00:44막,00:24막,,
마천왕십리,방화하남검단산,,
,00:32막,,
,방화마천,,
,00:48막,,
,방화상일동,,
