﻿광화문방면,을지로4가방면,광화문방면,을지로4가방면
평일,평일,주말,주말
05:41첫,05:47첫,05:41첫,05:47첫
왕십리방화,애오개마천,왕십리방화,애오개마천
5:51,,5:51,
군자방화,,군자방화,
5:59,,5:59,
강동방화,,강동방화,
6:07,06:01첫,6:07,06:01첫
상일동방화,화곡하남검단산,상일동방화,화곡하남검단산
6:12,6:08,6:15,6:08
마천방화,화곡마천,마천방화,화곡마천
6:20,6:16,6:23,6:16
하남검단산방화,방화하남검단산,하남검단산방화,방화하남검단산
6:26,6:23,6:30,6:24
마천방화,방화마천,마천방화,방화마천
6:31,6:30,6:37,6:31
상일동방화,방화하남검단산,상일동방화,방화하남검단산
6:37,6:37,6:44,6:38
마천방화,방화마천,마천방화,방화마천
6:43,6:44,6:51,6:45
하남검단산방화,방화하남검단산,하남검단산방화,방화하남검단산
6:49,6:51,6:58,6:52
마천방화,방화마천,마천방화,방화마천
6:55,6:57,,6:59
상일동방화,방화하남검단산,,방화하남검단산
7:00,7:03,7:05,7:06
마천방화,방화마천,상일동방화,방화마천
7:06,7:10,7:12,7:13
하남검단산방화,방화하남검단산,마천방화,방화하남검단산
7:11,7:15,7:19,7:20
마천방화,방화마천,하남검단산방화,방화마천
7:16,7:21,7:26,7:27
상일동방화,방화하남검단산,마천방화,방화하남검단산
7:21,7:26,7:33,7:34
마천방화,방화마천,하남검단산방화,방화마천
7:26,7:32,7:40,7:41
하남검단산방화,방화하남검단산,마천방화,방화하남검단산
7:31,7:37,7:46,7:48
마천방화,방화마천,하남검단산방화,방화마천
7:36,7:42,7:53,7:55
하남검단산방화,방화하남검단산,마천방화,방화하남검단산
7:40,7:46,7:59,
마천방화,방화마천,하남검단산방화,
7:45,7:51,8:06,8:01
하남검단산방화,방화하남검단산,마천방화,방화마천
7:49,7:56,8:12,8:08
마천방화,방화마천,하남검단산방화,방화하남검단산
7:54,,8:19,8:14
상일동방화,,마천방화,방화마천
7:58,,8:25,8:21
마천방화,,하남검단산방화,방화하남검단산
8:02,8:00,8:32,8:27
하남검단산방화,방화하남검단산,마천방화,방화마천
8:06,8:05,8:38,8:34
마천방화,방화마천,하남검단산방화,방화하남검단산
8:10,8:10,8:45,8:40
하남검단산방화,방화상일동,마천방화,방화마천
8:14,8:14,8:51,8:47
마천방화,방화마천,하남검단산방화,방화하남검단산
8:17,8:18,8:58,8:53
하남검단산방화,방화하남검단산,마천방화,방화마천
8:20,8:22,9:04,9:00
마천방화,방화마천,하남검단산방화,방화하남검단산
8:23,8:26,9:11,9:06
상일동방화,방화하남검단산,마천방화,방화마천
8:27,8:30,9:17,9:13
마천방화,방화마천,하남검단산방화,방화하남검단산
8:30,8:34,9:24,9:19
하남검단산방화,방화상일동,마천방화,방화마천
8:33,8:37,9:30,9:26
마천방화,방화마천,하남검단산방화,방화하남검단산
8:35,8:41,9:37,9:32
하남검단산방화,방화하남검단산,마천방화,방화마천
8:38,8:44,9:43,9:39
마천방화,방화마천,하남검단산방화,방화하남검단산
8:40,8:48,9:50,9:45
상일동방화,방화하남검단산,마천방화,방화마천
8:43,8:51,9:56,9:52
하남검단산방화,방화마천,하남검단산방화,방화하남검단산
8:45,8:53,,9:58
마천방화,방화상일동,,방화마천
8:48,8:56,10:03,10:05
상일동방화,방화마천,마천방화,방화하남검단산
8:50,8:59,10:09,10:11
마천방화,방화하남검단산,하남검단산방화,방화마천
8:53,,10:16,10:18
하남검단산방화,,마천방화,방화하남검단산
8:56,,10:22,10:24
상일동방화,,하남검단산방화,방화마천
8:59,,10:29,10:31
마천방화,,마천방화,방화하남검단산
9:03,9:02,10:35,10:37
하남검단산방화,방화마천,하남검단산방화,방화마천
9:06,9:06,10:42,10:44
마천방화,방화상일동,마천방화,방화하남검단산
9:09,9:09,10:48,10:50
하남검단산방화,방화마천,하남검단산방화,방화마천
9:13,9:12,10:55,10:57
마천방화,방화하남검단산,마천방화,방화하남검단산
9:17,9:16,11:01,11:03
하남검단산방화,방화마천,하남검단산방화,방화마천
9:21,9:19,11:08,11:10
마천방화,방화하남검단산,마천방화,방화하남검단산
9:25,9:23,11:14,11:16
하남검단산방화,방화마천,하남검단산방화,방화마천
9:29,9:27,11:21,11:23
마천방화,방화하남검단산,마천방화,방화하남검단산
9:33,9:31,11:27,11:29
하남검단산방화,방화마천,하남검단산방화,방화마천
9:38,9:35,11:34,11:36
마천방화,방화상일동,마천방화,방화하남검단산
9:42,9:39,11:40,11:42
하남검단산방화,방화마천,하남검단산방화,방화마천
9:48,9:43,11:47,11:49
마천방화,방화하남검단산,마천방화,방화하남검단산
9:52,9:47,11:53,11:55
하남검단산방화,방화마천,하남검단산방화,방화마천
9:58,9:50,12:00,12:02
마천방화,방화하남검단산,마천방화,방화하남검단산
,9:55,12:06,12:08
,방화마천,하남검단산방화,방화마천
,9:59,12:13,12:15
,방화하남검단산,마천방화,방화하남검단산
10:03,10:04,12:19,12:21
하남검단산방화,방화마천,하남검단산방화,방화마천
10:08,10:09,12:26,12:28
마천방화,방화하남검단산,마천방화,방화하남검단산
10:13,10:14,12:32,12:34
하남검단산방화,방화마천,하남검단산방화,방화마천
10:19,10:19,12:39,12:41
마천방화,방화하남검단산,마천방화,방화하남검단산
10:25,10:24,12:45,12:47
하남검단산방화,방화마천,하남검단산방화,방화마천
10:30,10:30,12:52,12:54
마천방화,방화하남검단산,마천방화,방화하남검단산
10:36,10:36,12:58,
하남검단산방화,방화마천,하남검단산방화,
10:42,10:43,13:05,13:00
마천방화,방화하남검단산,마천방화,방화마천
10:48,10:49,13:11,13:07
하남검단산방화,방화마천,하남검단산방화,방화하남검단산
10:54,10:56,13:18,13:13
마천방화,방화하남검단산,마천방화,방화마천
11:00,11:02,13:24,13:20
하남검단산방화,방화마천,하남검단산방화,방화하남검단산
11:07,11:09,13:31,13:26
마천방화,방화하남검단산,마천방화,방화마천
11:13,11:15,13:37,13:33
하남검단산방화,방화마천,하남검단산방화,방화하남검단산
11:20,11:22,13:44,13:39
마천방화,방화하남검단산,마천방화,방화마천
11:26,11:28,13:50,13:46
하남검단산방화,방화마천,하남검단산방화,방화하남검단산
11:33,11:35,13:57,13:52
마천방화,방화하남검단산,마천방화,방화마천
11:39,11:41,,13:59
하남검단산방화,방화마천,,방화하남검단산
11:46,11:48,14:03,14:05
마천방화,방화하남검단산,하남검단산방화,방화마천
11:52,11:54,14:10,14:12
하남검단산방화,방화마천,마천방화,방화하남검단산
11:59,,14:16,14:18
마천방화,,하남검단산방화,방화마천
12:05,12:01,14:23,14:25
하남검단산방화,방화하남검단산,마천방화,방화하남검단산
12:12,12:07,14:29,14:31
마천방화,방화마천,하남검단산방화,방화마천
12:18,12:14,14:36,14:38
하남검단산방화,방화하남검단산,마천방화,방화하남검단산
12:25,12:20,14:42,14:44
마천방화,방화마천,하남검단산방화,방화마천
12:31,12:27,14:49,14:51
하남검단산방화,방화하남검단산,마천방화,방화하남검단산
12:38,12:33,14:55,14:57
마천방화,방화마천,하남검단산방화,방화마천
12:44,12:40,15:02,15:04
하남검단산방화,방화하남검단산,마천방화,방화하남검단산
12:51,12:46,15:08,15:10
마천방화,방화마천,하남검단산방화,방화마천
12:57,12:53,15:15,15:17
하남검단산방화,방화하남검단산,마천방화,방화하남검단산
,12:59,15:21,15:23
,방화마천,하남검단산방화,방화마천
13:04,13:06,15:28,15:30
마천방화,방화하남검단산,마천방화,방화하남검단산
13:10,13:12,15:34,15:36
하남검단산방화,방화마천,하남검단산방화,방화마천
13:17,13:19,15:41,15:43
마천방화,방화하남검단산,마천방화,방화하남검단산
13:23,13:25,15:47,15:49
하남검단산방화,방화마천,하남검단산방화,방화마천
13:30,13:32,15:54,15:56
마천방화,방화하남검단산,마천방화,방화하남검단산
13:36,13:38,16:00,16:02
하남검단산방화,방화마천,하남검단산방화,방화마천
13:43,13:45,16:07,16:09
마천방화,방화하남검단산,마천방화,방화하남검단산
13:49,13:51,16:13,16:15
하남검단산방화,방화마천,하남검단산방화,방화마천
13:56,13:58,16:20,16:22
마천방화,방화하남검단산,마천방화,방화하남검단산
14:02,14:04,16:26,16:28
하남검단산방화,방화마천,하남검단산방화,방화마천
14:09,14:11,16:33,16:35
마천방화,방화하남검단산,마천방화,방화하남검단산
14:15,14:17,16:39,16:41
하남검단산방화,방화마천,하남검단산방화,방화마천
14:22,14:24,16:46,16:48
마천방화,방화하남검단산,마천방화,방화하남검단산
14:28,14:30,16:52,16:54
하남검단산방화,방화마천,하남검단산방화,방화마천
14:35,14:37,16:59,
마천방화,방화하남검단산,마천방화,
14:41,14:43,17:05,17:01
하남검단산방화,방화마천,하남검단산방화,방화하남검단산
14:48,14:50,17:12,17:07
마천방화,방화하남검단산,마천방화,방화마천
14:54,14:56,17:18,17:14
하남검단산방화,방화마천,하남검단산방화,방화하남검단산
15:01,15:03,17:25,17:20
마천방화,방화하남검단산,마천방화,방화마천
15:07,15:09,17:31,17:27
하남검단산방화,방화마천,하남검단산방화,방화하남검단산
15:14,15:16,17:38,17:33
마천방화,방화하남검단산,마천방화,방화마천
15:20,15:22,17:44,17:40
하남검단산방화,방화마천,하남검단산방화,방화하남검단산
15:27,15:29,17:51,17:46
마천방화,방화하남검단산,마천방화,방화마천
15:33,15:35,17:57,17:53
하남검단산방화,방화마천,하남검단산방화,방화하남검단산
15:40,15:42,,17:59
마천방화,방화하남검단산,,방화마천
15:46,15:48,18:04,18:06
하남검단산방화,방화마천,마천방화,방화하남검단산
15:53,15:55,18:10,18:12
마천방화,방화하남검단산,하남검단산방화,방화마천
15:59,,18:17,18:19
하남검단산방화,,마천방화,방화하남검단산
16:06,16:01,18:23,18:25
마천방화,방화마천,하남검단산방화,방화마천
16:12,16:08,18:30,18:32
하남검단산방화,방화하남검단산,마천방화,방화하남검단산
16:19,16:14,18:36,18:38
마천방화,방화마천,하남검단산방화,방화마천
16:25,16:21,18:43,18:45
하남검단산방화,방화하남검단산,마천방화,방화하남검단산
16:32,16:27,18:49,18:51
마천방화,방화마천,하남검단산방화,방화마천
16:38,16:34,18:56,18:58
하남검단산방화,방화하남검단산,마천방화,방화하남검단산
16:45,16:40,19:02,19:04
마천방화,방화마천,하남검단산방화,방화마천
16:51,16:47,19:09,19:11
하남검단산방화,방화하남검단산,마천방화,방화하남검단산
16:58,16:53,19:15,19:17
마천방화,방화마천,하남검단산방화,방화마천
17:04,17:00,19:22,19:24
하남검단산방화,방화하남검단산,마천방화,방화하남검단산
17:11,17:06,19:28,19:30
마천방화,방화마천,하남검단산방화,방화마천
17:17,17:12,19:35,19:37
하남검단산방화,방화하남검단산,마천방화,방화하남검단산
17:24,17:18,19:41,19:43
마천방화,방화마천,하남검단산방화,방화마천
17:30,17:24,19:48,19:50
하남검단산방화,방화하남검단산,마천방화,방화하남검단산
17:37,17:30,19:54,19:56
마천방화,방화마천,하남검단산방화,방화마천
17:43,17:36,20:01,20:03
하남검단산방화,방화하남검단산,마천방화,방화하남검단산
17:48,17:41,20:07,20:09
마천방화,방화마천,하남검단산방화,방화마천
17:53,17:46,20:14,20:16
하남검단산방화,방화하남검단산,마천방화,방화하남검단산
17:57,17:50,20:20,20:22
마천방화,방화마천,하남검단산방화,방화마천
,17:54,20:27,20:29
,방화하남검단산,마천방화,방화하남검단산
,17:58,20:33,20:35
,방화마천,하남검단산방화,방화마천
18:01,18:02,20:40,20:42
하남검단산방화,방화하남검단산,마천방화,방화하남검단산
18:05,18:06,20:46,20:48
마천방화,방화마천,하남검단산방화,방화마천
18:08,18:09,20:53,20:55
상일동방화,방화하남검단산,마천방화,방화하남검단산
18:13,18:13,20:59,
마천방화,방화마천,하남검단산방화,
18:16,18:16,21:06,21:01
하남검단산방화,방화하남검단산,마천방화,방화마천
18:20,18:19,21:12,21:08
마천방화,방화마천,하남검단산방화,방화하남검단산
18:23,18:22,21:19,21:14
하남검단산방화,방화하남검단산,마천방화,방화마천
18:27,18:25,21:25,21:21
마천방화,방화마천,하남검단산방화,방화하남검단산
18:30,18:28,21:32,21:27
상일동방화,방화하남검단산,마천방화,방화마천
18:33,18:31,21:38,21:34
마천방화,방화마천,하남검단산방화,방화하남검단산
18:36,18:34,21:45,21:40
하남검단산방화,방화하남검단산,마천방화,방화마천
18:39,18:37,21:51,21:47
마천방화,방화마천,하남검단산방화,방화하남검단산
18:43,18:40,21:58,21:53
하남검단산방화,방화하남검단산,마천방화,방화마천
18:47,18:43,22:04,22:00
마천방화,방화마천,하남검단산방화,방화하남검단산
18:51,18:46,22:11,22:06
하남검단산방화,방화하남검단산,마천방화,방화마천
18:55,18:49,22:17,22:13
마천방화,방화마천,하남검단산방화,방화하남검단산
18:59,18:52,22:24,22:19
상일동방화,방화하남검단산,마천방화,방화마천
,18:56,22:31,22:26
,방화마천,하남검단산방화,방화하남검단산
,18:59,22:38,22:34
,방화하남검단산,마천방화,방화마천
19:03,19:04,22:46,22:41
마천방화,방화마천,하남검단산방화,방화하남검단산
19:07,19:09,22:55,22:49
하남검단산방화,방화하남검단산,마천방화,방화마천
19:11,19:14,,22:57
마천방화,방화마천,,방화상일동
19:16,19:19,23:04,23:05
하남검단산방화,방화하남검단산,하남검단산방화,방화마천
19:23,19:25,23:14,23:13막
마천방화,방화마천,마천방화,방화하남검단산
19:29,19:31,23:24막,23:21막
하남검단산방화,방화하남검단산,하남검단산방화,방화마천
19:35,19:38,23:36막,23:30
마천방화,방화마천,마천화곡,방화상일동
19:42,19:44,23:45막,23:38막
하남검단산방화,방화하남검단산,하남검단산여의도,방화상일동
19:48,19:51,23:56막,23:46막
마천방화,방화마천,마천애오개,방화군자
19:55,19:57,,23:54막
하남검단산방화,방화하남검단산,,방화왕십리
20:01,20:04,,
마천방화,방화마천,,
20:08,20:11,,
하남검단산방화,방화하남검단산,,
20:14,20:17,,
마천방화,방화마천,,
20:21,20:23,,
하남검단산방화,방화하남검단산,,
20:27,20:30,,
마천방화,방화마천,,
20:34,20:36,,
하남검단산방화,방화하남검단산,,
20:40,20:43,,
마천방화,방화마천,,
20:47,20:49,,
하남검단산방화,방화하남검단산,,
20:53,20:56,,
마천방화,방화마천,,
21:00,21:02,,
하남검단산방화,방화하남검단산,,
21:06,21:09,,
마천방화,방화마천,,
21:13,21:15,,
하남검단산방화,방화하남검단산,,
21:19,21:22,,
마천방화,방화마천,,
21:26,21:28,,
하남검단산방화,방화하남검단산,,
21:32,21:35,,
마천방화,방화마천,,
21:39,21:41,,
하남검단산방화,방화하남검단산,,
21:45,21:48,,
마천방화,방화마천,,
21:52,21:54,,
하남검단산방화,방화하남검단산,,
21:58,,,
마천방화,,,
22:05,22:01,,
하남검단산방화,방화마천,,
22:12,22:07,,
마천방화,방화하남검단산,,
22:19,22:14,,
하남검단산방화,방화마천,,
22:26,22:20,,
마천방화,방화하남검단산,,
22:33,22:27,,
하남검단산방화,방화마천,,
22:40,22:35,,
마천방화,방화하남검단산,,
22:48,22:43,,
하남검단산방화,방화마천,,
22:56,22:50,,
마천방화,방화하남검단산,,
,22:58,,
,방화마천,,
23:04,23:06,,
하남검단산방화,방화하남검단산,,
23:12,23:14,,
마천방화,방화마천,,
23:22,23:23,,
하남검단산방화,방화하남검단산,,
23:34,23:31,,
마천방화,방화마천,,
23:46,23:40,,
하남검단산방화,방화하남검단산,,
23:59,23:49,,
마천방화,방화마천,,
,23:58막,,
,방화하남검단산,,
00:13막,00:06막,,
하남검단산방화,방화마천,,
00:33막,0:14,,
마천여의도,방화군자,,
00:53막,00:22막,,
하남검단산애오개,방화상일동,,
,00:40막,,
,방화군자,,
