﻿공덕방면,충정로방면,공덕방면,충정로방면
평일,평일,주말,주말
05:37첫,05:40첫,05:37첫,05:40첫
애오개방화,애오개마천,애오개방화,애오개마천
5:48,05:54첫,5:48,05:54첫
왕십리방화,화곡하남검단산,왕십리방화,화곡하남검단산
5:58,,5:58,
군자방화,,군자방화,
6:07,6:01,6:07,6:01
강동방화,화곡마천,강동방화,화곡마천
6:14,6:09,6:14,6:09
상일동방화,방화하남검단산,상일동방화,방화하남검단산
6:19,6:16,6:22,6:16
마천방화,방화마천,마천방화,방화마천
6:27,6:23,6:30,6:24
하남검단산방화,방화하남검단산,하남검단산방화,방화하남검단산
6:33,6:30,6:37,6:31
마천방화,방화마천,마천방화,방화마천
6:38,6:37,6:44,6:38
상일동방화,방화하남검단산,상일동방화,방화하남검단산
6:44,6:43,6:51,6:45
마천방화,방화마천,마천방화,방화마천
6:50,6:50,6:58,6:52
하남검단산방화,방화하남검단산,하남검단산방화,방화하남검단산
6:56,6:56,,6:59
마천방화,방화마천,,방화마천
7:02,7:02,7:05,7:06
상일동방화,방화하남검단산,마천방화,방화하남검단산
7:07,7:07,7:12,7:13
마천방화,방화마천,상일동방화,방화마천
7:13,7:14,7:19,7:20
하남검단산방화,방화하남검단산,마천방화,방화하남검단산
7:18,7:19,7:26,7:27
마천방화,방화마천,하남검단산방화,방화마천
7:23,7:24,7:33,7:34
상일동방화,방화하남검단산,마천방화,방화하남검단산
7:28,7:29,7:40,7:41
마천방화,방화마천,하남검단산방화,방화마천
7:33,7:34,7:47,7:47
하남검단산방화,방화하남검단산,마천방화,방화하남검단산
7:38,7:39,7:53,7:54
마천방화,방화마천,하남검단산방화,방화마천
7:43,7:44,8:00,8:00
하남검단산방화,방화하남검단산,마천방화,방화하남검단산
7:47,7:48,8:06,8:07
마천방화,방화마천,하남검단산방화,방화마천
7:52,7:53,8:13,8:13
하남검단산방화,방화하남검단산,마천방화,방화하남검단산
7:56,7:57,8:19,8:20
마천방화,방화마천,하남검단산방화,방화마천
8:01,8:02,8:26,8:26
상일동방화,방화상일동,마천방화,방화하남검단산
8:05,8:07,8:32,8:33
마천방화,방화마천,하남검단산방화,방화마천
8:09,8:11,8:39,8:39
하남검단산방화,방화하남검단산,마천방화,방화하남검단산
8:13,8:15,8:45,8:46
마천방화,방화마천,하남검단산방화,방화마천
8:17,8:19,8:52,8:52
하남검단산방화,방화하남검단산,마천방화,방화하남검단산
8:21,8:23,8:58,8:59
마천방화,방화마천,하남검단산방화,방화마천
8:24,8:26,9:05,9:05
하남검단산방화,방화상일동,마천방화,방화하남검단산
8:27,8:30,9:11,9:12
마천방화,방화마천,하남검단산방화,방화마천
8:31,8:33,9:18,9:18
상일동방화,방화하남검단산,마천방화,방화하남검단산
8:34,8:37,9:24,9:25
마천방화,방화마천,하남검단산방화,방화마천
8:38,8:40,9:31,9:31
하남검단산방화,방화하남검단산,마천방화,방화하남검단산
8:40,8:43,9:37,9:38
마천방화,방화마천,하남검단산방화,방화마천
8:43,8:45,9:44,9:44
하남검단산방화,방화상일동,마천방화,방화하남검단산
8:45,8:48,9:50,9:51
마천방화,방화마천,하남검단산방화,방화마천
8:48,8:51,9:57,9:57
상일동방화,방화하남검단산,마천방화,방화하남검단산
8:50,8:54,10:03,10:04
하남검단산방화,방화마천,하남검단산방화,방화마천
8:53,8:58,10:10,10:10
마천방화,방화상일동,마천방화,방화하남검단산
8:55,,10:16,10:17
상일동방화,,하남검단산방화,방화마천
8:58,,10:23,10:23
마천방화,,마천방화,방화하남검단산
9:01,9:01,10:29,10:30
하남검단산방화,방화마천,하남검단산방화,방화마천
9:03,9:05,10:36,10:36
상일동방화,방화하남검단산,마천방화,방화하남검단산
9:06,9:08,10:42,10:43
마천방화,방화마천,하남검단산방화,방화마천
9:10,9:12,10:49,10:49
하남검단산방화,방화하남검단산,마천방화,방화하남검단산
9:13,9:16,10:55,10:56
마천방화,방화마천,하남검단산방화,방화마천
9:16,9:20,11:02,11:02
하남검단산방화,방화하남검단산,마천방화,방화하남검단산
9:20,9:23,11:08,11:09
마천방화,방화마천,하남검단산방화,방화마천
9:24,9:27,11:15,11:15
하남검단산방화,방화상일동,마천방화,방화하남검단산
9:28,9:31,11:21,11:22
마천방화,방화마천,하남검단산방화,방화마천
9:32,9:35,11:28,11:28
하남검단산방화,방화하남검단산,마천방화,방화하남검단산
9:36,9:39,11:34,11:35
마천방화,방화마천,하남검단산방화,방화마천
9:40,9:43,11:41,11:41
하남검단산방화,방화하남검단산,마천방화,방화하남검단산
9:45,9:47,11:47,11:48
마천방화,방화마천,하남검단산방화,방화마천
9:49,9:52,11:54,11:54
하남검단산방화,방화하남검단산,마천방화,방화하남검단산
9:55,9:57,12:00,12:01
마천방화,방화마천,하남검단산방화,방화마천
9:59,,12:07,12:07
하남검단산방화,,마천방화,방화하남검단산
10:05,10:02,12:13,12:14
마천방화,방화하남검단산,하남검단산방화,방화마천
10:10,10:06,12:20,12:20
하남검단산방화,방화마천,마천방화,방화하남검단산
10:15,10:11,12:26,12:27
마천방화,방화하남검단산,하남검단산방화,방화마천
10:20,10:16,12:33,12:33
하남검단산방화,방화마천,마천방화,방화하남검단산
10:26,10:22,12:39,12:40
마천방화,방화하남검단산,하남검단산방화,방화마천
10:32,10:29,12:46,12:46
하남검단산방화,방화마천,마천방화,방화하남검단산
10:37,10:35,12:52,12:53
마천방화,방화하남검단산,하남검단산방화,방화마천
10:43,10:42,12:59,12:59
하남검단산방화,방화마천,마천방화,방화하남검단산
10:49,10:48,13:05,13:06
마천방화,방화하남검단산,하남검단산방화,방화마천
10:55,10:54,13:12,13:12
하남검단산방화,방화마천,마천방화,방화하남검단산
11:01,11:01,13:18,13:19
마천방화,방화하남검단산,하남검단산방화,방화마천
11:07,11:08,13:25,13:25
하남검단산방화,방화마천,마천방화,방화하남검단산
11:14,11:14,13:31,13:32
마천방화,방화하남검단산,하남검단산방화,방화마천
11:20,11:21,13:38,13:38
하남검단산방화,방화마천,마천방화,방화하남검단산
11:27,11:27,13:44,13:45
마천방화,방화하남검단산,하남검단산방화,방화마천
11:33,11:34,13:51,13:51
하남검단산방화,방화마천,마천방화,방화하남검단산
11:40,11:40,13:57,13:58
마천방화,방화하남검단산,하남검단산방화,방화마천
11:46,11:47,14:04,14:04
하남검단산방화,방화마천,마천방화,방화하남검단산
11:53,11:53,14:10,14:11
마천방화,방화하남검단산,하남검단산방화,방화마천
11:59,,14:17,14:17
하남검단산방화,,마천방화,방화하남검단산
12:06,12:00,14:23,14:24
마천방화,방화마천,하남검단산방화,방화마천
12:12,12:06,14:30,14:30
하남검단산방화,방화하남검단산,마천방화,방화하남검단산
12:19,12:13,14:36,14:37
마천방화,방화마천,하남검단산방화,방화마천
12:25,12:19,14:43,14:43
하남검단산방화,방화하남검단산,마천방화,방화하남검단산
12:32,12:26,14:49,14:50
마천방화,방화마천,하남검단산방화,방화마천
12:38,12:32,14:56,14:56
하남검단산방화,방화하남검단산,마천방화,방화하남검단산
12:45,12:39,15:02,15:03
마천방화,방화마천,하남검단산방화,방화마천
12:51,12:45,15:09,15:09
하남검단산방화,방화하남검단산,마천방화,방화하남검단산
12:58,12:52,15:15,15:16
마천방화,방화마천,하남검단산방화,방화마천
,12:58,15:22,15:22
,방화하남검단산,마천방화,방화하남검단산
13:04,13:05,15:28,15:29
하남검단산방화,방화마천,하남검단산방화,방화마천
13:11,13:11,15:35,15:35
마천방화,방화하남검단산,마천방화,방화하남검단산
13:17,13:18,15:41,15:42
하남검단산방화,방화마천,하남검단산방화,방화마천
13:24,13:24,15:48,15:48
마천방화,방화하남검단산,마천방화,방화하남검단산
13:30,13:31,15:54,15:55
하남검단산방화,방화마천,하남검단산방화,방화마천
13:37,13:37,16:01,16:01
마천방화,방화하남검단산,마천방화,방화하남검단산
13:43,13:44,16:07,16:08
하남검단산방화,방화마천,하남검단산방화,방화마천
13:50,13:50,16:14,16:14
마천방화,방화하남검단산,마천방화,방화하남검단산
13:56,13:57,16:20,16:21
하남검단산방화,방화마천,하남검단산방화,방화마천
14:03,14:03,16:27,16:27
마천방화,방화하남검단산,마천방화,방화하남검단산
14:09,14:10,16:33,16:34
하남검단산방화,방화마천,하남검단산방화,방화마천
14:16,14:16,16:40,16:40
마천방화,방화하남검단산,마천방화,방화하남검단산
14:22,14:23,16:46,16:47
하남검단산방화,방화마천,하남검단산방화,방화마천
14:29,14:29,16:53,16:53
마천방화,방화하남검단산,마천방화,방화하남검단산
14:35,14:36,16:59,
하남검단산방화,방화마천,하남검단산방화,
14:42,14:42,17:06,17:00
마천방화,방화하남검단산,마천방화,방화마천
14:48,14:49,17:12,17:06
하남검단산방화,방화마천,하남검단산방화,방화하남검단산
14:55,14:55,17:19,17:13
마천방화,방화하남검단산,마천방화,방화마천
15:01,15:02,17:25,17:19
하남검단산방화,방화마천,하남검단산방화,방화하남검단산
15:08,15:08,17:32,17:26
마천방화,방화하남검단산,마천방화,방화마천
15:14,15:15,17:38,17:32
하남검단산방화,방화마천,하남검단산방화,방화하남검단산
15:21,15:21,17:45,17:39
마천방화,방화하남검단산,마천방화,방화마천
15:27,15:28,17:51,17:45
하남검단산방화,방화마천,하남검단산방화,방화하남검단산
15:34,15:34,17:58,17:52
마천방화,방화하남검단산,마천방화,방화마천
15:40,15:41,,17:58
하남검단산방화,방화마천,,방화하남검단산
15:47,15:47,18:04,18:05
마천방화,방화하남검단산,하남검단산방화,방화마천
15:53,15:54,18:11,18:11
하남검단산방화,방화마천,마천방화,방화하남검단산
16:00,16:00,18:17,18:18
마천방화,방화하남검단산,하남검단산방화,방화마천
16:06,16:07,18:24,18:24
하남검단산방화,방화마천,마천방화,방화하남검단산
16:13,16:13,18:30,18:31
마천방화,방화하남검단산,하남검단산방화,방화마천
16:19,16:20,18:37,18:37
하남검단산방화,방화마천,마천방화,방화하남검단산
16:26,16:26,18:43,18:44
마천방화,방화하남검단산,하남검단산방화,방화마천
16:32,16:33,18:50,18:50
하남검단산방화,방화마천,마천방화,방화하남검단산
16:39,16:39,18:56,18:57
마천방화,방화하남검단산,하남검단산방화,방화마천
16:45,16:46,19:03,19:03
하남검단산방화,방화마천,마천방화,방화하남검단산
16:52,16:52,19:09,19:10
마천방화,방화하남검단산,하남검단산방화,방화마천
16:58,16:59,19:16,19:16
하남검단산방화,방화마천,마천방화,방화하남검단산
17:05,17:05,19:22,19:23
마천방화,방화하남검단산,하남검단산방화,방화마천
17:11,17:11,19:29,19:29
하남검단산방화,방화마천,마천방화,방화하남검단산
17:18,17:17,19:35,19:36
마천방화,방화하남검단산,하남검단산방화,방화마천
17:24,17:23,19:42,19:42
하남검단산방화,방화마천,마천방화,방화하남검단산
17:31,17:29,19:48,19:49
마천방화,방화하남검단산,하남검단산방화,방화마천
17:37,17:34,19:55,19:55
하남검단산방화,방화마천,마천방화,방화하남검단산
17:44,17:39,20:01,20:02
마천방화,방화하남검단산,하남검단산방화,방화마천
17:50,17:43,20:08,20:08
하남검단산방화,방화마천,마천방화,방화하남검단산
17:55,17:47,20:14,20:15
마천방화,방화하남검단산,하남검단산방화,방화마천
,17:51,20:21,20:21
,방화마천,마천방화,방화하남검단산
,17:55,20:27,20:28
,방화하남검단산,하남검단산방화,방화마천
,17:58,20:34,20:34
,방화마천,마천방화,방화하남검단산
18:00,18:02,20:40,20:41
하남검단산방화,방화하남검단산,하남검단산방화,방화마천
18:04,18:05,20:47,20:47
마천방화,방화마천,마천방화,방화하남검단산
18:08,18:09,20:53,20:54
하남검단산방화,방화하남검단산,하남검단산방화,방화마천
18:12,18:12,21:00,21:00
마천방화,방화마천,마천방화,방화하남검단산
18:15,18:15,21:06,21:07
상일동방화,방화하남검단산,하남검단산방화,방화마천
18:20,18:18,21:13,21:13
마천방화,방화마천,마천방화,방화하남검단산
18:23,18:21,21:19,21:20
하남검단산방화,방화하남검단산,하남검단산방화,방화마천
18:27,18:24,21:26,21:26
마천방화,방화마천,마천방화,방화하남검단산
18:30,18:27,21:32,21:33
하남검단산방화,방화하남검단산,하남검단산방화,방화마천
18:34,18:30,21:39,21:39
마천방화,방화마천,마천방화,방화하남검단산
18:37,18:33,21:45,21:46
상일동방화,방화하남검단산,하남검단산방화,방화마천
18:40,18:36,21:52,21:52
마천방화,방화마천,마천방화,방화하남검단산
18:43,18:39,21:58,21:59
하남검단산방화,방화하남검단산,하남검단산방화,방화마천
18:46,18:42,22:05,22:05
마천방화,방화마천,마천방화,방화하남검단산
18:50,18:45,22:11,22:12
하남검단산방화,방화하남검단산,하남검단산방화,방화마천
18:54,18:48,22:18,22:19
마천방화,방화마천,마천방화,방화하남검단산
18:58,18:52,22:24,22:26
하남검단산방화,방화하남검단산,하남검단산방화,방화마천
,18:57,22:31,22:34
,방화마천,마천방화,방화하남검단산
19:02,19:02,22:38,22:41
마천방화,방화하남검단산,하남검단산방화,방화마천
19:06,19:07,22:45,22:49
상일동방화,방화마천,마천방화,방화상일동
19:10,19:12,22:53,22:57
마천방화,방화하남검단산,하남검단산방화,방화마천
19:14,19:18,23:02,23:05막
하남검단산방화,방화마천,마천방화,방화하남검단산
19:18,19:24,23:11,23:13막
마천방화,방화하남검단산,하남검단산방화,방화마천
19:23,19:30,23:21,23:23
하남검단산방화,방화마천,마천방화,방화상일동
19:30,19:37,23:31막,23:31막
마천방화,방화하남검단산,하남검단산방화,방화상일동
19:36,19:43,23:43막,23:39막
하남검단산방화,방화마천,마천화곡,방화군자
19:42,19:50,23:52막,23:47막
마천방화,방화하남검단산,하남검단산여의도,방화왕십리
19:49,19:56,,
하남검단산방화,방화마천,,
19:55,,,
마천방화,,,
20:02,20:04,,
하남검단산방화,방화하남검단산,,
20:08,20:09,,
마천방화,방화마천,,
20:15,20:16,,
하남검단산방화,방화하남검단산,,
20:21,20:22,,
마천방화,방화마천,,
20:28,20:29,,
하남검단산방화,방화하남검단산,,
20:34,20:35,,
마천방화,방화마천,,
20:41,20:42,,
하남검단산방화,방화하남검단산,,
20:47,20:48,,
마천방화,방화마천,,
20:54,20:55,,
하남검단산방화,방화하남검단산,,
21:00,21:01,,
마천방화,방화마천,,
21:07,21:08,,
하남검단산방화,방화하남검단산,,
21:13,21:14,,
마천방화,방화마천,,
21:20,21:21,,
하남검단산방화,방화하남검단산,,
21:26,21:27,,
마천방화,방화마천,,
21:33,21:34,,
하남검단산방화,방화하남검단산,,
21:39,21:40,,
마천방화,방화마천,,
21:46,21:47,,
하남검단산방화,방화하남검단산,,
21:52,21:53,,
마천방화,방화마천,,
21:59,,,
하남검단산방화,,,
22:05,22:00,,
마천방화,방화하남검단산,,
22:12,22:06,,
하남검단산방화,방화마천,,
22:19,22:13,,
마천방화,방화하남검단산,,
22:26,22:19,,
하남검단산방화,방화마천,,
22:33,22:28,,
마천방화,방화하남검단산,,
22:40,22:35,,
하남검단산방화,방화마천,,
22:47,22:43,,
마천방화,방화하남검단산,,
22:55,22:50,,
하남검단산방화,방화마천,,
,22:59,,
,방화하남검단산,,
23:03,23:07,,
마천방화,방화마천,,
23:11,23:15,,
하남검단산방화,방화하남검단산,,
23:19,23:24,,
마천방화,방화마천,,
23:29,23:33,,
하남검단산방화,방화하남검단산,,
23:41,23:42,,
마천방화,방화마천,,
23:53,23:51막,,
하남검단산방화,방화하남검단산,,
,23:59막,,
,방화마천,,
0:06,0:07,,
마천방화,방화군자,,
00:20막,00:15막,,
하남검단산방화,방화상일동,,
00:40막,00:33막,,
마천여의도,방화군자,,
