﻿충정로방면,광화문방면,충정로방면,광화문방면
평일,평일,주말,주말
05:45첫,05:43첫,05:45첫,05:43첫
왕십리방화,애오개마천,왕십리방화,애오개마천
5:55,05:57첫,5:55,05:57첫
군자방화,화곡하남검단산,군자방화,화곡하남검단산
6:03,6:04,6:03,6:04
강동방화,화곡마천,강동방화,화곡마천
6:11,6:12,6:11,6:12
상일동방화,방화하남검단산,상일동방화,방화하남검단산
6:16,6:19,6:19,6:19
마천방화,방화마천,마천방화,방화마천
6:24,6:26,6:27,6:27
하남검단산방화,방화하남검단산,하남검단산방화,방화하남검단산
6:30,6:33,6:34,6:34
마천방화,방화마천,마천방화,방화마천
6:35,6:40,6:41,6:41
상일동방화,방화하남검단산,상일동방화,방화하남검단산
6:41,6:46,6:48,6:48
마천방화,방화마천,마천방화,방화마천
6:47,6:53,6:55,6:55
하남검단산방화,방화하남검단산,하남검단산방화,방화하남검단산
6:53,6:59,7:02,7:02
마천방화,방화마천,마천방화,방화마천
6:59,,7:09,7:09
상일동방화,,상일동방화,방화하남검단산
7:04,7:05,7:16,7:16
마천방화,방화하남검단산,마천방화,방화마천
7:10,7:10,7:23,7:23
하남검단산방화,방화마천,하남검단산방화,방화하남검단산
7:15,7:17,7:30,7:30
마천방화,방화하남검단산,마천방화,방화마천
7:20,7:22,7:37,7:37
상일동방화,방화마천,하남검단산방화,방화하남검단산
7:25,7:28,7:44,7:44
마천방화,방화하남검단산,마천방화,방화마천
7:30,7:33,7:50,7:50
하남검단산방화,방화마천,하남검단산방화,방화하남검단산
7:35,7:38,7:57,7:57
마천방화,방화하남검단산,마천방화,방화마천
7:40,7:42,8:03,8:03
하남검단산방화,방화마천,하남검단산방화,방화하남검단산
7:44,7:47,8:10,8:10
마천방화,방화하남검단산,마천방화,방화마천
7:49,7:52,8:16,8:16
하남검단산방화,방화마천,하남검단산방화,방화하남검단산
7:53,7:56,8:23,8:23
마천방화,방화하남검단산,마천방화,방화마천
7:58,,8:29,8:29
상일동방화,,하남검단산방화,방화하남검단산
8:02,8:01,8:36,8:36
마천방화,방화마천,마천방화,방화마천
8:06,8:06,8:42,8:42
하남검단산방화,방화상일동,하남검단산방화,방화하남검단산
8:10,8:10,8:49,8:49
마천방화,방화마천,마천방화,방화마천
8:14,8:14,8:55,8:55
하남검단산방화,방화하남검단산,하남검단산방화,방화하남검단산
8:18,8:18,9:02,9:02
마천방화,방화마천,마천방화,방화마천
8:21,8:22,9:08,9:08
하남검단산방화,방화하남검단산,하남검단산방화,방화하남검단산
8:24,8:26,9:15,9:15
마천방화,방화마천,마천방화,방화마천
8:28,8:30,9:21,9:21
상일동방화,방화상일동,하남검단산방화,방화하남검단산
8:31,8:33,9:28,9:28
마천방화,방화마천,마천방화,방화마천
8:34,8:37,9:34,9:34
하남검단산방화,방화하남검단산,하남검단산방화,방화하남검단산
8:37,8:40,9:41,9:41
마천방화,방화마천,마천방화,방화마천
8:39,8:44,9:47,9:47
하남검단산방화,방화하남검단산,하남검단산방화,방화하남검단산
8:42,8:47,9:54,9:54
마천방화,방화마천,마천방화,방화마천
8:44,8:49,10:00,10:00
상일동방화,방화상일동,하남검단산방화,방화하남검단산
8:47,8:52,10:07,10:07
하남검단산방화,방화마천,마천방화,방화마천
8:49,8:55,10:13,10:13
마천방화,방화하남검단산,하남검단산방화,방화하남검단산
8:52,8:58,10:20,10:20
상일동방화,방화마천,마천방화,방화마천
8:54,,10:26,10:26
마천방화,,하남검단산방화,방화하남검단산
8:57,,10:33,10:33
하남검단산방화,,마천방화,방화마천
9:00,9:02,10:39,10:39
상일동방화,방화상일동,하남검단산방화,방화하남검단산
9:03,9:05,10:46,10:46
마천방화,방화마천,마천방화,방화마천
9:07,9:08,10:52,10:52
하남검단산방화,방화하남검단산,하남검단산방화,방화하남검단산
9:10,9:12,10:59,10:59
마천방화,방화마천,마천방화,방화마천
9:13,9:15,11:05,11:05
하남검단산방화,방화하남검단산,하남검단산방화,방화하남검단산
9:17,9:19,11:12,11:12
마천방화,방화마천,마천방화,방화마천
9:21,9:23,11:18,11:18
하남검단산방화,방화하남검단산,하남검단산방화,방화하남검단산
9:25,9:27,11:25,11:25
마천방화,방화마천,마천방화,방화마천
9:29,9:31,11:31,11:31
하남검단산방화,방화상일동,하남검단산방화,방화하남검단산
9:33,9:35,11:38,11:38
마천방화,방화마천,마천방화,방화마천
9:37,9:39,11:44,11:44
하남검단산방화,방화하남검단산,하남검단산방화,방화하남검단산
9:42,9:43,11:51,11:51
마천방화,방화마천,마천방화,방화마천
9:46,9:46,11:57,11:57
하남검단산방화,방화하남검단산,하남검단산방화,방화하남검단산
9:52,9:51,12:04,12:04
마천방화,방화마천,마천방화,방화마천
9:56,9:55,12:10,12:10
하남검단산방화,방화하남검단산,하남검단산방화,방화하남검단산
10:02,10:00,12:17,12:17
마천방화,방화마천,마천방화,방화마천
10:07,10:05,12:23,12:23
하남검단산방화,방화하남검단산,하남검단산방화,방화하남검단산
10:12,10:10,12:30,12:30
마천방화,방화마천,마천방화,방화마천
10:17,10:15,12:36,12:36
하남검단산방화,방화하남검단산,하남검단산방화,방화하남검단산
10:23,10:20,12:43,12:43
마천방화,방화마천,마천방화,방화마천
10:29,10:25,12:49,12:49
하남검단산방화,방화하남검단산,하남검단산방화,방화하남검단산
10:34,10:32,12:56,12:56
마천방화,방화마천,마천방화,방화마천
10:40,10:38,13:02,13:02
하남검단산방화,방화하남검단산,하남검단산방화,방화하남검단산
10:46,10:45,13:09,13:09
마천방화,방화마천,마천방화,방화마천
10:52,10:51,13:15,13:15
하남검단산방화,방화하남검단산,하남검단산방화,방화하남검단산
10:58,10:57,13:22,13:22
마천방화,방화마천,마천방화,방화마천
11:04,11:04,13:28,13:28
하남검단산방화,방화하남검단산,하남검단산방화,방화하남검단산
11:11,11:11,13:35,13:35
마천방화,방화마천,마천방화,방화마천
11:17,11:17,13:41,13:41
하남검단산방화,방화하남검단산,하남검단산방화,방화하남검단산
11:24,11:24,13:48,13:48
마천방화,방화마천,마천방화,방화마천
11:30,11:30,13:54,13:54
하남검단산방화,방화하남검단산,하남검단산방화,방화하남검단산
11:37,11:37,14:01,14:01
마천방화,방화마천,마천방화,방화마천
11:43,11:43,14:07,14:07
하남검단산방화,방화하남검단산,하남검단산방화,방화하남검단산
11:50,11:50,14:14,14:14
마천방화,방화마천,마천방화,방화마천
11:56,11:56,14:20,14:20
하남검단산방화,방화하남검단산,하남검단산방화,방화하남검단산
12:03,12:03,14:27,14:27
마천방화,방화마천,마천방화,방화마천
12:09,12:09,14:33,14:33
하남검단산방화,방화하남검단산,하남검단산방화,방화하남검단산
12:16,12:16,14:40,14:40
마천방화,방화마천,마천방화,방화마천
12:22,12:22,14:46,14:46
하남검단산방화,방화하남검단산,하남검단산방화,방화하남검단산
12:29,12:29,14:53,14:53
마천방화,방화마천,마천방화,방화마천
12:35,12:35,14:59,14:59
하남검단산방화,방화하남검단산,하남검단산방화,방화하남검단산
12:42,12:42,15:06,15:06
마천방화,방화마천,마천방화,방화마천
12:48,12:48,15:12,15:12
하남검단산방화,방화하남검단산,하남검단산방화,방화하남검단산
12:55,12:55,15:19,15:19
마천방화,방화마천,마천방화,방화마천
13:01,13:01,15:25,15:25
하남검단산방화,방화하남검단산,하남검단산방화,방화하남검단산
13:08,13:08,15:32,15:32
마천방화,방화마천,마천방화,방화마천
13:14,13:14,15:38,15:38
하남검단산방화,방화하남검단산,하남검단산방화,방화하남검단산
13:21,13:21,15:45,15:45
마천방화,방화마천,마천방화,방화마천
13:27,13:27,15:51,15:51
하남검단산방화,방화하남검단산,하남검단산방화,방화하남검단산
13:34,13:34,15:58,15:58
마천방화,방화마천,마천방화,방화마천
13:40,13:40,16:04,16:04
하남검단산방화,방화하남검단산,하남검단산방화,방화하남검단산
13:47,13:47,16:11,16:11
마천방화,방화마천,마천방화,방화마천
13:53,13:53,16:17,16:17
하남검단산방화,방화하남검단산,하남검단산방화,방화하남검단산
14:00,14:00,16:24,16:24
마천방화,방화마천,마천방화,방화마천
14:06,14:06,16:30,16:30
하남검단산방화,방화하남검단산,하남검단산방화,방화하남검단산
14:13,14:13,16:37,16:37
마천방화,방화마천,마천방화,방화마천
14:19,14:19,16:43,16:43
하남검단산방화,방화하남검단산,하남검단산방화,방화하남검단산
14:26,14:26,16:50,16:50
마천방화,방화마천,마천방화,방화마천
14:32,14:32,16:56,16:56
하남검단산방화,방화하남검단산,하남검단산방화,방화하남검단산
14:39,14:39,17:03,17:03
마천방화,방화마천,마천방화,방화마천
14:45,14:45,17:09,17:09
하남검단산방화,방화하남검단산,하남검단산방화,방화하남검단산
14:52,14:52,17:16,17:16
마천방화,방화마천,마천방화,방화마천
14:58,14:58,17:22,17:22
하남검단산방화,방화하남검단산,하남검단산방화,방화하남검단산
15:05,15:05,17:29,17:29
마천방화,방화마천,마천방화,방화마천
15:11,15:11,17:35,17:35
하남검단산방화,방화하남검단산,하남검단산방화,방화하남검단산
15:18,15:18,17:42,17:42
마천방화,방화마천,마천방화,방화마천
15:24,15:24,17:48,17:48
하남검단산방화,방화하남검단산,하남검단산방화,방화하남검단산
15:31,15:31,17:55,17:55
마천방화,방화마천,마천방화,방화마천
15:37,15:37,18:01,18:01
하남검단산방화,방화하남검단산,하남검단산방화,방화하남검단산
15:44,15:44,18:08,18:08
마천방화,방화마천,마천방화,방화마천
15:50,15:50,18:14,18:14
하남검단산방화,방화하남검단산,하남검단산방화,방화하남검단산
15:57,15:57,18:21,18:21
마천방화,방화마천,마천방화,방화마천
16:03,16:03,18:27,18:27
하남검단산방화,방화하남검단산,하남검단산방화,방화하남검단산
16:10,16:10,18:34,18:34
마천방화,방화마천,마천방화,방화마천
16:16,16:16,18:40,18:40
하남검단산방화,방화하남검단산,하남검단산방화,방화하남검단산
16:23,16:23,18:47,18:47
마천방화,방화마천,마천방화,방화마천
16:29,16:29,18:53,18:53
하남검단산방화,방화하남검단산,하남검단산방화,방화하남검단산
16:36,16:36,19:00,19:00
마천방화,방화마천,마천방화,방화마천
16:42,16:42,19:06,19:06
하남검단산방화,방화하남검단산,하남검단산방화,방화하남검단산
16:49,16:49,19:13,19:13
마천방화,방화마천,마천방화,방화마천
16:55,16:55,19:19,19:19
하남검단산방화,방화하남검단산,하남검단산방화,방화하남검단산
17:02,17:02,19:26,19:26
마천방화,방화마천,마천방화,방화마천
17:08,17:08,19:32,19:32
하남검단산방화,방화하남검단산,하남검단산방화,방화하남검단산
17:15,17:14,19:39,19:39
마천방화,방화마천,마천방화,방화마천
17:21,17:20,19:45,19:45
하남검단산방화,방화하남검단산,하남검단산방화,방화하남검단산
17:28,17:26,19:52,19:52
마천방화,방화마천,마천방화,방화마천
17:34,17:32,19:58,19:58
하남검단산방화,방화하남검단산,하남검단산방화,방화하남검단산
17:41,17:37,20:05,20:05
마천방화,방화마천,마천방화,방화마천
17:47,17:42,20:11,20:11
하남검단산방화,방화하남검단산,하남검단산방화,방화하남검단산
17:52,17:46,20:18,20:18
마천방화,방화마천,마천방화,방화마천
17:57,17:50,20:24,20:24
하남검단산방화,방화하남검단산,하남검단산방화,방화하남검단산
,17:54,20:31,20:31
,방화마천,마천방화,방화마천
,17:58,20:37,20:37
,방화하남검단산,하남검단산방화,방화하남검단산
18:01,18:01,20:44,20:44
마천방화,방화마천,마천방화,방화마천
18:05,18:05,20:50,20:50
하남검단산방화,방화하남검단산,하남검단산방화,방화하남검단산
18:09,18:08,20:57,20:57
마천방화,방화마천,마천방화,방화마천
18:12,18:12,21:03,21:03
상일동방화,방화하남검단산,하남검단산방화,방화하남검단산
18:17,18:15,21:10,21:10
마천방화,방화마천,마천방화,방화마천
18:20,18:18,21:16,21:16
하남검단산방화,방화하남검단산,하남검단산방화,방화하남검단산
18:24,18:21,21:23,21:23
마천방화,방화마천,마천방화,방화마천
18:27,18:24,21:29,21:29
하남검단산방화,방화하남검단산,하남검단산방화,방화하남검단산
18:31,18:27,21:36,21:36
마천방화,방화마천,마천방화,방화마천
18:34,18:30,21:42,21:42
상일동방화,방화하남검단산,하남검단산방화,방화하남검단산
18:37,18:33,21:49,21:49
마천방화,방화마천,마천방화,방화마천
18:40,18:36,21:55,21:55
하남검단산방화,방화하남검단산,하남검단산방화,방화하남검단산
18:43,18:39,22:02,22:02
마천방화,방화마천,마천방화,방화마천
18:47,18:42,22:08,22:08
하남검단산방화,방화하남검단산,하남검단산방화,방화하남검단산
18:51,18:45,22:15,22:15
마천방화,방화마천,마천방화,방화마천
18:55,18:48,22:21,22:22
하남검단산방화,방화하남검단산,하남검단산방화,방화하남검단산
18:59,18:51,22:28,22:29
마천방화,방화마천,마천방화,방화마천
,18:55,22:35,22:37
,방화하남검단산,하남검단산방화,방화하남검단산
19:03,19:00,22:42,22:44
상일동방화,방화마천,마천방화,방화마천
19:07,19:05,22:50,22:52
마천방화,방화하남검단산,하남검단산방화,방화상일동
19:11,19:10,22:59,
하남검단산방화,방화마천,마천방화,
19:15,19:15,23:08,23:00
마천방화,방화하남검단산,하남검단산방화,방화마천
19:20,19:21,23:18,23:08막
하남검단산방화,방화마천,마천방화,방화하남검단산
19:27,19:27,23:28막,23:16막
마천방화,방화하남검단산,하남검단산방화,방화마천
19:33,19:33,23:40막,23:26
하남검단산방화,방화마천,마천화곡,방화상일동
19:39,19:40,23:49막,23:34막
마천방화,방화하남검단산,하남검단산여의도,방화상일동
19:46,19:46,,23:42막
하남검단산방화,방화마천,,방화군자
19:52,19:53,,23:50막
마천방화,방화하남검단산,,방화왕십리
19:59,19:59,00:00막,
하남검단산방화,방화마천,마천애오개,
20:05,20:07,,
마천방화,방화하남검단산,,
20:12,20:12,,
하남검단산방화,방화마천,,
20:18,20:19,,
마천방화,방화하남검단산,,
20:25,20:25,,
하남검단산방화,방화마천,,
20:31,20:32,,
마천방화,방화하남검단산,,
20:38,20:38,,
하남검단산방화,방화마천,,
20:44,20:45,,
마천방화,방화하남검단산,,
20:51,20:51,,
하남검단산방화,방화마천,,
20:57,20:58,,
마천방화,방화하남검단산,,
21:04,21:04,,
하남검단산방화,방화마천,,
21:10,21:11,,
마천방화,방화하남검단산,,
21:17,21:17,,
하남검단산방화,방화마천,,
21:23,21:24,,
마천방화,방화하남검단산,,
21:30,21:30,,
하남검단산방화,방화마천,,
21:36,21:37,,
마천방화,방화하남검단산,,
21:43,21:43,,
하남검단산방화,방화마천,,
21:49,21:50,,
마천방화,방화하남검단산,,
21:56,21:56,,
하남검단산방화,방화마천,,
22:02,22:03,,
마천방화,방화하남검단산,,
22:09,22:09,,
하남검단산방화,방화마천,,
22:16,22:16,,
마천방화,방화하남검단산,,
22:23,22:22,,
하남검단산방화,방화마천,,
22:30,22:31,,
마천방화,방화하남검단산,,
22:37,22:38,,
하남검단산방화,방화마천,,
22:44,22:46,,
마천방화,방화하남검단산,,
22:52,22:53,,
하남검단산방화,방화마천,,
23:00,23:02,,
마천방화,방화하남검단산,,
23:08,23:10,,
하남검단산방화,방화마천,,
23:16,23:18,,
마천방화,방화하남검단산,,
23:26,23:27,,
하남검단산방화,방화마천,,
23:38,23:36,,
마천방화,방화하남검단산,,
23:50,23:45,,
하남검단산방화,방화마천,,
,23:54막,,
,방화하남검단산,,
0:03,00:02막,,
마천방화,방화마천,,
00:17막,0:10,,
하남검단산방화,방화군자,,
00:37막,00:18막,,
마천여의도,방화상일동,,
00:57막,00:36막,,
하남검단산애오개,방화군자,,
