﻿아차산방면,천호방면,아차산방면,천호방면
평일,평일,주말,주말
05:36첫,05:41첫,05:36첫,05:41첫
강동방화,군자하남검단산,강동방화,군자하남검단산
5:43,5:56,5:44,5:56
상일동방화,왕십리하남검단산,상일동방화,왕십리하남검단산
5:49,,5:51,
마천방화,,마천방화,
5:57,,5:59,
하남검단산방화,,하남검단산방화,
6:02,06:10첫,6:06,06:10첫
마천방화,애오개마천,마천방화,애오개마천
6:08,6:25,6:13,6:25
상일동방화,화곡하남검단산,상일동방화,화곡하남검단산
6:14,6:32,6:20,6:32
마천방화,화곡마천,마천방화,화곡마천
6:20,6:39,6:27,6:39
하남검단산방화,방화하남검단산,하남검단산방화,방화하남검단산
6:25,6:46,6:34,6:47
마천방화,방화마천,마천방화,방화마천
6:31,6:53,6:41,6:54
상일동방화,방화하남검단산,상일동방화,방화하남검단산
6:36,,6:48,
마천방화,,마천방화,
6:42,,6:55,
하남검단산방화,,하남검단산방화,
6:47,,7:02,7:01
마천방화,,마천방화,방화마천
6:52,,7:09,7:08
상일동방화,,하남검단산방화,방화하남검단산
6:57,,7:16,7:15
마천방화,,마천방화,방화마천
7:02,7:00,7:23,7:22
하남검단산방화,방화마천,하남검단산방화,방화하남검단산
7:06,7:07,7:29,7:29
마천방화,방화하남검단산,마천방화,방화마천
7:11,7:14,7:36,7:36
하남검단산방화,방화마천,하남검단산방화,방화하남검단산
7:15,7:20,7:42,7:43
마천방화,방화하남검단산,마천방화,방화마천
7:20,7:26,7:49,7:50
하남검단산방화,방화마천,하남검단산방화,방화하남검단산
7:24,7:33,7:55,7:57
마천방화,방화하남검단산,마천방화,방화마천
7:28,7:38,8:02,8:04
상일동방화,방화마천,하남검단산방화,방화하남검단산
7:32,7:44,8:08,8:11
마천방화,방화하남검단산,마천방화,방화마천
7:36,7:49,8:15,8:18
하남검단산방화,방화마천,하남검단산방화,방화하남검단산
7:40,7:55,8:21,8:24
마천방화,방화하남검단산,마천방화,방화마천
7:44,,8:28,8:31
하남검단산방화,,하남검단산방화,방화하남검단산
7:48,,8:34,8:37
마천방화,,마천방화,방화마천
7:52,,8:41,8:44
하남검단산방화,,하남검단산방화,방화하남검단산
7:55,,8:47,8:50
마천방화,,마천방화,방화마천
7:58,,8:54,8:57
상일동방화,,하남검단산방화,방화하남검단산
8:01,8:00,9:00,9:03
마천방화,방화마천,마천방화,방화마천
8:05,8:05,9:07,9:10
하남검단산방화,방화하남검단산,하남검단산방화,방화하남검단산
8:07,8:10,9:13,9:16
마천방화,방화마천,마천방화,방화마천
8:10,8:15,9:20,9:23
하남검단산방화,방화하남검단산,하남검단산방화,방화하남검단산
8:12,8:19,9:26,9:29
마천방화,방화마천,마천방화,방화마천
8:15,8:24,9:33,9:36
상일동방화,방화하남검단산,하남검단산방화,방화하남검단산
8:17,8:28,9:39,9:42
하남검단산방화,방화마천,마천방화,방화마천
8:20,8:33,9:46,9:49
마천방화,방화상일동,하남검단산방화,방화하남검단산
8:22,8:38,9:52,9:55
상일동방화,방화마천,마천방화,방화마천
8:25,8:42,9:59,
마천방화,방화하남검단산,하남검단산방화,
8:28,8:46,10:05,10:02
하남검단산방화,방화마천,마천방화,방화하남검단산
8:30,8:50,10:12,10:08
상일동방화,방화하남검단산,하남검단산방화,방화마천
8:34,8:54,10:18,10:15
마천방화,방화마천,마천방화,방화하남검단산
8:37,8:57,10:25,10:21
하남검단산방화,방화상일동,하남검단산방화,방화마천
8:41,,10:31,10:28
마천방화,,마천방화,방화하남검단산
8:44,,10:38,10:34
하남검단산방화,,하남검단산방화,방화마천
8:47,,10:44,10:41
마천방화,,마천방화,방화하남검단산
8:51,,10:51,10:47
하남검단산방화,,하남검단산방화,방화마천
8:55,,10:57,10:54
마천방화,,마천방화,방화하남검단산
8:59,,11:04,11:00
하남검단산방화,,하남검단산방화,방화마천
9:04,9:01,11:10,11:07
마천방화,방화마천,마천방화,방화하남검단산
9:08,9:04,11:17,11:13
하남검단산방화,방화하남검단산,하남검단산방화,방화마천
9:13,9:08,11:23,11:20
마천방화,방화마천,마천방화,방화하남검단산
9:17,9:11,11:30,11:26
하남검단산방화,방화하남검단산,하남검단산방화,방화마천
9:23,9:14,11:36,11:33
마천방화,방화마천,마천방화,방화하남검단산
9:28,9:17,11:43,11:39
하남검단산방화,방화상일동,하남검단산방화,방화마천
9:33,9:20,11:49,11:46
마천방화,방화마천,마천방화,방화하남검단산
9:38,9:23,11:56,11:52
하남검단산방화,방화하남검단산,하남검단산방화,방화마천
9:44,9:26,,11:59
마천방화,방화마천,,방화하남검단산
9:49,9:29,12:02,12:05
하남검단산방화,방화상일동,마천방화,방화마천
9:55,9:32,12:09,12:12
마천방화,방화마천,하남검단산방화,방화하남검단산
,9:36,12:15,12:18
,방화하남검단산,마천방화,방화마천
,9:39,12:22,12:25
,방화마천,하남검단산방화,방화하남검단산
,9:43,12:28,12:31
,방화하남검단산,마천방화,방화마천
,9:47,12:35,12:38
,방화마천,하남검단산방화,방화하남검단산
,9:51,12:41,12:44
,방화하남검단산,마천방화,방화마천
,9:54,12:48,12:51
,방화마천,하남검단산방화,방화하남검단산
,9:58,12:54,12:57
,방화상일동,마천방화,방화마천
10:01,10:02,13:01,13:04
하남검단산방화,방화마천,하남검단산방화,방화하남검단산
10:06,10:06,13:07,13:10
마천방화,방화하남검단산,마천방화,방화마천
10:12,10:10,13:14,13:17
하남검단산방화,방화마천,하남검단산방화,방화하남검단산
10:18,10:14,13:20,13:23
마천방화,방화하남검단산,마천방화,방화마천
10:24,10:18,13:27,13:30
하남검단산방화,방화마천,하남검단산방화,방화하남검단산
10:30,10:23,13:33,13:36
마천방화,방화하남검단산,마천방화,방화마천
10:37,10:28,13:40,13:43
하남검단산방화,방화마천,하남검단산방화,방화하남검단산
10:43,10:33,13:46,13:49
마천방화,방화하남검단산,마천방화,방화마천
10:50,10:37,13:53,13:56
하남검단산방화,방화마천,하남검단산방화,방화하남검단산
10:56,10:42,13:59,
마천방화,방화하남검단산,마천방화,
,10:47,14:06,14:02
,방화마천,하남검단산방화,방화마천
,10:53,14:12,14:09
,방화하남검단산,마천방화,방화하남검단산
,10:59,14:19,14:15
,방화마천,하남검단산방화,방화마천
11:03,11:06,14:25,14:22
하남검단산방화,방화하남검단산,마천방화,방화하남검단산
11:09,11:12,14:32,14:28
마천방화,방화마천,하남검단산방화,방화마천
11:16,11:19,14:38,14:35
하남검단산방화,방화하남검단산,마천방화,방화하남검단산
11:22,11:25,14:45,14:41
마천방화,방화마천,하남검단산방화,방화마천
11:28,11:32,14:51,14:48
하남검단산방화,방화하남검단산,마천방화,방화하남검단산
11:35,11:38,14:58,14:54
마천방화,방화마천,하남검단산방화,방화마천
11:42,11:45,15:04,15:01
하남검단산방화,방화하남검단산,마천방화,방화하남검단산
11:48,11:51,15:11,15:07
마천방화,방화마천,하남검단산방화,방화마천
11:55,11:58,15:17,15:14
하남검단산방화,방화하남검단산,마천방화,방화하남검단산
12:01,12:04,15:24,15:20
마천방화,방화마천,하남검단산방화,방화마천
12:08,12:11,15:30,15:27
하남검단산방화,방화하남검단산,마천방화,방화하남검단산
12:14,12:17,15:37,15:33
마천방화,방화마천,하남검단산방화,방화마천
12:21,12:24,15:43,15:40
하남검단산방화,방화하남검단산,마천방화,방화하남검단산
12:27,12:30,15:50,15:46
마천방화,방화마천,하남검단산방화,방화마천
12:34,12:37,15:56,15:53
하남검단산방화,방화하남검단산,마천방화,방화하남검단산
12:40,12:43,,15:59
마천방화,방화마천,,방화마천
12:47,12:50,16:03,16:06
하남검단산방화,방화하남검단산,하남검단산방화,방화하남검단산
12:53,12:56,16:09,16:12
마천방화,방화마천,마천방화,방화마천
13:00,13:03,16:16,16:19
하남검단산방화,방화하남검단산,하남검단산방화,방화하남검단산
13:06,13:09,16:22,16:25
마천방화,방화마천,마천방화,방화마천
13:13,13:16,16:29,16:32
하남검단산방화,방화하남검단산,하남검단산방화,방화하남검단산
13:19,13:22,16:35,16:38
마천방화,방화마천,마천방화,방화마천
13:26,13:29,16:42,16:45
하남검단산방화,방화하남검단산,하남검단산방화,방화하남검단산
13:32,13:35,16:48,16:51
마천방화,방화마천,마천방화,방화마천
13:39,13:42,16:55,16:58
하남검단산방화,방화하남검단산,하남검단산방화,방화하남검단산
13:45,13:48,17:01,17:04
마천방화,방화마천,마천방화,방화마천
13:52,13:55,17:08,17:11
하남검단산방화,방화하남검단산,하남검단산방화,방화하남검단산
13:58,,17:14,17:17
마천방화,,마천방화,방화마천
14:05,14:01,17:21,17:24
하남검단산방화,방화마천,하남검단산방화,방화하남검단산
14:11,14:08,17:27,17:30
마천방화,방화하남검단산,마천방화,방화마천
14:18,14:14,17:34,17:37
하남검단산방화,방화마천,하남검단산방화,방화하남검단산
14:24,14:21,17:40,17:43
마천방화,방화하남검단산,마천방화,방화마천
14:31,14:27,17:47,17:50
하남검단산방화,방화마천,하남검단산방화,방화하남검단산
14:37,14:34,17:53,17:56
마천방화,방화하남검단산,마천방화,방화마천
14:44,14:40,18:00,18:03
하남검단산방화,방화마천,하남검단산방화,방화하남검단산
14:50,14:47,18:06,18:09
마천방화,방화하남검단산,마천방화,방화마천
14:57,14:53,18:13,18:16
하남검단산방화,방화마천,하남검단산방화,방화하남검단산
15:03,15:00,18:19,18:22
마천방화,방화하남검단산,마천방화,방화마천
15:10,15:06,18:26,18:29
하남검단산방화,방화마천,하남검단산방화,방화하남검단산
15:16,15:13,18:32,18:35
마천방화,방화하남검단산,마천방화,방화마천
15:23,15:19,18:39,18:42
하남검단산방화,방화마천,하남검단산방화,방화하남검단산
15:29,15:26,18:45,18:48
마천방화,방화하남검단산,마천방화,방화마천
15:36,15:32,18:52,18:55
하남검단산방화,방화마천,하남검단산방화,방화하남검단산
15:42,15:39,18:58,
마천방화,방화하남검단산,마천방화,
15:49,15:45,19:05,19:01
하남검단산방화,방화마천,하남검단산방화,방화마천
15:55,15:52,19:11,19:08
마천방화,방화하남검단산,마천방화,방화하남검단산
,15:58,19:18,19:14
,방화마천,하남검단산방화,방화마천
16:02,16:05,19:24,19:21
하남검단산방화,방화하남검단산,마천방화,방화하남검단산
16:08,16:11,19:31,19:27
마천방화,방화마천,하남검단산방화,방화마천
16:15,16:18,19:37,19:34
하남검단산방화,방화하남검단산,마천방화,방화하남검단산
16:21,16:24,19:44,19:40
마천방화,방화마천,하남검단산방화,방화마천
16:28,16:31,19:50,19:47
하남검단산방화,방화하남검단산,마천방화,방화하남검단산
16:34,16:37,19:57,19:53
마천방화,방화마천,하남검단산방화,방화마천
16:41,16:44,20:03,20:00
하남검단산방화,방화하남검단산,마천방화,방화하남검단산
16:47,16:50,20:10,20:06
마천방화,방화마천,하남검단산방화,방화마천
16:54,16:57,20:16,20:13
하남검단산방화,방화하남검단산,마천방화,방화하남검단산
17:00,17:03,20:23,20:19
마천방화,방화마천,하남검단산방화,방화마천
17:07,17:10,20:29,20:26
하남검단산방화,방화하남검단산,마천방화,방화하남검단산
17:13,17:16,20:36,20:32
마천방화,방화마천,하남검단산방화,방화마천
17:20,17:23,20:42,20:39
하남검단산방화,방화하남검단산,마천방화,방화하남검단산
17:24,17:29,20:49,20:45
마천방화,방화마천,하남검단산방화,방화마천
17:29,17:35,20:55,20:52
하남검단산방화,방화하남검단산,마천방화,방화하남검단산
17:33,17:41,,20:58
마천방화,방화마천,,방화마천
17:37,17:47,21:02,21:05
하남검단산방화,방화하남검단산,하남검단산방화,방화하남검단산
17:41,17:53,21:08,21:11
마천방화,방화마천,마천방화,방화마천
17:45,17:59,21:15,21:18
상일동방화,방화하남검단산,하남검단산방화,방화하남검단산
17:49,,21:21,21:24
마천방화,,마천방화,방화마천
17:53,,21:28,21:31
하남검단산방화,,하남검단산방화,방화하남검단산
17:57,,21:34,21:37
마천방화,,마천방화,방화마천
18:00,18:05,21:41,21:44
하남검단산방화,방화마천,하남검단산방화,방화하남검단산
18:03,18:10,21:47,21:50
마천방화,방화하남검단산,마천방화,방화마천
18:06,18:15,21:54,21:57
상일동방화,방화마천,하남검단산방화,방화하남검단산
18:09,18:19,22:00,22:03
마천방화,방화하남검단산,마천방화,방화마천
18:12,18:23,22:07,22:10
하남검단산방화,방화마천,하남검단산방화,방화하남검단산
18:16,18:27,22:14,22:16
마천방화,방화하남검단산,마천방화,방화마천
18:19,18:30,22:22,22:23
하남검단산방화,방화마천,하남검단산방화,방화하남검단산
18:23,18:34,22:31,22:29
마천방화,방화하남검단산,마천방화,방화마천
18:27,18:37,22:40,22:36
하남검단산방화,방화마천,하남검단산방화,방화하남검단산
18:31,18:41,22:50,22:42
마천방화,방화하남검단산,마천방화,방화마천
18:35,18:44,,22:49
상일동방화,방화마천,,방화하남검단산
18:40,18:47,,22:57
마천방화,방화하남검단산,,방화마천
18:44,18:49,23:01막,23:04
하남검단산방화,방화마천,하남검단산방화,방화하남검단산
18:48,18:53,23:12막,23:12
마천방화,방화하남검단산,마천화곡,방화마천
18:53,18:55,23:21막,23:20
하남검단산방화,방화마천,하남검단산여의도,방화상일동
18:59,18:58,23:33막,23:28
마천방화,방화하남검단산,마천애오개,방화마천
19:05,19:01,23:46막,23:36막
하남검단산방화,방화마천,하남검단산왕십리,방화하남검단산
19:12,19:04,23:58막,23:44막
마천방화,방화하남검단산,마천군자,방화마천
19:18,19:07,,23:53
하남검단산방화,방화마천,,방화상일동
19:25,19:10,,00:01막
마천방화,방화하남검단산,,방화상일동
19:31,19:13,,
하남검단산방화,방화마천,,
19:38,19:16,,
마천방화,방화하남검단산,,
19:44,19:19,,
하남검단산방화,방화마천,,
19:51,19:23,,
마천방화,방화하남검단산,,
19:57,19:27,,
하남검단산방화,방화마천,,
,19:33,,
,방화하남검단산,,
,19:37,,
,방화마천,,
,19:42,,
,방화하남검단산,,
,19:48,,
,방화마천,,
,19:54,,
,방화하남검단산,,
20:04,20:01,,
마천방화,방화마천,,
20:10,20:07,,
하남검단산방화,방화하남검단산,,
20:17,20:14,,
마천방화,방화마천,,
20:23,20:20,,
하남검단산방화,방화하남검단산,,
20:30,20:27,,
마천방화,방화마천,,
20:36,20:34,,
하남검단산방화,방화하남검단산,,
20:43,20:40,,
마천방화,방화마천,,
20:49,20:46,,
하남검단산방화,방화하남검단산,,
20:56,20:53,,
마천방화,방화마천,,
,20:59,,
,방화하남검단산,,
21:02,21:06,,
하남검단산방화,방화마천,,
21:09,21:12,,
마천방화,방화하남검단산,,
21:15,21:19,,
하남검단산방화,방화마천,,
21:22,21:25,,
마천방화,방화하남검단산,,
21:28,21:32,,
하남검단산방화,방화마천,,
21:35,21:38,,
마천방화,방화하남검단산,,
21:41,21:45,,
하남검단산방화,방화마천,,
21:48,21:51,,
마천방화,방화하남검단산,,
21:55,21:58,,
하남검단산방화,방화마천,,
22:02,22:04,,
마천방화,방화하남검단산,,
22:09,22:11,,
하남검단산방화,방화마천,,
22:16,22:17,,
마천방화,방화하남검단산,,
22:24,22:24,,
하남검단산방화,방화마천,,
22:32,22:30,,
마천방화,방화하남검단산,,
22:40,22:37,,
하남검단산방화,방화마천,,
22:48,22:43,,
마천방화,방화하남검단산,,
22:59,22:50,,
하남검단산방화,방화마천,,
,22:58,,
,방화하남검단산,,
23:10,23:06,,
마천방화,방화마천,,
23:23,23:13,,
하남검단산방화,방화하남검단산,,
23:36,23:21,,
마천방화,방화마천,,
23:50막,23:29,,
하남검단산방화,방화하남검단산,,
23:56,23:37,,
마천왕십리,방화마천,,
,23:46,,
,방화하남검단산,,
,23:54,,
,방화마천,,
00:09막,0:03,,
마천여의도,방화하남검단산,,
00:29막,0:12,,
하남검단산애오개,방화마천,,
00:47막,00:21막,,
마천왕십리,방화하남검단산,,
,00:29막,,
,방화마천,,
,00:45막,,
,방화상일동,,
