﻿삼전방면,봉은사방면,삼전방면,봉은사방면
평일,평일,주말,주말
05:40첫,05:32첫,05:40첫,05:32첫
신논현중앙보훈병원,삼전개화,신논현중앙보훈병원,삼전개화
5:52,5:48,5:50,5:49
동작중앙보훈병원,중앙보훈병원개화,동작중앙보훈병원,중앙보훈병원개화
05:57급첫,-,05:55급첫,-
당산중앙보훈병원,-,당산중앙보훈병원,-
6:06,6:01,6:03,6:01
여의도중앙보훈병원,중앙보훈병원개화,여의도중앙보훈병원,중앙보훈병원개화
06:11급,06:04급첫,06:07급,06:10급첫
김포공항중앙보훈병원,중앙보훈병원김포공항,김포공항중앙보훈병원,중앙보훈병원김포공항
6:19,6:14,6:15,6:14
염창중앙보훈병원,중앙보훈병원개화,염창중앙보훈병원,중앙보훈병원개화
06:23급,06:18급,06:20급,06:23급
김포공항중앙보훈병원,중앙보훈병원김포공항,김포공항중앙보훈병원,중앙보훈병원김포공항
6:30,6:27,6:27,6:27
마곡나루중앙보훈병원,중앙보훈병원개화,마곡나루중앙보훈병원,중앙보훈병원개화
06:34급,06:31급,06:31급,06:35급
김포공항중앙보훈병원,중앙보훈병원김포공항,김포공항중앙보훈병원,중앙보훈병원김포공항
6:40,6:40,6:38,6:39
개화중앙보훈병원,중앙보훈병원개화,개화중앙보훈병원,중앙보훈병원개화
06:45급,06:44급,06:42급,06:47급
김포공항중앙보훈병원,중앙보훈병원김포공항,김포공항중앙보훈병원,중앙보훈병원김포공항
6:52,6:53,6:50,6:51
개화중앙보훈병원,중앙보훈병원개화,개화중앙보훈병원,중앙보훈병원개화
06:57급,06:57급,06:54급,06:59급
김포공항중앙보훈병원,중앙보훈병원김포공항,김포공항중앙보훈병원,중앙보훈병원김포공항
7:04,7:06,7:02,7:03
개화중앙보훈병원,중앙보훈병원개화,개화중앙보훈병원,중앙보훈병원개화
07:09급,07:10급,07:06급,07:11급
김포공항중앙보훈병원,중앙보훈병원김포공항,김포공항중앙보훈병원,중앙보훈병원김포공항
7:17,7:14,7:14,7:15
개화중앙보훈병원,중앙보훈병원개화,개화중앙보훈병원,중앙보훈병원개화
07:22급,07:22급,07:18급,07:23급
김포공항중앙보훈병원,중앙보훈병원김포공항,김포공항중앙보훈병원,중앙보훈병원김포공항
7:26,7:26,7:26,7:27
개화중앙보훈병원,중앙보훈병원개화,개화중앙보훈병원,중앙보훈병원개화
07:30급,07:34급,07:30급,07:35급
김포공항중앙보훈병원,중앙보훈병원김포공항,김포공항중앙보훈병원,중앙보훈병원김포공항
7:34,7:38,7:38,7:39
개화중앙보훈병원,중앙보훈병원개화,개화중앙보훈병원,중앙보훈병원개화
07:38급,7:44,07:42급,07:47급
김포공항중앙보훈병원,중앙보훈병원개화,김포공항중앙보훈병원,중앙보훈병원김포공항
7:42,07:46급,7:50,7:51
개화중앙보훈병원,중앙보훈병원김포공항,개화중앙보훈병원,중앙보훈병원개화
07:45급,7:53,07:54급,07:59급
김포공항중앙보훈병원,중앙보훈병원개화,김포공항중앙보훈병원,중앙보훈병원김포공항
7:49,07:57급,8:02,8:03
개화중앙보훈병원,중앙보훈병원김포공항,개화중앙보훈병원,중앙보훈병원개화
07:52급,-,08:06급,08:11급
김포공항중앙보훈병원,-,김포공항중앙보훈병원,중앙보훈병원김포공항
7:56,-,8:14,8:15
개화중앙보훈병원,-,개화중앙보훈병원,중앙보훈병원개화
07:59급,-,08:18급,08:23급
김포공항중앙보훈병원,-,김포공항중앙보훈병원,중앙보훈병원김포공항
8:02,8:01,8:26,8:27
개화중앙보훈병원,중앙보훈병원개화,개화중앙보훈병원,중앙보훈병원개화
08:06급,08:06급,08:30급,08:35급
김포공항중앙보훈병원,중앙보훈병원김포공항,김포공항중앙보훈병원,중앙보훈병원김포공항
8:09,8:10,8:38,8:39
개화중앙보훈병원,중앙보훈병원개화,개화중앙보훈병원,중앙보훈병원개화
08:13급,08:14급,08:42급,08:47급
김포공항중앙보훈병원,중앙보훈병원김포공항,김포공항중앙보훈병원,중앙보훈병원김포공항
8:16,8:18,8:50,8:51
개화중앙보훈병원,중앙보훈병원개화,개화중앙보훈병원,중앙보훈병원개화
08:20급,08:22급,08:54급,08:59급
김포공항중앙보훈병원,중앙보훈병원김포공항,김포공항중앙보훈병원,중앙보훈병원김포공항
8:23,8:26,9:02,9:03
개화중앙보훈병원,중앙보훈병원개화,개화중앙보훈병원,중앙보훈병원개화
08:26급,08:29급,09:06급,09:11급
김포공항중앙보훈병원,중앙보훈병원김포공항,김포공항중앙보훈병원,중앙보훈병원김포공항
8:30,8:33,9:14,9:15
개화중앙보훈병원,중앙보훈병원개화,개화중앙보훈병원,중앙보훈병원개화
08:33급,08:36급,09:18급,09:23급
김포공항중앙보훈병원,중앙보훈병원김포공항,김포공항중앙보훈병원,중앙보훈병원김포공항
8:37,8:40,9:26,9:27
개화중앙보훈병원,중앙보훈병원개화,개화중앙보훈병원,중앙보훈병원개화
08:40급,08:43급,09:30급,09:35급
김포공항중앙보훈병원,중앙보훈병원김포공항,김포공항중앙보훈병원,중앙보훈병원김포공항
8:43,8:46,9:38,9:39
개화중앙보훈병원,중앙보훈병원개화,개화중앙보훈병원,중앙보훈병원개화
08:47급,08:50급,09:42급,09:47급
김포공항중앙보훈병원,중앙보훈병원김포공항,김포공항중앙보훈병원,중앙보훈병원김포공항
8:50,8:53,9:50,9:51
개화중앙보훈병원,중앙보훈병원개화,개화중앙보훈병원,중앙보훈병원개화
08:54급,08:57급,09:54급,09:59급
김포공항중앙보훈병원,중앙보훈병원김포공항,김포공항중앙보훈병원,중앙보훈병원김포공항
8:57,-,10:02,10:03
개화중앙보훈병원,-,개화중앙보훈병원,중앙보훈병원개화
09:01급,9:00,10:05급,10:10급
김포공항중앙보훈병원,중앙보훈병원개화,김포공항중앙보훈병원,중앙보훈병원김포공항
9:04,09:03급,10:13,10:14
개화중앙보훈병원,중앙보훈병원김포공항,개화중앙보훈병원,중앙보훈병원개화
09:07급,9:07,10:16급,10:22급
김포공항중앙보훈병원,중앙보훈병원개화,김포공항중앙보훈병원,중앙보훈병원김포공항
9:11,09:10급,10:24,10:25
개화중앙보훈병원,중앙보훈병원김포공항,개화중앙보훈병원,중앙보훈병원개화
09:14급,9:14,10:27급,10:33급
김포공항중앙보훈병원,중앙보훈병원개화,김포공항중앙보훈병원,중앙보훈병원김포공항
9:18,09:17급,10:35,10:36
개화중앙보훈병원,중앙보훈병원김포공항,개화중앙보훈병원,중앙보훈병원개화
09:21급,9:21,10:38급,10:44급
김포공항중앙보훈병원,중앙보훈병원개화,김포공항중앙보훈병원,중앙보훈병원김포공항
9:24,09:24급,10:46,10:47
개화중앙보훈병원,중앙보훈병원김포공항,개화중앙보훈병원,중앙보훈병원개화
09:28급,9:27,10:49급,10:55급
김포공항중앙보훈병원,중앙보훈병원개화,김포공항중앙보훈병원,중앙보훈병원김포공항
9:31,09:31급,10:57,10:58
개화중앙보훈병원,중앙보훈병원김포공항,개화중앙보훈병원,중앙보훈병원개화
9:36,9:34,11:00급,11:06급
개화중앙보훈병원,중앙보훈병원개화,김포공항중앙보훈병원,중앙보훈병원김포공항
09:38급,09:38급,11:08,11:09
김포공항중앙보훈병원,중앙보훈병원김포공항,개화중앙보훈병원,중앙보훈병원개화
9:45,9:41,11:11급,11:17급
개화중앙보훈병원,중앙보훈병원개화,김포공항중앙보훈병원,중앙보훈병원김포공항
09:49급,09:44급,11:19,11:20
김포공항중앙보훈병원,중앙보훈병원김포공항,개화중앙보훈병원,중앙보훈병원개화
9:56,9:48,11:22급,11:28급
개화중앙보훈병원,중앙보훈병원개화,김포공항중앙보훈병원,중앙보훈병원김포공항
-,09:51급,11:30,11:31
-,중앙보훈병원김포공항,개화중앙보훈병원,중앙보훈병원개화
-,9:55,11:33급,11:39급
-,중앙보훈병원개화,김포공항중앙보훈병원,중앙보훈병원김포공항
-,09:58급,11:41,11:42
-,중앙보훈병원김포공항,개화중앙보훈병원,중앙보훈병원개화
10:00급,10:02,11:44급,11:50급
김포공항중앙보훈병원,중앙보훈병원개화,김포공항중앙보훈병원,중앙보훈병원김포공항
10:07,10:05급,11:52,11:53
개화중앙보훈병원,중앙보훈병원김포공항,개화중앙보훈병원,중앙보훈병원개화
10:11급,10:09,11:55급,-
김포공항중앙보훈병원,중앙보훈병원개화,김포공항중앙보훈병원,-
10:18,10:14급,12:03,12:01급
개화중앙보훈병원,중앙보훈병원김포공항,개화중앙보훈병원,중앙보훈병원김포공항
10:22급,10:18,12:06급,12:04
김포공항중앙보훈병원,중앙보훈병원개화,김포공항중앙보훈병원,중앙보훈병원개화
10:29,10:24,12:14,12:12급
개화중앙보훈병원,중앙보훈병원개화,개화중앙보훈병원,중앙보훈병원김포공항
10:33급,10:25급,12:17급,12:15
김포공항중앙보훈병원,중앙보훈병원김포공항,김포공항중앙보훈병원,중앙보훈병원개화
10:40,10:29,12:25,12:23급
개화중앙보훈병원,중앙보훈병원개화,개화중앙보훈병원,중앙보훈병원김포공항
10:44급,10:35급,12:28급,12:26
김포공항중앙보훈병원,중앙보훈병원김포공항,김포공항중앙보훈병원,중앙보훈병원개화
10:51,10:39,12:36,12:34급
개화중앙보훈병원,중앙보훈병원개화,개화중앙보훈병원,중앙보훈병원김포공항
10:55급,10:47급,12:39급,12:37
김포공항중앙보훈병원,중앙보훈병원김포공항,김포공항중앙보훈병원,중앙보훈병원개화
-,10:51,12:47,12:45급
-,중앙보훈병원개화,개화중앙보훈병원,중앙보훈병원김포공항
-,10:58급,12:50급,12:48
-,중앙보훈병원김포공항,김포공항중앙보훈병원,중앙보훈병원개화
11:02,11:02,12:58,12:56급
개화중앙보훈병원,중앙보훈병원개화,개화중앙보훈병원,중앙보훈병원김포공항
11:06급,11:09급,-,12:59
김포공항중앙보훈병원,중앙보훈병원김포공항,-,중앙보훈병원개화
11:13,11:13,13:01급,13:07급
개화중앙보훈병원,중앙보훈병원개화,김포공항중앙보훈병원,중앙보훈병원김포공항
11:17급,11:20급,13:09,13:10
김포공항중앙보훈병원,중앙보훈병원김포공항,개화중앙보훈병원,중앙보훈병원개화
11:24,11:24,13:12급,13:18급
개화중앙보훈병원,중앙보훈병원개화,김포공항중앙보훈병원,중앙보훈병원김포공항
11:28급,11:31급,13:20,13:21
김포공항중앙보훈병원,중앙보훈병원김포공항,개화중앙보훈병원,중앙보훈병원개화
11:35,11:35,13:23급,13:29급
개화중앙보훈병원,중앙보훈병원개화,김포공항중앙보훈병원,중앙보훈병원김포공항
11:39급,11:42급,13:31,13:32
김포공항중앙보훈병원,중앙보훈병원김포공항,개화중앙보훈병원,중앙보훈병원개화
11:46,11:46,13:34급,13:40급
개화중앙보훈병원,중앙보훈병원개화,김포공항중앙보훈병원,중앙보훈병원김포공항
11:50급,11:53급,13:42,13:43
김포공항중앙보훈병원,중앙보훈병원김포공항,개화중앙보훈병원,중앙보훈병원개화
11:57,11:57,13:45급,13:51급
개화중앙보훈병원,중앙보훈병원개화,김포공항중앙보훈병원,중앙보훈병원김포공항
12:01급,12:04급,13:53,13:54
김포공항중앙보훈병원,중앙보훈병원김포공항,개화중앙보훈병원,중앙보훈병원개화
12:08,12:08,13:56급,-
개화중앙보훈병원,중앙보훈병원개화,김포공항중앙보훈병원,-
12:13급,12:15급,14:04,14:02급
김포공항중앙보훈병원,중앙보훈병원김포공항,개화중앙보훈병원,중앙보훈병원김포공항
12:20,12:19,14:07급,14:05
개화중앙보훈병원,중앙보훈병원개화,김포공항중앙보훈병원,중앙보훈병원개화
12:25급,12:26급,14:15,14:13급
김포공항중앙보훈병원,중앙보훈병원김포공항,개화중앙보훈병원,중앙보훈병원김포공항
12:32,12:30,14:18급,14:16
개화중앙보훈병원,중앙보훈병원개화,김포공항중앙보훈병원,중앙보훈병원개화
12:36급,12:37급,14:26,14:24급
김포공항중앙보훈병원,중앙보훈병원김포공항,개화중앙보훈병원,중앙보훈병원김포공항
12:43,12:41,14:29급,14:27
개화중앙보훈병원,중앙보훈병원개화,김포공항중앙보훈병원,중앙보훈병원개화
12:47급,12:49급,14:37,14:35급
김포공항중앙보훈병원,중앙보훈병원김포공항,개화중앙보훈병원,중앙보훈병원김포공항
12:54,12:53,14:40급,14:38
개화중앙보훈병원,중앙보훈병원개화,김포공항중앙보훈병원,중앙보훈병원개화
12:58급,-,14:48,14:46급
김포공항중앙보훈병원,-,개화중앙보훈병원,중앙보훈병원김포공항
13:05,13:01급,14:51급,14:49
개화중앙보훈병원,중앙보훈병원김포공항,김포공항중앙보훈병원,중앙보훈병원개화
13:09급,13:05,14:59,14:57급
김포공항중앙보훈병원,중앙보훈병원개화,개화중앙보훈병원,중앙보훈병원김포공항
13:16,13:12급,15:02급,15:00
개화중앙보훈병원,중앙보훈병원김포공항,김포공항중앙보훈병원,중앙보훈병원개화
13:20급,13:16,15:10,15:08급
김포공항중앙보훈병원,중앙보훈병원개화,개화중앙보훈병원,중앙보훈병원김포공항
13:27,13:23급,15:13급,15:11
개화중앙보훈병원,중앙보훈병원김포공항,김포공항중앙보훈병원,중앙보훈병원개화
13:31급,13:27,15:21,15:19급
김포공항중앙보훈병원,중앙보훈병원개화,개화중앙보훈병원,중앙보훈병원김포공항
13:38,13:34급,15:24급,15:22
개화중앙보훈병원,중앙보훈병원김포공항,김포공항중앙보훈병원,중앙보훈병원개화
13:42급,13:38,15:32,15:30급
김포공항중앙보훈병원,중앙보훈병원개화,개화중앙보훈병원,중앙보훈병원김포공항
13:49,13:45급,15:35급,15:33
개화중앙보훈병원,중앙보훈병원김포공항,김포공항중앙보훈병원,중앙보훈병원개화
13:53급,13:49,15:43,15:41급
김포공항중앙보훈병원,중앙보훈병원개화,개화중앙보훈병원,중앙보훈병원김포공항
-,13:56급,15:46급,15:44
-,중앙보훈병원김포공항,김포공항중앙보훈병원,중앙보훈병원개화
14:00,14:00,15:54,15:52급
개화중앙보훈병원,중앙보훈병원개화,개화중앙보훈병원,중앙보훈병원김포공항
14:04급,14:07급,15:57급,15:55
김포공항중앙보훈병원,중앙보훈병원김포공항,김포공항중앙보훈병원,중앙보훈병원개화
14:11,14:11,16:05,16:03급
개화중앙보훈병원,중앙보훈병원개화,개화중앙보훈병원,중앙보훈병원김포공항
14:15급,14:18급,16:08급,16:06
김포공항중앙보훈병원,중앙보훈병원김포공항,김포공항중앙보훈병원,중앙보훈병원개화
14:22,14:22,16:16,16:14급
개화중앙보훈병원,중앙보훈병원개화,개화중앙보훈병원,중앙보훈병원김포공항
14:26급,14:29급,16:19급,16:17
김포공항중앙보훈병원,중앙보훈병원김포공항,김포공항중앙보훈병원,중앙보훈병원개화
14:33,14:33,16:27,16:25급
개화중앙보훈병원,중앙보훈병원개화,개화중앙보훈병원,중앙보훈병원김포공항
14:37급,14:40급,16:30급,16:28
김포공항중앙보훈병원,중앙보훈병원김포공항,김포공항중앙보훈병원,중앙보훈병원개화
14:44,14:44,16:38,16:36급
개화중앙보훈병원,중앙보훈병원개화,개화중앙보훈병원,중앙보훈병원김포공항
14:48급,14:51급,16:41급,16:39
김포공항중앙보훈병원,중앙보훈병원김포공항,김포공항중앙보훈병원,중앙보훈병원개화
14:55,14:55,16:49,16:47급
개화중앙보훈병원,중앙보훈병원개화,개화중앙보훈병원,중앙보훈병원김포공항
15:00급,15:02급,16:52급,16:50
김포공항중앙보훈병원,중앙보훈병원김포공항,김포공항중앙보훈병원,중앙보훈병원개화
15:07,15:06,-,16:58급
개화중앙보훈병원,중앙보훈병원개화,-,중앙보훈병원김포공항
15:12급,15:13급,17:00,17:01
김포공항중앙보훈병원,중앙보훈병원김포공항,개화중앙보훈병원,중앙보훈병원개화
15:19,15:17,17:03급,17:09급
개화중앙보훈병원,중앙보훈병원개화,김포공항중앙보훈병원,중앙보훈병원김포공항
15:23급,15:24급,17:11,17:12
김포공항중앙보훈병원,중앙보훈병원김포공항,개화중앙보훈병원,중앙보훈병원개화
15:30,15:28,17:14급,17:20급
개화중앙보훈병원,중앙보훈병원개화,김포공항중앙보훈병원,중앙보훈병원김포공항
15:34급,15:36급,17:22,17:23
김포공항중앙보훈병원,중앙보훈병원김포공항,개화중앙보훈병원,중앙보훈병원개화
15:41,15:40,17:25급,17:31급
개화중앙보훈병원,중앙보훈병원개화,김포공항중앙보훈병원,중앙보훈병원김포공항
15:45급,15:48급,17:33,17:34
김포공항중앙보훈병원,중앙보훈병원김포공항,개화중앙보훈병원,중앙보훈병원개화
15:52,15:52,17:36급,17:42급
개화중앙보훈병원,중앙보훈병원개화,김포공항중앙보훈병원,중앙보훈병원김포공항
15:56급,15:59급,17:44,17:45
김포공항중앙보훈병원,중앙보훈병원김포공항,개화중앙보훈병원,중앙보훈병원개화
16:03,16:03,17:47급,17:53급
개화중앙보훈병원,중앙보훈병원개화,김포공항중앙보훈병원,중앙보훈병원김포공항
16:07급,16:10급,17:55,17:56
김포공항중앙보훈병원,중앙보훈병원김포공항,개화중앙보훈병원,중앙보훈병원개화
16:14,16:14,17:58급,-
개화중앙보훈병원,중앙보훈병원개화,김포공항중앙보훈병원,-
16:18급,16:21급,18:06,18:04급
김포공항중앙보훈병원,중앙보훈병원김포공항,개화중앙보훈병원,중앙보훈병원김포공항
16:25,16:25,18:09급,18:07
개화중앙보훈병원,중앙보훈병원개화,김포공항중앙보훈병원,중앙보훈병원개화
16:29급,16:32급,18:17,18:15급
김포공항중앙보훈병원,중앙보훈병원김포공항,개화중앙보훈병원,중앙보훈병원김포공항
16:36,16:36,18:20급,18:18
개화중앙보훈병원,중앙보훈병원개화,김포공항중앙보훈병원,중앙보훈병원개화
16:40급,16:43급,18:28,18:26급
김포공항중앙보훈병원,중앙보훈병원김포공항,개화중앙보훈병원,중앙보훈병원김포공항
16:47,16:47,18:31급,18:29
개화중앙보훈병원,중앙보훈병원개화,김포공항중앙보훈병원,중앙보훈병원개화
16:51급,16:54급,18:39,18:37급
김포공항중앙보훈병원,중앙보훈병원김포공항,개화중앙보훈병원,중앙보훈병원김포공항
16:55,16:58,18:42급,18:40
개화중앙보훈병원,중앙보훈병원개화,김포공항중앙보훈병원,중앙보훈병원개화
16:58,-,18:50,18:48급
개화중앙보훈병원,-,개화중앙보훈병원,중앙보훈병원김포공항
17:02급,17:05급,18:53급,18:51
김포공항중앙보훈병원,중앙보훈병원김포공항,김포공항중앙보훈병원,중앙보훈병원개화
17:09,17:09,-,18:59급
개화중앙보훈병원,중앙보훈병원개화,-,중앙보훈병원김포공항
17:13급,17:16급,19:01,19:02
김포공항중앙보훈병원,중앙보훈병원김포공항,개화중앙보훈병원,중앙보훈병원개화
17:20,17:20,19:04급,19:10급
개화중앙보훈병원,중앙보훈병원개화,김포공항중앙보훈병원,중앙보훈병원김포공항
17:24급,17:27급,19:12,19:13
김포공항중앙보훈병원,중앙보훈병원김포공항,개화중앙보훈병원,중앙보훈병원개화
17:27,17:31,19:15급,19:21급
개화중앙보훈병원,중앙보훈병원개화,김포공항중앙보훈병원,중앙보훈병원김포공항
17:31급,17:38급,19:23,19:24
김포공항중앙보훈병원,중앙보훈병원김포공항,개화중앙보훈병원,중앙보훈병원개화
17:35,17:42,19:26급,19:32급
개화중앙보훈병원,중앙보훈병원개화,김포공항중앙보훈병원,중앙보훈병원김포공항
17:40급,17:47,19:34,19:35
김포공항중앙보훈병원,중앙보훈병원개화,개화중앙보훈병원,중앙보훈병원개화
17:44,17:49급,19:37급,19:43급
개화중앙보훈병원,중앙보훈병원김포공항,김포공항중앙보훈병원,중앙보훈병원김포공항
17:48급,17:54,19:45,19:46
김포공항중앙보훈병원,중앙보훈병원개화,개화중앙보훈병원,중앙보훈병원개화
17:51,-,19:48급,19:54급
개화중앙보훈병원,-,김포공항중앙보훈병원,중앙보훈병원김포공항
17:55급,-,19:56,19:57
김포공항중앙보훈병원,-,개화중앙보훈병원,중앙보훈병원개화
17:58,-,19:59급,-
개화중앙보훈병원,-,김포공항중앙보훈병원,-
18:02급,18:00급,20:07,20:05급
김포공항중앙보훈병원,중앙보훈병원김포공항,개화중앙보훈병원,중앙보훈병원김포공항
18:05,18:04,20:10급,20:08
개화중앙보훈병원,중앙보훈병원개화,김포공항중앙보훈병원,중앙보훈병원개화
18:09급,18:08급,20:18,20:16급
김포공항중앙보훈병원,중앙보훈병원김포공항,개화중앙보훈병원,중앙보훈병원김포공항
18:13,18:12,20:21급,20:19
개화중앙보훈병원,중앙보훈병원개화,김포공항중앙보훈병원,중앙보훈병원개화
18:16급,18:16급,20:29,20:27급
김포공항중앙보훈병원,중앙보훈병원김포공항,개화중앙보훈병원,중앙보훈병원김포공항
18:20,18:20,20:32급,20:30
개화중앙보훈병원,중앙보훈병원개화,김포공항중앙보훈병원,중앙보훈병원개화
18:23급,18:24급,20:40,20:38급
김포공항중앙보훈병원,중앙보훈병원김포공항,개화중앙보훈병원,중앙보훈병원김포공항
18:27,18:28,20:43급,20:41
개화중앙보훈병원,중앙보훈병원개화,김포공항중앙보훈병원,중앙보훈병원개화
18:31급,18:31급,20:51,20:49급
김포공항중앙보훈병원,중앙보훈병원김포공항,개화중앙보훈병원,중앙보훈병원김포공항
18:34,18:35,20:55급,20:52
개화중앙보훈병원,중앙보훈병원개화,김포공항중앙보훈병원,중앙보훈병원개화
18:38급,18:38급,21:03,21:00급
김포공항중앙보훈병원,중앙보훈병원김포공항,개화중앙보훈병원,중앙보훈병원김포공항
18:41,18:42,21:07급,21:03
개화중앙보훈병원,중앙보훈병원개화,김포공항중앙보훈병원,중앙보훈병원개화
18:45급,18:46급,21:15,21:11급
김포공항중앙보훈병원,중앙보훈병원김포공항,개화중앙보훈병원,중앙보훈병원김포공항
18:48,18:49,21:19급,21:14
개화중앙보훈병원,중앙보훈병원개화,김포공항중앙보훈병원,중앙보훈병원개화
18:52급,18:53급,21:27,21:22급
김포공항중앙보훈병원,중앙보훈병원김포공항,개화중앙보훈병원,중앙보훈병원김포공항
18:56,18:57,21:31급,21:25
개화중앙보훈병원,중앙보훈병원개화,김포공항중앙보훈병원,중앙보훈병원개화
18:59급,-,21:39,21:33급
김포공항중앙보훈병원,-,개화중앙보훈병원,중앙보훈병원김포공항
19:03,19:00급,21:43급,21:37
개화중앙보훈병원,중앙보훈병원김포공항,김포공항중앙보훈병원,중앙보훈병원개화
19:06급,19:04,21:51,21:45급
김포공항중앙보훈병원,중앙보훈병원개화,개화중앙보훈병원,중앙보훈병원김포공항
19:10,19:07급,21:55급,21:49
개화중앙보훈병원,중앙보훈병원김포공항,김포공항중앙보훈병원,중앙보훈병원개화
19:14급,19:11,-,21:57급
김포공항중앙보훈병원,중앙보훈병원개화,-,중앙보훈병원김포공항
19:17,19:14급,22:03,22:01
개화중앙보훈병원,중앙보훈병원김포공항,개화중앙보훈병원,중앙보훈병원개화
19:21급,19:18,22:07급,22:09급
김포공항중앙보훈병원,중앙보훈병원개화,김포공항중앙보훈병원,중앙보훈병원김포공항
19:24,19:21급,22:15,22:13
개화중앙보훈병원,중앙보훈병원김포공항,개화중앙보훈병원,중앙보훈병원개화
19:28급,19:25,22:19급,22:21급
김포공항중앙보훈병원,중앙보훈병원개화,김포공항중앙보훈병원,중앙보훈병원김포공항
19:31,19:29급,22:27,22:25
개화중앙보훈병원,중앙보훈병원김포공항,개화중앙보훈병원,중앙보훈병원개화
19:35급,19:32,22:31급,22:33급
김포공항중앙보훈병원,중앙보훈병원개화,김포공항중앙보훈병원,중앙보훈병원김포공항
19:39,19:36급,22:39,22:37
개화중앙보훈병원,중앙보훈병원김포공항,개화중앙보훈병원,중앙보훈병원개화
19:42급,19:40,22:44급,22:46급
김포공항중앙보훈병원,중앙보훈병원개화,김포공항중앙보훈병원,중앙보훈병원김포공항
19:46,19:43급,22:52,22:50
개화중앙보훈병원,중앙보훈병원김포공항,개화중앙보훈병원,중앙보훈병원개화
19:49급,19:47,22:57급,22:59급
김포공항중앙보훈병원,중앙보훈병원개화,김포공항중앙보훈병원,중앙보훈병원김포공항
19:53,19:50급,23:05,23:03막
개화중앙보훈병원,중앙보훈병원김포공항,개화중앙보훈병원,중앙보훈병원개화
19:57급,19:54,23:10급막,23:12급
김포공항중앙보훈병원,중앙보훈병원개화,김포공항중앙보훈병원,중앙보훈병원김포공항
-,19:57급,23:18,23:16막
-,중앙보훈병원김포공항,개화중앙보훈병원,중앙보훈병원염창
20:01,20:01,23:27,23:25급막
개화중앙보훈병원,중앙보훈병원개화,개화중앙보훈병원,중앙보훈병원김포공항
20:06급,20:04급,23:38,23:29막
김포공항중앙보훈병원,중앙보훈병원김포공항,개화중앙보훈병원,중앙보훈병원여의도
20:10,20:08,23:51막,23:40막
개화중앙보훈병원,중앙보훈병원개화,개화중앙보훈병원,중앙보훈병원동작
20:16,20:12급,-,23:54막
개화중앙보훈병원,중앙보훈병원김포공항,-,중앙보훈병원신논현
20:18급,20:15,-,-
김포공항중앙보훈병원,중앙보훈병원개화,-,-
20:25,20:19급,-,-
개화중앙보훈병원,중앙보훈병원김포공항,-,-
20:29급,20:23,-,-
김포공항중앙보훈병원,중앙보훈병원개화,-,-
20:36,20:26급,-,-
개화중앙보훈병원,중앙보훈병원김포공항,-,-
20:40급,20:30,-,-
김포공항중앙보훈병원,중앙보훈병원개화,-,-
20:47,20:34급,-,-
개화중앙보훈병원,중앙보훈병원김포공항,-,-
20:51급,20:38,-,-
김포공항중앙보훈병원,중앙보훈병원개화,-,-
20:58,20:44급,-,-
개화중앙보훈병원,중앙보훈병원김포공항,-,-
-,20:48,-,-
-,중앙보훈병원개화,-,-
-,20:53,-,-
-,중앙보훈병원개화,-,-
-,20:55급,-,-
-,중앙보훈병원김포공항,-,-
-,20:59,-,-
-,중앙보훈병원개화,-,-
21:02급,21:06급,-,-
김포공항중앙보훈병원,중앙보훈병원김포공항,-,-
21:09,21:10,-,-
개화중앙보훈병원,중앙보훈병원개화,-,-
21:13급,21:17급,-,-
김포공항중앙보훈병원,중앙보훈병원김포공항,-,-
21:20,21:21,-,-
개화중앙보훈병원,중앙보훈병원개화,-,-
21:24급,21:28급,-,-
김포공항중앙보훈병원,중앙보훈병원김포공항,-,-
21:31,21:32,-,-
개화중앙보훈병원,중앙보훈병원개화,-,-
21:35급,21:39급,-,-
김포공항중앙보훈병원,중앙보훈병원김포공항,-,-
21:42,21:43,-,-
개화중앙보훈병원,중앙보훈병원개화,-,-
21:46급,21:50급,-,-
김포공항중앙보훈병원,중앙보훈병원김포공항,-,-
21:53,21:54,-,-
개화중앙보훈병원,중앙보훈병원개화,-,-
21:57급,-,-,-
김포공항중앙보훈병원,-,-,-
22:04,22:01급,-,-
개화중앙보훈병원,중앙보훈병원김포공항,-,-
22:08급,22:05,-,-
김포공항중앙보훈병원,중앙보훈병원개화,-,-
22:15,22:12급,-,-
개화중앙보훈병원,중앙보훈병원김포공항,-,-
22:19급,22:16,-,-
김포공항중앙보훈병원,중앙보훈병원개화,-,-
22:26,22:22급,-,-
개화중앙보훈병원,중앙보훈병원김포공항,-,-
22:30급,22:26,-,-
김포공항중앙보훈병원,중앙보훈병원개화,-,-
22:37,22:33급,-,-
개화중앙보훈병원,중앙보훈병원김포공항,-,-
22:41급,22:37,-,-
김포공항중앙보훈병원,중앙보훈병원개화,-,-
22:48,22:44급,-,-
개화중앙보훈병원,중앙보훈병원김포공항,-,-
22:52급,22:48,-,-
김포공항중앙보훈병원,중앙보훈병원개화,-,-
22:59,22:55급,-,-
개화중앙보훈병원,중앙보훈병원김포공항,-,-
-,22:59,-,-
-,중앙보훈병원개화,-,-
23:03급,23:06급,-,-
김포공항중앙보훈병원,중앙보훈병원김포공항,-,-
23:10,23:10,-,-
개화중앙보훈병원,중앙보훈병원개화,-,-
23:14급,23:17급,-,-
김포공항중앙보훈병원,중앙보훈병원김포공항,-,-
23:21,23:21,-,-
개화중앙보훈병원,중앙보훈병원개화,-,-
23:25급,23:28급,-,-
김포공항중앙보훈병원,중앙보훈병원김포공항,-,-
23:32,23:32,-,-
개화중앙보훈병원,중앙보훈병원개화,-,-
23:36급,23:39급,-,-
김포공항중앙보훈병원,중앙보훈병원김포공항,-,-
23:43,23:43,-,-
개화중앙보훈병원,중앙보훈병원개화,-,-
23:47급,23:50급,-,-
김포공항중앙보훈병원,중앙보훈병원김포공항,-,-
23:54,23:54막,-,-
개화중앙보훈병원,중앙보훈병원개화,-,-
23:58급,-,-,-
김포공항중앙보훈병원,-,-,-
0:05,00:01급,-,-
개화중앙보훈병원,중앙보훈병원김포공항,-,-
00:09급막,00:05막,-,-
김포공항중앙보훈병원,중앙보훈병원마곡나루,-,-
0:16,00:12급,-,-
개화중앙보훈병원,중앙보훈병원김포공항,-,-
0:25,00:16막,-,-
개화중앙보훈병원,중앙보훈병원염창,-,-
0:31,00:23급막,-,-
개화중앙보훈병원,중앙보훈병원김포공항,-,-
00:44막,00:27막,-,-
개화중앙보훈병원,중앙보훈병원여의도,-,-
00:56막,00:37막,-,-
개화삼전,중앙보훈병원동작,-,-
-,00:50막,-,-
-,중앙보훈병원신논현,-,-
