﻿노량진방면,여의도방면,노량진방면,여의도방면,,
평일,평일,주말,주말,,
05:32첫,05:38첫,05:31첫,05:38첫,,
여의도중앙보훈병원,동작개화,여의도중앙보훈병원,동작개화,,
5:44,5:49,5:43,5:48,,
염창중앙보훈병원,신논현개화,염창중앙보훈병원,신논현개화,,
5:57,-,5:56,-,,
마곡나루중앙보훈병원,-,마곡나루중앙보훈병원,-,,
6:08,6:02,6:06,6:02,,
개화중앙보훈병원,삼전개화,개화중앙보훈병원,삼전개화,,
6:20,6:18,6:18,6:20,,
개화중앙보훈병원,중앙보훈병원개화,개화중앙보훈병원,중앙보훈병원개화,,
6:32,6:33,6:30,6:33,,
개화중앙보훈병원,중앙보훈병원개화,개화중앙보훈병원,중앙보훈병원개화,,
6:44,6:46,6:42,6:46,,
개화중앙보훈병원,중앙보훈병원개화,개화중앙보훈병원,중앙보훈병원개화,,
6:52,6:59,6:54,6:59,,
개화중앙보훈병원,중앙보훈병원개화,개화중앙보훈병원,중앙보훈병원개화,,
7:02,7:12,7:06,7:11,,
개화중앙보훈병원,중앙보훈병원개화,개화중앙보훈병원,중앙보훈병원개화,,
7:10,7:25,7:18,7:23,,
개화중앙보훈병원,중앙보훈병원개화,개화중앙보훈병원,중앙보훈병원개화,,
7:16,7:38,7:30,7:35,,
개화중앙보훈병원,중앙보훈병원개화,개화중앙보훈병원,중앙보훈병원개화,,
7:23,7:46,7:42,7:47,,
개화중앙보훈병원,중앙보훈병원개화,개화중앙보훈병원,중앙보훈병원개화,,
7:30,7:58,7:54,7:59,,
개화중앙보훈병원,중앙보훈병원개화,개화중앙보훈병원,중앙보훈병원개화,,
7:37,-,8:06,8:11,,
개화중앙보훈병원,-,개화중앙보훈병원,중앙보훈병원개화,,
7:44,-,8:18,8:23,,
개화중앙보훈병원,-,개화중앙보훈병원,중앙보훈병원개화,,
7:51,-,8:30,8:35,,
개화중앙보훈병원,-,개화중앙보훈병원,중앙보훈병원개화,,
7:57,-,8:42,8:47,,
개화중앙보훈병원,-,개화중앙보훈병원,중앙보훈병원개화,,
8:04,8:10,8:54,8:59,,
개화중앙보훈병원,중앙보훈병원개화,개화중앙보훈병원,중앙보훈병원개화,,
8:11,8:18,9:06,9:11,,
개화중앙보훈병원,중앙보훈병원개화,개화중앙보훈병원,중앙보훈병원개화,,
8:18,8:27,9:18,9:23,,
개화중앙보훈병원,중앙보훈병원개화,개화중앙보훈병원,중앙보훈병원개화,,
8:25,8:36,9:30,9:35,,
개화중앙보훈병원,중앙보훈병원개화,개화중앙보훈병원,중앙보훈병원개화,,
8:32,8:44,9:41,9:47,,
개화중앙보훈병원,중앙보훈병원개화,개화중앙보훈병원,중앙보훈병원개화,,
8:38,8:53,9:52,9:59,,
개화중앙보훈병원,중앙보훈병원개화,개화중앙보훈병원,중앙보훈병원개화,,
8:45,-,10:03,10:11,,
개화중앙보훈병원,-,개화중앙보훈병원,중앙보훈병원개화,,
8:52,-,10:14,10:23,,
개화중앙보훈병원,-,개화중앙보훈병원,중앙보훈병원개화,,
8:59,-,10:25,10:35,,
개화중앙보훈병원,-,개화중앙보훈병원,중앙보훈병원개화,,
9:06,9:00,10:36,10:46,,
개화중앙보훈병원,중앙보훈병원개화,개화중앙보훈병원,중앙보훈병원개화,,
9:12,9:07,10:47,10:57,,
개화중앙보훈병원,중앙보훈병원개화,개화중앙보훈병원,중앙보훈병원개화,,
9:23,9:14,10:58,-,,
개화중앙보훈병원,중앙보훈병원개화,개화중앙보훈병원,-,,
9:34,9:21,11:09,11:08,,
개화중앙보훈병원,중앙보훈병원개화,개화중앙보훈병원,중앙보훈병원개화,,
9:45,9:28,11:20,11:19,,
개화중앙보훈병원,중앙보훈병원개화,개화중앙보훈병원,중앙보훈병원개화,,
9:56,9:34,11:31,11:30,,
개화중앙보훈병원,중앙보훈병원개화,개화중앙보훈병원,중앙보훈병원개화,,
-,9:41,11:42,11:41,,
-,중앙보훈병원개화,개화중앙보훈병원,중앙보훈병원개화,,
-,9:48,11:53,11:52,,
-,중앙보훈병원개화,개화중앙보훈병원,중앙보훈병원개화,,
-,9:55,12:04,12:03,,
-,중앙보훈병원개화,개화중앙보훈병원,중앙보훈병원개화,,
10:07,10:02,12:15,12:14,,
개화중앙보훈병원,중앙보훈병원개화,개화중앙보훈병원,중앙보훈병원개화,,
10:18,10:09,12:26,12:25,,
개화중앙보훈병원,중앙보훈병원개화,개화중앙보훈병원,중앙보훈병원개화,,
10:29,10:15,12:37,12:36,,
개화중앙보훈병원,중앙보훈병원개화,개화중앙보훈병원,중앙보훈병원개화,,
10:40,10:22,12:48,12:47,,
개화중앙보훈병원,중앙보훈병원개화,개화중앙보훈병원,중앙보훈병원개화,,
10:51,10:29,12:59,12:58,,
개화중앙보훈병원,중앙보훈병원개화,개화중앙보훈병원,중앙보훈병원개화,,
-,10:36,13:10,13:09,,
-,중앙보훈병원개화,개화중앙보훈병원,중앙보훈병원개화,,
-,10:42,13:21,13:20,,
-,중앙보훈병원개화,개화중앙보훈병원,중앙보훈병원개화,,
-,10:50,13:32,13:31,,
-,중앙보훈병원개화,개화중앙보훈병원,중앙보훈병원개화,,
-,10:58,13:43,13:42,,
-,중앙보훈병원개화,개화중앙보훈병원,중앙보훈병원개화,,
11:02,11:03,13:54,13:53,,
개화중앙보훈병원,중앙보훈병원개화,개화중앙보훈병원,중앙보훈병원개화,,
11:13,11:11,14:05,14:04,,
개화중앙보훈병원,중앙보훈병원개화,개화중앙보훈병원,중앙보훈병원개화,,
11:24,11:23,14:16,14:15,,
개화중앙보훈병원,중앙보훈병원개화,개화중앙보훈병원,중앙보훈병원개화,,
11:36,11:34,14:27,14:26,,
개화중앙보훈병원,중앙보훈병원개화,개화중앙보훈병원,중앙보훈병원개화,,
11:47,11:45,14:38,14:37,,
개화중앙보훈병원,중앙보훈병원개화,개화중앙보훈병원,중앙보훈병원개화,,
11:59,11:56,14:49,14:48,,
개화중앙보훈병원,중앙보훈병원개화,개화중앙보훈병원,중앙보훈병원개화,,
12:10,12:07,-,14:59,,
개화중앙보훈병원,중앙보훈병원개화,-,중앙보훈병원개화,,
12:21,12:18,15:00,15:10,,
개화중앙보훈병원,중앙보훈병원개화,개화중앙보훈병원,중앙보훈병원개화,,
12:32,12:29,15:11,15:21,,
개화중앙보훈병원,중앙보훈병원개화,개화중앙보훈병원,중앙보훈병원개화,,
12:43,12:40,15:22,15:32,,
개화중앙보훈병원,중앙보훈병원개화,개화중앙보훈병원,중앙보훈병원개화,,
12:54,12:51,15:33,15:43,,
개화중앙보훈병원,중앙보훈병원개화,개화중앙보훈병원,중앙보훈병원개화,,
13:05,13:02,15:44,15:54,,
개화중앙보훈병원,중앙보훈병원개화,개화중앙보훈병원,중앙보훈병원개화,,
13:16,13:13,15:55,-,,
개화중앙보훈병원,중앙보훈병원개화,개화중앙보훈병원,-,,
13:27,13:25,16:06,16:05,,
개화중앙보훈병원,중앙보훈병원개화,개화중앙보훈병원,중앙보훈병원개화,,
13:38,13:37,16:17,16:16,,
개화중앙보훈병원,중앙보훈병원개화,개화중앙보훈병원,중앙보훈병원개화,,
13:49,13:48,16:28,16:27,,
개화중앙보훈병원,중앙보훈병원개화,개화중앙보훈병원,중앙보훈병원개화,,
-,13:59,16:39,16:38,,
-,중앙보훈병원개화,개화중앙보훈병원,중앙보훈병원개화,,
14:00,14:10,16:50,16:49,,
개화중앙보훈병원,중앙보훈병원개화,개화중앙보훈병원,중앙보훈병원개화,,
14:11,14:21,17:01,17:00,,
개화중앙보훈병원,중앙보훈병원개화,개화중앙보훈병원,중앙보훈병원개화,,
14:22,14:32,17:12,17:11,,
개화중앙보훈병원,중앙보훈병원개화,개화중앙보훈병원,중앙보훈병원개화,,
14:35,14:43,17:23,17:22,,
개화중앙보훈병원,중앙보훈병원개화,개화중앙보훈병원,중앙보훈병원개화,,
14:47,14:54,17:34,17:33,,
개화중앙보훈병원,중앙보훈병원개화,개화중앙보훈병원,중앙보훈병원개화,,
14:57,-,17:45,17:44,,
개화중앙보훈병원,-,개화중앙보훈병원,중앙보훈병원개화,,
15:08,15:05,17:56,17:55,,
개화중앙보훈병원,중앙보훈병원개화,개화중앙보훈병원,중앙보훈병원개화,,
15:19,15:16,18:07,18:06,,
개화중앙보훈병원,중앙보훈병원개화,개화중앙보훈병원,중앙보훈병원개화,,
15:30,15:27,18:18,18:17,,
개화중앙보훈병원,중앙보훈병원개화,개화중앙보훈병원,중앙보훈병원개화,,
15:41,15:38,18:29,18:28,,
개화중앙보훈병원,중앙보훈병원개화,개화중앙보훈병원,중앙보훈병원개화,,
15:52,15:49,18:40,18:39,,
개화중앙보훈병원,중앙보훈병원개화,개화중앙보훈병원,중앙보훈병원개화,,
16:03,16:00,18:51,18:50,,
개화중앙보훈병원,중앙보훈병원개화,개화중앙보훈병원,중앙보훈병원개화,,
16:14,16:12,19:02,19:01,,
개화중앙보훈병원,중앙보훈병원개화,개화중앙보훈병원,중앙보훈병원개화,,
16:22,16:24,19:13,19:12,,
개화중앙보훈병원,중앙보훈병원개화,개화중앙보훈병원,중앙보훈병원개화,,
16:25,16:35,19:24,19:23,,
개화중앙보훈병원,중앙보훈병원개화,개화중앙보훈병원,중앙보훈병원개화,,
16:36,16:46,19:35,19:34,,
개화중앙보훈병원,중앙보훈병원개화,개화중앙보훈병원,중앙보훈병원개화,,
16:47,16:57,19:46,19:45,,
개화중앙보훈병원,중앙보훈병원개화,개화중앙보훈병원,중앙보훈병원개화,,
16:55,-,19:57,19:56,,
개화중앙보훈병원,-,개화중앙보훈병원,중앙보훈병원개화,,
17:03,17:08,20:08,20:07,,
개화중앙보훈병원,중앙보훈병원개화,개화중앙보훈병원,중앙보훈병원개화,,
17:12,17:19,20:19,20:18,,
개화중앙보훈병원,중앙보훈병원개화,개화중앙보훈병원,중앙보훈병원개화,,
17:19,17:30,20:31,20:29,,
개화중앙보훈병원,중앙보훈병원개화,개화중앙보훈병원,중앙보훈병원개화,,
17:26,17:41,20:43,20:40,,
개화중앙보훈병원,중앙보훈병원개화,개화중앙보훈병원,중앙보훈병원개화,,
17:33,17:52,20:55,20:51,,
개화중앙보훈병원,중앙보훈병원개화,개화중앙보훈병원,중앙보훈병원개화,,
17:40,-,21:07,21:02,,
개화중앙보훈병원,-,개화중앙보훈병원,중앙보훈병원개화,,
17:47,-,21:19,21:13,,
개화중앙보훈병원,-,개화중앙보훈병원,중앙보훈병원개화,,
17:55,-,21:31,21:24,,
개화중앙보훈병원,-,개화중앙보훈병원,중앙보훈병원개화,,
18:02,18:03,21:43,21:35,,
개화중앙보훈병원,중앙보훈병원개화,개화중앙보훈병원,중앙보훈병원개화,,
18:09,18:14,21:55,21:46,,
개화중앙보훈병원,중앙보훈병원개화,개화중앙보훈병원,중앙보훈병원개화,,
18:16,18:21,-,21:57,,
개화중앙보훈병원,중앙보훈병원개화,-,중앙보훈병원개화,,
18:23,18:30,22:07,22:09,,
개화중앙보훈병원,중앙보훈병원개화,개화중앙보훈병원,중앙보훈병원개화,,
18:30,18:38,22:20,22:21,,
개화중앙보훈병원,중앙보훈병원개화,개화중앙보훈병원,중앙보훈병원개화,,
18:38,18:46,22:33,22:33,,
개화중앙보훈병원,중앙보훈병원개화,개화중앙보훈병원,중앙보훈병원개화,,
18:45,18:54,22:46,22:45,,
개화중앙보훈병원,중앙보훈병원개화,개화중앙보훈병원,중앙보훈병원개화,,
18:52,-,22:58,22:57,,
개화중앙보훈병원,-,개화중앙보훈병원,중앙보훈병원개화,,
18:59,-,23:09,23:09,,
개화중앙보훈병원,-,개화중앙보훈병원,중앙보훈병원개화,,
19:06,19:02,23:22막,23:22,,
개화중앙보훈병원,중앙보훈병원개화,개화중앙보훈병원,중앙보훈병원개화,,
19:13,19:09,23:35막,23:35막,,
개화중앙보훈병원,중앙보훈병원개화,개화신논현,중앙보훈병원개화,,
19:21,19:17,23:48막,23:48막,,
개화중앙보훈병원,중앙보훈병원개화,개화동작,중앙보훈병원염창,,
19:28,19:24,-,23:58막,,
개화중앙보훈병원,중앙보훈병원개화,-,중앙보훈병원여의도,,
19:37,19:31,-,-,,
개화중앙보훈병원,중앙보훈병원개화,-,-,,
19:46,19:38,-,-,,
개화중앙보훈병원,중앙보훈병원개화,-,-,,
19:52,19:45,-,-,,
개화중앙보훈병원,중앙보훈병원개화,-,-,,
-,19:52,-,-,,
-,중앙보훈병원개화,-,-,,
20:03,20:00,-,-,,
개화중앙보훈병원,중앙보훈병원개화,-,-,,
20:14,20:07,-,-,,
개화중앙보훈병원,중앙보훈병원개화,-,-,,
20:25,20:14,-,-,,
개화중앙보훈병원,중앙보훈병원개화,-,-,,
20:36,20:21,-,-,,
개화중앙보훈병원,중앙보훈병원개화,-,-,,
20:47,20:28,-,-,,
개화중앙보훈병원,중앙보훈병원개화,-,-,,
20:58,20:35,-,-,,
개화중앙보훈병원,중앙보훈병원개화,-,-,,
-,20:43,-,-,,
-,중앙보훈병원개화,-,-,,
-,20:50,-,-,,
-,중앙보훈병원개화,-,-,,
-,20:57,-,-,,
-,중앙보훈병원개화,-,-,,
21:09,21:02,-,-,,
개화중앙보훈병원,중앙보훈병원개화,-,-,,
21:20,21:12,-,-,,
개화중앙보훈병원,중앙보훈병원개화,-,-,,
21:31,21:20,-,-,,
개화중앙보훈병원,중앙보훈병원개화,-,-,,
21:42,21:28,-,-,,
개화중앙보훈병원,중앙보훈병원개화,-,-,,
21:53,21:31,-,-,,
개화중앙보훈병원,중앙보훈병원개화,-,-,,
-,21:42,-,-,,
-,중앙보훈병원개화,-,-,,
-,21:53,-,-,,
-,중앙보훈병원개화,-,-,,
22:04,22:04,-,-,,
개화중앙보훈병원,중앙보훈병원개화,-,-,,
22:15,22:15,-,-,,
개화중앙보훈병원,중앙보훈병원개화,-,-,,
22:26,22:26,-,-,,
개화중앙보훈병원,중앙보훈병원개화,-,-,,
22:37,22:37,-,-,,
개화중앙보훈병원,중앙보훈병원개화,-,-,,
22:48,22:48,-,-,,
개화중앙보훈병원,중앙보훈병원개화,-,-,,
22:59,22:58,-,-,,
개화중앙보훈병원,중앙보훈병원개화,-,-,,
23:10,23:09,-,-,,
개화중앙보훈병원,중앙보훈병원개화,-,-,,
23:21,23:20,-,-,,
개화중앙보훈병원,중앙보훈병원개화,-,-,,
23:32,23:31,-,-,,
개화중앙보훈병원,중앙보훈병원개화,-,-,,
23:43,23:42,-,-,,
개화중앙보훈병원,중앙보훈병원개화,-,-,,
23:54,23:53,-,-,,
개화중앙보훈병원,중앙보훈병원개화,-,-,,
0:03,0:04,-,-,,
개화중앙보훈병원,중앙보훈병원개화,-,-,,
00:14막,0:15,-,-,,
개화중앙보훈병원,중앙보훈병원개화,-,-,,
00:26막,00:26막,-,-,,
개화삼전,중앙보훈병원개화,-,-,,
00:38막,00:36막,-,-,,
개화신논현,중앙보훈병원마곡나루,-,-,,
00:51막,00:48막,-,-,,
개화동작,중앙보훈병원염창,-,-,,
-,00:57막,-,-,,
-,중앙보훈병원여의도,-,-,,
