﻿문정방면,복정방면,문정방면,복정방면
평일,평일,주말,주말
05:45첫,05:29첫,05:45첫,05:29첫
모란암사,가락시장모란,모란암사,가락시장모란
5:55,5:47,5:55,5:47
모란암사,암사모란,모란암사,암사모란
,5:57,,5:57
,암사모란,,암사모란
6:05,6:07,6:05,6:07
모란암사,암사모란,모란암사,암사모란
6:15,6:17,6:14,6:17
모란암사,암사모란,모란암사,암사모란
6:25,6:27,6:23,6:27
모란암사,암사모란,모란암사,암사모란
6:34,6:37,6:32,6:37
모란암사,암사모란,모란암사,암사모란
6:43,6:47,6:41,6:47
모란암사,암사모란,모란암사,암사모란
6:50,6:57,6:50,6:56
모란암사,암사모란,모란암사,암사모란
6:57,,6:59,
모란암사,,모란암사,
7:03,7:06,7:08,7:05
모란암사,암사모란,모란암사,암사모란
7:09,7:15,7:17,7:14
모란암사,암사모란,모란암사,암사모란
7:15,7:24,7:26,7:23
모란암사,암사모란,모란암사,암사모란
7:20,7:31,7:35,7:32
모란암사,암사모란,모란암사,암사모란
7:25,7:38,7:44,7:41
모란암사,암사모란,모란암사,암사모란
7:30,7:44,7:53,7:50
모란암사,암사모란,모란암사,암사모란
7:35,7:50,,7:59
모란암사,암사모란,,암사모란
7:40,7:56,8:02,8:08
모란암사,암사모란,모란암사,암사모란
7:45,,8:11,8:17
모란암사,,모란암사,암사모란
7:50,,8:20,8:26
모란암사,,모란암사,암사모란
7:55,,8:29,8:35
모란암사,,모란암사,암사모란
8:00,8:02,8:38,8:44
모란암사,암사모란,모란암사,암사모란
8:04,8:07,8:47,8:53
모란암사,암사모란,모란암사,암사모란
8:09,8:12,8:56,
모란암사,암사모란,모란암사,
8:13,8:17,9:05,9:02
모란암사,암사모란,모란암사,암사모란
8:18,8:22,9:14,9:11
모란암사,암사모란,모란암사,암사모란
8:23,8:27,9:23,9:20
모란암사,암사모란,모란암사,암사모란
8:28,8:32,9:32,9:29
모란암사,암사모란,모란암사,암사모란
8:34,8:37,9:41,9:38
모란암사,암사모란,모란암사,암사모란
8:40,8:41,9:50,9:47
모란암사,암사모란,모란암사,암사모란
8:46,8:46,9:59,9:56
모란암사,암사모란,모란암사,암사모란
8:53,8:50,10:08,10:05
모란암사,암사모란,모란암사,암사모란
,8:55,10:17,10:14
,암사모란,모란암사,암사모란
9:00,9:00,10:26,10:23
모란암사,암사모란,모란암사,암사모란
9:08,9:05,10:35,10:32
모란암사,암사모란,모란암사,암사모란
9:15,9:11,10:44,10:41
모란암사,암사모란,모란암사,암사모란
9:23,9:17,10:53,10:50
모란암사,암사모란,모란암사,암사모란
9:31,9:23,,10:59
모란암사,암사모란,,암사모란
9:39,9:29,11:02,11:08
모란암사,암사모란,모란암사,암사모란
9:47,9:35,11:11,11:17
모란암사,암사모란,모란암사,암사모란
9:56,9:42,11:20,11:26
모란암사,암사모란,모란암사,암사모란
,9:49,11:29,11:35
,암사모란,모란암사,암사모란
,9:57,11:38,11:44
,암사모란,모란암사,암사모란
10:04,10:05,11:47,11:53
모란암사,암사모란,모란암사,암사모란
10:13,10:13,11:56,
모란암사,암사모란,모란암사,
10:21,10:21,12:05,12:02
모란암사,암사모란,모란암사,암사모란
10:30,10:29,12:14,12:11
모란암사,암사모란,모란암사,암사모란
10:38,10:38,12:23,12:20
모란암사,암사모란,모란암사,암사모란
10:47,10:46,12:32,12:29
모란암사,암사모란,모란암사,암사모란
10:55,10:55,12:41,12:38
모란암사,암사모란,모란암사,암사모란
11:04,11:03,12:50,12:47
모란암사,암사모란,모란암사,암사모란
11:12,11:12,12:59,12:56
모란암사,암사모란,모란암사,암사모란
11:21,11:20,13:08,13:05
모란암사,암사모란,모란암사,암사모란
11:29,11:29,13:17,13:14
모란암사,암사모란,모란암사,암사모란
11:38,11:37,13:26,13:23
모란암사,암사모란,모란암사,암사모란
11:46,11:46,13:35,13:32
모란암사,암사모란,모란암사,암사모란
11:55,11:54,13:44,13:41
모란암사,암사모란,모란암사,암사모란
12:03,12:03,13:53,13:50
모란암사,암사모란,모란암사,암사모란
12:12,12:11,,13:59
모란암사,암사모란,,암사모란
12:20,12:20,14:02,14:08
모란암사,암사모란,모란암사,암사모란
12:29,12:28,14:11,14:17
모란암사,암사모란,모란암사,암사모란
12:37,12:37,14:20,14:26
모란암사,암사모란,모란암사,암사모란
12:46,12:45,14:29,14:35
모란암사,암사모란,모란암사,암사모란
12:54,12:54,14:38,14:44
모란암사,암사모란,모란암사,암사모란
13:03,13:02,14:47,14:53
모란암사,암사모란,모란암사,암사모란
13:11,13:11,14:56,
모란암사,암사모란,모란암사,
13:20,13:19,15:05,15:02
모란암사,암사모란,모란암사,암사모란
13:28,13:28,15:14,15:11
모란암사,암사모란,모란암사,암사모란
13:37,13:36,15:23,15:20
모란암사,암사모란,모란암사,암사모란
13:45,13:45,15:32,15:29
모란암사,암사모란,모란암사,암사모란
13:54,13:53,15:41,15:38
모란암사,암사모란,모란암사,암사모란
14:02,14:02,15:50,15:47
모란암사,암사모란,모란암사,암사모란
14:11,14:10,15:59,15:56
모란암사,암사모란,모란암사,암사모란
14:19,14:19,16:08,16:05
모란암사,암사모란,모란암사,암사모란
14:28,14:27,16:17,16:14
모란암사,암사모란,모란암사,암사모란
14:36,14:36,16:26,16:23
모란암사,암사모란,모란암사,암사모란
14:45,14:44,16:35,16:32
모란암사,암사모란,모란암사,암사모란
14:53,14:53,16:44,16:41
모란암사,암사모란,모란암사,암사모란
15:02,15:01,16:53,16:50
모란암사,암사모란,모란암사,암사모란
15:10,15:10,,16:59
모란암사,암사모란,,암사모란
15:19,15:18,17:02,17:08
모란암사,암사모란,모란암사,암사모란
15:27,15:27,17:11,17:17
모란암사,암사모란,모란암사,암사모란
15:36,15:35,17:20,17:26
모란암사,암사모란,모란암사,암사모란
15:44,15:44,17:29,17:35
모란암사,암사모란,모란암사,암사모란
15:53,15:52,17:38,17:44
모란암사,암사모란,모란암사,암사모란
16:01,16:01,17:47,17:53
모란암사,암사모란,모란암사,암사모란
16:10,16:09,17:56,
모란암사,암사모란,모란암사,
16:18,16:18,18:05,18:02
모란암사,암사모란,모란암사,암사모란
16:27,16:26,18:14,18:11
모란암사,암사모란,모란암사,암사모란
16:35,16:35,18:23,18:20
모란암사,암사모란,모란암사,암사모란
16:44,16:43,18:32,18:29
모란암사,암사모란,모란암사,암사모란
16:52,16:52,18:41,18:38
모란암사,암사모란,모란암사,암사모란
17:01,17:00,18:50,18:47
모란암사,암사모란,모란암사,암사모란
17:09,17:09,18:59,18:56
모란암사,암사모란,모란암사,암사모란
17:17,17:17,19:08,19:05
모란암사,암사모란,모란암사,암사모란
17:25,17:26,19:17,19:14
모란암사,암사모란,모란암사,암사모란
17:32,17:34,19:26,19:23
모란암사,암사모란,모란암사,암사모란
17:39,17:43,19:35,19:32
모란암사,암사모란,모란암사,암사모란
17:45,17:51,19:44,19:41
모란암사,암사모란,모란암사,암사모란
17:50,,19:53,19:50
모란암사,,모란암사,암사모란
17:55,,,19:59
모란암사,,,암사모란
18:00,18:00,20:02,20:08
모란암사,암사모란,모란암사,암사모란
18:05,18:07,20:11,20:17
모란암사,암사모란,모란암사,암사모란
18:11,18:14,20:20,20:26
모란암사,암사모란,모란암사,암사모란
18:17,18:21,20:29,20:35
모란암사,암사모란,모란암사,암사모란
18:23,18:27,20:38,20:44
모란암사,암사모란,모란암사,암사모란
18:29,18:32,20:47,20:53
모란암사,암사모란,모란암사,암사모란
18:35,18:37,20:56,
모란암사,암사모란,모란암사,
18:41,18:42,21:05,21:02
모란암사,암사모란,모란암사,암사모란
18:47,18:47,21:14,21:11
모란암사,암사모란,모란암사,암사모란
18:53,18:53,21:23,21:20
모란암사,암사모란,모란암사,암사모란
18:59,18:59,21:33,21:29
모란암사,암사모란,모란암사,암사모란
19:05,19:05,21:43,21:38
모란암사,암사모란,모란암사,암사모란
19:11,19:11,21:53,21:47
모란암사,암사모란,모란암사,암사모란
19:18,19:17,,21:56
모란암사,암사모란,,암사모란
19:25,19:23,22:03,22:05
모란암사,암사모란,모란암사,암사모란
19:32,19:29,22:13,22:15
모란암사,암사모란,모란암사,암사모란
19:39,19:35,22:24,22:25
모란암사,암사모란,모란암사,암사모란
19:46,19:41,22:35,22:35
모란암사,암사모란,모란암사,암사모란
19:53,19:47,22:46,22:45
모란암사,암사모란,모란암사,암사모란
,19:53,22:58,22:55
,암사모란,모란암사,암사모란
20:00,20:00,23:10,23:06
모란암사,암사모란,모란암사,암사모란
20:07,20:07,23:22,23:17
모란암사,암사모란,모란암사,암사모란
20:15,20:14,23:35,23:28
모란암사,암사모란,모란암사,암사모란
20:23,20:21,23:47막,23:40
모란암사,암사모란,모란암사,암사모란
20:31,20:28,23:58막,23:52막
모란암사,암사모란,모란잠실,암사모란
20:39,20:35,,
모란암사,암사모란,,
20:48,20:42,,
모란암사,암사모란,,
20:57,20:49,,
모란암사,암사모란,,
,20:57,,
,암사모란,,
21:06,21:05,,
모란암사,암사모란,,
21:15,21:13,,
모란암사,암사모란,,
21:24,21:22,,
모란암사,암사모란,,
21:33,21:31,,
모란암사,암사모란,,
21:42,21:40,,
모란암사,암사모란,,
21:51,21:49,,
모란암사,암사모란,,
,21:58,,
,암사모란,,
22:00,22:07,,
모란암사,암사모란,,
22:10,22:17,,
모란암사,암사모란,,
22:20,22:27,,
모란암사,암사모란,,
22:30,22:37,,
모란암사,암사모란,,
22:40,22:47,,
모란암사,암사모란,,
22:52,22:57,,
모란암사,암사모란,,
23:07,23:07,,
모란암사,암사모란,,
23:22,23:17,,
모란암사,암사모란,,
23:37,23:27,,
모란암사,암사모란,,
23:52,23:42,,
모란암사,암사모란,,
,23:57,,
,암사모란,,
0:08,0:12,,
모란암사,암사모란,,
0:24,0:29,,
모란암사,암사모란,,
00:43막,00:47막,,
모란암사,암사모란,,
00:50막,,,
모란잠실,,,
