﻿잠실방면,송파방면,잠실방면,송파방면
평일,평일,주말,주말
05:40첫,05:40첫,05:40첫,05:40첫
가락시장암사,암사모란,가락시장암사,암사모란
5:52,5:50,5:52,5:50
모란암사,암사모란,모란암사,암사모란
6:02,6:00,6:02,6:00
모란암사,암사모란,모란암사,암사모란
6:12,6:10,6:12,6:10
모란암사,암사모란,모란암사,암사모란
6:22,6:20,6:21,6:20
모란암사,암사모란,모란암사,암사모란
6:32,6:30,6:30,6:30
모란암사,암사모란,모란암사,암사모란
6:41,6:40,6:39,6:40
모란암사,암사모란,모란암사,암사모란
6:50,6:50,6:48,6:50
모란암사,암사모란,모란암사,암사모란
6:57,,6:57,6:59
모란암사,,모란암사,암사모란
7:04,7:00,7:06,7:08
모란암사,암사모란,모란암사,암사모란
7:10,7:09,7:15,7:17
모란암사,암사모란,모란암사,암사모란
7:16,7:18,7:24,7:26
모란암사,암사모란,모란암사,암사모란
7:22,7:25,7:33,7:35
모란암사,암사모란,모란암사,암사모란
7:27,7:32,7:42,7:43
모란암사,암사모란,모란암사,암사모란
7:32,7:38,7:51,7:52
모란암사,암사모란,모란암사,암사모란
7:37,7:44,8:00,8:01
모란암사,암사모란,모란암사,암사모란
7:42,7:50,8:09,8:10
모란암사,암사모란,모란암사,암사모란
7:47,7:55,8:18,8:19
모란암사,암사모란,모란암사,암사모란
7:52,,8:27,8:28
모란암사,,모란암사,암사모란
7:57,,8:36,8:37
모란암사,,모란암사,암사모란
8:02,8:00,8:45,8:46
모란암사,암사모란,모란암사,암사모란
8:07,8:05,8:54,8:55
모란암사,암사모란,모란암사,암사모란
8:11,8:10,9:03,9:04
모란암사,암사모란,모란암사,암사모란
8:16,8:15,9:12,9:13
모란암사,암사모란,모란암사,암사모란
8:20,8:20,9:21,9:22
모란암사,암사모란,모란암사,암사모란
8:25,8:25,9:30,9:31
모란암사,암사모란,모란암사,암사모란
8:30,8:30,9:39,9:40
모란암사,암사모란,모란암사,암사모란
8:35,8:35,9:48,9:49
모란암사,암사모란,모란암사,암사모란
8:41,8:39,9:57,9:58
모란암사,암사모란,모란암사,암사모란
8:47,8:44,10:06,10:07
모란암사,암사모란,모란암사,암사모란
8:53,8:48,10:15,10:16
모란암사,암사모란,모란암사,암사모란
,8:53,10:24,10:25
,암사모란,모란암사,암사모란
,8:58,10:33,10:34
,암사모란,모란암사,암사모란
9:00,9:04,10:42,10:43
모란암사,암사모란,모란암사,암사모란
9:07,9:10,10:51,10:52
모란암사,암사모란,모란암사,암사모란
9:15,9:16,11:00,11:01
모란암사,암사모란,모란암사,암사모란
9:22,9:22,11:09,11:10
모란암사,암사모란,모란암사,암사모란
9:30,9:29,11:18,11:19
모란암사,암사모란,모란암사,암사모란
9:38,9:36,11:27,11:28
모란암사,암사모란,모란암사,암사모란
9:46,9:43,11:36,11:37
모란암사,암사모란,모란암사,암사모란
9:54,9:50,11:45,11:46
모란암사,암사모란,모란암사,암사모란
,9:58,11:54,11:55
,암사모란,모란암사,암사모란
10:02,10:06,12:03,12:04
모란암사,암사모란,모란암사,암사모란
10:11,10:14,12:12,12:13
모란암사,암사모란,모란암사,암사모란
10:19,10:23,12:21,12:22
모란암사,암사모란,모란암사,암사모란
10:28,10:31,12:30,12:31
모란암사,암사모란,모란암사,암사모란
10:36,10:40,12:39,12:40
모란암사,암사모란,모란암사,암사모란
10:45,10:48,12:48,12:49
모란암사,암사모란,모란암사,암사모란
10:53,10:57,12:57,12:58
모란암사,암사모란,모란암사,암사모란
11:02,11:05,13:06,13:07
모란암사,암사모란,모란암사,암사모란
11:10,11:14,13:15,13:16
모란암사,암사모란,모란암사,암사모란
11:19,11:22,13:24,13:25
모란암사,암사모란,모란암사,암사모란
11:27,11:31,13:33,13:34
모란암사,암사모란,모란암사,암사모란
11:36,11:39,13:42,13:43
모란암사,암사모란,모란암사,암사모란
11:44,11:48,13:51,13:52
모란암사,암사모란,모란암사,암사모란
11:53,11:56,14:00,14:01
모란암사,암사모란,모란암사,암사모란
12:01,12:05,14:09,14:10
모란암사,암사모란,모란암사,암사모란
12:10,12:13,14:18,14:19
모란암사,암사모란,모란암사,암사모란
12:18,12:22,14:27,14:28
모란암사,암사모란,모란암사,암사모란
12:27,12:30,14:36,14:37
모란암사,암사모란,모란암사,암사모란
12:35,12:39,14:45,14:46
모란암사,암사모란,모란암사,암사모란
12:44,12:47,14:54,14:55
모란암사,암사모란,모란암사,암사모란
12:52,12:56,15:03,15:04
모란암사,암사모란,모란암사,암사모란
13:01,13:04,15:12,15:13
모란암사,암사모란,모란암사,암사모란
13:09,13:13,15:21,15:22
모란암사,암사모란,모란암사,암사모란
13:18,13:21,15:30,15:31
모란암사,암사모란,모란암사,암사모란
13:26,13:30,15:39,15:40
모란암사,암사모란,모란암사,암사모란
13:35,13:38,15:48,15:49
모란암사,암사모란,모란암사,암사모란
13:43,13:47,15:57,15:58
모란암사,암사모란,모란암사,암사모란
13:52,13:55,16:06,16:07
모란암사,암사모란,모란암사,암사모란
14:00,14:04,16:15,16:16
모란암사,암사모란,모란암사,암사모란
14:09,14:12,16:24,16:25
모란암사,암사모란,모란암사,암사모란
14:17,14:21,16:33,16:34
모란암사,암사모란,모란암사,암사모란
14:26,14:29,16:42,16:43
모란암사,암사모란,모란암사,암사모란
14:34,14:38,16:51,16:52
모란암사,암사모란,모란암사,암사모란
14:43,14:46,17:00,17:01
모란암사,암사모란,모란암사,암사모란
14:51,14:55,17:09,17:10
모란암사,암사모란,모란암사,암사모란
15:00,15:03,17:18,17:19
모란암사,암사모란,모란암사,암사모란
15:08,15:12,17:27,17:28
모란암사,암사모란,모란암사,암사모란
15:17,15:20,17:36,17:37
모란암사,암사모란,모란암사,암사모란
15:25,15:29,17:45,17:46
모란암사,암사모란,모란암사,암사모란
15:34,15:37,17:54,17:55
모란암사,암사모란,모란암사,암사모란
15:42,15:46,18:03,18:04
모란암사,암사모란,모란암사,암사모란
15:51,15:54,18:12,18:13
모란암사,암사모란,모란암사,암사모란
15:59,,18:21,18:22
모란암사,,모란암사,암사모란
16:08,16:03,18:30,18:31
모란암사,암사모란,모란암사,암사모란
16:16,16:11,18:39,18:40
모란암사,암사모란,모란암사,암사모란
16:25,16:20,18:48,18:49
모란암사,암사모란,모란암사,암사모란
16:33,16:28,18:57,18:58
모란암사,암사모란,모란암사,암사모란
16:42,16:37,19:06,19:07
모란암사,암사모란,모란암사,암사모란
16:50,16:45,19:15,19:16
모란암사,암사모란,모란암사,암사모란
16:59,16:54,19:24,19:25
모란암사,암사모란,모란암사,암사모란
17:07,17:02,19:33,19:34
모란암사,암사모란,모란암사,암사모란
17:16,17:11,19:42,19:43
모란암사,암사모란,모란암사,암사모란
17:24,17:19,19:51,19:52
모란암사,암사모란,모란암사,암사모란
17:32,17:28,20:00,20:01
모란암사,암사모란,모란암사,암사모란
17:39,17:36,20:09,20:10
모란암사,암사모란,모란암사,암사모란
17:46,17:45,20:18,20:19
모란암사,암사모란,모란암사,암사모란
17:52,17:53,20:27,20:28
모란암사,암사모란,모란암사,암사모란
17:57,,20:36,20:37
모란암사,,모란암사,암사모란
18:02,18:01,20:45,20:46
모란암사,암사모란,모란암사,암사모란
18:07,18:08,20:54,20:55
모란암사,암사모란,모란암사,암사모란
18:12,18:15,21:03,21:04
모란암사,암사모란,모란암사,암사모란
18:18,18:21,21:12,21:13
모란암사,암사모란,모란암사,암사모란
18:24,18:26,21:21,21:22
모란암사,암사모란,모란암사,암사모란
18:30,18:31,21:30,21:31
모란암사,암사모란,모란암사,암사모란
18:36,18:36,21:40,21:40
모란암사,암사모란,모란암사,암사모란
18:42,18:41,21:50,21:49
모란암사,암사모란,모란암사,암사모란
18:48,18:47,,21:58
모란암사,암사모란,,암사모란
18:54,18:53,22:00,22:08
모란암사,암사모란,모란암사,암사모란
,18:59,22:10,22:18
,암사모란,모란암사,암사모란
19:00,19:05,22:20,22:28
모란암사,암사모란,모란암사,암사모란
19:06,19:11,22:31,22:38
모란암사,암사모란,모란암사,암사모란
19:12,19:17,22:42,22:48
모란암사,암사모란,모란암사,암사모란
19:18,19:23,22:53,22:59
모란암사,암사모란,모란암사,암사모란
19:25,19:29,23:05,23:10
모란암사,암사모란,모란암사,암사모란
19:32,19:35,23:17,23:21
모란암사,암사모란,모란암사,암사모란
19:39,19:41,23:29,23:33
모란암사,암사모란,모란암사,암사모란
19:46,19:47,23:41,23:45막
모란암사,암사모란,모란암사,암사모란
19:53,19:54,23:54막,
모란암사,암사모란,모란암사,
20:00,20:01,00:05막,00:00막
모란암사,암사모란,모란잠실,암사가락시장
20:07,20:08,,
모란암사,암사모란,,
20:14,20:14,,
모란암사,암사모란,,
20:22,20:21,,
모란암사,암사모란,,
20:30,20:28,,
모란암사,암사모란,,
20:38,20:35,,
모란암사,암사모란,,
20:46,20:42,,
모란암사,암사모란,,
20:55,20:50,,
모란암사,암사모란,,
,20:58,,
,암사모란,,
21:04,21:06,,
모란암사,암사모란,,
21:13,21:15,,
모란암사,암사모란,,
21:22,21:24,,
모란암사,암사모란,,
21:31,21:33,,
모란암사,암사모란,,
21:40,21:42,,
모란암사,암사모란,,
21:49,21:51,,
모란암사,암사모란,,
21:58,,,
모란암사,,,
22:07,22:00,,
모란암사,암사모란,,
22:17,22:10,,
모란암사,암사모란,,
22:27,22:20,,
모란암사,암사모란,,
22:37,22:30,,
모란암사,암사모란,,
22:47,22:40,,
모란암사,암사모란,,
22:59,22:50,,
모란암사,암사모란,,
23:14,23:00,,
모란암사,암사모란,,
23:29,23:10,,
모란암사,암사모란,,
23:44,23:20,,
모란암사,암사모란,,
23:59,23:35,,
모란암사,암사모란,,
,23:50,,
,암사모란,,
0:15,0:05,,
모란암사,암사모란,,
0:31,0:23,,
모란암사,암사모란,,
00:50막,00:40막,,
모란암사,암사모란,,
00:57막,00:58막,,
모란잠실,암사가락시장,,
