﻿창신방면,안암방면,창신방면,안암방면
평일,평일,주말,주말
05:31첫,05:42첫,05:31첫,05:42첫
안암응암순환,한강진신내,안암응암순환,한강진신내
5:39,5:55,5:39,5:55
상월곡응암순환,공덕신내,상월곡응암순환,공덕신내
5:46,-,5:46,-
봉화산응암순환,-,봉화산응암순환,-
5:53,-,5:55,-
봉화산응암순환,-,봉화산응암순환,-
6:00,6:09,6:04,6:09
신내응암순환,새절신내,신내응암순환,새절신내
6:07,6:20,6:12,6:20
봉화산응암순환,독바위봉화산,봉화산응암순환,독바위봉화산
6:14,6:31,6:21,6:31
봉화산응암순환,응암신내,신내응암순환,응암신내
6:21,6:42,6:30,6:42
신내응암순환,응암봉화산,신내응암순환,응암봉화산
6:27,6:52,6:39,6:51
봉화산응암순환,응암신내,봉화산응암순환,응암신내
6:33,6:59,6:48,6:59
신내응암순환,응암봉화산,신내응암순환,응암봉화산
6:39,-,6:57,-
봉화산응암순환,-,봉화산응암순환,-
6:44,-,7:06,7:07
봉화산응암순환,-,신내응암순환,응암신내
6:50,-,7:15,7:14
신내응암순환,-,봉화산응암순환,응암봉화산
6:55,-,7:24,7:21
봉화산응암순환,-,신내응암순환,응암봉화산
6:59,-,7:33,7:30
봉화산응암순환,-,봉화산응암순환,응암신내
7:04,7:07,7:42,7:39
봉화산응암순환,응암신내,신내응암순환,응암봉화산
7:08,7:14,7:51,7:47
신내응암순환,응암봉화산,봉화산응암순환,응암봉화산
7:13,7:21,-,7:56
봉화산응암순환,응암신내,-,응암신내
7:17,7:28,8:00,8:05
봉화산응암순환,응암봉화산,신내응암순환,응암봉화산
7:21,7:35,8:09,8:14
봉화산응암순환,응암신내,봉화산응암순환,응암봉화산
7:25,7:42,8:18,8:23
신내응암순환,응암봉화산,봉화산응암순환,응암신내
7:29,7:49,8:27,8:32
봉화산응암순환,응암신내,신내응암순환,응암봉화산
7:33,7:56,8:36,8:41
봉화산응암순환,응암봉화산,봉화산응암순환,응암봉화산
7:37,-,8:45,8:50
봉화산응암순환,-,봉화산응암순환,응암신내
7:41,-,8:54,8:59
신내응암순환,-,신내응암순환,응암봉화산
7:45,-,9:03,9:08
봉화산응암순환,-,봉화산응암순환,응암봉화산
7:49,-,9:12,9:17
봉화산응암순환,-,봉화산응암순환,응암신내
7:53,-,9:21,9:26
봉화산응암순환,-,신내응암순환,응암봉화산
7:57,-,9:30,9:35
신내응암순환,-,봉화산응암순환,응암봉화산
8:01,8:02,9:39,9:44
봉화산응암순환,응암봉화산,봉화산응암순환,응암신내
8:05,8:08,9:48,9:53
봉화산응암순환,응암신내,신내응암순환,응암봉화산
8:09,8:14,9:57,-
봉화산응암순환,응암봉화산,봉화산응암순환,-
8:13,8:18,10:06,10:02
신내응암순환,새절봉화산,봉화산응암순환,응암봉화산
8:17,8:21,10:15,10:11
봉화산응암순환,응암봉화산,신내응암순환,응암신내
8:21,8:26,10:24,10:20
봉화산응암순환,응암신내,봉화산응암순환,응암봉화산
8:25,8:30,10:33,10:29
봉화산응암순환,응암봉화산,봉화산응암순환,응암봉화산
8:29,8:35,10:42,10:38
신내응암순환,응암봉화산,신내응암순환,응암신내
8:34,8:39,10:51,10:47
봉화산응암순환,응암봉화산,봉화산응암순환,응암봉화산
8:38,8:44,-,10:56
봉화산응암순환,응암봉화산,-,응암봉화산
8:43,8:48,11:00,11:05
봉화산새절,응암신내,봉화산응암순환,응암신내
8:48,8:52,11:09,11:14
신내응암순환,응암봉화산,신내응암순환,응암봉화산
8:53,8:56,11:18,11:23
봉화산응암순환,응암봉화산,봉화산응암순환,응암봉화산
8:59,-,11:27,11:32
봉화산응암순환,-,봉화산응암순환,응암신내
9:05,9:00,11:36,11:41
신내응암순환,응암봉화산,신내응암순환,응암봉화산
9:12,9:05,11:45,11:50
봉화산응암순환,응암봉화산,봉화산응암순환,응암봉화산
9:19,9:09,11:54,11:59
봉화산응암순환,응암봉화산,봉화산응암순환,응암신내
9:27,9:13,12:03,12:08
신내응암순환,응암신내,신내응암순환,응암봉화산
9:35,9:16,12:12,12:17
봉화산응암순환,응암봉화산,봉화산응암순환,응암봉화산
9:43,9:20,12:21,12:26
봉화산응암순환,응암봉화산,봉화산응암순환,응암신내
9:51,9:24,12:30,12:35
신내응암순환,응암봉화산,신내응암순환,응암봉화산
9:59,9:28,12:39,12:44
봉화산응암순환,응암봉화산,봉화산응암순환,응암봉화산
-,9:32,12:48,12:53
-,응암봉화산,봉화산응암순환,응암신내
-,9:36,12:57,-
-,응암신내,신내응암순환,-
-,9:40,13:06,13:02
-,응암봉화산,봉화산응암순환,응암봉화산
-,9:45,13:15,13:11
-,응암봉화산,봉화산응암순환,응암봉화산
-,9:49,13:24,13:20
-,응암봉화산,신내응암순환,응암신내
-,9:53,13:33,13:29
-,응암봉화산,봉화산응암순환,응암봉화산
-,9:56,13:42,13:38
-,응암봉화산,봉화산응암순환,응암봉화산
10:07,10:01,13:51,13:47
봉화산응암순환,응암신내,신내응암순환,응암신내
10:15,10:05,-,13:56
신내응암순환,응암봉화산,-,응암봉화산
10:23,10:10,14:00,14:05
봉화산응암순환,응암봉화산,봉화산응암순환,응암봉화산
10:31,10:16,14:09,14:14
봉화산응암순환,응암봉화산,봉화산응암순환,응암신내
10:39,10:24,14:18,14:23
신내응암순환,응암신내,신내응암순환,응암봉화산
10:47,10:29,14:27,14:32
봉화산응암순환,응암봉화산,봉화산응암순환,응암봉화산
10:55,10:34,14:36,14:41
봉화산응암순환,응암봉화산,봉화산응암순환,응암신내
-,10:41,14:45,14:50
-,응암봉화산,신내응암순환,응암봉화산
-,10:48,14:54,14:59
-,응암신내,봉화산응암순환,응암봉화산
-,10:55,15:03,15:08
-,응암봉화산,봉화산응암순환,응암신내
11:03,11:03,15:12,15:17
신내응암순환,응암봉화산,신내응암순환,응암봉화산
11:11,11:11,15:21,15:26
봉화산응암순환,응암신내,봉화산응암순환,응암봉화산
11:19,11:19,15:30,15:35
봉화산응암순환,응암봉화산,봉화산응암순환,응암신내
11:27,11:27,15:39,15:44
신내응암순환,응암봉화산,신내응암순환,응암봉화산
11:35,11:35,15:48,15:53
봉화산응암순환,응암신내,봉화산응암순환,응암봉화산
11:43,11:43,15:57,-
봉화산응암순환,응암봉화산,봉화산응암순환,-
11:50,11:51,16:06,16:02
신내응암순환,응암봉화산,신내응암순환,응암신내
11:58,11:59,16:15,16:11
봉화산응암순환,응암신내,봉화산응암순환,응암봉화산
12:06,12:07,16:24,16:20
봉화산응암순환,응암봉화산,봉화산응암순환,응암봉화산
12:14,12:15,16:33,16:29
신내응암순환,응암봉화산,신내응암순환,응암신내
12:22,12:23,16:42,16:38
봉화산응암순환,응암신내,봉화산응암순환,응암봉화산
12:30,12:31,16:51,16:47
봉화산응암순환,응암봉화산,봉화산응암순환,응암봉화산
12:38,12:39,-,16:56
신내응암순환,응암봉화산,-,응암신내
12:46,12:47,17:00,17:05
봉화산응암순환,응암신내,신내응암순환,응암봉화산
12:54,12:55,17:09,17:14
봉화산응암순환,응암봉화산,봉화산응암순환,응암봉화산
13:02,13:03,17:18,17:23
신내응암순환,응암봉화산,봉화산응암순환,응암신내
13:10,13:11,17:27,17:32
봉화산응암순환,응암신내,신내응암순환,응암봉화산
13:18,13:19,17:36,17:41
봉화산응암순환,응암봉화산,봉화산응암순환,응암봉화산
13:26,13:26,17:45,17:50
신내응암순환,응암봉화산,봉화산응암순환,응암신내
13:34,13:34,17:54,17:59
봉화산응암순환,응암신내,신내응암순환,응암봉화산
13:42,13:42,18:03,18:08
봉화산응암순환,응암봉화산,봉화산응암순환,응암봉화산
13:50,13:50,18:12,18:17
신내응암순환,응암봉화산,봉화산응암순환,응암신내
13:58,13:58,18:21,18:26
봉화산응암순환,응암신내,신내응암순환,응암봉화산
14:06,14:06,18:30,18:35
봉화산응암순환,응암봉화산,봉화산응암순환,응암봉화산
14:13,14:14,18:39,18:44
신내응암순환,응암봉화산,봉화산응암순환,응암신내
14:21,14:22,18:48,18:53
봉화산응암순환,응암신내,신내응암순환,응암봉화산
14:29,14:30,18:57,-
봉화산응암순환,응암봉화산,봉화산응암순환,-
14:37,14:38,19:06,19:02
신내응암순환,응암봉화산,봉화산응암순환,응암봉화산
14:45,14:46,19:15,19:11
봉화산응암순환,응암신내,신내응암순환,응암신내
14:53,14:54,19:24,19:20
봉화산응암순환,응암봉화산,봉화산응암순환,응암봉화산
15:01,15:02,19:33,19:29
신내응암순환,응암봉화산,봉화산응암순환,응암봉화산
15:09,15:10,19:42,19:38
봉화산응암순환,응암신내,신내응암순환,응암신내
15:17,15:18,19:51,19:47
봉화산응암순환,응암봉화산,봉화산응암순환,응암봉화산
15:25,15:26,-,19:56
신내응암순환,응암봉화산,-,응암봉화산
15:33,15:34,20:00,20:05
봉화산응암순환,응암신내,봉화산응암순환,응암신내
15:41,15:42,20:09,20:14
봉화산응암순환,응암봉화산,신내응암순환,응암봉화산
15:49,15:49,20:18,20:23
신내응암순환,응암봉화산,봉화산응암순환,응암봉화산
15:57,15:57,20:27,20:32
봉화산응암순환,응암신내,봉화산응암순환,응암신내
16:05,16:05,20:36,20:41
봉화산응암순환,응암봉화산,신내응암순환,응암봉화산
16:13,16:13,20:45,20:50
신내응암순환,응암봉화산,봉화산응암순환,응암봉화산
16:21,16:21,20:55,20:59
봉화산응암순환,응암신내,봉화산응암순환,응암신내
16:28,16:29,21:05,21:08
봉화산응암순환,응암봉화산,신내응암순환,응암봉화산
16:34,16:37,21:15,21:17
신내응암순환,응암봉화산,봉화산응암순환,응암봉화산
16:40,16:45,21:25,21:26
봉화산응암순환,응암신내,봉화산응암순환,응암신내
16:46,16:53,21:35,21:35
봉화산응암순환,응암봉화산,신내응암순환,응암봉화산
16:52,-,21:45,21:44
봉화산응암순환,-,봉화산응암순환,응암봉화산
16:58,-,21:55,21:53
신내응암순환,-,봉화산응암순환,응암신내
17:04,17:01,22:05,22:02
봉화산응암순환,응암봉화산,신내응암순환,응암봉화산
17:10,17:09,22:15,22:11
봉화산응암순환,응암신내,봉화산응암순환,응암신내
17:16,17:17,22:26,22:20
봉화산응암순환,응암봉화산,신내응암순환,응암봉화산
17:22,17:25,22:37,22:30
신내응암순환,응암봉화산,봉화산응암순환,응암봉화산
17:28,17:33,22:48,22:40
봉화산응암순환,응암신내,신내응암순환,응암신내
17:34,17:41,-,22:50
봉화산응암순환,응암봉화산,-,응암봉화산
17:40,17:49,23:00막,23:00
봉화산응암순환,응암신내,봉화산응암순환,응암봉화산
17:46,17:57,23:12막,23:10
신내응암순환,응암봉화산,신내독바위,응암신내
17:52,-,23:23막,23:20
봉화산응암순환,-,봉화산응암,응암봉화산
17:58,-,23:34막,23:30막
봉화산응암순환,-,신내대흥,응암신내
18:04,18:04,23:45막,23:40
봉화산응암순환,응암신내,봉화산공덕,응암봉화산
18:09,18:10,23:56막,23:50막
신내응암순환,응암봉화산,봉화산한강진,응암봉화산
18:15,18:15,-,00:01막
봉화산응암순환,응암봉화산,-,응암안암
18:20,18:22,-,-
봉화산응암순환,응암신내,-,-
18:25,18:28,-,-
신내응암순환,응암봉화산,-,-
18:30,18:34,-,-
봉화산응암순환,응암봉화산,-,-
18:35,18:40,-,-
봉화산응암순환,응암신내,-,-
18:41,18:46,-,-
신내응암순환,응암봉화산,-,-
18:47,18:52,-,-
봉화산응암순환,응암봉화산,-,-
18:53,18:58,-,-
봉화산응암순환,응암봉화산,-,-
18:59,-,-,-
신내응암순환,-,-,-
19:05,19:04,-,-
봉화산응암순환,응암신내,-,-
19:12,19:10,-,-
봉화산응암순환,응암봉화산,-,-
19:19,19:16,-,-
신내응암순환,응암봉화산,-,-
19:26,19:22,-,-
봉화산응암순환,응암신내,-,-
19:33,19:28,-,-
봉화산응암순환,응암봉화산,-,-
19:40,19:34,-,-
신내응암순환,응암봉화산,-,-
19:47,19:40,-,-
봉화산응암순환,응암봉화산,-,-
19:54,19:45,-,-
봉화산응암순환,응암신내,-,-
-,19:51,-,-
-,응암봉화산,-,-
-,19:56,-,-
-,응암봉화산,-,-
20:01,20:01,-,-
신내응암순환,응암신내,-,-
20:08,20:06,-,-
봉화산응암순환,응암봉화산,-,-
20:15,20:11,-,-
봉화산응암순환,응암봉화산,-,-
20:23,20:17,-,-
신내응암순환,응암봉화산,-,-
20:31,20:22,-,-
봉화산응암순환,응암봉화산,-,-
20:39,20:28,-,-
신내응암순환,응암신내,-,-
20:47,20:35,-,-
봉화산응암순환,응암봉화산,-,-
20:55,20:41,-,-
봉화산응암순환,응암신내,-,-
-,20:48,-,-
-,응암봉화산,-,-
-,20:55,-,-
-,응암봉화산,-,-
21:02,21:02,-,-
신내응암순환,응암신내,-,-
21:11,21:09,-,-
봉화산응암순환,응암봉화산,-,-
21:19,21:16,-,-
신내응암순환,응암봉화산,-,-
21:28,21:23,-,-
봉화산응암순환,응암신내,-,-
21:37,21:30,-,-
신내응암순환,응암봉화산,-,-
21:46,21:37,-,-
봉화산응암순환,응암봉화산,-,-
21:54,21:44,-,-
봉화산응암순환,응암신내,-,-
-,21:51,-,-
-,응암봉화산,-,-
-,21:59,-,-
-,응암봉화산,-,-
22:02,22:07,-,-
신내응암순환,응암봉화산,-,-
22:11,22:15,-,-
봉화산응암순환,응암신내,-,-
22:20,22:23,-,-
신내응암순환,응암봉화산,-,-
22:29,22:31,-,-
봉화산응암순환,응암신내,-,-
22:39,22:38,-,-
봉화산응암순환,응암봉화산,-,-
22:48,22:47,-,-
신내응암순환,응암신내,-,-
-,22:55,-,-
-,응암봉화산,-,-
23:00,23:04,-,-
봉화산응암순환,응암신내,-,-
23:08,23:13,-,-
신내응암순환,응암봉화산,-,-
23:16,23:22,-,-
봉화산응암순환,응암신내,-,-
23:26,23:30,-,-
신내응암순환,응암봉화산,-,-
23:35,23:37,-,-
봉화산독바위,응암신내,-,-
23:44,23:46,-,-
신내응암순환,응암봉화산,-,-
23:59막,23:56,-,-
신내응암순환,응암봉화산,-,-
00:15막,0:04,-,-
신내새절,응암신내,-,-
00:34막,0:14,-,-
신내공덕,응암봉화산,-,-
00:48막,00:24막,-,-
봉화산한강진,응암신내,-,-
-,0:35,-,-
-,응암봉화산,-,-
-,00:44막,-,-
-,응암봉화산,-,-
